"Gene","Hallmark_Module","Hallmark_Module_Collapsed"
"ADAM17","HALLMARK_KRAS_SIGNALING_UP; HALLMARK_WNT_BETA_CATENIN_SIGNALING","Developmental_Signaling"
"AES","HALLMARK_WNT_BETA_CATENIN_SIGNALING","Developmental_Signaling"
"AKT1S1","HALLMARK_PI3K_AKT_MTOR_SIGNALING","Developmental_Signaling"
"AMMECR1","HALLMARK_KRAS_SIGNALING_UP","Developmental_Signaling"
"AP2M1","HALLMARK_PI3K_AKT_MTOR_SIGNALING; HALLMARK_PROTEIN_SECRETION","Developmental_Signaling"
"APH1A","HALLMARK_NOTCH_SIGNALING","Developmental_Signaling"
"ARF1","HALLMARK_PI3K_AKT_MTOR_SIGNALING; HALLMARK_PROTEIN_SECRETION","Developmental_Signaling"
"ARID4B","HALLMARK_TGF_BETA_SIGNALING","Developmental_Signaling"
"ARPC3","HALLMARK_PI3K_AKT_MTOR_SIGNALING","Developmental_Signaling"
"ARPC5L","HALLMARK_MTORC1_SIGNALING","Developmental_Signaling"
"AVL9","HALLMARK_KRAS_SIGNALING_UP","Developmental_Signaling"
"AXIN1","HALLMARK_WNT_BETA_CATENIN_SIGNALING","Developmental_Signaling"
"CBR4","HALLMARK_KRAS_SIGNALING_UP","Developmental_Signaling"
"CCDC106","HALLMARK_KRAS_SIGNALING_DN","Developmental_Signaling"
"CCT6A","HALLMARK_MTORC1_SIGNALING","Developmental_Signaling"
"CD207","HALLMARK_KRAS_SIGNALING_DN","Developmental_Signaling"
"CDC37","HALLMARK_MTORC1_SIGNALING","Developmental_Signaling"
"CDK6","HALLMARK_ANDROGEN_RESPONSE; HALLMARK_HEDGEHOG_SIGNALING","Developmental_Signaling"
"CDKAL1","HALLMARK_KRAS_SIGNALING_DN","Developmental_Signaling"
"CFL1","HALLMARK_PI3K_AKT_MTOR_SIGNALING","Developmental_Signaling"
"CLDN16","HALLMARK_KRAS_SIGNALING_DN","Developmental_Signaling"
"COBLL1","HALLMARK_KRAS_SIGNALING_DN","Developmental_Signaling"
"COPG2","HALLMARK_MTORC1_SIGNALING;HALLMARK_PROTEIN_SECRETION","Developmental_Signaling"
"CPEB3","HALLMARK_KRAS_SIGNALING_DN","Developmental_Signaling"
"CPS1","HALLMARK_KRAS_SIGNALING_UP","Developmental_Signaling"
"CRIP1","HALLMARK_KRAS_SIGNALING_DN","Developmental_Signaling"
"CSNK1E","HALLMARK_WNT_BETA_CATENIN_SIGNALING","Developmental_Signaling"
"CSNK2B","HALLMARK_PI3K_AKT_MTOR_SIGNALING","Developmental_Signaling"
"CTNNBIP1","HALLMARK_WNT_BETA_CATENIN_SIGNALING","Developmental_Signaling"
"DLG2","HALLMARK_HEDGEHOG_SIGNALING","Developmental_Signaling"
"DNMBP","HALLMARK_KRAS_SIGNALING_UP","Developmental_Signaling"
"DTX1","HALLMARK_NOTCH_SIGNALING","Developmental_Signaling"
"DVL1","HALLMARK_NOTCH_SIGNALING;HALLMARK_WNT_BETA_CATENIN_SIGNALING","Developmental_Signaling"
"DVL2","HALLMARK_WNT_BETA_CATENIN_SIGNALING","Developmental_Signaling"
"DVL3","HALLMARK_MTORC1_SIGNALING;HALLMARK_NOTCH_SIGNALING;HALLMARK_WNT_BETA_CATENIN_SIGNALING","Developmental_Signaling"
"ECSIT","HALLMARK_PI3K_AKT_MTOR_SIGNALING","Developmental_Signaling"
"EEF1G","HALLMARK_MTORC1_SIGNALING","Developmental_Signaling"
"EIF3F","HALLMARK_MTORC1_SIGNALING","Developmental_Signaling"
"EIF3G","HALLMARK_MTORC1_SIGNALING","Developmental_Signaling"
"EIF3K","HALLMARK_MTORC1_SIGNALING","Developmental_Signaling"
"EIF3L","HALLMARK_MTORC1_SIGNALING","Developmental_Signaling"
"ENG","HALLMARK_KRAS_SIGNALING_UP; HALLMARK_TGF_BETA_SIGNALING","Developmental_Signaling"
"ENTPD7","HALLMARK_KRAS_SIGNALING_DN","Developmental_Signaling"
"ETV1","HALLMARK_KRAS_SIGNALING_UP","Developmental_Signaling"
"EVI5","HALLMARK_KRAS_SIGNALING_UP","Developmental_Signaling"
"FAT1","HALLMARK_HEDGEHOG_SIGNALING","Developmental_Signaling"
"FGFR4","HALLMARK_PI3K_AKT_MTOR_SIGNALING","Developmental_Signaling"
"FKBP2","HALLMARK_MTORC1_SIGNALING","Developmental_Signaling"
"FLT4","HALLMARK_KRAS_SIGNALING_UP","Developmental_Signaling"
"FNTB","HALLMARK_TGF_BETA_SIGNALING","Developmental_Signaling"
"GADD45G","HALLMARK_KRAS_SIGNALING_UP","Developmental_Signaling"
"GGA2","HALLMARK_MTORC1_SIGNALING","Developmental_Signaling"
"GLA","HALLMARK_ESTROGEN_RESPONSE_EARLY; HALLMARK_ESTROGEN_RESPONSE_LATE; HALLMARK_MTORC1_SIGNALING; HALLMARK_PROTEIN_SECRETION","Developmental_Signaling"
"GLI1","HALLMARK_HEDGEHOG_SIGNALING","Developmental_Signaling"
"GLI3","HALLMARK_HEDGEHOG_SIGNALING","Developmental_Signaling"
"GPNMB","HALLMARK_KRAS_SIGNALING_UP","Developmental_Signaling"
"GPRC5C","HALLMARK_KRAS_SIGNALING_DN","Developmental_Signaling"
"GSK3B","HALLMARK_MTORC1_SIGNALING; HALLMARK_PI3K_AKT_MTOR_SIGNALING","Developmental_Signaling"
"HDAC1","HALLMARK_TGF_BETA_SIGNALING","Developmental_Signaling"
"HDAC11","HALLMARK_WNT_BETA_CATENIN_SIGNALING","Developmental_Signaling"
"HDAC5","HALLMARK_MYOGENESIS; HALLMARK_WNT_BETA_CATENIN_SIGNALING","Developmental_Signaling"
"ID3","HALLMARK_TGF_BETA_SIGNALING","Developmental_Signaling"
"IGF2","HALLMARK_KRAS_SIGNALING_UP","Developmental_Signaling"
"IKZF1","HALLMARK_KRAS_SIGNALING_UP","Developmental_Signaling"
"IRAK4","HALLMARK_PI3K_AKT_MTOR_SIGNALING","Developmental_Signaling"
"ITGBL1","HALLMARK_KRAS_SIGNALING_UP","Developmental_Signaling"
"ITPR2","HALLMARK_PI3K_AKT_MTOR_SIGNALING","Developmental_Signaling"
"KARS","HALLMARK_MTORC1_SIGNALING","Developmental_Signaling"
"KAT2A","HALLMARK_NOTCH_SIGNALING; HALLMARK_WNT_BETA_CATENIN_SIGNALING","Developmental_Signaling"
"KCNMB1","HALLMARK_KRAS_SIGNALING_DN","Developmental_Signaling"
"KRAS","HALLMARK_PI3K_AKT_MTOR_SIGNALING","Developmental_Signaling"
"LCP1","HALLMARK_KRAS_SIGNALING_UP","Developmental_Signaling"
"LRP6","HALLMARK_WNT_BETA_CATENIN_SIGNALING","Developmental_Signaling"
"MAGIX","HALLMARK_KRAS_SIGNALING_DN","Developmental_Signaling"
"MAML2","HALLMARK_NOTCH_SIGNALING","Developmental_Signaling"
"MAP2K1","HALLMARK_MTORC1_SIGNALING;HALLMARK_PI3K_AKT_MTOR_SIGNALING","Developmental_Signaling"
"MAPK3","HALLMARK_PI3K_AKT_MTOR_SIGNALING","Developmental_Signaling"
"MAPK8","HALLMARK_PI3K_AKT_MTOR_SIGNALING","Developmental_Signaling"
"MARS","HALLMARK_MTORC1_SIGNALING","Developmental_Signaling"
"MPEG1","HALLMARK_KRAS_SIGNALING_DN","Developmental_Signaling"
"MTHFD2L","HALLMARK_MTORC1_SIGNALING","Developmental_Signaling"
"MTMR10","HALLMARK_KRAS_SIGNALING_UP","Developmental_Signaling"
"MTR","HALLMARK_MTORC1_SIGNALING","Developmental_Signaling"
"NANS","HALLMARK_MTORC1_SIGNALING","Developmental_Signaling"
"NCSTN","HALLMARK_WNT_BETA_CATENIN_SIGNALING","Developmental_Signaling"
"NFATC3","HALLMARK_MYOGENESIS;HALLMARK_WNT_BETA_CATENIN_SIGNALING","Developmental_Signaling"
"NFKBIB","HALLMARK_MTORC1_SIGNALING; HALLMARK_PI3K_AKT_MTOR_SIGNALING","Developmental_Signaling"
"NFYC","HALLMARK_MTORC1_SIGNALING","Developmental_Signaling"
"NOB1","HALLMARK_MTORC1_SIGNALING","Developmental_Signaling"
"NOTCH3","HALLMARK_NOTCH_SIGNALING","Developmental_Signaling"
"NR6A1","HALLMARK_KRAS_SIGNALING_DN","Developmental_Signaling"
"NRIP2","HALLMARK_KRAS_SIGNALING_DN","Developmental_Signaling"
"NUFIP1","HALLMARK_MTORC1_SIGNALING","Developmental_Signaling"
"P2RY4","HALLMARK_KRAS_SIGNALING_DN","Developmental_Signaling"
"PAK4","HALLMARK_PI3K_AKT_MTOR_SIGNALING","Developmental_Signaling"
"PDCD1","HALLMARK_KRAS_SIGNALING_DN","Developmental_Signaling"
"PDCD1LG2","HALLMARK_KRAS_SIGNALING_UP","Developmental_Signaling"
"PDK2","HALLMARK_KRAS_SIGNALING_DN","Developmental_Signaling"
"PEG3","HALLMARK_KRAS_SIGNALING_UP","Developmental_Signaling"
"PIK3R2","HALLMARK_PI3K_AKT_MTOR_SIGNALING","Developmental_Signaling"
"PIKFYVE","HALLMARK_PI3K_AKT_MTOR_SIGNALING","Developmental_Signaling"
"PIN1","HALLMARK_PI3K_AKT_MTOR_SIGNALING","Developmental_Signaling"
"PLA2G12A","HALLMARK_PI3K_AKT_MTOR_SIGNALING","Developmental_Signaling"
"PLAG1","HALLMARK_KRAS_SIGNALING_DN","Developmental_Signaling"
"PLVAP","HALLMARK_KRAS_SIGNALING_UP","Developmental_Signaling"
"POLR3B","HALLMARK_MTORC1_SIGNALING","Developmental_Signaling"
"POLR3F","HALLMARK_MTORC1_SIGNALING","Developmental_Signaling"
"PPM1A","HALLMARK_TGF_BETA_SIGNALING","Developmental_Signaling"
"PPP1CA","HALLMARK_PI3K_AKT_MTOR_SIGNALING; HALLMARK_TGF_BETA_SIGNALING","Developmental_Signaling"
"PPP2CA","HALLMARK_WNT_BETA_CATENIN_SIGNALING","Developmental_Signaling"
"PPP2R1A","HALLMARK_WNT_BETA_CATENIN_SIGNALING","Developmental_Signaling"
"PRDM1","HALLMARK_KRAS_SIGNALING_UP","Developmental_Signaling"
"PRKAR2A","HALLMARK_PI3K_AKT_MTOR_SIGNALING; HALLMARK_SPERMATOGENESIS","Developmental_Signaling"
"PSENEN","HALLMARK_NOTCH_SIGNALING","Developmental_Signaling"
"PSMB5","HALLMARK_MTORC1_SIGNALING","Developmental_Signaling"
"PSMC2","HALLMARK_MTORC1_SIGNALING","Developmental_Signaling"
"PSMC5","HALLMARK_MTORC1_SIGNALING","Developmental_Signaling"
"PSMD11","HALLMARK_MTORC1_SIGNALING","Developmental_Signaling"
"PSMD13","HALLMARK_MTORC1_SIGNALING","Developmental_Signaling"
"PSMD2","HALLMARK_MTORC1_SIGNALING","Developmental_Signaling"
"PSMD4","HALLMARK_MTORC1_SIGNALING","Developmental_Signaling"
"PSPH","HALLMARK_MTORC1_SIGNALING","Developmental_Signaling"
"PTBP2","HALLMARK_KRAS_SIGNALING_UP","Developmental_Signaling"
"PTPRJ","HALLMARK_KRAS_SIGNALING_DN","Developmental_Signaling"
"RAC1","HALLMARK_COAGULATION; HALLMARK_PI3K_AKT_MTOR_SIGNALING","Developmental_Signaling"
"RFNG","HALLMARK_NOTCH_SIGNALING","Developmental_Signaling"
"RHOA","HALLMARK_TGF_BETA_SIGNALING","Developmental_Signaling"
"RIT1","HALLMARK_MTORC1_SIGNALING; HALLMARK_MYOGENESIS; HALLMARK_PI3K_AKT_MTOR_SIGNALING","Developmental_Signaling"
"RPS11","HALLMARK_MTORC1_SIGNALING","Developmental_Signaling"
"RPS15A","HALLMARK_MTORC1_SIGNALING","Developmental_Signaling"
"RPS17","HALLMARK_MTORC1_SIGNALING","Developmental_Signaling"
"RPS23","HALLMARK_MTORC1_SIGNALING","Developmental_Signaling"
"RPS29","HALLMARK_MTORC1_SIGNALING","Developmental_Signaling"
"RPS4X","HALLMARK_MTORC1_SIGNALING","Developmental_Signaling"
"RPS6KA3","HALLMARK_ANDROGEN_RESPONSE; HALLMARK_PI3K_AKT_MTOR_SIGNALING; HALLMARK_PROTEIN_SECRETION","Developmental_Signaling"
"RPS6KB2","HALLMARK_PI3K_AKT_MTOR_SIGNALING","Developmental_Signaling"
"RPSA","HALLMARK_MTORC1_SIGNALING","Developmental_Signaling"
"RSPO3","HALLMARK_WNT_BETA_CATENIN_SIGNALING","Developmental_Signaling"
"RTN1","HALLMARK_HEDGEHOG_SIGNALING","Developmental_Signaling"
"S100A6","HALLMARK_KRAS_SIGNALING_UP","Developmental_Signaling"
"SAT2","HALLMARK_MTORC1_SIGNALING","Developmental_Signaling"
"SDCCAG8","HALLMARK_KRAS_SIGNALING_UP","Developmental_Signaling"
"SDF2L1","HALLMARK_MTORC1_SIGNALING","Developmental_Signaling"
"SEC13","HALLMARK_MTORC1_SIGNALING;HALLMARK_PROTEIN_SECRETION","Developmental_Signaling"
"SERINC2","HALLMARK_KRAS_SIGNALING_DN","Developmental_Signaling"
"SFRP2","HALLMARK_MYOGENESIS;HALLMARK_WNT_BETA_CATENIN_SIGNALING","Developmental_Signaling"
"SIDT1","HALLMARK_KRAS_SIGNALING_DN","Developmental_Signaling"
"SKIL","HALLMARK_KRAS_SIGNALING_DN; HALLMARK_TGF_BETA_SIGNALING","Developmental_Signaling"
"SKP1","HALLMARK_NOTCH_SIGNALING","Developmental_Signaling"
"SLA","HALLMARK_MTORC1_SIGNALING; HALLMARK_PI3K_AKT_MTOR_SIGNALING","Developmental_Signaling"
"SLC16A7","HALLMARK_KRAS_SIGNALING_DN","Developmental_Signaling"
"SLC25A23","HALLMARK_KRAS_SIGNALING_DN","Developmental_Signaling"
"SMAD2","HALLMARK_PI3K_AKT_MTOR_SIGNALING","Developmental_Signaling"
"SOX10","HALLMARK_KRAS_SIGNALING_DN","Developmental_Signaling"
"STRN","HALLMARK_KRAS_SIGNALING_UP","Developmental_Signaling"
"TCF7","HALLMARK_WNT_BETA_CATENIN_SIGNALING","Developmental_Signaling"
"TCF7L2","HALLMARK_NOTCH_SIGNALING","Developmental_Signaling"
"TGFBR1","HALLMARK_TGF_BETA_SIGNALING","Developmental_Signaling"
"TGOLN2","HALLMARK_KRAS_SIGNALING_DN","Developmental_Signaling"
"THRB","HALLMARK_KRAS_SIGNALING_DN","Developmental_Signaling"
"TLE2","HALLMARK_WNT_BETA_CATENIN_SIGNALING","Developmental_Signaling"
"TLR8","HALLMARK_KRAS_SIGNALING_UP","Developmental_Signaling"
"TOMM40","HALLMARK_MTORC1_SIGNALING","Developmental_Signaling"
"TOR1AIP2","HALLMARK_KRAS_SIGNALING_UP","Developmental_Signaling"
"TRIM33","HALLMARK_TGF_BETA_SIGNALING","Developmental_Signaling"
"TSC2","HALLMARK_MYOGENESIS; HALLMARK_PI3K_AKT_MTOR_SIGNALING","Developmental_Signaling"
"TSPAN13","HALLMARK_ESTROGEN_RESPONSE_LATE; HALLMARK_KRAS_SIGNALING_UP","Developmental_Signaling"
"UFM1","HALLMARK_MTORC1_SIGNALING","Developmental_Signaling"
"USP12","HALLMARK_KRAS_SIGNALING_UP","Developmental_Signaling"
"WDR33","HALLMARK_KRAS_SIGNALING_UP","Developmental_Signaling"
"WNT2B","HALLMARK_WNT_BETA_CATENIN_SIGNALING","Developmental_Signaling"
"ZEB2","HALLMARK_TGF_BETA_SIGNALING","Developmental_Signaling"
"ABI3BP","HALLMARK_EPITHELIAL_MESENCHYMAL_TRANSITION","EMT_Adhesion"
"ADAM12","HALLMARK_EPITHELIAL_MESENCHYMAL_TRANSITION; HALLMARK_MYOGENESIS","EMT_Adhesion"
"ADAM15","HALLMARK_APICAL_JUNCTION","EMT_Adhesion"
"ADAMTS5","HALLMARK_APICAL_JUNCTION","EMT_Adhesion"
"AKAP7","HALLMARK_APICAL_SURFACE","EMT_Adhesion"
"AKT2","HALLMARK_APICAL_JUNCTION; HALLMARK_KRAS_SIGNALING_UP; HALLMARK_MYOGENESIS","EMT_Adhesion"
"AMIGO2","HALLMARK_APICAL_JUNCTION","EMT_Adhesion"
"ANGPTL1","HALLMARK_ANGIOGENESIS","EMT_Adhesion"
"CD160","HALLMARK_APICAL_SURFACE","EMT_Adhesion"
"CD209","HALLMARK_APICAL_JUNCTION","EMT_Adhesion"
"CDSN","HALLMARK_APICAL_JUNCTION","EMT_Adhesion"
"CERCAM","HALLMARK_APICAL_JUNCTION","EMT_Adhesion"
"CLDN2","HALLMARK_APICAL_JUNCTION;HALLMARK_KRAS_SIGNALING_UP","EMT_Adhesion"
"CLDN5","HALLMARK_APICAL_JUNCTION","EMT_Adhesion"
"CLDN7","HALLMARK_APICAL_JUNCTION; HALLMARK_ESTROGEN_RESPONSE_EARLY","EMT_Adhesion"
"COL17A1","HALLMARK_APICAL_JUNCTION","EMT_Adhesion"
"CTNNA1","HALLMARK_APICAL_JUNCTION","EMT_Adhesion"
"CUBN","HALLMARK_APICAL_SURFACE","EMT_Adhesion"
"CXADR","HALLMARK_APICAL_JUNCTION","EMT_Adhesion"
"CXCL12","HALLMARK_EPITHELIAL_MESENCHYMAL_TRANSITION; HALLMARK_ESTROGEN_RESPONSE_EARLY; HALLMARK_ESTROGEN_RESPONSE_LATE","EMT_Adhesion"
"DCLK1","HALLMARK_EPITHELIAL_MESENCHYMAL_TRANSITION;HALLMARK_ESTROGEN_RESPONSE_EARLY;HALLMARK_ESTROGEN_RESPONSE_LATE;HALLMARK_KRAS_SIGNALING_UP","EMT_Adhesion"
"ECM2","HALLMARK_EPITHELIAL_MESENCHYMAL_TRANSITION","EMT_Adhesion"
"ELN","HALLMARK_EPITHELIAL_MESENCHYMAL_TRANSITION","EMT_Adhesion"
"EPHB4","HALLMARK_APICAL_SURFACE","EMT_Adhesion"
"ESAM","HALLMARK_APICAL_JUNCTION","EMT_Adhesion"
"EXOC4","HALLMARK_APICAL_JUNCTION","EMT_Adhesion"
"FAT2","HALLMARK_APICAL_SURFACE","EMT_Adhesion"
"FBN1","HALLMARK_APICAL_JUNCTION; HALLMARK_COAGULATION; HALLMARK_EPITHELIAL_MESENCHYMAL_TRANSITION","EMT_Adhesion"
"FGF2","HALLMARK_EPITHELIAL_MESENCHYMAL_TRANSITION; HALLMARK_MYOGENESIS","EMT_Adhesion"
"FLOT2","HALLMARK_APICAL_SURFACE","EMT_Adhesion"
"GAMT","HALLMARK_APICAL_JUNCTION; HALLMARK_KRAS_SIGNALING_DN","EMT_Adhesion"
"GHRL","HALLMARK_APICAL_SURFACE","EMT_Adhesion"
"GLIPR1","HALLMARK_EPITHELIAL_MESENCHYMAL_TRANSITION","EMT_Adhesion"
"HAVCR2","HALLMARK_APICAL_SURFACE","EMT_Adhesion"
"IKBKG","HALLMARK_APICAL_JUNCTION","EMT_Adhesion"
"INPPL1","HALLMARK_APICAL_JUNCTION","EMT_Adhesion"
"ITGA9","HALLMARK_APICAL_JUNCTION","EMT_Adhesion"
"ITGB5","HALLMARK_EPITHELIAL_MESENCHYMAL_TRANSITION; HALLMARK_MYOGENESIS","EMT_Adhesion"
"LAMA1","HALLMARK_EPITHELIAL_MESENCHYMAL_TRANSITION","EMT_Adhesion"
"LAMA5","HALLMARK_ANGIOGENESIS;HALLMARK_HEDGEHOG_SIGNALING","EMT_Adhesion"
"LAMC2","HALLMARK_APICAL_JUNCTION; HALLMARK_EPITHELIAL_MESENCHYMAL_TRANSITION; HALLMARK_ESTROGEN_RESPONSE_LATE","EMT_Adhesion"
"LIMA1","HALLMARK_APICAL_JUNCTION","EMT_Adhesion"
"LMCD1","HALLMARK_ANGIOGENESIS","EMT_Adhesion"
"LRPAP1","HALLMARK_ANGIOGENESIS","EMT_Adhesion"
"MAGI1","HALLMARK_APICAL_JUNCTION","EMT_Adhesion"
"MAGI3","HALLMARK_APICAL_JUNCTION","EMT_Adhesion"
"MAP4K2","HALLMARK_APICAL_JUNCTION","EMT_Adhesion"
"MAPK13","HALLMARK_APICAL_JUNCTION; HALLMARK_ESTROGEN_RESPONSE_LATE","EMT_Adhesion"
"MCAM","HALLMARK_ANGIOGENESIS;HALLMARK_APICAL_SURFACE","EMT_Adhesion"
"MDK","HALLMARK_APICAL_JUNCTION; HALLMARK_ESTROGEN_RESPONSE_LATE","EMT_Adhesion"
"MFAP5","HALLMARK_EPITHELIAL_MESENCHYMAL_TRANSITION","EMT_Adhesion"
"MPP5","HALLMARK_APICAL_JUNCTION","EMT_Adhesion"
"MXRA5","HALLMARK_EPITHELIAL_MESENCHYMAL_TRANSITION","EMT_Adhesion"
"MYL12B","HALLMARK_APICAL_JUNCTION","EMT_Adhesion"
"NCOA6","HALLMARK_APICAL_SURFACE","EMT_Adhesion"
"NEGR1","HALLMARK_APICAL_JUNCTION","EMT_Adhesion"
"NFASC","HALLMARK_APICAL_JUNCTION","EMT_Adhesion"
"NRXN3","HALLMARK_APICAL_JUNCTION","EMT_Adhesion"
"OXTR","HALLMARK_EPITHELIAL_MESENCHYMAL_TRANSITION","EMT_Adhesion"
"PARD6A","HALLMARK_APICAL_JUNCTION","EMT_Adhesion"
"PARD6G","HALLMARK_APICAL_JUNCTION","EMT_Adhesion"
"PARVA","HALLMARK_APICAL_JUNCTION","EMT_Adhesion"
"PFN2","HALLMARK_EPITHELIAL_MESENCHYMAL_TRANSITION","EMT_Adhesion"
"PIK3CB","HALLMARK_APICAL_JUNCTION","EMT_Adhesion"
"PLCG1","HALLMARK_APICAL_JUNCTION; HALLMARK_PI3K_AKT_MTOR_SIGNALING","EMT_Adhesion"
"PLOD3","HALLMARK_EPITHELIAL_MESENCHYMAL_TRANSITION","EMT_Adhesion"
"PPIB","HALLMARK_EPITHELIAL_MESENCHYMAL_TRANSITION","EMT_Adhesion"
"PRICKLE1","HALLMARK_EPITHELIAL_MESENCHYMAL_TRANSITION","EMT_Adhesion"
"PRRX1","HALLMARK_EPITHELIAL_MESENCHYMAL_TRANSITION; HALLMARK_KRAS_SIGNALING_UP","EMT_Adhesion"
"PTHLH","HALLMARK_EPITHELIAL_MESENCHYMAL_TRANSITION","EMT_Adhesion"
"RAB13","HALLMARK_APICAL_JUNCTION","EMT_Adhesion"
"RRAS","HALLMARK_APICAL_JUNCTION","EMT_Adhesion"
"SCRIB","HALLMARK_APICAL_JUNCTION","EMT_Adhesion"
"SERPINH1","HALLMARK_EPITHELIAL_MESENCHYMAL_TRANSITION; HALLMARK_MTORC1_SIGNALING","EMT_Adhesion"
"SFRP4","HALLMARK_EPITHELIAL_MESENCHYMAL_TRANSITION","EMT_Adhesion"
"SGCD","HALLMARK_EPITHELIAL_MESENCHYMAL_TRANSITION; HALLMARK_MYOGENESIS","EMT_Adhesion"
"SLC34A3","HALLMARK_APICAL_SURFACE","EMT_Adhesion"
"SLCO2A1","HALLMARK_ANGIOGENESIS","EMT_Adhesion"
"SORBS3","HALLMARK_APICAL_JUNCTION; HALLMARK_MYOGENESIS","EMT_Adhesion"
"SPOCK1","HALLMARK_EPITHELIAL_MESENCHYMAL_TRANSITION","EMT_Adhesion"
"SYK","HALLMARK_APICAL_JUNCTION","EMT_Adhesion"
"TBXA2R","HALLMARK_ANGIOGENESIS","EMT_Adhesion"
"THBS1","HALLMARK_COAGULATION; HALLMARK_EPITHELIAL_MESENCHYMAL_TRANSITION; HALLMARK_TGF_BETA_SIGNALING","EMT_Adhesion"
"TMEM8B","HALLMARK_APICAL_JUNCTION; HALLMARK_APICAL_SURFACE","EMT_Adhesion"
"TPM2","HALLMARK_EPITHELIAL_MESENCHYMAL_TRANSITION; HALLMARK_MYOGENESIS","EMT_Adhesion"
"TSPAN4","HALLMARK_APICAL_JUNCTION","EMT_Adhesion"
"VASP","HALLMARK_APICAL_JUNCTION","EMT_Adhesion"
"VWF","HALLMARK_APICAL_JUNCTION; HALLMARK_COAGULATION","EMT_Adhesion"
"WIPF1","HALLMARK_EPITHELIAL_MESENCHYMAL_TRANSITION","EMT_Adhesion"
"ZNF423","HALLMARK_ANGIOGENESIS","EMT_Adhesion"
"ZYX","HALLMARK_APICAL_JUNCTION","EMT_Adhesion"
"AFF1","HALLMARK_ESTROGEN_RESPONSE_EARLY; HALLMARK_ESTROGEN_RESPONSE_LATE","Hormone_Response"
"AMFR","HALLMARK_ESTROGEN_RESPONSE_EARLY; HALLMARK_ESTROGEN_RESPONSE_LATE","Hormone_Response"
"APPBP2","HALLMARK_ANDROGEN_RESPONSE","Hormone_Response"
"BCL11B","HALLMARK_ESTROGEN_RESPONSE_EARLY","Hormone_Response"
"CDC14B","HALLMARK_ANDROGEN_RESPONSE","Hormone_Response"
"CKB","HALLMARK_ESTROGEN_RESPONSE_LATE; HALLMARK_MYOGENESIS","Hormone_Response"
"CLCN5","HALLMARK_ANDROGEN_RESPONSE","Hormone_Response"
"CLMN","HALLMARK_ESTROGEN_RESPONSE_EARLY;HALLMARK_ESTROGEN_RESPONSE_LATE","Hormone_Response"
"CUEDC2","HALLMARK_ANDROGEN_RESPONSE","Hormone_Response"
"CXCL14","HALLMARK_ESTROGEN_RESPONSE_LATE","Hormone_Response"
"CYP26B1","HALLMARK_ESTROGEN_RESPONSE_EARLY; HALLMARK_ESTROGEN_RESPONSE_LATE","Hormone_Response"
"EAF2","HALLMARK_ANDROGEN_RESPONSE","Hormone_Response"
"ELK4","HALLMARK_ANDROGEN_RESPONSE","Hormone_Response"
"FRK","HALLMARK_ESTROGEN_RESPONSE_EARLY; HALLMARK_ESTROGEN_RESPONSE_LATE","Hormone_Response"
"GPCPD1","HALLMARK_ESTROGEN_RESPONSE_EARLY;HALLMARK_ESTROGEN_RESPONSE_LATE","Hormone_Response"
"GPS2","HALLMARK_ANDROGEN_RESPONSE","Hormone_Response"
"GREB1","HALLMARK_ESTROGEN_RESPONSE_EARLY","Hormone_Response"
"HMBOX1","HALLMARK_ANDROGEN_RESPONSE","Hormone_Response"
"IMPA2","HALLMARK_ESTROGEN_RESPONSE_LATE","Hormone_Response"
"INPP5F","HALLMARK_ESTROGEN_RESPONSE_EARLY","Hormone_Response"
"IQGAP2","HALLMARK_ANDROGEN_RESPONSE","Hormone_Response"
"JAK1","HALLMARK_ESTROGEN_RESPONSE_LATE","Hormone_Response"
"KLHL13","HALLMARK_ESTROGEN_RESPONSE_EARLY;HALLMARK_ESTROGEN_RESPONSE_LATE","Hormone_Response"
"LSR","HALLMARK_ESTROGEN_RESPONSE_LATE","Hormone_Response"
"MAK","HALLMARK_ANDROGEN_RESPONSE","Hormone_Response"
"MAST4","HALLMARK_ESTROGEN_RESPONSE_EARLY","Hormone_Response"
"MCF2L2","HALLMARK_ESTROGEN_RESPONSE_EARLY;HALLMARK_ESTROGEN_RESPONSE_LATE","Hormone_Response"
"MED13L","HALLMARK_ESTROGEN_RESPONSE_EARLY","Hormone_Response"
"MPPED2","HALLMARK_ESTROGEN_RESPONSE_EARLY","Hormone_Response"
"MYL12A","HALLMARK_ANDROGEN_RESPONSE","Hormone_Response"
"MYO6","HALLMARK_ANDROGEN_RESPONSE","Hormone_Response"
"NAB2","HALLMARK_ESTROGEN_RESPONSE_LATE","Hormone_Response"
"NADSYN1","HALLMARK_ESTROGEN_RESPONSE_EARLY","Hormone_Response"
"NR2F6","HALLMARK_ANDROGEN_RESPONSE","Hormone_Response"
"NRIP1","HALLMARK_ESTROGEN_RESPONSE_EARLY; HALLMARK_ESTROGEN_RESPONSE_LATE","Hormone_Response"
"NXT1","HALLMARK_ESTROGEN_RESPONSE_EARLY; HALLMARK_ESTROGEN_RESPONSE_LATE","Hormone_Response"
"PDZK1","HALLMARK_ESTROGEN_RESPONSE_EARLY; HALLMARK_ESTROGEN_RESPONSE_LATE","Hormone_Response"
"PGR","HALLMARK_ESTROGEN_RESPONSE_EARLY; HALLMARK_ESTROGEN_RESPONSE_LATE","Hormone_Response"
"PIAS1","HALLMARK_ANDROGEN_RESPONSE","Hormone_Response"
"PRLR","HALLMARK_ESTROGEN_RESPONSE_LATE","Hormone_Response"
"RAB3IP","HALLMARK_ANDROGEN_RESPONSE","Hormone_Response"
"RABEP1","HALLMARK_ESTROGEN_RESPONSE_LATE","Hormone_Response"
"RBBP8","HALLMARK_ESTROGEN_RESPONSE_EARLY; HALLMARK_ESTROGEN_RESPONSE_LATE","Hormone_Response"
"REPIN1","HALLMARK_ANDROGEN_RESPONSE","Hormone_Response"
"RNF217","HALLMARK_ESTROGEN_RESPONSE_LATE","Hormone_Response"
"SCUBE2","HALLMARK_ESTROGEN_RESPONSE_LATE","Hormone_Response"
"SEC14L2","HALLMARK_ESTROGEN_RESPONSE_EARLY","Hormone_Response"
"SLC2A8","HALLMARK_ESTROGEN_RESPONSE_LATE","Hormone_Response"
"SNX24","HALLMARK_ESTROGEN_RESPONSE_EARLY","Hormone_Response"
"STEAP2","HALLMARK_ANDROGEN_RESPONSE","Hormone_Response"
"SVIL","HALLMARK_ESTROGEN_RESPONSE_EARLY; HALLMARK_MYOGENESIS","Hormone_Response"
"SYNGR1","HALLMARK_ESTROGEN_RESPONSE_EARLY","Hormone_Response"
"TIAM2","HALLMARK_ESTROGEN_RESPONSE_EARLY;HALLMARK_ESTROGEN_RESPONSE_LATE","Hormone_Response"
"TSKU","HALLMARK_ESTROGEN_RESPONSE_EARLY","Hormone_Response"
"UBE2J1","HALLMARK_ANDROGEN_RESPONSE","Hormone_Response"
"VASH2","HALLMARK_ANDROGEN_RESPONSE","Hormone_Response"
"ZMYND8","HALLMARK_ESTROGEN_RESPONSE_EARLY;HALLMARK_ESTROGEN_RESPONSE_LATE","Hormone_Response"
"ABCA6","HALLMARK_BILE_ACID_METABOLISM","Hypoxia_Metabolism"
"ABCA9","HALLMARK_BILE_ACID_METABOLISM","Hypoxia_Metabolism"
"ABCB6","HALLMARK_GLYCOLYSIS; HALLMARK_HEME_METABOLISM","Hypoxia_Metabolism"
"ABCD3","HALLMARK_BILE_ACID_METABOLISM; HALLMARK_PEROXISOME","Hypoxia_Metabolism"
"ACAA1","HALLMARK_FATTY_ACID_METABOLISM; HALLMARK_OXIDATIVE_PHOSPHORYLATION; HALLMARK_PEROXISOME; HALLMARK_UV_RESPONSE_UP","Hypoxia_Metabolism"
"ACAA2","HALLMARK_ADIPOGENESIS; HALLMARK_FATTY_ACID_METABOLISM; HALLMARK_OXIDATIVE_PHOSPHORYLATION","Hypoxia_Metabolism"
"ACADVL","HALLMARK_FATTY_ACID_METABOLISM; HALLMARK_OXIDATIVE_PHOSPHORYLATION","Hypoxia_Metabolism"
"ACLY","HALLMARK_ADIPOGENESIS; HALLMARK_MTORC1_SIGNALING","Hypoxia_Metabolism"
"ACO2","HALLMARK_ADIPOGENESIS; HALLMARK_FATTY_ACID_METABOLISM; HALLMARK_OXIDATIVE_PHOSPHORYLATION; HALLMARK_XENOBIOTIC_METABOLISM","Hypoxia_Metabolism"
"ACOT2","HALLMARK_FATTY_ACID_METABOLISM","Hypoxia_Metabolism"
"ACOT4","HALLMARK_PEROXISOME","Hypoxia_Metabolism"
"ACOX1","HALLMARK_ADIPOGENESIS; HALLMARK_FATTY_ACID_METABOLISM; HALLMARK_PEROXISOME; HALLMARK_XENOBIOTIC_METABOLISM","Hypoxia_Metabolism"
"ACSL4","HALLMARK_FATTY_ACID_METABOLISM; HALLMARK_PEROXISOME","Hypoxia_Metabolism"
"ACTG1","HALLMARK_APICAL_JUNCTION; HALLMARK_CHOLESTEROL_HOMEOSTASIS","Hypoxia_Metabolism"
"ADCY6","HALLMARK_ADIPOGENESIS; HALLMARK_DNA_REPAIR","Hypoxia_Metabolism"
"ADD2","HALLMARK_HEME_METABOLISM","Hypoxia_Metabolism"
"ADIPOR1","HALLMARK_HEME_METABOLISM","Hypoxia_Metabolism"
"ADSL","HALLMARK_FATTY_ACID_METABOLISM","Hypoxia_Metabolism"
"AGL","HALLMARK_GLYCOLYSIS; HALLMARK_MYOGENESIS","Hypoxia_Metabolism"
"AGPAT2","HALLMARK_ADIPOGENESIS","Hypoxia_Metabolism"
"AGPAT4","HALLMARK_HEME_METABOLISM","Hypoxia_Metabolism"
"AGPS","HALLMARK_ADIPOGENESIS;HALLMARK_PEROXISOME","Hypoxia_Metabolism"
"AIFM1","HALLMARK_ADIPOGENESIS; HALLMARK_OXIDATIVE_PHOSPHORYLATION","Hypoxia_Metabolism"
"AKR1A1","HALLMARK_GLYCOLYSIS","Hypoxia_Metabolism"
"AKT3","HALLMARK_APICAL_JUNCTION; HALLMARK_PANCREAS_BETA_CELLS; HALLMARK_UV_RESPONSE_DN","Hypoxia_Metabolism"
"ALAD","HALLMARK_FATTY_ACID_METABOLISM; HALLMARK_HEME_METABOLISM","Hypoxia_Metabolism"
"ALDH1L1","HALLMARK_HEME_METABOLISM","Hypoxia_Metabolism"
"ALDOA","HALLMARK_ADIPOGENESIS; HALLMARK_FATTY_ACID_METABOLISM; HALLMARK_GLYCOLYSIS; HALLMARK_HYPOXIA; HALLMARK_MTORC1_SIGNALING; HALLMARK_UV_RESPONSE_UP","Hypoxia_Metabolism"
"ALDOC","HALLMARK_CHOLESTEROL_HOMEOSTASIS; HALLMARK_HYPOXIA","Hypoxia_Metabolism"
"AMPD3","HALLMARK_HYPOXIA","Hypoxia_Metabolism"
"ANGPTL3","HALLMARK_XENOBIOTIC_METABOLISM","Hypoxia_Metabolism"
"ANGPTL4","HALLMARK_ADIPOGENESIS; HALLMARK_GLYCOLYSIS; HALLMARK_HYPOXIA; HALLMARK_KRAS_SIGNALING_UP","Hypoxia_Metabolism"
"ANKRD37","HALLMARK_HYPOXIA","Hypoxia_Metabolism"
"ANKZF1","HALLMARK_GLYCOLYSIS; HALLMARK_HYPOXIA","Hypoxia_Metabolism"
"ANXA2","HALLMARK_HYPOXIA; HALLMARK_UV_RESPONSE_DN","Hypoxia_Metabolism"
"AOX1","HALLMARK_XENOBIOTIC_METABOLISM","Hypoxia_Metabolism"
"APLP2","HALLMARK_ADIPOGENESIS","Hypoxia_Metabolism"
"APOB","HALLMARK_CHOLESTEROL_HOMEOSTASIS","Hypoxia_Metabolism"
"AQP7","HALLMARK_FATTY_ACID_METABOLISM","Hypoxia_Metabolism"
"AR","HALLMARK_BILE_ACID_METABOLISM; HALLMARK_ESTROGEN_RESPONSE_EARLY","Hypoxia_Metabolism"
"ARAF","HALLMARK_ADIPOGENESIS","Hypoxia_Metabolism"
"ARTN","HALLMARK_GLYCOLYSIS","Hypoxia_Metabolism"
"ASNS","HALLMARK_HEME_METABOLISM; HALLMARK_MTORC1_SIGNALING; HALLMARK_UNFOLDED_PROTEIN_RESPONSE; HALLMARK_UV_RESPONSE_UP","Hypoxia_Metabolism"
"ATIC","HALLMARK_ADIPOGENESIS","Hypoxia_Metabolism"
"ATP5B","HALLMARK_OXIDATIVE_PHOSPHORYLATION","Hypoxia_Metabolism"
"ATP5C1","HALLMARK_ADIPOGENESIS;HALLMARK_OXIDATIVE_PHOSPHORYLATION","Hypoxia_Metabolism"
"ATP5G2","HALLMARK_ADIPOGENESIS;HALLMARK_OXIDATIVE_PHOSPHORYLATION","Hypoxia_Metabolism"
"ATP5G3","HALLMARK_ADIPOGENESIS;HALLMARK_OXIDATIVE_PHOSPHORYLATION","Hypoxia_Metabolism"
"ATP5J2","HALLMARK_OXIDATIVE_PHOSPHORYLATION","Hypoxia_Metabolism"
"ATP5L","HALLMARK_OXIDATIVE_PHOSPHORYLATION","Hypoxia_Metabolism"
"ATP6AP1","HALLMARK_MYOGENESIS; HALLMARK_OXIDATIVE_PHOSPHORYLATION","Hypoxia_Metabolism"
"ATP6V0B","HALLMARK_OXIDATIVE_PHOSPHORYLATION","Hypoxia_Metabolism"
"ATP6V0C","HALLMARK_OXIDATIVE_PHOSPHORYLATION","Hypoxia_Metabolism"
"ATP6V0E1","HALLMARK_OXIDATIVE_PHOSPHORYLATION","Hypoxia_Metabolism"
"ATP6V1D","HALLMARK_MTORC1_SIGNALING; HALLMARK_OXIDATIVE_PHOSPHORYLATION","Hypoxia_Metabolism"
"ATP6V1E1","HALLMARK_OXIDATIVE_PHOSPHORYLATION","Hypoxia_Metabolism"
"ATP6V1F","HALLMARK_OXIDATIVE_PHOSPHORYLATION; HALLMARK_UV_RESPONSE_UP","Hypoxia_Metabolism"
"ATP6V1G1","HALLMARK_OXIDATIVE_PHOSPHORYLATION","Hypoxia_Metabolism"
"ATP6V1H","HALLMARK_OXIDATIVE_PHOSPHORYLATION; HALLMARK_PROTEIN_SECRETION","Hypoxia_Metabolism"
"ATP7A","HALLMARK_HYPOXIA; HALLMARK_PROTEIN_SECRETION","Hypoxia_Metabolism"
"ATXN1","HALLMARK_BILE_ACID_METABOLISM; HALLMARK_PEROXISOME; HALLMARK_UV_RESPONSE_DN","Hypoxia_Metabolism"
"ATXN2","HALLMARK_CHOLESTEROL_HOMEOSTASIS","Hypoxia_Metabolism"
"AVPR1A","HALLMARK_APOPTOSIS; HALLMARK_CHOLESTEROL_HOMEOSTASIS","Hypoxia_Metabolism"
"B3GAT3","HALLMARK_GLYCOLYSIS","Hypoxia_Metabolism"
"B4GALT2","HALLMARK_GLYCOLYSIS","Hypoxia_Metabolism"
"B4GALT7","HALLMARK_GLYCOLYSIS","Hypoxia_Metabolism"
"BACH1","HALLMARK_HEME_METABOLISM","Hypoxia_Metabolism"
"BAX","HALLMARK_APOPTOSIS; HALLMARK_OXIDATIVE_PHOSPHORYLATION; HALLMARK_P53_PATHWAY","Hypoxia_Metabolism"
"BBOX1","HALLMARK_BILE_ACID_METABOLISM","Hypoxia_Metabolism"
"BCAM","HALLMARK_DNA_REPAIR; HALLMARK_HEME_METABOLISM","Hypoxia_Metabolism"
"BCAN","HALLMARK_HYPOXIA","Hypoxia_Metabolism"
"BCKDHA","HALLMARK_ADIPOGENESIS; HALLMARK_OXIDATIVE_PHOSPHORYLATION","Hypoxia_Metabolism"
"BCKDHB","HALLMARK_FATTY_ACID_METABOLISM; HALLMARK_UV_RESPONSE_DN","Hypoxia_Metabolism"
"BGN","HALLMARK_APOPTOSIS; HALLMARK_EPITHELIAL_MESENCHYMAL_TRANSITION; HALLMARK_HYPOXIA","Hypoxia_Metabolism"
"BHLHE41","HALLMARK_HYPOXIA","Hypoxia_Metabolism"
"BLVRA","HALLMARK_FATTY_ACID_METABOLISM; HALLMARK_HEME_METABOLISM","Hypoxia_Metabolism"
"BLVRB","HALLMARK_ESTROGEN_RESPONSE_EARLY; HALLMARK_ESTROGEN_RESPONSE_LATE; HALLMARK_HEME_METABOLISM; HALLMARK_XENOBIOTIC_METABOLISM","Hypoxia_Metabolism"
"BMP2K","HALLMARK_HEME_METABOLISM","Hypoxia_Metabolism"
"BPHL","HALLMARK_FATTY_ACID_METABOLISM; HALLMARK_XENOBIOTIC_METABOLISM","Hypoxia_Metabolism"
"BPNT1","HALLMARK_GLYCOLYSIS","Hypoxia_Metabolism"
"BSG","HALLMARK_HEME_METABOLISM; HALLMARK_UV_RESPONSE_UP","Hypoxia_Metabolism"
"CACNA2D1","HALLMARK_PANCREAS_BETA_CELLS","Hypoxia_Metabolism"
"CBR1","HALLMARK_FATTY_ACID_METABOLISM; HALLMARK_XENOBIOTIC_METABOLISM","Hypoxia_Metabolism"
"CCDC28A","HALLMARK_HEME_METABOLISM","Hypoxia_Metabolism"
"CD151","HALLMARK_ADIPOGENESIS","Hypoxia_Metabolism"
"CD302","HALLMARK_ADIPOGENESIS","Hypoxia_Metabolism"
"CDR2","HALLMARK_HEME_METABOLISM","Hypoxia_Metabolism"
"CHPF","HALLMARK_GLYCOLYSIS","Hypoxia_Metabolism"
"CLCN3","HALLMARK_HEME_METABOLISM; HALLMARK_PROTEIN_SECRETION","Hypoxia_Metabolism"
"CLN8","HALLMARK_PEROXISOME","Hypoxia_Metabolism"
"CNDP2","HALLMARK_XENOBIOTIC_METABOLISM","Hypoxia_Metabolism"
"COMT","HALLMARK_XENOBIOTIC_METABOLISM","Hypoxia_Metabolism"
"COQ3","HALLMARK_ADIPOGENESIS","Hypoxia_Metabolism"
"COQ5","HALLMARK_ADIPOGENESIS","Hypoxia_Metabolism"
"COQ9","HALLMARK_ADIPOGENESIS","Hypoxia_Metabolism"
"COX15","HALLMARK_OXIDATIVE_PHOSPHORYLATION","Hypoxia_Metabolism"
"COX17","HALLMARK_DNA_REPAIR; HALLMARK_OXIDATIVE_PHOSPHORYLATION","Hypoxia_Metabolism"
"COX4I1","HALLMARK_OXIDATIVE_PHOSPHORYLATION","Hypoxia_Metabolism"
"COX5B","HALLMARK_OXIDATIVE_PHOSPHORYLATION","Hypoxia_Metabolism"
"COX6A1","HALLMARK_ADIPOGENESIS; HALLMARK_OXIDATIVE_PHOSPHORYLATION","Hypoxia_Metabolism"
"COX6B1","HALLMARK_OXIDATIVE_PHOSPHORYLATION","Hypoxia_Metabolism"
"COX6C","HALLMARK_ESTROGEN_RESPONSE_LATE; HALLMARK_OXIDATIVE_PHOSPHORYLATION","Hypoxia_Metabolism"
"COX7A2L","HALLMARK_OXIDATIVE_PHOSPHORYLATION","Hypoxia_Metabolism"
"COX7B","HALLMARK_ADIPOGENESIS; HALLMARK_OXIDATIVE_PHOSPHORYLATION","Hypoxia_Metabolism"
"COX7C","HALLMARK_OXIDATIVE_PHOSPHORYLATION","Hypoxia_Metabolism"
"COX8A","HALLMARK_ADIPOGENESIS; HALLMARK_OXIDATIVE_PHOSPHORYLATION","Hypoxia_Metabolism"
"CPEB2","HALLMARK_CHOLESTEROL_HOMEOSTASIS","Hypoxia_Metabolism"
"CRABP2","HALLMARK_PEROXISOME","Hypoxia_Metabolism"
"CRAT","HALLMARK_ADIPOGENESIS; HALLMARK_APICAL_JUNCTION; HALLMARK_FATTY_ACID_METABOLISM; HALLMARK_MYOGENESIS; HALLMARK_PEROXISOME","Hypoxia_Metabolism"
"CRYZ","HALLMARK_FATTY_ACID_METABOLISM","Hypoxia_Metabolism"
"CTBP1","HALLMARK_PEROXISOME","Hypoxia_Metabolism"
"CTNS","HALLMARK_HEME_METABOLISM","Hypoxia_Metabolism"
"CYB5R3","HALLMARK_OXIDATIVE_PHOSPHORYLATION","Hypoxia_Metabolism"
"CYP46A1","HALLMARK_BILE_ACID_METABOLISM","Hypoxia_Metabolism"
"CYP7B1","HALLMARK_BILE_ACID_METABOLISM","Hypoxia_Metabolism"
"D2HGDH","HALLMARK_FATTY_ACID_METABOLISM","Hypoxia_Metabolism"
"DAAM1","HALLMARK_HEME_METABOLISM","Hypoxia_Metabolism"
"DBT","HALLMARK_ADIPOGENESIS","Hypoxia_Metabolism"
"DCAF10","HALLMARK_HEME_METABOLISM","Hypoxia_Metabolism"
"DCAF11","HALLMARK_HEME_METABOLISM","Hypoxia_Metabolism"
"DCXR","HALLMARK_ESTROGEN_RESPONSE_LATE; HALLMARK_P53_PATHWAY; HALLMARK_XENOBIOTIC_METABOLISM","Hypoxia_Metabolism"
"DDAH2","HALLMARK_XENOBIOTIC_METABOLISM","Hypoxia_Metabolism"
"DDIT3","HALLMARK_APOPTOSIS; HALLMARK_HYPOXIA; HALLMARK_MTORC1_SIGNALING; HALLMARK_P53_PATHWAY; HALLMARK_PI3K_AKT_MTOR_SIGNALING","Hypoxia_Metabolism"
"DDIT4","HALLMARK_GLYCOLYSIS; HALLMARK_HYPOXIA; HALLMARK_MTORC1_SIGNALING; HALLMARK_P53_PATHWAY; HALLMARK_UNFOLDED_PROTEIN_RESPONSE","Hypoxia_Metabolism"
"DDT","HALLMARK_ADIPOGENESIS; HALLMARK_XENOBIOTIC_METABOLISM","Hypoxia_Metabolism"
"DECR1","HALLMARK_ADIPOGENESIS; HALLMARK_FATTY_ACID_METABOLISM; HALLMARK_OXIDATIVE_PHOSPHORYLATION","Hypoxia_Metabolism"
"DGAT1","HALLMARK_ADIPOGENESIS; HALLMARK_UV_RESPONSE_UP","Hypoxia_Metabolism"
"DHCR24","HALLMARK_ANDROGEN_RESPONSE; HALLMARK_BILE_ACID_METABOLISM; HALLMARK_FATTY_ACID_METABOLISM; HALLMARK_MTORC1_SIGNALING; HALLMARK_PEROXISOME","Hypoxia_Metabolism"
"DHCR7","HALLMARK_ADIPOGENESIS; HALLMARK_CHOLESTEROL_HOMEOSTASIS; HALLMARK_ESTROGEN_RESPONSE_EARLY; HALLMARK_ESTROGEN_RESPONSE_LATE; HALLMARK_MTORC1_SIGNALING","Hypoxia_Metabolism"
"DHPS","HALLMARK_XENOBIOTIC_METABOLISM","Hypoxia_Metabolism"
"DHRS4","HALLMARK_PEROXISOME","Hypoxia_Metabolism"
"DHRS7","HALLMARK_ADIPOGENESIS; HALLMARK_XENOBIOTIC_METABOLISM","Hypoxia_Metabolism"
"DHRS7B","HALLMARK_ADIPOGENESIS","Hypoxia_Metabolism"
"DIO1","HALLMARK_BILE_ACID_METABOLISM; HALLMARK_PEROXISOME","Hypoxia_Metabolism"
"DLG4","HALLMARK_PEROXISOME; HALLMARK_UV_RESPONSE_UP","Hypoxia_Metabolism"
"DLL4","HALLMARK_HYPOXIA","Hypoxia_Metabolism"
"DLST","HALLMARK_FATTY_ACID_METABOLISM; HALLMARK_OXIDATIVE_PHOSPHORYLATION","Hypoxia_Metabolism"
"DNAJC15","HALLMARK_ADIPOGENESIS","Hypoxia_Metabolism"
"EBP","HALLMARK_APOPTOSIS; HALLMARK_CHOLESTEROL_HOMEOSTASIS; HALLMARK_MTORC1_SIGNALING","Hypoxia_Metabolism"
"ECD","HALLMARK_GLYCOLYSIS","Hypoxia_Metabolism"
"ECH1","HALLMARK_ADIPOGENESIS; HALLMARK_CHOLESTEROL_HOMEOSTASIS; HALLMARK_FATTY_ACID_METABOLISM; HALLMARK_OXIDATIVE_PHOSPHORYLATION; HALLMARK_PEROXISOME; HALLMARK_XENOBIOTIC_METABOLISM","Hypoxia_Metabolism"
"ECHS1","HALLMARK_ADIPOGENESIS; HALLMARK_FATTY_ACID_METABOLISM; HALLMARK_OXIDATIVE_PHOSPHORYLATION","Hypoxia_Metabolism"
"EFNA3","HALLMARK_GLYCOLYSIS; HALLMARK_HYPOXIA","Hypoxia_Metabolism"
"EIF2AK1","HALLMARK_HEME_METABOLISM","Hypoxia_Metabolism"
"ELL2","HALLMARK_ANDROGEN_RESPONSE; HALLMARK_HEME_METABOLISM","Hypoxia_Metabolism"
"ELOVL5","HALLMARK_ANDROGEN_RESPONSE; HALLMARK_ESTROGEN_RESPONSE_EARLY; HALLMARK_ESTROGEN_RESPONSE_LATE; HALLMARK_FATTY_ACID_METABOLISM; HALLMARK_MTORC1_SIGNALING; HALLMARK_PEROXISOME; HALLMARK_XENOBIOTIC_METABOLISM","Hypoxia_Metabolism"
"ENO1","HALLMARK_GLYCOLYSIS; HALLMARK_HYPOXIA; HALLMARK_MTORC1_SIGNALING","Hypoxia_Metabolism"
"ENO2","HALLMARK_APOPTOSIS; HALLMARK_EPITHELIAL_MESENCHYMAL_TRANSITION; HALLMARK_FATTY_ACID_METABOLISM; HALLMARK_GLYCOLYSIS; HALLMARK_HYPOXIA; HALLMARK_UV_RESPONSE_UP","Hypoxia_Metabolism"
"EPHA2","HALLMARK_P53_PATHWAY; HALLMARK_XENOBIOTIC_METABOLISM","Hypoxia_Metabolism"
"EPHX1","HALLMARK_FATTY_ACID_METABOLISM; HALLMARK_P53_PATHWAY; HALLMARK_UV_RESPONSE_UP; HALLMARK_XENOBIOTIC_METABOLISM","Hypoxia_Metabolism"
"ERCC1","HALLMARK_DNA_REPAIR; HALLMARK_PEROXISOME","Hypoxia_Metabolism"
"ERMAP","HALLMARK_HEME_METABOLISM","Hypoxia_Metabolism"
"ERP29","HALLMARK_FATTY_ACID_METABOLISM","Hypoxia_Metabolism"
"ESR2","HALLMARK_PEROXISOME","Hypoxia_Metabolism"
"ESRRA","HALLMARK_ADIPOGENESIS","Hypoxia_Metabolism"
"ESYT1","HALLMARK_ADIPOGENESIS","Hypoxia_Metabolism"
"ETFB","HALLMARK_ADIPOGENESIS; HALLMARK_ESTROGEN_RESPONSE_LATE; HALLMARK_OXIDATIVE_PHOSPHORYLATION","Hypoxia_Metabolism"
"EXT1","HALLMARK_GLYCOLYSIS; HALLMARK_HYPOXIA","Hypoxia_Metabolism"
"FADS2","HALLMARK_BILE_ACID_METABOLISM; HALLMARK_CHOLESTEROL_HOMEOSTASIS; HALLMARK_MTORC1_SIGNALING","Hypoxia_Metabolism"
"FAM162A","HALLMARK_GLYCOLYSIS; HALLMARK_HYPOXIA; HALLMARK_P53_PATHWAY","Hypoxia_Metabolism"
"FBXO34","HALLMARK_HEME_METABOLISM","Hypoxia_Metabolism"
"FDFT1","HALLMARK_CHOLESTEROL_HOMEOSTASIS; HALLMARK_ESTROGEN_RESPONSE_EARLY; HALLMARK_ESTROGEN_RESPONSE_LATE","Hypoxia_Metabolism"
"FDPS","HALLMARK_CHOLESTEROL_HOMEOSTASIS; HALLMARK_MYOGENESIS; HALLMARK_PEROXISOME","Hypoxia_Metabolism"
"FDXR","HALLMARK_APOPTOSIS; HALLMARK_BILE_ACID_METABOLISM; HALLMARK_MTORC1_SIGNALING; HALLMARK_P53_PATHWAY","Hypoxia_Metabolism"
"FH","HALLMARK_FATTY_ACID_METABOLISM; HALLMARK_OXIDATIVE_PHOSPHORYLATION","Hypoxia_Metabolism"
"FIS1","HALLMARK_PEROXISOME","Hypoxia_Metabolism"
"FKBP4","HALLMARK_ESTROGEN_RESPONSE_EARLY; HALLMARK_ESTROGEN_RESPONSE_LATE; HALLMARK_GLYCOLYSIS; HALLMARK_UV_RESPONSE_UP","Hypoxia_Metabolism"
"FLAD1","HALLMARK_OXIDATIVE_PHOSPHORYLATION","Hypoxia_Metabolism"
"FMO1","HALLMARK_FATTY_ACID_METABOLISM; HALLMARK_UV_RESPONSE_UP; HALLMARK_XENOBIOTIC_METABOLISM","Hypoxia_Metabolism"
"FN3K","HALLMARK_HEME_METABOLISM","Hypoxia_Metabolism"
"FOXO1","HALLMARK_PANCREAS_BETA_CELLS","Hypoxia_Metabolism"
"FOXO3","HALLMARK_HEME_METABOLISM; HALLMARK_HYPOXIA; HALLMARK_P53_PATHWAY","Hypoxia_Metabolism"
"FUT8","HALLMARK_GLYCOLYSIS","Hypoxia_Metabolism"
"FXN","HALLMARK_OXIDATIVE_PHOSPHORYLATION","Hypoxia_Metabolism"
"G6PC3","HALLMARK_FATTY_ACID_METABOLISM","Hypoxia_Metabolism"
"G6PD","HALLMARK_GLYCOLYSIS; HALLMARK_MTORC1_SIGNALING; HALLMARK_REACTIVE_OXYGEN_SPECIES_PATHWAY","Hypoxia_Metabolism"
"GAD1","HALLMARK_SPERMATOGENESIS; HALLMARK_XENOBIOTIC_METABOLISM","Hypoxia_Metabolism"
"GALE","HALLMARK_ESTROGEN_RESPONSE_LATE; HALLMARK_GLYCOLYSIS","Hypoxia_Metabolism"
"GALK1","HALLMARK_GLYCOLYSIS; HALLMARK_HYPOXIA","Hypoxia_Metabolism"
"GAPDH","HALLMARK_HYPOXIA; HALLMARK_MTORC1_SIGNALING","Hypoxia_Metabolism"
"GAPVD1","HALLMARK_HEME_METABOLISM","Hypoxia_Metabolism"
"GCDH","HALLMARK_FATTY_ACID_METABOLISM","Hypoxia_Metabolism"
"GCNT2","HALLMARK_HYPOXIA; HALLMARK_XENOBIOTIC_METABOLISM","Hypoxia_Metabolism"
"GHITM","HALLMARK_ADIPOGENESIS","Hypoxia_Metabolism"
"GLCE","HALLMARK_GLYCOLYSIS","Hypoxia_Metabolism"
"GLRX5","HALLMARK_HEME_METABOLISM","Hypoxia_Metabolism"
"GMPPA","HALLMARK_GLYCOLYSIS","Hypoxia_Metabolism"
"GMPPB","HALLMARK_GLYCOLYSIS","Hypoxia_Metabolism"
"GNE","HALLMARK_GLYCOLYSIS","Hypoxia_Metabolism"
"GNPAT","HALLMARK_BILE_ACID_METABOLISM; HALLMARK_PEROXISOME","Hypoxia_Metabolism"
"GNPDA1","HALLMARK_GLYCOLYSIS","Hypoxia_Metabolism"
"GOT1","HALLMARK_GLYCOLYSIS; HALLMARK_MTORC1_SIGNALING","Hypoxia_Metabolism"
"GPAM","HALLMARK_ADIPOGENESIS","Hypoxia_Metabolism"
"GPC1","HALLMARK_EPITHELIAL_MESENCHYMAL_TRANSITION; HALLMARK_GLYCOLYSIS; HALLMARK_HYPOXIA","Hypoxia_Metabolism"
"GPD1","HALLMARK_FATTY_ACID_METABOLISM","Hypoxia_Metabolism"
"GPI","HALLMARK_HYPOXIA; HALLMARK_MTORC1_SIGNALING; HALLMARK_OXIDATIVE_PHOSPHORYLATION","Hypoxia_Metabolism"
"GPX3","HALLMARK_ADIPOGENESIS; HALLMARK_APOPTOSIS; HALLMARK_MYOGENESIS; HALLMARK_REACTIVE_OXYGEN_SPECIES_PATHWAY; HALLMARK_UV_RESPONSE_UP","Hypoxia_Metabolism"
"GRHPR","HALLMARK_FATTY_ACID_METABOLISM; HALLMARK_HYPOXIA","Hypoxia_Metabolism"
"GRPEL1","HALLMARK_ADIPOGENESIS; HALLMARK_OXIDATIVE_PHOSPHORYLATION; HALLMARK_UV_RESPONSE_UP","Hypoxia_Metabolism"
"GSS","HALLMARK_XENOBIOTIC_METABOLISM","Hypoxia_Metabolism"
"GSTK1","HALLMARK_BILE_ACID_METABOLISM; HALLMARK_PEROXISOME","Hypoxia_Metabolism"
"GSTP1","HALLMARK_ESTROGEN_RESPONSE_EARLY;HALLMARK_ESTROGEN_RESPONSE_LATE;HALLMARK_REACTIVE_OXYGEN_SPECIES_PATHWAY;HALLMARK_XENOBIOTIC_METABOLISM","Hypoxia_Metabolism"
"GUSB","HALLMARK_CHOLESTEROL_HOMEOSTASIS; HALLMARK_GLYCOLYSIS","Hypoxia_Metabolism"
"GYS1","HALLMARK_GLYCOLYSIS; HALLMARK_HYPOXIA","Hypoxia_Metabolism"
"HADH","HALLMARK_ADIPOGENESIS; HALLMARK_APICAL_JUNCTION; HALLMARK_FATTY_ACID_METABOLISM","Hypoxia_Metabolism"
"HADHB","HALLMARK_FATTY_ACID_METABOLISM; HALLMARK_OXIDATIVE_PHOSPHORYLATION","Hypoxia_Metabolism"
"HAGH","HALLMARK_HEME_METABOLISM","Hypoxia_Metabolism"
"HAS1","HALLMARK_HYPOXIA","Hypoxia_Metabolism"
"HBB","HALLMARK_HEME_METABOLISM","Hypoxia_Metabolism"
"HES6","HALLMARK_XENOBIOTIC_METABOLISM","Hypoxia_Metabolism"
"HMBS","HALLMARK_HEME_METABOLISM; HALLMARK_MTORC1_SIGNALING","Hypoxia_Metabolism"
"HMGCL","HALLMARK_FATTY_ACID_METABOLISM; HALLMARK_PEROXISOME","Hypoxia_Metabolism"
"HN1","HALLMARK_HYPOXIA","Hypoxia_Metabolism"
"HOMER1","HALLMARK_GLYCOLYSIS","Hypoxia_Metabolism"
"HRAS","HALLMARK_APICAL_JUNCTION; HALLMARK_P53_PATHWAY; HALLMARK_PEROXISOME; HALLMARK_PI3K_AKT_MTOR_SIGNALING","Hypoxia_Metabolism"
"HRSP12","HALLMARK_HYPOXIA","Hypoxia_Metabolism"
"HSD11B2","HALLMARK_KRAS_SIGNALING_DN; HALLMARK_PEROXISOME","Hypoxia_Metabolism"
"HSP90AA1","HALLMARK_FATTY_ACID_METABOLISM","Hypoxia_Metabolism"
"HSPB8","HALLMARK_ADIPOGENESIS; HALLMARK_ESTROGEN_RESPONSE_EARLY; HALLMARK_ESTROGEN_RESPONSE_LATE; HALLMARK_MYOGENESIS","Hypoxia_Metabolism"
"HTRA2","HALLMARK_HEME_METABOLISM; HALLMARK_OXIDATIVE_PHOSPHORYLATION","Hypoxia_Metabolism"
"IDH2","HALLMARK_BILE_ACID_METABOLISM; HALLMARK_ESTROGEN_RESPONSE_LATE; HALLMARK_OXIDATIVE_PHOSPHORYLATION; HALLMARK_PEROXISOME","Hypoxia_Metabolism"
"IDH3B","HALLMARK_FATTY_ACID_METABOLISM; HALLMARK_OXIDATIVE_PHOSPHORYLATION","Hypoxia_Metabolism"
"IDH3G","HALLMARK_ADIPOGENESIS; HALLMARK_FATTY_ACID_METABOLISM; HALLMARK_OXIDATIVE_PHOSPHORYLATION","Hypoxia_Metabolism"
"IDUA","HALLMARK_GLYCOLYSIS; HALLMARK_KRAS_SIGNALING_DN","Hypoxia_Metabolism"
"IGF1","HALLMARK_MYOGENESIS; HALLMARK_XENOBIOTIC_METABOLISM","Hypoxia_Metabolism"
"ILVBL","HALLMARK_HYPOXIA","Hypoxia_Metabolism"
"INF2","HALLMARK_PEROXISOME","Hypoxia_Metabolism"
"INSR","HALLMARK_ADIPOGENESIS","Hypoxia_Metabolism"
"ITGA7","HALLMARK_ADIPOGENESIS; HALLMARK_MYOGENESIS","Hypoxia_Metabolism"
"ITGB1BP1","HALLMARK_PEROXISOME","Hypoxia_Metabolism"
"JAGN1","HALLMARK_ADIPOGENESIS","Hypoxia_Metabolism"
"JMJD6","HALLMARK_HYPOXIA","Hypoxia_Metabolism"
"KAT2B","HALLMARK_HEME_METABOLISM","Hypoxia_Metabolism"
"KIF20A","HALLMARK_ESTROGEN_RESPONSE_LATE; HALLMARK_GLYCOLYSIS","Hypoxia_Metabolism"
"KLF3","HALLMARK_HEME_METABOLISM","Hypoxia_Metabolism"
"KLF7","HALLMARK_COAGULATION; HALLMARK_HYPOXIA","Hypoxia_Metabolism"
"KLHL24","HALLMARK_HYPOXIA","Hypoxia_Metabolism"
"LCT","HALLMARK_GLYCOLYSIS","Hypoxia_Metabolism"
"LEP","HALLMARK_ADIPOGENESIS","Hypoxia_Metabolism"
"LGALS1","HALLMARK_EPITHELIAL_MESENCHYMAL_TRANSITION; HALLMARK_FATTY_ACID_METABOLISM","Hypoxia_Metabolism"
"LONP1","HALLMARK_XENOBIOTIC_METABOLISM","Hypoxia_Metabolism"
"LRP10","HALLMARK_HEME_METABOLISM","Hypoxia_Metabolism"
"LSS","HALLMARK_CHOLESTEROL_HOMEOSTASIS","Hypoxia_Metabolism"
"MAN1A1","HALLMARK_XENOBIOTIC_METABOLISM","Hypoxia_Metabolism"
"MAP3K1","HALLMARK_HYPOXIA; HALLMARK_KRAS_SIGNALING_UP","Hypoxia_Metabolism"
"MDH1","HALLMARK_FATTY_ACID_METABOLISM; HALLMARK_GLYCOLYSIS; HALLMARK_OXIDATIVE_PHOSPHORYLATION","Hypoxia_Metabolism"
"MDH2","HALLMARK_ADIPOGENESIS; HALLMARK_FATTY_ACID_METABOLISM; HALLMARK_GLYCOLYSIS; HALLMARK_OXIDATIVE_PHOSPHORYLATION","Hypoxia_Metabolism"
"MED1","HALLMARK_ADIPOGENESIS","Hypoxia_Metabolism"
"MED24","HALLMARK_ESTROGEN_RESPONSE_EARLY; HALLMARK_GLYCOLYSIS","Hypoxia_Metabolism"
"MEG3","HALLMARK_PANCREAS_BETA_CELLS","Hypoxia_Metabolism"
"MFHAS1","HALLMARK_HEME_METABOLISM","Hypoxia_Metabolism"
"MFN2","HALLMARK_OXIDATIVE_PHOSPHORYLATION","Hypoxia_Metabolism"
"MGST3","HALLMARK_ADIPOGENESIS; HALLMARK_HEME_METABOLISM; HALLMARK_OXIDATIVE_PHOSPHORYLATION","Hypoxia_Metabolism"
"MIF","HALLMARK_FATTY_ACID_METABOLISM; HALLMARK_GLYCOLYSIS; HALLMARK_HYPOXIA","Hypoxia_Metabolism"
"MPI","HALLMARK_GLYCOLYSIS","Hypoxia_Metabolism"
"MPP2","HALLMARK_XENOBIOTIC_METABOLISM","Hypoxia_Metabolism"
"MRPL11","HALLMARK_OXIDATIVE_PHOSPHORYLATION","Hypoxia_Metabolism"
"MRPL12","HALLMARK_OXIDATIVE_PHOSPHORYLATION","Hypoxia_Metabolism"
"MRPL13","HALLMARK_OXIDATIVE_PHOSPHORYLATION","Hypoxia_Metabolism"
"MRPL14","HALLMARK_OXIDATIVE_PHOSPHORYLATION","Hypoxia_Metabolism"
"MRPL15","HALLMARK_ADIPOGENESIS; HALLMARK_OXIDATIVE_PHOSPHORYLATION","Hypoxia_Metabolism"
"MRPL16","HALLMARK_OXIDATIVE_PHOSPHORYLATION","Hypoxia_Metabolism"
"MRPL17","HALLMARK_OXIDATIVE_PHOSPHORYLATION","Hypoxia_Metabolism"
"MRPL18","HALLMARK_OXIDATIVE_PHOSPHORYLATION","Hypoxia_Metabolism"
"MRPL2","HALLMARK_OXIDATIVE_PHOSPHORYLATION","Hypoxia_Metabolism"
"MRPL21","HALLMARK_OXIDATIVE_PHOSPHORYLATION","Hypoxia_Metabolism"
"MRPL24","HALLMARK_OXIDATIVE_PHOSPHORYLATION","Hypoxia_Metabolism"
"MRPL33","HALLMARK_OXIDATIVE_PHOSPHORYLATION","Hypoxia_Metabolism"
"MRPL34","HALLMARK_OXIDATIVE_PHOSPHORYLATION","Hypoxia_Metabolism"
"MRPL38","HALLMARK_OXIDATIVE_PHOSPHORYLATION","Hypoxia_Metabolism"
"MRPL39","HALLMARK_MTORC1_SIGNALING;HALLMARK_OXIDATIVE_PHOSPHORYLATION","Hypoxia_Metabolism"
"MRPL4","HALLMARK_OXIDATIVE_PHOSPHORYLATION","Hypoxia_Metabolism"
"MRPL41","HALLMARK_OXIDATIVE_PHOSPHORYLATION","Hypoxia_Metabolism"
"MRPL43","HALLMARK_OXIDATIVE_PHOSPHORYLATION","Hypoxia_Metabolism"
"MRPL47","HALLMARK_OXIDATIVE_PHOSPHORYLATION","Hypoxia_Metabolism"
"MRPL49","HALLMARK_OXIDATIVE_PHOSPHORYLATION","Hypoxia_Metabolism"
"MRPL51","HALLMARK_OXIDATIVE_PHOSPHORYLATION","Hypoxia_Metabolism"
"MRPL53","HALLMARK_OXIDATIVE_PHOSPHORYLATION","Hypoxia_Metabolism"
"MRPL54","HALLMARK_OXIDATIVE_PHOSPHORYLATION","Hypoxia_Metabolism"
"MRPL55","HALLMARK_OXIDATIVE_PHOSPHORYLATION","Hypoxia_Metabolism"
"MRPS12","HALLMARK_OXIDATIVE_PHOSPHORYLATION","Hypoxia_Metabolism"
"MRPS15","HALLMARK_OXIDATIVE_PHOSPHORYLATION","Hypoxia_Metabolism"
"MRPS18A","HALLMARK_OXIDATIVE_PHOSPHORYLATION","Hypoxia_Metabolism"
"MRPS23","HALLMARK_OXIDATIVE_PHOSPHORYLATION","Hypoxia_Metabolism"
"MRPS26","HALLMARK_OXIDATIVE_PHOSPHORYLATION","Hypoxia_Metabolism"
"MRPS28","HALLMARK_OXIDATIVE_PHOSPHORYLATION","Hypoxia_Metabolism"
"MRPS33","HALLMARK_OXIDATIVE_PHOSPHORYLATION","Hypoxia_Metabolism"
"MRPS34","HALLMARK_OXIDATIVE_PHOSPHORYLATION","Hypoxia_Metabolism"
"MRPS36","HALLMARK_OXIDATIVE_PHOSPHORYLATION","Hypoxia_Metabolism"
"MRPS5","HALLMARK_OXIDATIVE_PHOSPHORYLATION","Hypoxia_Metabolism"
"MRPS6","HALLMARK_OXIDATIVE_PHOSPHORYLATION","Hypoxia_Metabolism"
"MRPS7","HALLMARK_OXIDATIVE_PHOSPHORYLATION","Hypoxia_Metabolism"
"MRPS9","HALLMARK_OXIDATIVE_PHOSPHORYLATION","Hypoxia_Metabolism"
"MTX2","HALLMARK_OXIDATIVE_PHOSPHORYLATION","Hypoxia_Metabolism"
"MVD","HALLMARK_APICAL_JUNCTION; HALLMARK_CHOLESTEROL_HOMEOSTASIS","Hypoxia_Metabolism"
"MVK","HALLMARK_CHOLESTEROL_HOMEOSTASIS","Hypoxia_Metabolism"
"NANP","HALLMARK_GLYCOLYSIS","Hypoxia_Metabolism"
"NARF","HALLMARK_HEME_METABOLISM","Hypoxia_Metabolism"
"NCAPH2","HALLMARK_FATTY_ACID_METABOLISM","Hypoxia_Metabolism"
"NDUFA11","HALLMARK_OXIDATIVE_PHOSPHORYLATION","Hypoxia_Metabolism"
"NDUFA13","HALLMARK_OXIDATIVE_PHOSPHORYLATION","Hypoxia_Metabolism"
"NDUFA2","HALLMARK_OXIDATIVE_PHOSPHORYLATION","Hypoxia_Metabolism"
"NDUFA4","HALLMARK_OXIDATIVE_PHOSPHORYLATION","Hypoxia_Metabolism"
"NDUFA6","HALLMARK_OXIDATIVE_PHOSPHORYLATION; HALLMARK_REACTIVE_OXYGEN_SPECIES_PATHWAY","Hypoxia_Metabolism"
"NDUFA8","HALLMARK_OXIDATIVE_PHOSPHORYLATION","Hypoxia_Metabolism"
"NDUFAF1","HALLMARK_OXIDATIVE_PHOSPHORYLATION","Hypoxia_Metabolism"
"NDUFB1","HALLMARK_OXIDATIVE_PHOSPHORYLATION","Hypoxia_Metabolism"
"NDUFB10","HALLMARK_OXIDATIVE_PHOSPHORYLATION","Hypoxia_Metabolism"
"NDUFB11","HALLMARK_OXIDATIVE_PHOSPHORYLATION","Hypoxia_Metabolism"
"NDUFB2","HALLMARK_OXIDATIVE_PHOSPHORYLATION","Hypoxia_Metabolism"
"NDUFB4","HALLMARK_OXIDATIVE_PHOSPHORYLATION; HALLMARK_REACTIVE_OXYGEN_SPECIES_PATHWAY","Hypoxia_Metabolism"
"NDUFB5","HALLMARK_OXIDATIVE_PHOSPHORYLATION","Hypoxia_Metabolism"
"NDUFB7","HALLMARK_ADIPOGENESIS; HALLMARK_OXIDATIVE_PHOSPHORYLATION","Hypoxia_Metabolism"
"NDUFB8","HALLMARK_OXIDATIVE_PHOSPHORYLATION","Hypoxia_Metabolism"
"NDUFB9","HALLMARK_OXIDATIVE_PHOSPHORYLATION","Hypoxia_Metabolism"
"NDUFC1","HALLMARK_OXIDATIVE_PHOSPHORYLATION","Hypoxia_Metabolism"
"NDUFC2","HALLMARK_OXIDATIVE_PHOSPHORYLATION","Hypoxia_Metabolism"
"NDUFS2","HALLMARK_OXIDATIVE_PHOSPHORYLATION; HALLMARK_REACTIVE_OXYGEN_SPECIES_PATHWAY","Hypoxia_Metabolism"
"NDUFS3","HALLMARK_ADIPOGENESIS; HALLMARK_OXIDATIVE_PHOSPHORYLATION","Hypoxia_Metabolism"
"NDUFS4","HALLMARK_OXIDATIVE_PHOSPHORYLATION","Hypoxia_Metabolism"
"NDUFS7","HALLMARK_OXIDATIVE_PHOSPHORYLATION","Hypoxia_Metabolism"
"NDUFS8","HALLMARK_OXIDATIVE_PHOSPHORYLATION","Hypoxia_Metabolism"
"NDUFV1","HALLMARK_OXIDATIVE_PHOSPHORYLATION","Hypoxia_Metabolism"
"NEDD4","HALLMARK_BILE_ACID_METABOLISM","Hypoxia_Metabolism"
"NFE2L1","HALLMARK_HEME_METABOLISM","Hypoxia_Metabolism"
"NFS1","HALLMARK_XENOBIOTIC_METABOLISM","Hypoxia_Metabolism"
"NKIRAS1","HALLMARK_ADIPOGENESIS","Hypoxia_Metabolism"
"NMT1","HALLMARK_ADIPOGENESIS; HALLMARK_MTORC1_SIGNALING; HALLMARK_XENOBIOTIC_METABOLISM","Hypoxia_Metabolism"
"NOL3","HALLMARK_GLYCOLYSIS","Hypoxia_Metabolism"
"NPC1L1","HALLMARK_BILE_ACID_METABOLISM","Hypoxia_Metabolism"
"NPC2","HALLMARK_CHOLESTEROL_HOMEOSTASIS","Hypoxia_Metabolism"
"NQO2","HALLMARK_OXIDATIVE_PHOSPHORYLATION","Hypoxia_Metabolism"
"NR1H2","HALLMARK_ADIPOGENESIS","Hypoxia_Metabolism"
"NR1I3","HALLMARK_BILE_ACID_METABOLISM;HALLMARK_XENOBIOTIC_METABOLISM","Hypoxia_Metabolism"
"NR3C1","HALLMARK_HEME_METABOLISM; HALLMARK_HYPOXIA; HALLMARK_UV_RESPONSE_DN","Hypoxia_Metabolism"
"NR3C2","HALLMARK_BILE_ACID_METABOLISM","Hypoxia_Metabolism"
"NSDHL","HALLMARK_CHOLESTEROL_HOMEOSTASIS; HALLMARK_FATTY_ACID_METABOLISM; HALLMARK_GLYCOLYSIS","Hypoxia_Metabolism"
"NTHL1","HALLMARK_FATTY_ACID_METABOLISM","Hypoxia_Metabolism"
"OSTC","HALLMARK_FATTY_ACID_METABOLISM","Hypoxia_Metabolism"
"OXA1L","HALLMARK_OXIDATIVE_PHOSPHORYLATION","Hypoxia_Metabolism"
"P4HA2","HALLMARK_GLYCOLYSIS; HALLMARK_HEME_METABOLISM; HALLMARK_HYPOXIA","Hypoxia_Metabolism"
"PAX6","HALLMARK_PANCREAS_BETA_CELLS","Hypoxia_Metabolism"
"PCSK1","HALLMARK_PANCREAS_BETA_CELLS","Hypoxia_Metabolism"
"PCYT2","HALLMARK_CHOLESTEROL_HOMEOSTASIS","Hypoxia_Metabolism"
"PDHA1","HALLMARK_FATTY_ACID_METABOLISM; HALLMARK_OXIDATIVE_PHOSPHORYLATION","Hypoxia_Metabolism"
"PDK1","HALLMARK_HYPOXIA; HALLMARK_MTORC1_SIGNALING; HALLMARK_PI3K_AKT_MTOR_SIGNALING","Hypoxia_Metabolism"
"PEMT","HALLMARK_ADIPOGENESIS; HALLMARK_XENOBIOTIC_METABOLISM","Hypoxia_Metabolism"
"PEX11B","HALLMARK_PEROXISOME","Hypoxia_Metabolism"
"PEX5","HALLMARK_PEROXISOME","Hypoxia_Metabolism"
"PEX6","HALLMARK_BILE_ACID_METABOLISM; HALLMARK_PEROXISOME","Hypoxia_Metabolism"
"PEX7","HALLMARK_BILE_ACID_METABOLISM","Hypoxia_Metabolism"
"PFKFB4","HALLMARK_HYPOXIA","Hypoxia_Metabolism"
"PFKL","HALLMARK_ADIPOGENESIS; HALLMARK_HYPOXIA; HALLMARK_MTORC1_SIGNALING","Hypoxia_Metabolism"
"PGAM1","HALLMARK_GLYCOLYSIS","Hypoxia_Metabolism"
"PGD","HALLMARK_XENOBIOTIC_METABOLISM","Hypoxia_Metabolism"
"PGF","HALLMARK_HYPOXIA","Hypoxia_Metabolism"
"PGLS","HALLMARK_GLYCOLYSIS; HALLMARK_HEME_METABOLISM","Hypoxia_Metabolism"
"PIGQ","HALLMARK_HEME_METABOLISM","Hypoxia_Metabolism"
"PIK3R1","HALLMARK_FATTY_ACID_METABOLISM;HALLMARK_PI3K_AKT_MTOR_SIGNALING","Hypoxia_Metabolism"
"PIM3","HALLMARK_ADIPOGENESIS","Hypoxia_Metabolism"
"PINK1","HALLMARK_XENOBIOTIC_METABOLISM","Hypoxia_Metabolism"
"PLIN1","HALLMARK_ADIPOGENESIS","Hypoxia_Metabolism"
"PLIN3","HALLMARK_ADIPOGENESIS","Hypoxia_Metabolism"
"PLIN4","HALLMARK_ADIPOGENESIS","Hypoxia_Metabolism"
"PLOD1","HALLMARK_EPITHELIAL_MESENCHYMAL_TRANSITION; HALLMARK_GLYCOLYSIS","Hypoxia_Metabolism"
"PMM1","HALLMARK_P53_PATHWAY; HALLMARK_XENOBIOTIC_METABOLISM","Hypoxia_Metabolism"
"PMPCA","HALLMARK_OXIDATIVE_PHOSPHORYLATION","Hypoxia_Metabolism"
"PMVK","HALLMARK_CHOLESTEROL_HOMEOSTASIS","Hypoxia_Metabolism"
"POLR2F","HALLMARK_DNA_REPAIR; HALLMARK_OXIDATIVE_PHOSPHORYLATION","Hypoxia_Metabolism"
"POR","HALLMARK_ADIPOGENESIS; HALLMARK_OXIDATIVE_PHOSPHORYLATION; HALLMARK_XENOBIOTIC_METABOLISM","Hypoxia_Metabolism"
"PPARGC1A","HALLMARK_HYPOXIA","Hypoxia_Metabolism"
"PPARGC1B","HALLMARK_ADIPOGENESIS;HALLMARK_FATTY_ACID_METABOLISM","Hypoxia_Metabolism"
"PPFIA4","HALLMARK_GLYCOLYSIS; HALLMARK_HYPOXIA; HALLMARK_MYOGENESIS","Hypoxia_Metabolism"
"PPM1B","HALLMARK_ADIPOGENESIS","Hypoxia_Metabolism"
"PPOX","HALLMARK_HEME_METABOLISM","Hypoxia_Metabolism"
"PPP1R3C","HALLMARK_HYPOXIA; HALLMARK_MYOGENESIS","Hypoxia_Metabolism"
"PPP2R5B","HALLMARK_APOPTOSIS; HALLMARK_HEME_METABOLISM","Hypoxia_Metabolism"
"PRDX1","HALLMARK_MTORC1_SIGNALING; HALLMARK_PEROXISOME; HALLMARK_REACTIVE_OXYGEN_SPECIES_PATHWAY","Hypoxia_Metabolism"
"PRDX2","HALLMARK_HEME_METABOLISM; HALLMARK_REACTIVE_OXYGEN_SPECIES_PATHWAY","Hypoxia_Metabolism"
"PRDX5","HALLMARK_BILE_ACID_METABOLISM; HALLMARK_HYPOXIA; HALLMARK_PEROXISOME","Hypoxia_Metabolism"
"PRDX6","HALLMARK_FATTY_ACID_METABOLISM; HALLMARK_REACTIVE_OXYGEN_SPECIES_PATHWAY","Hypoxia_Metabolism"
"PREB","HALLMARK_ADIPOGENESIS; HALLMARK_UNFOLDED_PROTEIN_RESPONSE","Hypoxia_Metabolism"
"PSMD9","HALLMARK_HEME_METABOLISM","Hypoxia_Metabolism"
"PTCD3","HALLMARK_ADIPOGENESIS","Hypoxia_Metabolism"
"PTGER3","HALLMARK_ADIPOGENESIS; HALLMARK_ESTROGEN_RESPONSE_LATE","Hypoxia_Metabolism"
"PTPRG","HALLMARK_FATTY_ACID_METABOLISM","Hypoxia_Metabolism"
"PYCR1","HALLMARK_XENOBIOTIC_METABOLISM","Hypoxia_Metabolism"
"QDPR","HALLMARK_ADIPOGENESIS; HALLMARK_MTORC1_SIGNALING","Hypoxia_Metabolism"
"QSOX1","HALLMARK_EPITHELIAL_MESENCHYMAL_TRANSITION; HALLMARK_GLYCOLYSIS","Hypoxia_Metabolism"
"RAB34","HALLMARK_ADIPOGENESIS","Hypoxia_Metabolism"
"RAD23A","HALLMARK_HEME_METABOLISM","Hypoxia_Metabolism"
"RAP1GAP","HALLMARK_HEME_METABOLISM; HALLMARK_XENOBIOTIC_METABOLISM","Hypoxia_Metabolism"
"RARG","HALLMARK_ADIPOGENESIS","Hypoxia_Metabolism"
"RNF123","HALLMARK_HEME_METABOLISM","Hypoxia_Metabolism"
"RPE","HALLMARK_GLYCOLYSIS","Hypoxia_Metabolism"
"RREB1","HALLMARK_ADIPOGENESIS","Hypoxia_Metabolism"
"S100A11","HALLMARK_CHOLESTEROL_HOMEOSTASIS","Hypoxia_Metabolism"
"SAMM50","HALLMARK_ADIPOGENESIS","Hypoxia_Metabolism"
"SCAP","HALLMARK_CHOLESTEROL_HOMEOSTASIS","Hypoxia_Metabolism"
"SDHB","HALLMARK_ADIPOGENESIS; HALLMARK_OXIDATIVE_PHOSPHORYLATION","Hypoxia_Metabolism"
"SEC11A","HALLMARK_MTORC1_SIGNALING; HALLMARK_PANCREAS_BETA_CELLS; HALLMARK_UNFOLDED_PROTEIN_RESPONSE","Hypoxia_Metabolism"
"SERTAD1","HALLMARK_XENOBIOTIC_METABOLISM","Hypoxia_Metabolism"
"SHMT2","HALLMARK_MTORC1_SIGNALING; HALLMARK_XENOBIOTIC_METABOLISM","Hypoxia_Metabolism"
"SLC10A3","HALLMARK_HEME_METABOLISM","Hypoxia_Metabolism"
"SLC22A18","HALLMARK_BILE_ACID_METABOLISM; HALLMARK_UV_RESPONSE_DN","Hypoxia_Metabolism"
"SLC22A4","HALLMARK_HEME_METABOLISM","Hypoxia_Metabolism"
"SLC25A1","HALLMARK_ADIPOGENESIS; HALLMARK_HYPOXIA","Hypoxia_Metabolism"
"SLC25A10","HALLMARK_ADIPOGENESIS; HALLMARK_GLYCOLYSIS","Hypoxia_Metabolism"
"SLC25A11","HALLMARK_OXIDATIVE_PHOSPHORYLATION","Hypoxia_Metabolism"
"SLC25A17","HALLMARK_PEROXISOME","Hypoxia_Metabolism"
"SLC25A38","HALLMARK_HEME_METABOLISM","Hypoxia_Metabolism"
"SLC25A4","HALLMARK_OXIDATIVE_PHOSPHORYLATION; HALLMARK_PEROXISOME; HALLMARK_UV_RESPONSE_UP","Hypoxia_Metabolism"
"SLC25A5","HALLMARK_OXIDATIVE_PHOSPHORYLATION","Hypoxia_Metabolism"
"SLC25A6","HALLMARK_OXIDATIVE_PHOSPHORYLATION","Hypoxia_Metabolism"
"SLC27A4","HALLMARK_ADIPOGENESIS","Hypoxia_Metabolism"
"SLC29A1","HALLMARK_BILE_ACID_METABOLISM; HALLMARK_ESTROGEN_RESPONSE_LATE","Hypoxia_Metabolism"
"SLC2A1","HALLMARK_ESTROGEN_RESPONSE_EARLY; HALLMARK_HEME_METABOLISM; HALLMARK_HYPOXIA; HALLMARK_MTORC1_SIGNALING; HALLMARK_PI3K_AKT_MTOR_SIGNALING","Hypoxia_Metabolism"
"SLC30A1","HALLMARK_HEME_METABOLISM","Hypoxia_Metabolism"
"SLC35B1","HALLMARK_XENOBIOTIC_METABOLISM","Hypoxia_Metabolism"
"SLC35B2","HALLMARK_BILE_ACID_METABOLISM; HALLMARK_PEROXISOME","Hypoxia_Metabolism"
"SLC35D1","HALLMARK_P53_PATHWAY; HALLMARK_XENOBIOTIC_METABOLISM","Hypoxia_Metabolism"
"SLC37A4","HALLMARK_GLYCOLYSIS; HALLMARK_HYPOXIA; HALLMARK_MTORC1_SIGNALING","Hypoxia_Metabolism"
"SLC46A3","HALLMARK_XENOBIOTIC_METABOLISM","Hypoxia_Metabolism"
"SLC7A11","HALLMARK_HEME_METABOLISM; HALLMARK_MTORC1_SIGNALING; HALLMARK_P53_PATHWAY","Hypoxia_Metabolism"
"SMS","HALLMARK_ANDROGEN_RESPONSE; HALLMARK_FATTY_ACID_METABOLISM","Hypoxia_Metabolism"
"SOD1","HALLMARK_ADIPOGENESIS; HALLMARK_APOPTOSIS; HALLMARK_BILE_ACID_METABOLISM; HALLMARK_GLYCOLYSIS; HALLMARK_PEROXISOME; HALLMARK_PROTEIN_SECRETION; HALLMARK_REACTIVE_OXYGEN_SPECIES_PATHWAY","Hypoxia_Metabolism"
"SORBS1","HALLMARK_ADIPOGENESIS; HALLMARK_MYOGENESIS","Hypoxia_Metabolism"
"SPARCL1","HALLMARK_ADIPOGENESIS; HALLMARK_KRAS_SIGNALING_UP","Hypoxia_Metabolism"
"SPCS1","HALLMARK_PANCREAS_BETA_CELLS; HALLMARK_UNFOLDED_PROTEIN_RESPONSE","Hypoxia_Metabolism"
"SPINT2","HALLMARK_XENOBIOTIC_METABOLISM","Hypoxia_Metabolism"
"SPTLC2","HALLMARK_ADIPOGENESIS","Hypoxia_Metabolism"
"SREBF1","HALLMARK_CHOLESTEROL_HOMEOSTASIS","Hypoxia_Metabolism"
"SREBF2","HALLMARK_CHOLESTEROL_HOMEOSTASIS","Hypoxia_Metabolism"
"SRP14","HALLMARK_PANCREAS_BETA_CELLS","Hypoxia_Metabolism"
"STBD1","HALLMARK_HYPOXIA","Hypoxia_Metabolism"
"STS","HALLMARK_PEROXISOME","Hypoxia_Metabolism"
"STX5","HALLMARK_CHOLESTEROL_HOMEOSTASIS","Hypoxia_Metabolism"
"STXBP1","HALLMARK_PANCREAS_BETA_CELLS","Hypoxia_Metabolism"
"SUCLG1","HALLMARK_ADIPOGENESIS; HALLMARK_FATTY_ACID_METABOLISM; HALLMARK_OXIDATIVE_PHOSPHORYLATION","Hypoxia_Metabolism"
"SULT1A1","HALLMARK_ADIPOGENESIS; HALLMARK_UV_RESPONSE_UP","Hypoxia_Metabolism"
"SULT1A3","HALLMARK_XENOBIOTIC_METABOLISM","Hypoxia_Metabolism"
"SURF1","HALLMARK_DNA_REPAIR; HALLMARK_OXIDATIVE_PHOSPHORYLATION","Hypoxia_Metabolism"
"SYNJ1","HALLMARK_HEME_METABOLISM","Hypoxia_Metabolism"
"TAGLN2","HALLMARK_HYPOXIA;HALLMARK_KRAS_SIGNALING_UP","Hypoxia_Metabolism"
"TALDO1","HALLMARK_ADIPOGENESIS; HALLMARK_GLYCOLYSIS; HALLMARK_SPERMATOGENESIS","Hypoxia_Metabolism"
"TCEA1","HALLMARK_HEME_METABOLISM; HALLMARK_MTORC1_SIGNALING","Hypoxia_Metabolism"
"TCIRG1","HALLMARK_OXIDATIVE_PHOSPHORYLATION","Hypoxia_Metabolism"
"TECR","HALLMARK_FATTY_ACID_METABOLISM","Hypoxia_Metabolism"
"TIMM13","HALLMARK_OXIDATIVE_PHOSPHORYLATION","Hypoxia_Metabolism"
"TIMM17A","HALLMARK_OXIDATIVE_PHOSPHORYLATION","Hypoxia_Metabolism"
"TIMM17B","HALLMARK_OXIDATIVE_PHOSPHORYLATION","Hypoxia_Metabolism"
"TIMM22","HALLMARK_OXIDATIVE_PHOSPHORYLATION","Hypoxia_Metabolism"
"TIMM44","HALLMARK_OXIDATIVE_PHOSPHORYLATION","Hypoxia_Metabolism"
"TIMM50","HALLMARK_OXIDATIVE_PHOSPHORYLATION","Hypoxia_Metabolism"
"TIMM8B","HALLMARK_OXIDATIVE_PHOSPHORYLATION","Hypoxia_Metabolism"
"TKT","HALLMARK_ADIPOGENESIS","Hypoxia_Metabolism"
"TMEM9B","HALLMARK_HEME_METABOLISM","Hypoxia_Metabolism"
"TNRC6B","HALLMARK_HEME_METABOLISM","Hypoxia_Metabolism"
"TOMM22","HALLMARK_OXIDATIVE_PHOSPHORYLATION","Hypoxia_Metabolism"
"TOMM6","HALLMARK_OXIDATIVE_PHOSPHORYLATION","Hypoxia_Metabolism"
"TOMM7","HALLMARK_OXIDATIVE_PHOSPHORYLATION","Hypoxia_Metabolism"
"TP53INP1","HALLMARK_CHOLESTEROL_HOMEOSTASIS","Hypoxia_Metabolism"
"TPI1","HALLMARK_GLYCOLYSIS; HALLMARK_HYPOXIA; HALLMARK_MTORC1_SIGNALING","Hypoxia_Metabolism"
"TRIB3","HALLMARK_CHOLESTEROL_HOMEOSTASIS; HALLMARK_MTORC1_SIGNALING; HALLMARK_P53_PATHWAY; HALLMARK_PI3K_AKT_MTOR_SIGNALING","Hypoxia_Metabolism"
"TXN","HALLMARK_GLYCOLYSIS; HALLMARK_REACTIVE_OXYGEN_SPECIES_PATHWAY","Hypoxia_Metabolism"
"UBAC1","HALLMARK_HEME_METABOLISM","Hypoxia_Metabolism"
"UBC","HALLMARK_ADIPOGENESIS","Hypoxia_Metabolism"
"UCK1","HALLMARK_ADIPOGENESIS","Hypoxia_Metabolism"
"UQCR10","HALLMARK_ADIPOGENESIS; HALLMARK_OXIDATIVE_PHOSPHORYLATION","Hypoxia_Metabolism"
"UQCR11","HALLMARK_ADIPOGENESIS; HALLMARK_OXIDATIVE_PHOSPHORYLATION","Hypoxia_Metabolism"
"UQCRB","HALLMARK_OXIDATIVE_PHOSPHORYLATION","Hypoxia_Metabolism"
"UQCRC1","HALLMARK_ADIPOGENESIS; HALLMARK_OXIDATIVE_PHOSPHORYLATION","Hypoxia_Metabolism"
"UQCRC2","HALLMARK_OXIDATIVE_PHOSPHORYLATION","Hypoxia_Metabolism"
"UQCRFS1","HALLMARK_OXIDATIVE_PHOSPHORYLATION","Hypoxia_Metabolism"
"UQCRQ","HALLMARK_ADIPOGENESIS; HALLMARK_OXIDATIVE_PHOSPHORYLATION","Hypoxia_Metabolism"
"UROD","HALLMARK_FATTY_ACID_METABOLISM; HALLMARK_HEME_METABOLISM; HALLMARK_UV_RESPONSE_UP","Hypoxia_Metabolism"
"UROS","HALLMARK_FATTY_ACID_METABOLISM; HALLMARK_HEME_METABOLISM","Hypoxia_Metabolism"
"VCAN","HALLMARK_ANGIOGENESIS; HALLMARK_APICAL_JUNCTION; HALLMARK_EPITHELIAL_MESENCHYMAL_TRANSITION; HALLMARK_GLYCOLYSIS","Hypoxia_Metabolism"
"VDAC2","HALLMARK_APOPTOSIS; HALLMARK_OXIDATIVE_PHOSPHORYLATION","Hypoxia_Metabolism"
"VEGFB","HALLMARK_ADIPOGENESIS","Hypoxia_Metabolism"
"VHL","HALLMARK_HYPOXIA","Hypoxia_Metabolism"
"VNN1","HALLMARK_FATTY_ACID_METABOLISM; HALLMARK_XENOBIOTIC_METABOLISM","Hypoxia_Metabolism"
"XIST","HALLMARK_FATTY_ACID_METABOLISM","Hypoxia_Metabolism"
"XYLT2","HALLMARK_GLYCOLYSIS","Hypoxia_Metabolism"
"ZNF292","HALLMARK_GLYCOLYSIS; HALLMARK_HYPOXIA","Hypoxia_Metabolism"
"ABCA1","HALLMARK_ADIPOGENESIS; HALLMARK_BILE_ACID_METABOLISM; HALLMARK_INFLAMMATORY_RESPONSE; HALLMARK_PROTEIN_SECRETION; HALLMARK_TNFA_SIGNALING_VIA_NFKB","Immune_Inflammation"
"ACVR2A","HALLMARK_ALLOGRAFT_REJECTION; HALLMARK_INFLAMMATORY_RESPONSE; HALLMARK_UV_RESPONSE_DN","Immune_Inflammation"
"ADAM19","HALLMARK_IL2_STAT5_SIGNALING","Immune_Inflammation"
"ADM","HALLMARK_HYPOXIA; HALLMARK_INFLAMMATORY_RESPONSE","Immune_Inflammation"
"ADRM1","HALLMARK_ANDROGEN_RESPONSE; HALLMARK_DNA_REPAIR; HALLMARK_INFLAMMATORY_RESPONSE","Immune_Inflammation"
"AGER","HALLMARK_IL2_STAT5_SIGNALING","Immune_Inflammation"
"AHCY","HALLMARK_IL2_STAT5_SIGNALING; HALLMARK_XENOBIOTIC_METABOLISM","Immune_Inflammation"
"AHR","HALLMARK_IL2_STAT5_SIGNALING; HALLMARK_INFLAMMATORY_RESPONSE","Immune_Inflammation"
"AKAP10","HALLMARK_COMPLEMENT","Immune_Inflammation"
"AKT1","HALLMARK_ALLOGRAFT_REJECTION; HALLMARK_ANDROGEN_RESPONSE; HALLMARK_PI3K_AKT_MTOR_SIGNALING","Immune_Inflammation"
"ANG","HALLMARK_COAGULATION; HALLMARK_COMPLEMENT; HALLMARK_GLYCOLYSIS","Immune_Inflammation"
"ANXA4","HALLMARK_IL2_STAT5_SIGNALING; HALLMARK_UV_RESPONSE_DN","Immune_Inflammation"
"APBB1","HALLMARK_ALLOGRAFT_REJECTION","Immune_Inflammation"
"APOBEC3G","HALLMARK_COMPLEMENT","Immune_Inflammation"
"ATOX1","HALLMARK_COMPLEMENT; HALLMARK_REACTIVE_OXYGEN_SPECIES_PATHWAY","Immune_Inflammation"
"ATP2B1","HALLMARK_INFLAMMATORY_RESPONSE; HALLMARK_TNFA_SIGNALING_VIA_NFKB; HALLMARK_UV_RESPONSE_DN","Immune_Inflammation"
"AXL","HALLMARK_INFLAMMATORY_RESPONSE","Immune_Inflammation"
"BAK1","HALLMARK_IL6_JAK_STAT3_SIGNALING; HALLMARK_P53_PATHWAY; HALLMARK_UV_RESPONSE_UP","Immune_Inflammation"
"BCAT1","HALLMARK_ALLOGRAFT_REJECTION; HALLMARK_MTORC1_SIGNALING; HALLMARK_XENOBIOTIC_METABOLISM","Immune_Inflammation"
"BCL10","HALLMARK_ALLOGRAFT_REJECTION; HALLMARK_APOPTOSIS; HALLMARK_PEROXISOME","Immune_Inflammation"
"BCL3","HALLMARK_ALLOGRAFT_REJECTION; HALLMARK_G2M_CHECKPOINT; HALLMARK_TNFA_SIGNALING_VIA_NFKB","Immune_Inflammation"
"BEST1","HALLMARK_INFLAMMATORY_RESPONSE","Immune_Inflammation"
"BIRC2","HALLMARK_TNFA_SIGNALING_VIA_NFKB","Immune_Inflammation"
"BIRC3","HALLMARK_APOPTOSIS; HALLMARK_KRAS_SIGNALING_UP; HALLMARK_TNFA_SIGNALING_VIA_NFKB","Immune_Inflammation"
"BMPR2","HALLMARK_IL2_STAT5_SIGNALING; HALLMARK_TGF_BETA_SIGNALING","Immune_Inflammation"
"BTG2","HALLMARK_APOPTOSIS; HALLMARK_HEME_METABOLISM; HALLMARK_INFLAMMATORY_RESPONSE; HALLMARK_KRAS_SIGNALING_DN; HALLMARK_MTORC1_SIGNALING; HALLMARK_P53_PATHWAY; HALLMARK_TNFA_SIGNALING_VIA_NFKB; HALLMARK_UV_RESPONSE_UP","Immune_Inflammation"
"CALM3","HALLMARK_COMPLEMENT","Immune_Inflammation"
"CASP10","HALLMARK_COMPLEMENT","Immune_Inflammation"
"CBL","HALLMARK_IL6_JAK_STAT3_SIGNALING; HALLMARK_KRAS_SIGNALING_UP","Immune_Inflammation"
"CBLB","HALLMARK_COMPLEMENT","Immune_Inflammation"
"CCL22","HALLMARK_ALLOGRAFT_REJECTION; HALLMARK_INFLAMMATORY_RESPONSE","Immune_Inflammation"
"CCND2","HALLMARK_ALLOGRAFT_REJECTION; HALLMARK_ANGIOGENESIS; HALLMARK_APOPTOSIS; HALLMARK_IL2_STAT5_SIGNALING; HALLMARK_KRAS_SIGNALING_UP; HALLMARK_P53_PATHWAY; HALLMARK_WNT_BETA_CATENIN_SIGNALING","Immune_Inflammation"
"CCND3","HALLMARK_ALLOGRAFT_REJECTION; HALLMARK_ANDROGEN_RESPONSE; HALLMARK_HEME_METABOLISM; HALLMARK_IL2_STAT5_SIGNALING; HALLMARK_P53_PATHWAY; HALLMARK_UV_RESPONSE_UP","Immune_Inflammation"
"CCNL1","HALLMARK_TNFA_SIGNALING_VIA_NFKB","Immune_Inflammation"
"CCR1","HALLMARK_ALLOGRAFT_REJECTION; HALLMARK_IL6_JAK_STAT3_SIGNALING","Immune_Inflammation"
"CCR2","HALLMARK_ALLOGRAFT_REJECTION","Immune_Inflammation"
"CCR4","HALLMARK_IL2_STAT5_SIGNALING","Immune_Inflammation"
"CCR5","HALLMARK_ALLOGRAFT_REJECTION","Immune_Inflammation"
"CCR7","HALLMARK_INFLAMMATORY_RESPONSE","Immune_Inflammation"
"CD2","HALLMARK_ALLOGRAFT_REJECTION; HALLMARK_APOPTOSIS","Immune_Inflammation"
"CD28","HALLMARK_ALLOGRAFT_REJECTION","Immune_Inflammation"
"CD3E","HALLMARK_ALLOGRAFT_REJECTION","Immune_Inflammation"
"CD48","HALLMARK_IL2_STAT5_SIGNALING; HALLMARK_INFLAMMATORY_RESPONSE","Immune_Inflammation"
"CD80","HALLMARK_ALLOGRAFT_REJECTION; HALLMARK_KRAS_SIGNALING_DN; HALLMARK_TNFA_SIGNALING_VIA_NFKB","Immune_Inflammation"
"CD81","HALLMARK_IL2_STAT5_SIGNALING; HALLMARK_P53_PATHWAY","Immune_Inflammation"
"CD83","HALLMARK_IL2_STAT5_SIGNALING; HALLMARK_TNFA_SIGNALING_VIA_NFKB","Immune_Inflammation"
"CD9","HALLMARK_CHOLESTEROL_HOMEOSTASIS; HALLMARK_COAGULATION; HALLMARK_ESTROGEN_RESPONSE_LATE; HALLMARK_IL6_JAK_STAT3_SIGNALING; HALLMARK_MTORC1_SIGNALING","Immune_Inflammation"
"CD96","HALLMARK_ALLOGRAFT_REJECTION","Immune_Inflammation"
"CDC42SE2","HALLMARK_IL2_STAT5_SIGNALING","Immune_Inflammation"
"CDKN1C","HALLMARK_HYPOXIA; HALLMARK_IL2_STAT5_SIGNALING; HALLMARK_TGF_BETA_SIGNALING; HALLMARK_UV_RESPONSE_UP","Immune_Inflammation"
"CFLAR","HALLMARK_APOPTOSIS; HALLMARK_TNFA_SIGNALING_VIA_NFKB","Immune_Inflammation"
"CP","HALLMARK_COMPLEMENT; HALLMARK_HYPOXIA","Immune_Inflammation"
"CPM","HALLMARK_COMPLEMENT","Immune_Inflammation"
"CR1","HALLMARK_COMPLEMENT","Immune_Inflammation"
"CREB5","HALLMARK_INFLAMMATORY_RESPONSE","Immune_Inflammation"
"CSK","HALLMARK_ALLOGRAFT_REJECTION","Immune_Inflammation"
"CTLA4","HALLMARK_IL2_STAT5_SIGNALING","Immune_Inflammation"
"CTSD","HALLMARK_COMPLEMENT; HALLMARK_P53_PATHWAY","Immune_Inflammation"
"CTSS","HALLMARK_ALLOGRAFT_REJECTION; HALLMARK_COMPLEMENT; HALLMARK_KRAS_SIGNALING_UP","Immune_Inflammation"
"CXCL2","HALLMARK_TNFA_SIGNALING_VIA_NFKB; HALLMARK_UV_RESPONSE_UP","Immune_Inflammation"
"CXCR3","HALLMARK_ALLOGRAFT_REJECTION","Immune_Inflammation"
"CXCR6","HALLMARK_INFLAMMATORY_RESPONSE","Immune_Inflammation"
"CYBB","HALLMARK_INFLAMMATORY_RESPONSE","Immune_Inflammation"
"DAXX","HALLMARK_ALLOGRAFT_REJECTION;HALLMARK_APOPTOSIS","Immune_Inflammation"
"DCBLD2","HALLMARK_APICAL_SURFACE; HALLMARK_INFLAMMATORY_RESPONSE; HALLMARK_KRAS_SIGNALING_UP","Immune_Inflammation"
"DEGS1","HALLMARK_ALLOGRAFT_REJECTION","Immune_Inflammation"
"DGKG","HALLMARK_COMPLEMENT","Immune_Inflammation"
"DGKH","HALLMARK_COMPLEMENT","Immune_Inflammation"
"DOCK10","HALLMARK_COMPLEMENT","Immune_Inflammation"
"DOCK4","HALLMARK_COMPLEMENT; HALLMARK_MITOTIC_SPINDLE","Immune_Inflammation"
"DOCK9","HALLMARK_COMPLEMENT","Immune_Inflammation"
"DPP4","HALLMARK_COAGULATION; HALLMARK_COMPLEMENT; HALLMARK_PANCREAS_BETA_CELLS","Immune_Inflammation"
"DYRK2","HALLMARK_COMPLEMENT","Immune_Inflammation"
"EFNA1","HALLMARK_HYPOXIA; HALLMARK_TNFA_SIGNALING_VIA_NFKB","Immune_Inflammation"
"EGFR","HALLMARK_ALLOGRAFT_REJECTION; HALLMARK_APICAL_JUNCTION; HALLMARK_GLYCOLYSIS; HALLMARK_HYPOXIA; HALLMARK_PI3K_AKT_MTOR_SIGNALING; HALLMARK_PROTEIN_SECRETION","Immune_Inflammation"
"EGR1","HALLMARK_TNFA_SIGNALING_VIA_NFKB","Immune_Inflammation"
"EGR2","HALLMARK_TNFA_SIGNALING_VIA_NFKB","Immune_Inflammation"
"EGR3","HALLMARK_APOPTOSIS; HALLMARK_ESTROGEN_RESPONSE_EARLY; HALLMARK_ESTROGEN_RESPONSE_LATE; HALLMARK_TNFA_SIGNALING_VIA_NFKB","Immune_Inflammation"
"EIF1","HALLMARK_TNFA_SIGNALING_VIA_NFKB","Immune_Inflammation"
"EIF3D","HALLMARK_ALLOGRAFT_REJECTION; HALLMARK_MYC_TARGETS_V1","Immune_Inflammation"
"EIF4G3","HALLMARK_ALLOGRAFT_REJECTION","Immune_Inflammation"
"EIF5A","HALLMARK_ALLOGRAFT_REJECTION","Immune_Inflammation"
"ENPP1","HALLMARK_IL2_STAT5_SIGNALING","Immune_Inflammation"
"EPHB1","HALLMARK_INFLAMMATORY_RESPONSE","Immune_Inflammation"
"EREG","HALLMARK_ALLOGRAFT_REJECTION; HALLMARK_APOPTOSIS; HALLMARK_INFLAMMATORY_RESPONSE; HALLMARK_KRAS_SIGNALING_UP","Immune_Inflammation"
"F2RL2","HALLMARK_COAGULATION; HALLMARK_IL2_STAT5_SIGNALING","Immune_Inflammation"
"F5","HALLMARK_COMPLEMENT","Immune_Inflammation"
"FOS","HALLMARK_ESTROGEN_RESPONSE_EARLY; HALLMARK_ESTROGEN_RESPONSE_LATE; HALLMARK_HYPOXIA; HALLMARK_P53_PATHWAY; HALLMARK_TNFA_SIGNALING_VIA_NFKB; HALLMARK_UV_RESPONSE_UP","Immune_Inflammation"
"FOSB","HALLMARK_TNFA_SIGNALING_VIA_NFKB; HALLMARK_UV_RESPONSE_UP","Immune_Inflammation"
"FURIN","HALLMARK_COAGULATION; HALLMARK_IL2_STAT5_SIGNALING; HALLMARK_TGF_BETA_SIGNALING; HALLMARK_UV_RESPONSE_UP","Immune_Inflammation"
"FUT4","HALLMARK_TNFA_SIGNALING_VIA_NFKB","Immune_Inflammation"
"GNAI2","HALLMARK_APICAL_JUNCTION; HALLMARK_COMPLEMENT","Immune_Inflammation"
"GNB2","HALLMARK_COAGULATION; HALLMARK_COMPLEMENT","Immune_Inflammation"
"GNB4","HALLMARK_COMPLEMENT","Immune_Inflammation"
"GP1BA","HALLMARK_COAGULATION; HALLMARK_COMPLEMENT; HALLMARK_INFLAMMATORY_RESPONSE; HALLMARK_KRAS_SIGNALING_DN","Immune_Inflammation"
"GPR132","HALLMARK_INFLAMMATORY_RESPONSE","Immune_Inflammation"
"GPR183","HALLMARK_INFLAMMATORY_RESPONSE; HALLMARK_TNFA_SIGNALING_VIA_NFKB","Immune_Inflammation"
"GPR65","HALLMARK_ALLOGRAFT_REJECTION; HALLMARK_IL2_STAT5_SIGNALING","Immune_Inflammation"
"GPX4","HALLMARK_ADIPOGENESIS; HALLMARK_APOPTOSIS; HALLMARK_DNA_REPAIR; HALLMARK_IL2_STAT5_SIGNALING; HALLMARK_OXIDATIVE_PHOSPHORYLATION; HALLMARK_REACTIVE_OXYGEN_SPECIES_PATHWAY","Immune_Inflammation"
"GRB2","HALLMARK_COMPLEMENT; HALLMARK_IL6_JAK_STAT3_SIGNALING; HALLMARK_PI3K_AKT_MTOR_SIGNALING","Immune_Inflammation"
"HAX1","HALLMARK_GLYCOLYSIS; HALLMARK_IL6_JAK_STAT3_SIGNALING","Immune_Inflammation"
"HDAC9","HALLMARK_ALLOGRAFT_REJECTION; HALLMARK_KRAS_SIGNALING_UP","Immune_Inflammation"
"HIPK2","HALLMARK_IL2_STAT5_SIGNALING; HALLMARK_TGF_BETA_SIGNALING","Immune_Inflammation"
"HLA-DMB","HALLMARK_ALLOGRAFT_REJECTION","Immune_Inflammation"
"HLA-DOA","HALLMARK_ALLOGRAFT_REJECTION","Immune_Inflammation"
"HLA-E","HALLMARK_ALLOGRAFT_REJECTION","Immune_Inflammation"
"HSPA1A","HALLMARK_COMPLEMENT","Immune_Inflammation"
"HSPA5","HALLMARK_COMPLEMENT; HALLMARK_GLYCOLYSIS; HALLMARK_HYPOXIA; HALLMARK_MTORC1_SIGNALING; HALLMARK_UNFOLDED_PROTEIN_RESPONSE","Immune_Inflammation"
"HUWE1","HALLMARK_IL2_STAT5_SIGNALING","Immune_Inflammation"
"IFNAR1","HALLMARK_IL6_JAK_STAT3_SIGNALING; HALLMARK_INFLAMMATORY_RESPONSE","Immune_Inflammation"
"IFNGR2","HALLMARK_ALLOGRAFT_REJECTION; HALLMARK_IL6_JAK_STAT3_SIGNALING; HALLMARK_INFLAMMATORY_RESPONSE; HALLMARK_TGF_BETA_SIGNALING; HALLMARK_TNFA_SIGNALING_VIA_NFKB","Immune_Inflammation"
"IGF1R","HALLMARK_ESTROGEN_RESPONSE_EARLY; HALLMARK_IL2_STAT5_SIGNALING; HALLMARK_UV_RESPONSE_DN","Immune_Inflammation"
"IGSF6","HALLMARK_ALLOGRAFT_REJECTION","Immune_Inflammation"
"IKZF2","HALLMARK_IL2_STAT5_SIGNALING","Immune_Inflammation"
"IL10","HALLMARK_ALLOGRAFT_REJECTION; HALLMARK_IL2_STAT5_SIGNALING; HALLMARK_INFLAMMATORY_RESPONSE","Immune_Inflammation"
"IL16","HALLMARK_ALLOGRAFT_REJECTION","Immune_Inflammation"
"IL2RA","HALLMARK_ALLOGRAFT_REJECTION; HALLMARK_IL2_STAT5_SIGNALING; HALLMARK_IL6_JAK_STAT3_SIGNALING","Immune_Inflammation"
"IL6R","HALLMARK_IL6_JAK_STAT3_SIGNALING;HALLMARK_INFLAMMATORY_RESPONSE","Immune_Inflammation"
"IL6ST","HALLMARK_ESTROGEN_RESPONSE_EARLY; HALLMARK_ESTROGEN_RESPONSE_LATE; HALLMARK_IL6_JAK_STAT3_SIGNALING; HALLMARK_TNFA_SIGNALING_VIA_NFKB; HALLMARK_UV_RESPONSE_UP","Immune_Inflammation"
"IL7R","HALLMARK_INFLAMMATORY_RESPONSE; HALLMARK_KRAS_SIGNALING_UP; HALLMARK_TNFA_SIGNALING_VIA_NFKB","Immune_Inflammation"
"INHBB","HALLMARK_ALLOGRAFT_REJECTION; HALLMARK_ESTROGEN_RESPONSE_EARLY; HALLMARK_P53_PATHWAY","Immune_Inflammation"
"ITGA4","HALLMARK_IL6_JAK_STAT3_SIGNALING","Immune_Inflammation"
"ITGA5","HALLMARK_EPITHELIAL_MESENCHYMAL_TRANSITION; HALLMARK_INFLAMMATORY_RESPONSE","Immune_Inflammation"
"ITGAE","HALLMARK_IL2_STAT5_SIGNALING","Immune_Inflammation"
"ITGAL","HALLMARK_ALLOGRAFT_REJECTION","Immune_Inflammation"
"ITGAV","HALLMARK_ANDROGEN_RESPONSE; HALLMARK_ANGIOGENESIS; HALLMARK_EPITHELIAL_MESENCHYMAL_TRANSITION; HALLMARK_IL2_STAT5_SIGNALING","Immune_Inflammation"
"ITGB3","HALLMARK_COAGULATION; HALLMARK_EPITHELIAL_MESENCHYMAL_TRANSITION; HALLMARK_IL6_JAK_STAT3_SIGNALING; HALLMARK_INFLAMMATORY_RESPONSE; HALLMARK_UV_RESPONSE_DN","Immune_Inflammation"
"ITGB8","HALLMARK_INFLAMMATORY_RESPONSE","Immune_Inflammation"
"ITK","HALLMARK_ALLOGRAFT_REJECTION","Immune_Inflammation"
"KCNA3","HALLMARK_INFLAMMATORY_RESPONSE","Immune_Inflammation"
"KCNIP2","HALLMARK_COMPLEMENT","Immune_Inflammation"
"KIF1B","HALLMARK_INFLAMMATORY_RESPONSE; HALLMARK_MITOTIC_SPINDLE; HALLMARK_PROTEIN_SECRETION","Immune_Inflammation"
"KIF2A","HALLMARK_COMPLEMENT; HALLMARK_GLYCOLYSIS","Immune_Inflammation"
"KLF2","HALLMARK_TNFA_SIGNALING_VIA_NFKB","Immune_Inflammation"
"KLF6","HALLMARK_HYPOXIA; HALLMARK_IL2_STAT5_SIGNALING; HALLMARK_INFLAMMATORY_RESPONSE; HALLMARK_TNFA_SIGNALING_VIA_NFKB","Immune_Inflammation"
"LCLAT1","HALLMARK_IL2_STAT5_SIGNALING","Immune_Inflammation"
"LIF","HALLMARK_ALLOGRAFT_REJECTION; HALLMARK_IL2_STAT5_SIGNALING; HALLMARK_INFLAMMATORY_RESPONSE; HALLMARK_KRAS_SIGNALING_UP; HALLMARK_P53_PATHWAY; HALLMARK_TNFA_SIGNALING_VIA_NFKB","Immune_Inflammation"
"LPAR1","HALLMARK_INFLAMMATORY_RESPONSE; HALLMARK_UV_RESPONSE_DN","Immune_Inflammation"
"LRRC8C","HALLMARK_IL2_STAT5_SIGNALING","Immune_Inflammation"
"LTBR","HALLMARK_IL6_JAK_STAT3_SIGNALING","Immune_Inflammation"
"LY75","HALLMARK_ALLOGRAFT_REJECTION","Immune_Inflammation"
"MAP2K3","HALLMARK_HEME_METABOLISM; HALLMARK_MTORC1_SIGNALING; HALLMARK_PI3K_AKT_MTOR_SIGNALING; HALLMARK_TNFA_SIGNALING_VIA_NFKB","Immune_Inflammation"
"MAP3K7","HALLMARK_ALLOGRAFT_REJECTION; HALLMARK_PI3K_AKT_MTOR_SIGNALING; HALLMARK_TGF_BETA_SIGNALING","Immune_Inflammation"
"MAP6","HALLMARK_IL2_STAT5_SIGNALING","Immune_Inflammation"
"MAPKAPK2","HALLMARK_IL2_STAT5_SIGNALING","Immune_Inflammation"
"MARCKS","HALLMARK_G2M_CHECKPOINT; HALLMARK_MITOTIC_SPINDLE; HALLMARK_TNFA_SIGNALING_VIA_NFKB","Immune_Inflammation"
"MSR1","HALLMARK_INFLAMMATORY_RESPONSE","Immune_Inflammation"
"MYO1C","HALLMARK_IL2_STAT5_SIGNALING; HALLMARK_MYOGENESIS","Immune_Inflammation"
"NDRG1","HALLMARK_ANDROGEN_RESPONSE; HALLMARK_HYPOXIA; HALLMARK_IL2_STAT5_SIGNALING; HALLMARK_P53_PATHWAY","Immune_Inflammation"
"NFAT5","HALLMARK_TNFA_SIGNALING_VIA_NFKB","Immune_Inflammation"
"NFATC1","HALLMARK_IL2_STAT5_SIGNALING;HALLMARK_MYOGENESIS","Immune_Inflammation"
"NFATC2","HALLMARK_IL2_STAT5_SIGNALING;HALLMARK_MYOGENESIS","Immune_Inflammation"
"NFE2L2","HALLMARK_TNFA_SIGNALING_VIA_NFKB","Immune_Inflammation"
"NFKB2","HALLMARK_TNFA_SIGNALING_VIA_NFKB","Immune_Inflammation"
"NFKBIZ","HALLMARK_IL2_STAT5_SIGNALING","Immune_Inflammation"
"NINJ1","HALLMARK_P53_PATHWAY; HALLMARK_TNFA_SIGNALING_VIA_NFKB; HALLMARK_XENOBIOTIC_METABOLISM","Immune_Inflammation"
"NLRP3","HALLMARK_ALLOGRAFT_REJECTION; HALLMARK_INFLAMMATORY_RESPONSE","Immune_Inflammation"
"NME1","HALLMARK_ALLOGRAFT_REJECTION; HALLMARK_DNA_REPAIR; HALLMARK_E2F_TARGETS; HALLMARK_MYC_TARGETS_V1","Immune_Inflammation"
"NOP2","HALLMARK_IL2_STAT5_SIGNALING; HALLMARK_MYC_TARGETS_V2","Immune_Inflammation"
"NPM1","HALLMARK_ALLOGRAFT_REJECTION; HALLMARK_MYC_TARGETS_V1; HALLMARK_MYC_TARGETS_V2; HALLMARK_UNFOLDED_PROTEIN_RESPONSE","Immune_Inflammation"
"NR4A1","HALLMARK_TNFA_SIGNALING_VIA_NFKB; HALLMARK_UV_RESPONSE_UP","Immune_Inflammation"
"NR4A2","HALLMARK_KRAS_SIGNALING_DN; HALLMARK_TNFA_SIGNALING_VIA_NFKB","Immune_Inflammation"
"NR4A3","HALLMARK_TNFA_SIGNALING_VIA_NFKB","Immune_Inflammation"
"NT5E","HALLMARK_EPITHELIAL_MESENCHYMAL_TRANSITION; HALLMARK_GLYCOLYSIS; HALLMARK_IL2_STAT5_SIGNALING","Immune_Inflammation"
"OSMR","HALLMARK_IL6_JAK_STAT3_SIGNALING; HALLMARK_INFLAMMATORY_RESPONSE","Immune_Inflammation"
"P2RX4","HALLMARK_IL2_STAT5_SIGNALING; HALLMARK_INFLAMMATORY_RESPONSE","Immune_Inflammation"
"PCDH7","HALLMARK_INFLAMMATORY_RESPONSE","Immune_Inflammation"
"PCLO","HALLMARK_COMPLEMENT","Immune_Inflammation"
"PFN1","HALLMARK_APICAL_JUNCTION; HALLMARK_COMPLEMENT; HALLMARK_PI3K_AKT_MTOR_SIGNALING","Immune_Inflammation"
"PHTF2","HALLMARK_IL2_STAT5_SIGNALING","Immune_Inflammation"
"PIK3CG","HALLMARK_COMPLEMENT","Immune_Inflammation"
"PLA2G2A","HALLMARK_IL6_JAK_STAT3_SIGNALING","Immune_Inflammation"
"PLA2G7","HALLMARK_COMPLEMENT","Immune_Inflammation"
"PLAGL1","HALLMARK_IL2_STAT5_SIGNALING","Immune_Inflammation"
"PLEK","HALLMARK_COAGULATION; HALLMARK_COMPLEMENT; HALLMARK_TNFA_SIGNALING_VIA_NFKB","Immune_Inflammation"
"PNRC1","HALLMARK_CHOLESTEROL_HOMEOSTASIS; HALLMARK_HYPOXIA; HALLMARK_TNFA_SIGNALING_VIA_NFKB","Immune_Inflammation"
"POU2F1","HALLMARK_IL2_STAT5_SIGNALING","Immune_Inflammation"
"PPP2CB","HALLMARK_COMPLEMENT; HALLMARK_GLYCOLYSIS","Immune_Inflammation"
"PPP4C","HALLMARK_COMPLEMENT","Immune_Inflammation"
"PRAF2","HALLMARK_IL2_STAT5_SIGNALING","Immune_Inflammation"
"PRCP","HALLMARK_COMPLEMENT","Immune_Inflammation"
"PRKCB","HALLMARK_ALLOGRAFT_REJECTION; HALLMARK_PI3K_AKT_MTOR_SIGNALING","Immune_Inflammation"
"PTGER4","HALLMARK_INFLAMMATORY_RESPONSE; HALLMARK_TNFA_SIGNALING_VIA_NFKB","Immune_Inflammation"
"PTPRC","HALLMARK_ALLOGRAFT_REJECTION; HALLMARK_APICAL_JUNCTION","Immune_Inflammation"
"PTPRE","HALLMARK_INFLAMMATORY_RESPONSE; HALLMARK_P53_PATHWAY; HALLMARK_TNFA_SIGNALING_VIA_NFKB","Immune_Inflammation"
"RABGAP1L","HALLMARK_IL2_STAT5_SIGNALING; HALLMARK_KRAS_SIGNALING_UP","Immune_Inflammation"
"RAF1","HALLMARK_COMPLEMENT; HALLMARK_INFLAMMATORY_RESPONSE; HALLMARK_PI3K_AKT_MTOR_SIGNALING","Immune_Inflammation"
"RASGRP1","HALLMARK_COMPLEMENT; HALLMARK_ESTROGEN_RESPONSE_EARLY; HALLMARK_INFLAMMATORY_RESPONSE; HALLMARK_UV_RESPONSE_UP","Immune_Inflammation"
"REL","HALLMARK_TNFA_SIGNALING_VIA_NFKB","Immune_Inflammation"
"RELA","HALLMARK_APOPTOSIS; HALLMARK_INFLAMMATORY_RESPONSE; HALLMARK_TNFA_SIGNALING_VIA_NFKB","Immune_Inflammation"
"RHOG","HALLMARK_COMPLEMENT; HALLMARK_INFLAMMATORY_RESPONSE","Immune_Inflammation"
"RNF144B","HALLMARK_INFLAMMATORY_RESPONSE","Immune_Inflammation"
"RNH1","HALLMARK_IL2_STAT5_SIGNALING","Immune_Inflammation"
"RORA","HALLMARK_HYPOXIA; HALLMARK_IL2_STAT5_SIGNALING","Immune_Inflammation"
"RPS19","HALLMARK_ALLOGRAFT_REJECTION","Immune_Inflammation"
"RPS3A","HALLMARK_ALLOGRAFT_REJECTION","Immune_Inflammation"
"RPS9","HALLMARK_ALLOGRAFT_REJECTION","Immune_Inflammation"
"S100A13","HALLMARK_COAGULATION; HALLMARK_COMPLEMENT","Immune_Inflammation"
"SCN9A","HALLMARK_IL2_STAT5_SIGNALING","Immune_Inflammation"
"SDC4","HALLMARK_EPITHELIAL_MESENCHYMAL_TRANSITION; HALLMARK_HYPOXIA; HALLMARK_TNFA_SIGNALING_VIA_NFKB","Immune_Inflammation"
"SERPINB6","HALLMARK_IL2_STAT5_SIGNALING","Immune_Inflammation"
"SGMS2","HALLMARK_INFLAMMATORY_RESPONSE","Immune_Inflammation"
"SH2B3","HALLMARK_COMPLEMENT","Immune_Inflammation"
"SIRT6","HALLMARK_COMPLEMENT","Immune_Inflammation"
"SLAMF6","HALLMARK_ALLOGRAFT_REJECTION","Immune_Inflammation"
"SLC11A1","HALLMARK_INFLAMMATORY_RESPONSE","Immune_Inflammation"
"SLC11A2","HALLMARK_HEME_METABOLISM; HALLMARK_INFLAMMATORY_RESPONSE","Immune_Inflammation"
"SLC1A5","HALLMARK_ADIPOGENESIS; HALLMARK_IL2_STAT5_SIGNALING; HALLMARK_MTORC1_SIGNALING; HALLMARK_XENOBIOTIC_METABOLISM","Immune_Inflammation"
"SLC39A8","HALLMARK_IL2_STAT5_SIGNALING","Immune_Inflammation"
"SNAI1","HALLMARK_KRAS_SIGNALING_UP;HALLMARK_TGF_BETA_SIGNALING;HALLMARK_TNFA_SIGNALING_VIA_NFKB;HALLMARK_UV_RESPONSE_UP","Immune_Inflammation"
"SOCS4","HALLMARK_IL6_JAK_STAT3_SIGNALING","Immune_Inflammation"
"SOCS5","HALLMARK_ALLOGRAFT_REJECTION","Immune_Inflammation"
"SOCS7","HALLMARK_IL6_JAK_STAT3_SIGNALING","Immune_Inflammation"
"SPRED1","HALLMARK_TNFA_SIGNALING_VIA_NFKB","Immune_Inflammation"
"SQSTM1","HALLMARK_APOPTOSIS; HALLMARK_MTORC1_SIGNALING; HALLMARK_PI3K_AKT_MTOR_SIGNALING; HALLMARK_TNFA_SIGNALING_VIA_NFKB; HALLMARK_UV_RESPONSE_UP","Immune_Inflammation"
"ST3GAL4","HALLMARK_IL2_STAT5_SIGNALING","Immune_Inflammation"
"STAM2","HALLMARK_IL6_JAK_STAT3_SIGNALING; HALLMARK_SPERMATOGENESIS","Immune_Inflammation"
"STX4","HALLMARK_APICAL_JUNCTION; HALLMARK_COMPLEMENT","Immune_Inflammation"
"SYNGR2","HALLMARK_IL2_STAT5_SIGNALING; HALLMARK_MYOGENESIS","Immune_Inflammation"
"TACR1","HALLMARK_INFLAMMATORY_RESPONSE","Immune_Inflammation"
"TGFB2","HALLMARK_ALLOGRAFT_REJECTION; HALLMARK_APOPTOSIS; HALLMARK_KRAS_SIGNALING_DN; HALLMARK_XENOBIOTIC_METABOLISM","Immune_Inflammation"
"TLR6","HALLMARK_ALLOGRAFT_REJECTION","Immune_Inflammation"
"TLR7","HALLMARK_IL2_STAT5_SIGNALING","Immune_Inflammation"
"TNF","HALLMARK_ALLOGRAFT_REJECTION; HALLMARK_APOPTOSIS; HALLMARK_IL6_JAK_STAT3_SIGNALING; HALLMARK_TNFA_SIGNALING_VIA_NFKB","Immune_Inflammation"
"TNFAIP8","HALLMARK_ANDROGEN_RESPONSE; HALLMARK_TNFA_SIGNALING_VIA_NFKB","Immune_Inflammation"
"TNFRSF1A","HALLMARK_IL6_JAK_STAT3_SIGNALING; HALLMARK_PI3K_AKT_MTOR_SIGNALING; HALLMARK_XENOBIOTIC_METABOLISM","Immune_Inflammation"
"TNFSF15","HALLMARK_INFLAMMATORY_RESPONSE","Immune_Inflammation"
"TNFSF4","HALLMARK_IL2_STAT5_SIGNALING","Immune_Inflammation"
"TNIP1","HALLMARK_TNFA_SIGNALING_VIA_NFKB","Immune_Inflammation"
"TNIP2","HALLMARK_TNFA_SIGNALING_VIA_NFKB","Immune_Inflammation"
"TOLLIP","HALLMARK_INFLAMMATORY_RESPONSE","Immune_Inflammation"
"TRAF2","HALLMARK_ALLOGRAFT_REJECTION; HALLMARK_PI3K_AKT_MTOR_SIGNALING","Immune_Inflammation"
"TRIB1","HALLMARK_KRAS_SIGNALING_UP; HALLMARK_TNFA_SIGNALING_VIA_NFKB","Immune_Inflammation"
"TRIP10","HALLMARK_TNFA_SIGNALING_VIA_NFKB","Immune_Inflammation"
"TUBB2A","HALLMARK_TNFA_SIGNALING_VIA_NFKB; HALLMARK_UNFOLDED_PROTEIN_RESPONSE","Immune_Inflammation"
"VCPIP1","HALLMARK_COMPLEMENT","Immune_Inflammation"
"YRDC","HALLMARK_KRAS_SIGNALING_UP; HALLMARK_TNFA_SIGNALING_VIA_NFKB","Immune_Inflammation"
"ZBTB10","HALLMARK_ANDROGEN_RESPONSE; HALLMARK_TNFA_SIGNALING_VIA_NFKB","Immune_Inflammation"
"ZFP36","HALLMARK_ESTROGEN_RESPONSE_LATE; HALLMARK_HYPOXIA; HALLMARK_TNFA_SIGNALING_VIA_NFKB","Immune_Inflammation"
"APOL6","HALLMARK_INTERFERON_GAMMA_RESPONSE","Interferon"
"ARID5B","HALLMARK_ANDROGEN_RESPONSE; HALLMARK_INTERFERON_GAMMA_RESPONSE","Interferon"
"CASP8","HALLMARK_APOPTOSIS; HALLMARK_INTERFERON_ALPHA_RESPONSE; HALLMARK_INTERFERON_GAMMA_RESPONSE","Interferon"
"CD274","HALLMARK_APICAL_JUNCTION; HALLMARK_INTERFERON_GAMMA_RESPONSE","Interferon"
"CD38","HALLMARK_APOPTOSIS; HALLMARK_IL6_JAK_STAT3_SIGNALING; HALLMARK_INTERFERON_GAMMA_RESPONSE","Interferon"
"CD47","HALLMARK_ALLOGRAFT_REJECTION; HALLMARK_INTERFERON_ALPHA_RESPONSE","Interferon"
"CD86","HALLMARK_ALLOGRAFT_REJECTION; HALLMARK_APICAL_JUNCTION; HALLMARK_IL2_STAT5_SIGNALING; HALLMARK_INTERFERON_GAMMA_RESPONSE","Interferon"
"CIITA","HALLMARK_INTERFERON_GAMMA_RESPONSE","Interferon"
"CMKLR1","HALLMARK_INFLAMMATORY_RESPONSE; HALLMARK_INTERFERON_GAMMA_RESPONSE; HALLMARK_KRAS_SIGNALING_UP","Interferon"
"CMPK2","HALLMARK_DNA_REPAIR; HALLMARK_INTERFERON_ALPHA_RESPONSE; HALLMARK_INTERFERON_GAMMA_RESPONSE","Interferon"
"CSF2RB","HALLMARK_IL6_JAK_STAT3_SIGNALING; HALLMARK_INTERFERON_GAMMA_RESPONSE","Interferon"
"CXCL11","HALLMARK_IL6_JAK_STAT3_SIGNALING; HALLMARK_INFLAMMATORY_RESPONSE; HALLMARK_INTERFERON_ALPHA_RESPONSE; HALLMARK_INTERFERON_GAMMA_RESPONSE; HALLMARK_TNFA_SIGNALING_VIA_NFKB","Interferon"
"CXCL9","HALLMARK_ALLOGRAFT_REJECTION; HALLMARK_IL6_JAK_STAT3_SIGNALING; HALLMARK_INFLAMMATORY_RESPONSE; HALLMARK_INTERFERON_GAMMA_RESPONSE","Interferon"
"DDX58","HALLMARK_ALLOGRAFT_REJECTION;HALLMARK_INTERFERON_ALPHA_RESPONSE;HALLMARK_INTERFERON_GAMMA_RESPONSE;HALLMARK_TNFA_SIGNALING_VIA_NFKB","Interferon"
"DDX60","HALLMARK_INTERFERON_ALPHA_RESPONSE; HALLMARK_INTERFERON_GAMMA_RESPONSE","Interferon"
"DHX58","HALLMARK_INTERFERON_ALPHA_RESPONSE; HALLMARK_INTERFERON_GAMMA_RESPONSE","Interferon"
"EIF2AK2","HALLMARK_INFLAMMATORY_RESPONSE; HALLMARK_INTERFERON_ALPHA_RESPONSE; HALLMARK_INTERFERON_GAMMA_RESPONSE","Interferon"
"EIF4E3","HALLMARK_INTERFERON_GAMMA_RESPONSE","Interferon"
"FAM46A","HALLMARK_INTERFERON_ALPHA_RESPONSE","Interferon"
"FAS","HALLMARK_ALLOGRAFT_REJECTION; HALLMARK_APOPTOSIS; HALLMARK_EPITHELIAL_MESENCHYMAL_TRANSITION; HALLMARK_IL6_JAK_STAT3_SIGNALING; HALLMARK_INTERFERON_GAMMA_RESPONSE; HALLMARK_P53_PATHWAY; HALLMARK_XENOBIOTIC_METABOLISM","Interferon"
"FGL2","HALLMARK_IL2_STAT5_SIGNALING; HALLMARK_INTERFERON_GAMMA_RESPONSE; HALLMARK_MTORC1_SIGNALING","Interferon"
"GBP1","HALLMARK_ALLOGRAFT_REJECTION;HALLMARK_INTERFERON_GAMMA_RESPONSE","Interferon"
"GBP4","HALLMARK_IL2_STAT5_SIGNALING; HALLMARK_INTERFERON_ALPHA_RESPONSE; HALLMARK_INTERFERON_GAMMA_RESPONSE","Interferon"
"GBP5","HALLMARK_ALLOGRAFT_REJECTION;HALLMARK_INTERFERON_GAMMA_RESPONSE","Interferon"
"GPR18","HALLMARK_INTERFERON_GAMMA_RESPONSE","Interferon"
"HERC6","HALLMARK_INTERFERON_ALPHA_RESPONSE; HALLMARK_INTERFERON_GAMMA_RESPONSE","Interferon"
"HLA-C","HALLMARK_INTERFERON_ALPHA_RESPONSE","Interferon"
"HLA-DQA1","HALLMARK_ALLOGRAFT_REJECTION; HALLMARK_INTERFERON_GAMMA_RESPONSE","Interferon"
"IFI44L","HALLMARK_INTERFERON_ALPHA_RESPONSE; HALLMARK_INTERFERON_GAMMA_RESPONSE; HALLMARK_KRAS_SIGNALING_DN","Interferon"
"IFITM1","HALLMARK_INFLAMMATORY_RESPONSE; HALLMARK_INTERFERON_ALPHA_RESPONSE","Interferon"
"IFITM2","HALLMARK_INTERFERON_ALPHA_RESPONSE; HALLMARK_INTERFERON_GAMMA_RESPONSE","Interferon"
"IFITM3","HALLMARK_APOPTOSIS; HALLMARK_IL2_STAT5_SIGNALING; HALLMARK_INTERFERON_ALPHA_RESPONSE; HALLMARK_INTERFERON_GAMMA_RESPONSE","Interferon"
"IFNAR2","HALLMARK_ALLOGRAFT_REJECTION; HALLMARK_INTERFERON_GAMMA_RESPONSE","Interferon"
"IL10RA","HALLMARK_IL2_STAT5_SIGNALING; HALLMARK_INFLAMMATORY_RESPONSE; HALLMARK_INTERFERON_GAMMA_RESPONSE; HALLMARK_KRAS_SIGNALING_UP","Interferon"
"IL2RB","HALLMARK_ALLOGRAFT_REJECTION; HALLMARK_APICAL_SURFACE; HALLMARK_IL2_STAT5_SIGNALING; HALLMARK_INFLAMMATORY_RESPONSE; HALLMARK_INTERFERON_GAMMA_RESPONSE","Interferon"
"IL6","HALLMARK_ALLOGRAFT_REJECTION; HALLMARK_APOPTOSIS; HALLMARK_COMPLEMENT; HALLMARK_EPITHELIAL_MESENCHYMAL_TRANSITION; HALLMARK_HYPOXIA; HALLMARK_IL6_JAK_STAT3_SIGNALING; HALLMARK_INFLAMMATORY_RESPONSE; HALLMARK_INTERFERON_GAMMA_RESPONSE; HALLMARK_TNFA_SIGNALING_VIA_NFKB; HALLMARK_UV_RESPONSE_UP","Interferon"
"IL7","HALLMARK_ALLOGRAFT_REJECTION; HALLMARK_IL6_JAK_STAT3_SIGNALING; HALLMARK_INTERFERON_ALPHA_RESPONSE; HALLMARK_INTERFERON_GAMMA_RESPONSE","Interferon"
"IRF1","HALLMARK_APOPTOSIS; HALLMARK_COMPLEMENT; HALLMARK_IL6_JAK_STAT3_SIGNALING; HALLMARK_INFLAMMATORY_RESPONSE; HALLMARK_INTERFERON_ALPHA_RESPONSE; HALLMARK_INTERFERON_GAMMA_RESPONSE; HALLMARK_TNFA_SIGNALING_VIA_NFKB; HALLMARK_UV_RESPONSE_UP","Interferon"
"IRF4","HALLMARK_ALLOGRAFT_REJECTION; HALLMARK_IL2_STAT5_SIGNALING; HALLMARK_INTERFERON_GAMMA_RESPONSE","Interferon"
"IRF8","HALLMARK_ALLOGRAFT_REJECTION; HALLMARK_IL2_STAT5_SIGNALING; HALLMARK_INTERFERON_GAMMA_RESPONSE; HALLMARK_KRAS_SIGNALING_UP; HALLMARK_XENOBIOTIC_METABOLISM","Interferon"
"ISG15","HALLMARK_INTERFERON_ALPHA_RESPONSE; HALLMARK_INTERFERON_GAMMA_RESPONSE","Interferon"
"ITGB7","HALLMARK_INTERFERON_GAMMA_RESPONSE","Interferon"
"JAK2","HALLMARK_ALLOGRAFT_REJECTION; HALLMARK_COMPLEMENT; HALLMARK_ESTROGEN_RESPONSE_EARLY; HALLMARK_ESTROGEN_RESPONSE_LATE; HALLMARK_INTERFERON_GAMMA_RESPONSE","Interferon"
"KLRK1","HALLMARK_INTERFERON_GAMMA_RESPONSE","Interferon"
"LCP2","HALLMARK_ALLOGRAFT_REJECTION; HALLMARK_COMPLEMENT; HALLMARK_INFLAMMATORY_RESPONSE; HALLMARK_INTERFERON_GAMMA_RESPONSE","Interferon"
"LY6E","HALLMARK_INFLAMMATORY_RESPONSE; HALLMARK_INTERFERON_ALPHA_RESPONSE; HALLMARK_INTERFERON_GAMMA_RESPONSE","Interferon"
"LYSMD2","HALLMARK_INTERFERON_GAMMA_RESPONSE","Interferon"
"MTHFD2","HALLMARK_E2F_TARGETS; HALLMARK_INTERFERON_GAMMA_RESPONSE; HALLMARK_MTORC1_SIGNALING; HALLMARK_UNFOLDED_PROTEIN_RESPONSE","Interferon"
"MVP","HALLMARK_INTERFERON_GAMMA_RESPONSE; HALLMARK_PEROXISOME","Interferon"
"MX2","HALLMARK_INTERFERON_GAMMA_RESPONSE","Interferon"
"NCOA3","HALLMARK_IL2_STAT5_SIGNALING; HALLMARK_INTERFERON_GAMMA_RESPONSE","Interferon"
"NCOA7","HALLMARK_INTERFERON_ALPHA_RESPONSE","Interferon"
"NLRC5","HALLMARK_INTERFERON_GAMMA_RESPONSE","Interferon"
"OAS3","HALLMARK_INTERFERON_GAMMA_RESPONSE","Interferon"
"P2RY14","HALLMARK_INTERFERON_GAMMA_RESPONSE","Interferon"
"PARP14","HALLMARK_INTERFERON_ALPHA_RESPONSE; HALLMARK_INTERFERON_GAMMA_RESPONSE","Interferon"
"PARP9","HALLMARK_INTERFERON_ALPHA_RESPONSE","Interferon"
"PDE4B","HALLMARK_DNA_REPAIR; HALLMARK_INFLAMMATORY_RESPONSE; HALLMARK_INTERFERON_GAMMA_RESPONSE; HALLMARK_TNFA_SIGNALING_VIA_NFKB","Interferon"
"PELI1","HALLMARK_INTERFERON_GAMMA_RESPONSE","Interferon"
"PNP","HALLMARK_DNA_REPAIR; HALLMARK_IL2_STAT5_SIGNALING; HALLMARK_INTERFERON_GAMMA_RESPONSE; HALLMARK_MTORC1_SIGNALING","Interferon"
"PSMA2","HALLMARK_INTERFERON_GAMMA_RESPONSE; HALLMARK_MYC_TARGETS_V1","Interferon"
"PSMA3","HALLMARK_INTERFERON_ALPHA_RESPONSE; HALLMARK_INTERFERON_GAMMA_RESPONSE; HALLMARK_MTORC1_SIGNALING","Interferon"
"PSMB10","HALLMARK_ALLOGRAFT_REJECTION; HALLMARK_INTERFERON_GAMMA_RESPONSE; HALLMARK_XENOBIOTIC_METABOLISM","Interferon"
"PSME1","HALLMARK_FATTY_ACID_METABOLISM; HALLMARK_INTERFERON_ALPHA_RESPONSE; HALLMARK_INTERFERON_GAMMA_RESPONSE","Interferon"
"PSME2","HALLMARK_INTERFERON_ALPHA_RESPONSE; HALLMARK_INTERFERON_GAMMA_RESPONSE","Interferon"
"PTGS2","HALLMARK_INTERFERON_GAMMA_RESPONSE; HALLMARK_KRAS_SIGNALING_UP; HALLMARK_TNFA_SIGNALING_VIA_NFKB","Interferon"
"PTPN2","HALLMARK_IL6_JAK_STAT3_SIGNALING; HALLMARK_INTERFERON_GAMMA_RESPONSE","Interferon"
"RAPGEF6","HALLMARK_INTERFERON_GAMMA_RESPONSE; HALLMARK_MITOTIC_SPINDLE","Interferon"
"RBCK1","HALLMARK_GLYCOLYSIS; HALLMARK_INTERFERON_GAMMA_RESPONSE","Interferon"
"RIPK1","HALLMARK_INTERFERON_GAMMA_RESPONSE; HALLMARK_PI3K_AKT_MTOR_SIGNALING","Interferon"
"RNF213","HALLMARK_INTERFERON_GAMMA_RESPONSE","Interferon"
"RNF31","HALLMARK_INTERFERON_ALPHA_RESPONSE; HALLMARK_INTERFERON_GAMMA_RESPONSE","Interferon"
"RSAD2","HALLMARK_INTERFERON_ALPHA_RESPONSE; HALLMARK_INTERFERON_GAMMA_RESPONSE; HALLMARK_KRAS_SIGNALING_DN","Interferon"
"SAMD9","HALLMARK_INTERFERON_ALPHA_RESPONSE","Interferon"
"SAMD9L","HALLMARK_INTERFERON_ALPHA_RESPONSE; HALLMARK_INTERFERON_GAMMA_RESPONSE","Interferon"
"SAMHD1","HALLMARK_INTERFERON_GAMMA_RESPONSE","Interferon"
"SLAMF7","HALLMARK_INTERFERON_GAMMA_RESPONSE","Interferon"
"SP100","HALLMARK_ALLOGRAFT_REJECTION;HALLMARK_INTERFERON_ALPHA_RESPONSE;HALLMARK_INTERFERON_GAMMA_RESPONSE","Interferon"
"SRI","HALLMARK_INFLAMMATORY_RESPONSE; HALLMARK_INTERFERON_GAMMA_RESPONSE; HALLMARK_UV_RESPONSE_DN","Interferon"
"ST8SIA4","HALLMARK_ALLOGRAFT_REJECTION; HALLMARK_INTERFERON_GAMMA_RESPONSE","Interferon"
"STAT1","HALLMARK_ALLOGRAFT_REJECTION; HALLMARK_IL6_JAK_STAT3_SIGNALING; HALLMARK_INTERFERON_GAMMA_RESPONSE","Interferon"
"STAT4","HALLMARK_ALLOGRAFT_REJECTION; HALLMARK_INTERFERON_GAMMA_RESPONSE","Interferon"
"TNFSF10","HALLMARK_APOPTOSIS; HALLMARK_IL2_STAT5_SIGNALING; HALLMARK_INFLAMMATORY_RESPONSE; HALLMARK_INTERFERON_GAMMA_RESPONSE","Interferon"
"TOR1B","HALLMARK_INTERFERON_GAMMA_RESPONSE","Interferon"
"TRAFD1","HALLMARK_INTERFERON_ALPHA_RESPONSE; HALLMARK_INTERFERON_GAMMA_RESPONSE; HALLMARK_P53_PATHWAY","Interferon"
"TREX1","HALLMARK_INTERFERON_ALPHA_RESPONSE","Interferon"
"TRIM56","HALLMARK_INTERFERON_ALPHA_RESPONSE;HALLMARK_INTERFERON_GAMMA_RESPONSE","Interferon"
"USP18","HALLMARK_INTERFERON_ALPHA_RESPONSE; HALLMARK_INTERFERON_GAMMA_RESPONSE","Interferon"
"VAMP5","HALLMARK_INTERFERON_GAMMA_RESPONSE","Interferon"
"VAMP8","HALLMARK_INTERFERON_GAMMA_RESPONSE; HALLMARK_P53_PATHWAY","Interferon"
"ZBP1","HALLMARK_INTERFERON_GAMMA_RESPONSE","Interferon"
"AGFG1","HALLMARK_SPERMATOGENESIS","Other"
"AP1G1","HALLMARK_PROTEIN_SECRETION","Other"
"AP2A1","HALLMARK_PROTEIN_SECRETION","Other"
"ARF5","HALLMARK_PROTEIN_SECRETION","Other"
"ARFGAP2","HALLMARK_PROTEIN_SECRETION","Other"
"ATP1A1","HALLMARK_PROTEIN_SECRETION","Other"
"BNIP3","HALLMARK_PROTEIN_SECRETION","Other"
"BRAF","HALLMARK_SPERMATOGENESIS","Other"
"CATSPER2","HALLMARK_SPERMATOGENESIS","Other"
"CCT6B","HALLMARK_SPERMATOGENESIS","Other"
"CD63","HALLMARK_PROTEIN_SECRETION","Other"
"CHRNB1","HALLMARK_MYOGENESIS","Other"
"CLTA","HALLMARK_PROTEIN_SECRETION","Other"
"COPB1","HALLMARK_PROTEIN_SECRETION","Other"
"COPE","HALLMARK_PROTEIN_SECRETION","Other"
"COPZ1","HALLMARK_PROTEIN_SECRETION","Other"
"CRIP2","HALLMARK_COAGULATION","Other"
"DMC1","HALLMARK_SPERMATOGENESIS","Other"
"DMPK","HALLMARK_MYOGENESIS","Other"
"ERGIC3","HALLMARK_PROTEIN_SECRETION","Other"
"FKBP1B","HALLMARK_MYOGENESIS","Other"
"FLII","HALLMARK_MYOGENESIS","Other"
"GNAO1","HALLMARK_MYOGENESIS","Other"
"GNAS","HALLMARK_PROTEIN_SECRETION","Other"
"GNG12","HALLMARK_COAGULATION","Other"
"GOLGA4","HALLMARK_PROTEIN_SECRETION","Other"
"GOPC","HALLMARK_SPERMATOGENESIS","Other"
"IFT88","HALLMARK_SPERMATOGENESIS","Other"
"IL12RB2","HALLMARK_SPERMATOGENESIS","Other"
"KCNH1","HALLMARK_MYOGENESIS","Other"
"KDELR1","HALLMARK_PROTEIN_SECRETION","Other"
"LMAN2","HALLMARK_PROTEIN_SECRETION","Other"
"MAPK12","HALLMARK_MYOGENESIS","Other"
"MAPK7","HALLMARK_MYOGENESIS","Other"
"MAPRE3","HALLMARK_MYOGENESIS","Other"
"MASP2","HALLMARK_COAGULATION","Other"
"MLF1","HALLMARK_SPERMATOGENESIS","Other"
"MLLT10","HALLMARK_SPERMATOGENESIS","Other"
"MON2","HALLMARK_PROTEIN_SECRETION","Other"
"MSRB2","HALLMARK_COAGULATION","Other"
"MYL6B","HALLMARK_MYOGENESIS","Other"
"NAPA","HALLMARK_PROTEIN_SECRETION","Other"
"NCAPH","HALLMARK_SPERMATOGENESIS","Other"
"NEB","HALLMARK_MYOGENESIS","Other"
"NFATC4","HALLMARK_MYOGENESIS","Other"
"OCEL1","HALLMARK_MYOGENESIS","Other"
"PCSK4","HALLMARK_SPERMATOGENESIS","Other"
"PEBP1","HALLMARK_SPERMATOGENESIS","Other"
"PHKG2","HALLMARK_SPERMATOGENESIS","Other"
"PIAS2","HALLMARK_SPERMATOGENESIS","Other"
"PICK1","HALLMARK_MYOGENESIS","Other"
"PPP3CA","HALLMARK_MYOGENESIS","Other"
"PTGIS","HALLMARK_MYOGENESIS","Other"
"PTP4A3","HALLMARK_MYOGENESIS","Other"
"RAB1B","HALLMARK_PROTEIN_SECRETION","Other"
"RAB22A","HALLMARK_PROTEIN_SECRETION","Other"
"RAB2A","HALLMARK_PROTEIN_SECRETION","Other"
"RAB2B","HALLMARK_SPERMATOGENESIS","Other"
"RPL39L","HALLMARK_SPERMATOGENESIS","Other"
"SAR1A","HALLMARK_PROTEIN_SECRETION","Other"
"SCAMP1","HALLMARK_PROTEIN_SECRETION","Other"
"SCAMP3","HALLMARK_PROTEIN_SECRETION","Other"
"SEC61B","HALLMARK_PROTEIN_SECRETION","Other"
"SEC61G","HALLMARK_PROTEIN_SECRETION","Other"
"SERPIND1","HALLMARK_COAGULATION","Other"
"SH2B2","HALLMARK_COAGULATION","Other"
"SIRT1","HALLMARK_SPERMATOGENESIS","Other"
"SIRT2","HALLMARK_COAGULATION; HALLMARK_MYOGENESIS","Other"
"SRPR","HALLMARK_PROTEIN_SECRETION","Other"
"SSR2","HALLMARK_PROTEIN_SECRETION","Other"
"STX7","HALLMARK_PROTEIN_SECRETION","Other"
"SURF4","HALLMARK_PROTEIN_SECRETION","Other"
"TCAP","HALLMARK_MYOGENESIS","Other"
"TMED7","HALLMARK_PROTEIN_SECRETION","Other"
"TMED9","HALLMARK_PROTEIN_SECRETION","Other"
"TRAPPC1","HALLMARK_PROTEIN_SECRETION","Other"
"TRAPPC3","HALLMARK_PROTEIN_SECRETION","Other"
"TRAPPC4","HALLMARK_PROTEIN_SECRETION","Other"
"TTN","HALLMARK_MYOGENESIS","Other"
"USE1","HALLMARK_PROTEIN_SECRETION","Other"
"VAMP4","HALLMARK_PROTEIN_SECRETION","Other"
"ACTN4","HALLMARK_APICAL_JUNCTION; HALLMARK_MITOTIC_SPINDLE","Proliferation"
"AIMP2","HALLMARK_MYC_TARGETS_V1; HALLMARK_MYC_TARGETS_V2","Proliferation"
"AKAP13","HALLMARK_MITOTIC_SPINDLE","Proliferation"
"ALMS1","HALLMARK_MITOTIC_SPINDLE","Proliferation"
"ALS2","HALLMARK_MITOTIC_SPINDLE","Proliferation"
"APC","HALLMARK_MITOTIC_SPINDLE; HALLMARK_TGF_BETA_SIGNALING","Proliferation"
"APEX1","HALLMARK_FATTY_ACID_METABOLISM; HALLMARK_MYC_TARGETS_V1","Proliferation"
"ARF6","HALLMARK_MITOTIC_SPINDLE","Proliferation"
"ARFGEF1","HALLMARK_MITOTIC_SPINDLE; HALLMARK_PROTEIN_SECRETION","Proliferation"
"ARFIP2","HALLMARK_MITOTIC_SPINDLE","Proliferation"
"ARHGAP29","HALLMARK_MITOTIC_SPINDLE","Proliferation"
"ARHGAP5","HALLMARK_MITOTIC_SPINDLE","Proliferation"
"ARHGDIA","HALLMARK_MITOTIC_SPINDLE; HALLMARK_PI3K_AKT_MTOR_SIGNALING","Proliferation"
"ARID4A","HALLMARK_G2M_CHECKPOINT","Proliferation"
"ARL8A","HALLMARK_MITOTIC_SPINDLE","Proliferation"
"ASF1A","HALLMARK_E2F_TARGETS","Proliferation"
"ASF1B","HALLMARK_E2F_TARGETS","Proliferation"
"ATG4B","HALLMARK_MITOTIC_SPINDLE","Proliferation"
"ATP5D","HALLMARK_ADIPOGENESIS;HALLMARK_MYC_TARGETS_V1;HALLMARK_OXIDATIVE_PHOSPHORYLATION","Proliferation"
"ATP5I","HALLMARK_ADIPOGENESIS;HALLMARK_MYC_TARGETS_V1;HALLMARK_OXIDATIVE_PHOSPHORYLATION","Proliferation"
"ATP5J","HALLMARK_MYC_TARGETS_V1;HALLMARK_OXIDATIVE_PHOSPHORYLATION","Proliferation"
"ATP5O","HALLMARK_ADIPOGENESIS;HALLMARK_MYC_TARGETS_V1;HALLMARK_OXIDATIVE_PHOSPHORYLATION","Proliferation"
"ATRX","HALLMARK_G2M_CHECKPOINT; HALLMARK_UV_RESPONSE_DN","Proliferation"
"AURKA","HALLMARK_E2F_TARGETS; HALLMARK_G2M_CHECKPOINT; HALLMARK_GLYCOLYSIS; HALLMARK_MITOTIC_SPINDLE; HALLMARK_MTORC1_SIGNALING; HALLMARK_SPERMATOGENESIS","Proliferation"
"BARD1","HALLMARK_E2F_TARGETS; HALLMARK_G2M_CHECKPOINT; HALLMARK_KRAS_SIGNALING_DN","Proliferation"
"BBS10","HALLMARK_MITOTIC_SPINDLE","Proliferation"
"BBS9","HALLMARK_MITOTIC_SPINDLE","Proliferation"
"BCAR1","HALLMARK_MITOTIC_SPINDLE; HALLMARK_XENOBIOTIC_METABOLISM","Proliferation"
"BCL2L11","HALLMARK_APOPTOSIS; HALLMARK_MITOTIC_SPINDLE; HALLMARK_UV_RESPONSE_UP","Proliferation"
"BIRC5","HALLMARK_E2F_TARGETS; HALLMARK_G2M_CHECKPOINT; HALLMARK_MITOTIC_SPINDLE","Proliferation"
"BOP1","HALLMARK_MYC_TARGETS_V1","Proliferation"
"BRCA2","HALLMARK_E2F_TARGETS; HALLMARK_G2M_CHECKPOINT; HALLMARK_MITOTIC_SPINDLE","Proliferation"
"BUB1B","HALLMARK_E2F_TARGETS","Proliferation"
"BUD31","HALLMARK_MYC_TARGETS_V1","Proliferation"
"BYSL","HALLMARK_MYC_TARGETS_V2","Proliferation"
"C1QBP","HALLMARK_MYC_TARGETS_V1","Proliferation"
"CAPZB","HALLMARK_MITOTIC_SPINDLE","Proliferation"
"CASP8AP2","HALLMARK_G2M_CHECKPOINT","Proliferation"
"CBX1","HALLMARK_G2M_CHECKPOINT","Proliferation"
"CBX3","HALLMARK_MYC_TARGETS_V1; HALLMARK_MYC_TARGETS_V2","Proliferation"
"CBX5","HALLMARK_E2F_TARGETS","Proliferation"
"CCDC88A","HALLMARK_MITOTIC_SPINDLE","Proliferation"
"CCNA2","HALLMARK_G2M_CHECKPOINT; HALLMARK_MYC_TARGETS_V1","Proliferation"
"CCNB1","HALLMARK_G2M_CHECKPOINT;HALLMARK_PI3K_AKT_MTOR_SIGNALING","Proliferation"
"CCNB2","HALLMARK_E2F_TARGETS; HALLMARK_G2M_CHECKPOINT; HALLMARK_MITOTIC_SPINDLE; HALLMARK_SPERMATOGENESIS","Proliferation"
"CCNT1","HALLMARK_G2M_CHECKPOINT","Proliferation"
"CCT3","HALLMARK_MYC_TARGETS_V1","Proliferation"
"CCT4","HALLMARK_MYC_TARGETS_V1","Proliferation"
"CCT5","HALLMARK_MYC_TARGETS_V1","Proliferation"
"CCT7","HALLMARK_MYC_TARGETS_V1","Proliferation"
"CCT8","HALLMARK_MYC_TARGETS_V1","Proliferation"
"CDC20","HALLMARK_E2F_TARGETS; HALLMARK_ESTROGEN_RESPONSE_LATE; HALLMARK_G2M_CHECKPOINT; HALLMARK_MYC_TARGETS_V1","Proliferation"
"CDC25B","HALLMARK_APOPTOSIS; HALLMARK_E2F_TARGETS; HALLMARK_G2M_CHECKPOINT","Proliferation"
"CDC25C","HALLMARK_G2M_CHECKPOINT","Proliferation"
"CDC27","HALLMARK_G2M_CHECKPOINT; HALLMARK_HEME_METABOLISM; HALLMARK_MITOTIC_SPINDLE","Proliferation"
"CDC42BPA","HALLMARK_MITOTIC_SPINDLE; HALLMARK_UV_RESPONSE_DN","Proliferation"
"CDC42EP1","HALLMARK_MITOTIC_SPINDLE","Proliferation"
"CDC45","HALLMARK_G2M_CHECKPOINT; HALLMARK_MYC_TARGETS_V1","Proliferation"
"CDC7","HALLMARK_G2M_CHECKPOINT","Proliferation"
"CDCA8","HALLMARK_E2F_TARGETS","Proliferation"
"CDK11A","HALLMARK_MITOTIC_SPINDLE","Proliferation"
"CDK4","HALLMARK_E2F_TARGETS; HALLMARK_G2M_CHECKPOINT; HALLMARK_MYC_TARGETS_V1; HALLMARK_MYC_TARGETS_V2; HALLMARK_PI3K_AKT_MTOR_SIGNALING","Proliferation"
"CDT1","HALLMARK_DNA_REPAIR;HALLMARK_E2F_TARGETS","Proliferation"
"CENPA","HALLMARK_G2M_CHECKPOINT; HALLMARK_GLYCOLYSIS","Proliferation"
"CENPJ","HALLMARK_MITOTIC_SPINDLE","Proliferation"
"CEP170","HALLMARK_MITOTIC_SPINDLE","Proliferation"
"CEP192","HALLMARK_MITOTIC_SPINDLE","Proliferation"
"CHMP1A","HALLMARK_G2M_CHECKPOINT","Proliferation"
"CKS1B","HALLMARK_E2F_TARGETS; HALLMARK_G2M_CHECKPOINT; HALLMARK_UNFOLDED_PROTEIN_RESPONSE","Proliferation"
"CKS2","HALLMARK_E2F_TARGETS; HALLMARK_G2M_CHECKPOINT","Proliferation"
"CLASP1","HALLMARK_MITOTIC_SPINDLE","Proliferation"
"CLASP2","HALLMARK_MITOTIC_SPINDLE","Proliferation"
"CLIP1","HALLMARK_MITOTIC_SPINDLE","Proliferation"
"CNTROB","HALLMARK_MITOTIC_SPINDLE","Proliferation"
"CSNK1D","HALLMARK_MITOTIC_SPINDLE","Proliferation"
"CSTF2","HALLMARK_MYC_TARGETS_V1","Proliferation"
"CTTN","HALLMARK_MITOTIC_SPINDLE","Proliferation"
"CUL5","HALLMARK_G2M_CHECKPOINT","Proliferation"
"CYC1","HALLMARK_ADIPOGENESIS; HALLMARK_MYC_TARGETS_V1; HALLMARK_OXIDATIVE_PHOSPHORYLATION","Proliferation"
"DCTPP1","HALLMARK_E2F_TARGETS; HALLMARK_MYC_TARGETS_V2","Proliferation"
"DDX21","HALLMARK_MYC_TARGETS_V1; HALLMARK_UV_RESPONSE_UP","Proliferation"
"DDX27","HALLMARK_MYC_TARGETS_V1","Proliferation"
"DHX33","HALLMARK_MYC_TARGETS_V1","Proliferation"
"DHX57","HALLMARK_MYC_TARGETS_V1","Proliferation"
"DIAPH3","HALLMARK_E2F_TARGETS","Proliferation"
"DLG1","HALLMARK_APICAL_JUNCTION; HALLMARK_MITOTIC_SPINDLE; HALLMARK_UV_RESPONSE_DN","Proliferation"
"DMD","HALLMARK_G2M_CHECKPOINT; HALLMARK_MYOGENESIS","Proliferation"
"DNAJC8","HALLMARK_MYC_TARGETS_V1","Proliferation"
"DOCK2","HALLMARK_KRAS_SIGNALING_UP; HALLMARK_MITOTIC_SPINDLE","Proliferation"
"DST","HALLMARK_EPITHELIAL_MESENCHYMAL_TRANSITION; HALLMARK_MITOTIC_SPINDLE; HALLMARK_PROTEIN_SECRETION","Proliferation"
"DTYMK","HALLMARK_G2M_CHECKPOINT","Proliferation"
"DUT","HALLMARK_DNA_REPAIR; HALLMARK_E2F_TARGETS; HALLMARK_MYC_TARGETS_V1","Proliferation"
"E2F1","HALLMARK_G2M_CHECKPOINT; HALLMARK_PI3K_AKT_MTOR_SIGNALING","Proliferation"
"E2F3","HALLMARK_G2M_CHECKPOINT","Proliferation"
"E2F4","HALLMARK_G2M_CHECKPOINT","Proliferation"
"EEF1B2","HALLMARK_MYC_TARGETS_V1","Proliferation"
"EIF2B5","HALLMARK_MTORC1_SIGNALING;HALLMARK_MYC_TARGETS_V1","Proliferation"
"EIF2S2","HALLMARK_MTORC1_SIGNALING; HALLMARK_MYC_TARGETS_V1","Proliferation"
"EIF3C","HALLMARK_MTORC1_SIGNALING;HALLMARK_MYC_TARGETS_V1","Proliferation"
"EIF3H","HALLMARK_MYC_TARGETS_V1","Proliferation"
"EIF3I","HALLMARK_MTORC1_SIGNALING;HALLMARK_MYC_TARGETS_V1","Proliferation"
"EIF4A1","HALLMARK_MYC_TARGETS_V1; HALLMARK_UNFOLDED_PROTEIN_RESPONSE","Proliferation"
"EIF4H","HALLMARK_MYC_TARGETS_V1","Proliferation"
"EPB41L2","HALLMARK_APICAL_JUNCTION; HALLMARK_MITOTIC_SPINDLE","Proliferation"
"ERCC6L","HALLMARK_MITOTIC_SPINDLE","Proliferation"
"ERH","HALLMARK_MYC_TARGETS_V1","Proliferation"
"ESPL1","HALLMARK_E2F_TARGETS; HALLMARK_G2M_CHECKPOINT; HALLMARK_MITOTIC_SPINDLE","Proliferation"
"EWSR1","HALLMARK_G2M_CHECKPOINT","Proliferation"
"EXOSC7","HALLMARK_MYC_TARGETS_V1","Proliferation"
"EZR","HALLMARK_MITOTIC_SPINDLE","Proliferation"
"FANCB","HALLMARK_DNA_REPAIR;HALLMARK_G2M_CHECKPOINT","Proliferation"
"FANCE","HALLMARK_DNA_REPAIR;HALLMARK_G2M_CHECKPOINT","Proliferation"
"FANCG","HALLMARK_DNA_REPAIR;HALLMARK_G2M_CHECKPOINT","Proliferation"
"FANCM","HALLMARK_DNA_REPAIR;HALLMARK_G2M_CHECKPOINT","Proliferation"
"FARSA","HALLMARK_MYC_TARGETS_V2","Proliferation"
"FBL","HALLMARK_MYC_TARGETS_V1","Proliferation"
"FGD4","HALLMARK_MITOTIC_SPINDLE","Proliferation"
"FGD6","HALLMARK_MITOTIC_SPINDLE","Proliferation"
"FOXM1","HALLMARK_E2F_TARGETS","Proliferation"
"FOXN3","HALLMARK_G2M_CHECKPOINT","Proliferation"
"FTSJ3","HALLMARK_MYC_TARGETS_V1","Proliferation"
"GINS2","HALLMARK_ESTROGEN_RESPONSE_LATE; HALLMARK_G2M_CHECKPOINT","Proliferation"
"GNL3","HALLMARK_MYC_TARGETS_V1; HALLMARK_MYC_TARGETS_V2","Proliferation"
"GNL3L","HALLMARK_MYC_TARGETS_V1","Proliferation"
"GOT2","HALLMARK_GLYCOLYSIS; HALLMARK_MYC_TARGETS_V1; HALLMARK_OXIDATIVE_PHOSPHORYLATION","Proliferation"
"GRWD1","HALLMARK_MYC_TARGETS_V2","Proliferation"
"GSN","HALLMARK_APOPTOSIS; HALLMARK_COAGULATION; HALLMARK_MITOTIC_SPINDLE; HALLMARK_MYOGENESIS","Proliferation"
"H2AFX","HALLMARK_DNA_REPAIR;HALLMARK_E2F_TARGETS;HALLMARK_G2M_CHECKPOINT;HALLMARK_REACTIVE_OXYGEN_SPECIES_PATHWAY;HALLMARK_UV_RESPONSE_DN","Proliferation"
"HDAC6","HALLMARK_MITOTIC_SPINDLE","Proliferation"
"HDDC2","HALLMARK_MYC_TARGETS_V1","Proliferation"
"HDGF","HALLMARK_HEME_METABOLISM; HALLMARK_MYC_TARGETS_V1","Proliferation"
"HELLS","HALLMARK_E2F_TARGETS","Proliferation"
"HMGA1","HALLMARK_E2F_TARGETS; HALLMARK_G2M_CHECKPOINT","Proliferation"
"HMGB2","HALLMARK_APOPTOSIS; HALLMARK_E2F_TARGETS","Proliferation"
"HMGB3","HALLMARK_E2F_TARGETS; HALLMARK_G2M_CHECKPOINT","Proliferation"
"HMGN2","HALLMARK_G2M_CHECKPOINT","Proliferation"
"HNRNPC","HALLMARK_MYC_TARGETS_V1","Proliferation"
"HNRNPU","HALLMARK_G2M_CHECKPOINT; HALLMARK_MYC_TARGETS_V1; HALLMARK_UV_RESPONSE_UP","Proliferation"
"HOOK3","HALLMARK_MITOTIC_SPINDLE","Proliferation"
"HSP90AB1","HALLMARK_MYC_TARGETS_V1","Proliferation"
"HSPD1","HALLMARK_MTORC1_SIGNALING; HALLMARK_MYC_TARGETS_V1; HALLMARK_MYC_TARGETS_V2","Proliferation"
"HSPE1","HALLMARK_MTORC1_SIGNALING; HALLMARK_MYC_TARGETS_V1; HALLMARK_MYC_TARGETS_V2","Proliferation"
"HUS1","HALLMARK_E2F_TARGETS; HALLMARK_G2M_CHECKPOINT","Proliferation"
"IFT46","HALLMARK_MITOTIC_SPINDLE","Proliferation"
"IFT80","HALLMARK_MITOTIC_SPINDLE","Proliferation"
"ILF2","HALLMARK_MYC_TARGETS_V1","Proliferation"
"IMP4","HALLMARK_MYC_TARGETS_V2","Proliferation"
"IMPDH2","HALLMARK_DNA_REPAIR; HALLMARK_MYC_TARGETS_V1","Proliferation"
"ING3","HALLMARK_E2F_TARGETS","Proliferation"
"IPO4","HALLMARK_MYC_TARGETS_V2","Proliferation"
"ITSN1","HALLMARK_ADIPOGENESIS; HALLMARK_MITOTIC_SPINDLE","Proliferation"
"KATNB1","HALLMARK_MITOTIC_SPINDLE","Proliferation"
"KIF18B","HALLMARK_E2F_TARGETS","Proliferation"
"KIF20B","HALLMARK_G2M_CHECKPOINT; HALLMARK_MITOTIC_SPINDLE","Proliferation"
"KIF22","HALLMARK_E2F_TARGETS; HALLMARK_G2M_CHECKPOINT; HALLMARK_MITOTIC_SPINDLE","Proliferation"
"KIF2C","HALLMARK_E2F_TARGETS; HALLMARK_G2M_CHECKPOINT; HALLMARK_MITOTIC_SPINDLE; HALLMARK_SPERMATOGENESIS","Proliferation"
"KIF3A","HALLMARK_MITOTIC_SPINDLE","Proliferation"
"KIF4A","HALLMARK_E2F_TARGETS; HALLMARK_G2M_CHECKPOINT; HALLMARK_MITOTIC_SPINDLE","Proliferation"
"KLC1","HALLMARK_MITOTIC_SPINDLE","Proliferation"
"KPNA2","HALLMARK_E2F_TARGETS; HALLMARK_G2M_CHECKPOINT; HALLMARK_MYC_TARGETS_V1","Proliferation"
"KPTN","HALLMARK_MITOTIC_SPINDLE","Proliferation"
"KRR1","HALLMARK_MYC_TARGETS_V1","Proliferation"
"LATS1","HALLMARK_MITOTIC_SPINDLE","Proliferation"
"LDHA","HALLMARK_FATTY_ACID_METABOLISM; HALLMARK_GLYCOLYSIS; HALLMARK_HYPOXIA; HALLMARK_MTORC1_SIGNALING; HALLMARK_MYC_TARGETS_V1; HALLMARK_OXIDATIVE_PHOSPHORYLATION","Proliferation"
"LIG1","HALLMARK_DNA_REPAIR; HALLMARK_E2F_TARGETS","Proliferation"
"LLGL1","HALLMARK_MITOTIC_SPINDLE","Proliferation"
"LSM2","HALLMARK_MYC_TARGETS_V1","Proliferation"
"LYST","HALLMARK_MITOTIC_SPINDLE","Proliferation"
"MAD2L1","HALLMARK_E2F_TARGETS; HALLMARK_G2M_CHECKPOINT; HALLMARK_MYC_TARGETS_V1","Proliferation"
"MAD2L2","HALLMARK_G2M_CHECKPOINT;HALLMARK_MYC_TARGETS_V1","Proliferation"
"MAP3K11","HALLMARK_MITOTIC_SPINDLE","Proliferation"
"MAP3K6","HALLMARK_MYC_TARGETS_V2","Proliferation"
"MARK4","HALLMARK_MITOTIC_SPINDLE","Proliferation"
"MCM2","HALLMARK_E2F_TARGETS; HALLMARK_G2M_CHECKPOINT; HALLMARK_MTORC1_SIGNALING; HALLMARK_MYC_TARGETS_V1","Proliferation"
"MCM3","HALLMARK_E2F_TARGETS; HALLMARK_G2M_CHECKPOINT","Proliferation"
"MCM6","HALLMARK_E2F_TARGETS; HALLMARK_G2M_CHECKPOINT; HALLMARK_MYC_TARGETS_V1","Proliferation"
"MCM7","HALLMARK_E2F_TARGETS; HALLMARK_EPITHELIAL_MESENCHYMAL_TRANSITION; HALLMARK_MYC_TARGETS_V1","Proliferation"
"MCM9","HALLMARK_G2M_CHECKPOINT","Proliferation"
"MEIS1","HALLMARK_G2M_CHECKPOINT","Proliferation"
"MEIS2","HALLMARK_G2M_CHECKPOINT","Proliferation"
"MID1IP1","HALLMARK_MITOTIC_SPINDLE","Proliferation"
"MKKS","HALLMARK_MITOTIC_SPINDLE","Proliferation"
"MKS1","HALLMARK_MITOTIC_SPINDLE","Proliferation"
"MRPL23","HALLMARK_MYC_TARGETS_V1; HALLMARK_UV_RESPONSE_UP","Proliferation"
"MRPL9","HALLMARK_MYC_TARGETS_V1","Proliferation"
"MRPS18B","HALLMARK_MYC_TARGETS_V1","Proliferation"
"MRPS2","HALLMARK_MTORC1_SIGNALING;HALLMARK_MYC_TARGETS_V1;HALLMARK_OXIDATIVE_PHOSPHORYLATION","Proliferation"
"MRPS24","HALLMARK_MYC_TARGETS_V1;HALLMARK_OXIDATIVE_PHOSPHORYLATION","Proliferation"
"MRTO4","HALLMARK_MYC_TARGETS_V2","Proliferation"
"MTF2","HALLMARK_G2M_CHECKPOINT","Proliferation"
"MXD3","HALLMARK_E2F_TARGETS","Proliferation"
"MYBL2","HALLMARK_E2F_TARGETS; HALLMARK_G2M_CHECKPOINT","Proliferation"
"NCAPD2","HALLMARK_E2F_TARGETS","Proliferation"
"NCBP1","HALLMARK_MYC_TARGETS_V1","Proliferation"
"NCK2","HALLMARK_MITOTIC_SPINDLE","Proliferation"
"NCL","HALLMARK_G2M_CHECKPOINT","Proliferation"
"NDUFAB1","HALLMARK_ADIPOGENESIS; HALLMARK_MYC_TARGETS_V1; HALLMARK_OXIDATIVE_PHOSPHORYLATION","Proliferation"
"NEDD1","HALLMARK_MITOTIC_SPINDLE","Proliferation"
"NEK2","HALLMARK_G2M_CHECKPOINT; HALLMARK_MITOTIC_SPINDLE; HALLMARK_SPERMATOGENESIS","Proliferation"
"NF1","HALLMARK_APICAL_JUNCTION; HALLMARK_HEDGEHOG_SIGNALING; HALLMARK_MITOTIC_SPINDLE","Proliferation"
"NHP2","HALLMARK_MYC_TARGETS_V1; HALLMARK_UNFOLDED_PROTEIN_RESPONSE","Proliferation"
"NIN","HALLMARK_KRAS_SIGNALING_UP; HALLMARK_MITOTIC_SPINDLE","Proliferation"
"NOC4L","HALLMARK_MYC_TARGETS_V2","Proliferation"
"NOP16","HALLMARK_MYC_TARGETS_V1; HALLMARK_MYC_TARGETS_V2","Proliferation"
"NOP56","HALLMARK_E2F_TARGETS; HALLMARK_MYC_TARGETS_V1; HALLMARK_MYC_TARGETS_V2; HALLMARK_UNFOLDED_PROTEIN_RESPONSE","Proliferation"
"NUF2","HALLMARK_MITOTIC_SPINDLE","Proliferation"
"NUP153","HALLMARK_E2F_TARGETS","Proliferation"
"NUP50","HALLMARK_G2M_CHECKPOINT","Proliferation"
"NUSAP1","HALLMARK_G2M_CHECKPOINT; HALLMARK_MITOTIC_SPINDLE","Proliferation"
"OPHN1","HALLMARK_HEDGEHOG_SIGNALING; HALLMARK_MITOTIC_SPINDLE","Proliferation"
"PA2G4","HALLMARK_ANDROGEN_RESPONSE; HALLMARK_E2F_TARGETS; HALLMARK_MYC_TARGETS_V1; HALLMARK_MYC_TARGETS_V2","Proliferation"
"PAN2","HALLMARK_E2F_TARGETS","Proliferation"
"PCBP1","HALLMARK_MYC_TARGETS_V1","Proliferation"
"PCM1","HALLMARK_MITOTIC_SPINDLE","Proliferation"
"PCNA","HALLMARK_DNA_REPAIR; HALLMARK_E2F_TARGETS; HALLMARK_MYC_TARGETS_V1; HALLMARK_P53_PATHWAY","Proliferation"
"PDS5B","HALLMARK_E2F_TARGETS; HALLMARK_G2M_CHECKPOINT","Proliferation"
"PES1","HALLMARK_MYC_TARGETS_V2","Proliferation"
"PGK1","HALLMARK_GLYCOLYSIS; HALLMARK_HYPOXIA; HALLMARK_MTORC1_SIGNALING; HALLMARK_MYC_TARGETS_V1","Proliferation"
"PHB","HALLMARK_MYC_TARGETS_V1;HALLMARK_UV_RESPONSE_DN","Proliferation"
"PHF5A","HALLMARK_E2F_TARGETS","Proliferation"
"PIF1","HALLMARK_MITOTIC_SPINDLE","Proliferation"
"POLD1","HALLMARK_DNA_REPAIR; HALLMARK_E2F_TARGETS","Proliferation"
"POLD2","HALLMARK_E2F_TARGETS; HALLMARK_MYC_TARGETS_V1","Proliferation"
"POLE3","HALLMARK_MYC_TARGETS_V1; HALLMARK_UV_RESPONSE_UP","Proliferation"
"POLE4","HALLMARK_DNA_REPAIR; HALLMARK_E2F_TARGETS","Proliferation"
"POLQ","HALLMARK_G2M_CHECKPOINT","Proliferation"
"POP7","HALLMARK_E2F_TARGETS","Proliferation"
"PPAN","HALLMARK_MYC_TARGETS_V2","Proliferation"
"PPIA","HALLMARK_GLYCOLYSIS; HALLMARK_MTORC1_SIGNALING; HALLMARK_MYC_TARGETS_V1","Proliferation"
"PRC1","HALLMARK_G2M_CHECKPOINT; HALLMARK_MITOTIC_SPINDLE","Proliferation"
"PRDX3","HALLMARK_ADIPOGENESIS; HALLMARK_MYC_TARGETS_V1; HALLMARK_OXIDATIVE_PHOSPHORYLATION","Proliferation"
"PRIM2","HALLMARK_E2F_TARGETS; HALLMARK_G2M_CHECKPOINT","Proliferation"
"PRKDC","HALLMARK_E2F_TARGETS","Proliferation"
"PRMT1","HALLMARK_MYC_TARGETS_V1","Proliferation"
"PRMT5","HALLMARK_G2M_CHECKPOINT","Proliferation"
"PRPF31","HALLMARK_MYC_TARGETS_V1","Proliferation"
"PRPF4B","HALLMARK_G2M_CHECKPOINT","Proliferation"
"PSIP1","HALLMARK_E2F_TARGETS","Proliferation"
"PSMA1","HALLMARK_MYC_TARGETS_V1","Proliferation"
"PSMA4","HALLMARK_MTORC1_SIGNALING; HALLMARK_MYC_TARGETS_V1","Proliferation"
"PSMA6","HALLMARK_MYC_TARGETS_V1","Proliferation"
"PSMA7","HALLMARK_MYC_TARGETS_V1","Proliferation"
"PSMC3IP","HALLMARK_E2F_TARGETS","Proliferation"
"PSMC4","HALLMARK_GLYCOLYSIS; HALLMARK_MTORC1_SIGNALING; HALLMARK_MYC_TARGETS_V1","Proliferation"
"PSMD3","HALLMARK_MYC_TARGETS_V1","Proliferation"
"PSMD7","HALLMARK_MYC_TARGETS_V1","Proliferation"
"PSMD8","HALLMARK_MYC_TARGETS_V1","Proliferation"
"PTGES3","HALLMARK_MYC_TARGETS_V1; HALLMARK_XENOBIOTIC_METABOLISM","Proliferation"
"PURA","HALLMARK_G2M_CHECKPOINT","Proliferation"
"PWP2","HALLMARK_MYC_TARGETS_V1","Proliferation"
"RABEPK","HALLMARK_MYC_TARGETS_V2","Proliferation"
"RABGAP1","HALLMARK_MITOTIC_SPINDLE","Proliferation"
"RACGAP1","HALLMARK_E2F_TARGETS; HALLMARK_G2M_CHECKPOINT; HALLMARK_MITOTIC_SPINDLE","Proliferation"
"RAD21","HALLMARK_E2F_TARGETS; HALLMARK_G2M_CHECKPOINT","Proliferation"
"RAD50","HALLMARK_E2F_TARGETS","Proliferation"
"RAN","HALLMARK_E2F_TARGETS; HALLMARK_MYC_TARGETS_V1","Proliferation"
"RANBP1","HALLMARK_E2F_TARGETS; HALLMARK_MYC_TARGETS_V1","Proliferation"
"RANGAP1","HALLMARK_G2M_CHECKPOINT;HALLMARK_MITOTIC_SPINDLE;HALLMARK_UV_RESPONSE_DN","Proliferation"
"RASA2","HALLMARK_MITOTIC_SPINDLE; HALLMARK_UV_RESPONSE_DN","Proliferation"
"RASAL2","HALLMARK_G2M_CHECKPOINT; HALLMARK_MITOTIC_SPINDLE","Proliferation"
"RBL1","HALLMARK_G2M_CHECKPOINT","Proliferation"
"RFC2","HALLMARK_DNA_REPAIR; HALLMARK_E2F_TARGETS","Proliferation"
"RFC4","HALLMARK_DNA_REPAIR; HALLMARK_MYC_TARGETS_V1; HALLMARK_SPERMATOGENESIS; HALLMARK_UV_RESPONSE_UP","Proliferation"
"RHOT2","HALLMARK_APOPTOSIS; HALLMARK_MITOTIC_SPINDLE; HALLMARK_OXIDATIVE_PHOSPHORYLATION","Proliferation"
"RICTOR","HALLMARK_MITOTIC_SPINDLE","Proliferation"
"RNASEH2A","HALLMARK_E2F_TARGETS; HALLMARK_ESTROGEN_RESPONSE_LATE","Proliferation"
"RNPS1","HALLMARK_MYC_TARGETS_V1","Proliferation"
"ROCK1","HALLMARK_APOPTOSIS; HALLMARK_MITOTIC_SPINDLE","Proliferation"
"RPA1","HALLMARK_E2F_TARGETS; HALLMARK_MTORC1_SIGNALING","Proliferation"
"RPA2","HALLMARK_DNA_REPAIR; HALLMARK_E2F_TARGETS; HALLMARK_G2M_CHECKPOINT","Proliferation"
"RPL11","HALLMARK_MYC_TARGETS_V1","Proliferation"
"RPL12","HALLMARK_MYC_TARGETS_V1","Proliferation"
"RPL13","HALLMARK_MYC_TARGETS_V1","Proliferation"
"RPL13A","HALLMARK_MYC_TARGETS_V1","Proliferation"
"RPL14","HALLMARK_MYC_TARGETS_V1","Proliferation"
"RPL18","HALLMARK_MYC_TARGETS_V1; HALLMARK_P53_PATHWAY","Proliferation"
"RPL18A","HALLMARK_MYC_TARGETS_V1","Proliferation"
"RPL19","HALLMARK_MYC_TARGETS_V1","Proliferation"
"RPL23","HALLMARK_MYC_TARGETS_V1","Proliferation"
"RPL26","HALLMARK_MYC_TARGETS_V1","Proliferation"
"RPL27","HALLMARK_MYC_TARGETS_V1","Proliferation"
"RPL28","HALLMARK_MYC_TARGETS_V1","Proliferation"
"RPL30","HALLMARK_MYC_TARGETS_V1","Proliferation"
"RPL32","HALLMARK_MYC_TARGETS_V1","Proliferation"
"RPL34","HALLMARK_MYC_TARGETS_V1","Proliferation"
"RPL35","HALLMARK_MYC_TARGETS_V1","Proliferation"
"RPL35A","HALLMARK_MYC_TARGETS_V1","Proliferation"
"RPL4","HALLMARK_MYC_TARGETS_V1","Proliferation"
"RPL5","HALLMARK_MYC_TARGETS_V1","Proliferation"
"RPL7","HALLMARK_MYC_TARGETS_V1","Proliferation"
"RPL7A","HALLMARK_MYC_TARGETS_V1","Proliferation"
"RPLP0","HALLMARK_MYC_TARGETS_V1","Proliferation"
"RPLP1","HALLMARK_MYC_TARGETS_V1","Proliferation"
"RPLP2","HALLMARK_MYC_TARGETS_V1","Proliferation"
"RPS10","HALLMARK_MYC_TARGETS_V1","Proliferation"
"RPS13","HALLMARK_MTORC1_SIGNALING;HALLMARK_MYC_TARGETS_V1","Proliferation"
"RPS15","HALLMARK_MYC_TARGETS_V1","Proliferation"
"RPS16","HALLMARK_MTORC1_SIGNALING;HALLMARK_MYC_TARGETS_V1","Proliferation"
"RPS18","HALLMARK_MTORC1_SIGNALING;HALLMARK_MYC_TARGETS_V1","Proliferation"
"RPS2","HALLMARK_MYC_TARGETS_V1","Proliferation"
"RPS20","HALLMARK_MTORC1_SIGNALING;HALLMARK_MYC_TARGETS_V1","Proliferation"
"RPS21","HALLMARK_MTORC1_SIGNALING;HALLMARK_MYC_TARGETS_V1","Proliferation"
"RPS25","HALLMARK_MTORC1_SIGNALING;HALLMARK_MYC_TARGETS_V1","Proliferation"
"RPS27A","HALLMARK_MYC_TARGETS_V1;HALLMARK_UV_RESPONSE_DN","Proliferation"
"RPS3","HALLMARK_MYC_TARGETS_V1","Proliferation"
"RPS5","HALLMARK_MYC_TARGETS_V1","Proliferation"
"RPS6","HALLMARK_MYC_TARGETS_V1","Proliferation"
"RPS6KA5","HALLMARK_G2M_CHECKPOINT","Proliferation"
"RPS7","HALLMARK_MTORC1_SIGNALING;HALLMARK_MYC_TARGETS_V1","Proliferation"
"RPS8","HALLMARK_MTORC1_SIGNALING;HALLMARK_MYC_TARGETS_V1","Proliferation"
"RRP12","HALLMARK_ANDROGEN_RESPONSE; HALLMARK_ESTROGEN_RESPONSE_EARLY; HALLMARK_MYC_TARGETS_V2","Proliferation"
"RRP9","HALLMARK_MTORC1_SIGNALING; HALLMARK_MYC_TARGETS_V1; HALLMARK_MYC_TARGETS_V2; HALLMARK_UNFOLDED_PROTEIN_RESPONSE","Proliferation"
"RUVBL2","HALLMARK_MYC_TARGETS_V1","Proliferation"
"SAC3D1","HALLMARK_DNA_REPAIR; HALLMARK_MITOTIC_SPINDLE","Proliferation"
"SAP30","HALLMARK_G2M_CHECKPOINT; HALLMARK_GLYCOLYSIS; HALLMARK_HYPOXIA; HALLMARK_NOTCH_SIGNALING","Proliferation"
"SASS6","HALLMARK_MITOTIC_SPINDLE","Proliferation"
"SF3B2","HALLMARK_MYC_TARGETS_V1;HALLMARK_MYC_TARGETS_V2","Proliferation"
"SF3B4","HALLMARK_MYC_TARGETS_V1","Proliferation"
"SFPQ","HALLMARK_G2M_CHECKPOINT","Proliferation"
"SLBP","HALLMARK_E2F_TARGETS","Proliferation"
"SLC19A1","HALLMARK_ADIPOGENESIS; HALLMARK_MYC_TARGETS_V2","Proliferation"
"SLC25A3","HALLMARK_MYC_TARGETS_V1; HALLMARK_OXIDATIVE_PHOSPHORYLATION","Proliferation"
"SLC7A5","HALLMARK_ESTROGEN_RESPONSE_EARLY; HALLMARK_ESTROGEN_RESPONSE_LATE; HALLMARK_G2M_CHECKPOINT; HALLMARK_MTORC1_SIGNALING; HALLMARK_UNFOLDED_PROTEIN_RESPONSE","Proliferation"
"SMC2","HALLMARK_G2M_CHECKPOINT","Proliferation"
"SMC4","HALLMARK_E2F_TARGETS; HALLMARK_G2M_CHECKPOINT; HALLMARK_MITOTIC_SPINDLE","Proliferation"
"SNRPA","HALLMARK_MYC_TARGETS_V1","Proliferation"
"SNRPA1","HALLMARK_MYC_TARGETS_V1","Proliferation"
"SNRPB","HALLMARK_E2F_TARGETS","Proliferation"
"SNRPD1","HALLMARK_G2M_CHECKPOINT; HALLMARK_MYC_TARGETS_V1","Proliferation"
"SNRPD2","HALLMARK_MYC_TARGETS_V1","Proliferation"
"SNRPD3","HALLMARK_MYC_TARGETS_V1","Proliferation"
"SNRPG","HALLMARK_MYC_TARGETS_V1","Proliferation"
"SNW1","HALLMARK_MYC_TARGETS_V1;HALLMARK_NOTCH_SIGNALING;HALLMARK_TGF_BETA_SIGNALING","Proliferation"
"SORD","HALLMARK_ANDROGEN_RESPONSE; HALLMARK_ESTROGEN_RESPONSE_LATE; HALLMARK_MTORC1_SIGNALING; HALLMARK_MYC_TARGETS_V2","Proliferation"
"SOS1","HALLMARK_MITOTIC_SPINDLE","Proliferation"
"SPAG5","HALLMARK_E2F_TARGETS","Proliferation"
"SPTBN1","HALLMARK_MITOTIC_SPINDLE; HALLMARK_TGF_BETA_SIGNALING","Proliferation"
"SRM","HALLMARK_MYC_TARGETS_V1; HALLMARK_MYC_TARGETS_V2","Proliferation"
"SS18","HALLMARK_G2M_CHECKPOINT","Proliferation"
"SSB","HALLMARK_MYC_TARGETS_V1","Proliferation"
"SSH2","HALLMARK_MITOTIC_SPINDLE","Proliferation"
"SSRP1","HALLMARK_DNA_REPAIR; HALLMARK_E2F_TARGETS","Proliferation"
"STAG1","HALLMARK_E2F_TARGETS; HALLMARK_G2M_CHECKPOINT","Proliferation"
"STK11","HALLMARK_MITOTIC_SPINDLE;HALLMARK_PI3K_AKT_MTOR_SIGNALING","Proliferation"
"STK38L","HALLMARK_MITOTIC_SPINDLE","Proliferation"
"STMN1","HALLMARK_E2F_TARGETS; HALLMARK_G2M_CHECKPOINT; HALLMARK_GLYCOLYSIS","Proliferation"
"STOML2","HALLMARK_MYC_TARGETS_V1","Proliferation"
"SUN2","HALLMARK_MITOTIC_SPINDLE","Proliferation"
"SYNCRIP","HALLMARK_E2F_TARGETS; HALLMARK_G2M_CHECKPOINT; HALLMARK_MYC_TARGETS_V1","Proliferation"
"TACC3","HALLMARK_E2F_TARGETS; HALLMARK_G2M_CHECKPOINT","Proliferation"
"TBCD","HALLMARK_MITOTIC_SPINDLE","Proliferation"
"TBRG4","HALLMARK_E2F_TARGETS; HALLMARK_MYC_TARGETS_V2","Proliferation"
"TCOF1","HALLMARK_MYC_TARGETS_V2","Proliferation"
"TCP1","HALLMARK_MYC_TARGETS_V1","Proliferation"
"TFB2M","HALLMARK_MYC_TARGETS_V2","Proliferation"
"TIMELESS","HALLMARK_E2F_TARGETS","Proliferation"
"TK1","HALLMARK_E2F_TARGETS","Proliferation"
"TLK1","HALLMARK_MITOTIC_SPINDLE","Proliferation"
"TOP2A","HALLMARK_APOPTOSIS; HALLMARK_E2F_TARGETS; HALLMARK_ESTROGEN_RESPONSE_LATE; HALLMARK_G2M_CHECKPOINT; HALLMARK_MITOTIC_SPINDLE; HALLMARK_PEROXISOME","Proliferation"
"TPX2","HALLMARK_G2M_CHECKPOINT; HALLMARK_MITOTIC_SPINDLE","Proliferation"
"TRA2B","HALLMARK_E2F_TARGETS; HALLMARK_G2M_CHECKPOINT; HALLMARK_MYC_TARGETS_V1","Proliferation"
"TRIM28","HALLMARK_MYC_TARGETS_V1","Proliferation"
"TRIO","HALLMARK_MITOTIC_SPINDLE","Proliferation"
"TROAP","HALLMARK_G2M_CHECKPOINT","Proliferation"
"TSC1","HALLMARK_APICAL_JUNCTION; HALLMARK_MITOTIC_SPINDLE","Proliferation"
"TUBB","HALLMARK_E2F_TARGETS","Proliferation"
"TUBGCP2","HALLMARK_MITOTIC_SPINDLE","Proliferation"
"TUFM","HALLMARK_MYC_TARGETS_V1","Proliferation"
"TXNL4A","HALLMARK_MYC_TARGETS_V1","Proliferation"
"TYMS","HALLMARK_DNA_REPAIR; HALLMARK_MYC_TARGETS_V1","Proliferation"
"UBE2C","HALLMARK_G2M_CHECKPOINT","Proliferation"
"UBE2L3","HALLMARK_MYC_TARGETS_V1","Proliferation"
"UBE2S","HALLMARK_E2F_TARGETS; HALLMARK_G2M_CHECKPOINT","Proliferation"
"UNG","HALLMARK_E2F_TARGETS; HALLMARK_MTORC1_SIGNALING; HALLMARK_MYC_TARGETS_V2","Proliferation"
"UPF1","HALLMARK_G2M_CHECKPOINT","Proliferation"
"UTP18","HALLMARK_MYC_TARGETS_V1","Proliferation"
"VCL","HALLMARK_APICAL_JUNCTION; HALLMARK_MITOTIC_SPINDLE","Proliferation"
"VDAC1","HALLMARK_MYC_TARGETS_V1; HALLMARK_OXIDATIVE_PHOSPHORYLATION","Proliferation"
"VDAC3","HALLMARK_MYC_TARGETS_V1; HALLMARK_OXIDATIVE_PHOSPHORYLATION; HALLMARK_SPERMATOGENESIS","Proliferation"
"WDR43","HALLMARK_MYC_TARGETS_V2","Proliferation"
"WDR46","HALLMARK_MYC_TARGETS_V1","Proliferation"
"WDR74","HALLMARK_MYC_TARGETS_V2","Proliferation"
"WDR90","HALLMARK_E2F_TARGETS","Proliferation"
"WEE1","HALLMARK_APOPTOSIS; HALLMARK_E2F_TARGETS","Proliferation"
"WRN","HALLMARK_G2M_CHECKPOINT","Proliferation"
"XRCC6","HALLMARK_ANDROGEN_RESPONSE; HALLMARK_E2F_TARGETS; HALLMARK_MYC_TARGETS_V1","Proliferation"
"YWHAE","HALLMARK_MITOTIC_SPINDLE; HALLMARK_MYC_TARGETS_V1","Proliferation"
"ZNF148","HALLMARK_MYC_TARGETS_V1","Proliferation"
"AAAS","HALLMARK_DNA_REPAIR","Stress_Response"
"ABHD4","HALLMARK_P53_PATHWAY","Stress_Response"
"ABTB1","HALLMARK_P53_PATHWAY","Stress_Response"
"AGGF1","HALLMARK_UV_RESPONSE_DN","Stress_Response"
"AK1","HALLMARK_DNA_REPAIR; HALLMARK_MYOGENESIS; HALLMARK_P53_PATHWAY","Stress_Response"
"ANKH","HALLMARK_ANDROGEN_RESPONSE; HALLMARK_APOPTOSIS; HALLMARK_KRAS_SIGNALING_UP","Stress_Response"
"AP2S1","HALLMARK_PROTEIN_SECRETION; HALLMARK_UV_RESPONSE_UP","Stress_Response"
"APLF","HALLMARK_DNA_REPAIR","Stress_Response"
"APP","HALLMARK_ANGIOGENESIS; HALLMARK_APICAL_SURFACE; HALLMARK_APOPTOSIS; HALLMARK_MYOGENESIS; HALLMARK_P53_PATHWAY","Stress_Response"
"APRT","HALLMARK_DNA_REPAIR","Stress_Response"
"APTX","HALLMARK_DNA_REPAIR","Stress_Response"
"ARFGAP1","HALLMARK_UNFOLDED_PROTEIN_RESPONSE","Stress_Response"
"ARL6IP1","HALLMARK_DNA_REPAIR","Stress_Response"
"ARPC4","HALLMARK_UV_RESPONSE_DN","Stress_Response"
"ATF4","HALLMARK_UNFOLDED_PROTEIN_RESPONSE","Stress_Response"
"ATF6","HALLMARK_UNFOLDED_PROTEIN_RESPONSE","Stress_Response"
"ATM","HALLMARK_DNA_REPAIR;HALLMARK_P53_PATHWAY","Stress_Response"
"ATP6V0D1","HALLMARK_UNFOLDED_PROTEIN_RESPONSE","Stress_Response"
"ATR","HALLMARK_DNA_REPAIR","Stress_Response"
"BAD","HALLMARK_APOPTOSIS","Stress_Response"
"BAG3","HALLMARK_UNFOLDED_PROTEIN_RESPONSE","Stress_Response"
"BAIAP2","HALLMARK_APICAL_JUNCTION; HALLMARK_P53_PATHWAY","Stress_Response"
"BANF1","HALLMARK_UNFOLDED_PROTEIN_RESPONSE","Stress_Response"
"BAP1","HALLMARK_DNA_REPAIR","Stress_Response"
"BCAP31","HALLMARK_APOPTOSIS; HALLMARK_DNA_REPAIR","Stress_Response"
"BDNF","HALLMARK_EPITHELIAL_MESENCHYMAL_TRANSITION; HALLMARK_UV_RESPONSE_DN","Stress_Response"
"BFAR","HALLMARK_APOPTOSIS","Stress_Response"
"BID","HALLMARK_APOPTOSIS; HALLMARK_UV_RESPONSE_UP","Stress_Response"
"BOLA2","HALLMARK_DNA_REPAIR","Stress_Response"
"CACNA1A","HALLMARK_UV_RESPONSE_DN","Stress_Response"
"CALR","HALLMARK_MTORC1_SIGNALING; HALLMARK_PI3K_AKT_MTOR_SIGNALING; HALLMARK_UNFOLDED_PROTEIN_RESPONSE","Stress_Response"
"CARS","HALLMARK_MTORC1_SIGNALING;HALLMARK_UNFOLDED_PROTEIN_RESPONSE","Stress_Response"
"CDC34","HALLMARK_UV_RESPONSE_UP","Stress_Response"
"CDK13","HALLMARK_UV_RESPONSE_DN","Stress_Response"
"CDK5","HALLMARK_UV_RESPONSE_DN","Stress_Response"
"CDKN2B","HALLMARK_P53_PATHWAY; HALLMARK_UV_RESPONSE_UP","Stress_Response"
"CDKN2D","HALLMARK_REACTIVE_OXYGEN_SPECIES_PATHWAY","Stress_Response"
"CELF2","HALLMARK_UV_RESPONSE_DN","Stress_Response"
"CETN2","HALLMARK_DNA_REPAIR","Stress_Response"
"CHMP4B","HALLMARK_UV_RESPONSE_DN","Stress_Response"
"CLCN2","HALLMARK_UV_RESPONSE_UP","Stress_Response"
"CLTB","HALLMARK_UV_RESPONSE_UP","Stress_Response"
"CNO","HALLMARK_UV_RESPONSE_DN","Stress_Response"
"CNOT4","HALLMARK_UNFOLDED_PROTEIN_RESPONSE","Stress_Response"
"COL11A1","HALLMARK_EPITHELIAL_MESENCHYMAL_TRANSITION; HALLMARK_UV_RESPONSE_DN","Stress_Response"
"CREBBP","HALLMARK_APOPTOSIS","Stress_Response"
"CTSF","HALLMARK_P53_PATHWAY","Stress_Response"
"CXXC1","HALLMARK_UNFOLDED_PROTEIN_RESPONSE","Stress_Response"
"CYB5R1","HALLMARK_UV_RESPONSE_UP","Stress_Response"
"CYLD","HALLMARK_APOPTOSIS","Stress_Response"
"DAB2","HALLMARK_EPITHELIAL_MESENCHYMAL_TRANSITION; HALLMARK_UV_RESPONSE_DN","Stress_Response"
"DAP3","HALLMARK_APOPTOSIS","Stress_Response"
"DCLRE1A","HALLMARK_DNA_REPAIR","Stress_Response"
"DCLRE1C","HALLMARK_DNA_REPAIR","Stress_Response"
"DCP2","HALLMARK_UNFOLDED_PROTEIN_RESPONSE","Stress_Response"
"DCTN1","HALLMARK_UNFOLDED_PROTEIN_RESPONSE","Stress_Response"
"DDX10","HALLMARK_UNFOLDED_PROTEIN_RESPONSE","Stress_Response"
"DGUOK","HALLMARK_DNA_REPAIR","Stress_Response"
"DLC1","HALLMARK_ESTROGEN_RESPONSE_EARLY; HALLMARK_UV_RESPONSE_DN","Stress_Response"
"DNAJA1","HALLMARK_APOPTOSIS; HALLMARK_UV_RESPONSE_UP","Stress_Response"
"DNAJA4","HALLMARK_UNFOLDED_PROTEIN_RESPONSE","Stress_Response"
"DNAJB1","HALLMARK_UV_RESPONSE_UP","Stress_Response"
"DNAJC10","HALLMARK_PROTEIN_SECRETION;HALLMARK_UNFOLDED_PROTEIN_RESPONSE","Stress_Response"
"DNAJC3","HALLMARK_APOPTOSIS; HALLMARK_UNFOLDED_PROTEIN_RESPONSE","Stress_Response"
"DNM1L","HALLMARK_APOPTOSIS; HALLMARK_PROTEIN_SECRETION","Stress_Response"
"DYRK1A","HALLMARK_UV_RESPONSE_DN","Stress_Response"
"EDC4","HALLMARK_UNFOLDED_PROTEIN_RESPONSE","Stress_Response"
"EDEM1","HALLMARK_MTORC1_SIGNALING; HALLMARK_UNFOLDED_PROTEIN_RESPONSE","Stress_Response"
"EDEM3","HALLMARK_UNFOLDED_PROTEIN_RESPONSE","Stress_Response"
"EDF1","HALLMARK_DNA_REPAIR","Stress_Response"
"EGLN2","HALLMARK_REACTIVE_OXYGEN_SPECIES_PATHWAY","Stress_Response"
"EI24","HALLMARK_P53_PATHWAY","Stress_Response"
"EIF2AK3","HALLMARK_UNFOLDED_PROTEIN_RESPONSE","Stress_Response"
"EIF4A3","HALLMARK_UNFOLDED_PROTEIN_RESPONSE","Stress_Response"
"EIF4EBP1","HALLMARK_UNFOLDED_PROTEIN_RESPONSE","Stress_Response"
"ERBB2","HALLMARK_APOPTOSIS; HALLMARK_UV_RESPONSE_DN","Stress_Response"
"ERCC2","HALLMARK_DNA_REPAIR; HALLMARK_REACTIVE_OXYGEN_SPECIES_PATHWAY","Stress_Response"
"ERCC4","HALLMARK_DNA_REPAIR","Stress_Response"
"ERCC6","HALLMARK_DNA_REPAIR","Stress_Response"
"ERCC8","HALLMARK_DNA_REPAIR","Stress_Response"
"ERN1","HALLMARK_UNFOLDED_PROTEIN_RESPONSE","Stress_Response"
"ETV6","HALLMARK_APOPTOSIS","Stress_Response"
"EXOSC4","HALLMARK_UNFOLDED_PROTEIN_RESPONSE","Stress_Response"
"FBXW7","HALLMARK_P53_PATHWAY","Stress_Response"
"FTL","HALLMARK_REACTIVE_OXYGEN_SPECIES_PATHWAY","Stress_Response"
"FUS","HALLMARK_UNFOLDED_PROTEIN_RESPONSE","Stress_Response"
"GDI1","HALLMARK_UV_RESPONSE_DN","Stress_Response"
"GGH","HALLMARK_UV_RESPONSE_UP","Stress_Response"
"GLS","HALLMARK_UV_RESPONSE_UP","Stress_Response"
"GLS2","HALLMARK_P53_PATHWAY","Stress_Response"
"GM2A","HALLMARK_P53_PATHWAY","Stress_Response"
"GMPR2","HALLMARK_DNA_REPAIR","Stress_Response"
"GOSR2","HALLMARK_PROTEIN_SECRETION; HALLMARK_UNFOLDED_PROTEIN_RESPONSE","Stress_Response"
"GPX1","HALLMARK_APOPTOSIS","Stress_Response"
"GPX2","HALLMARK_P53_PATHWAY","Stress_Response"
"GRINA","HALLMARK_UV_RESPONSE_UP","Stress_Response"
"GTF2F1","HALLMARK_APICAL_JUNCTION; HALLMARK_DNA_REPAIR","Stress_Response"
"GTF2H1","HALLMARK_DNA_REPAIR; HALLMARK_MTORC1_SIGNALING","Stress_Response"
"GTF2H4","HALLMARK_DNA_REPAIR","Stress_Response"
"GTF2H5","HALLMARK_DNA_REPAIR","Stress_Response"
"GTF3C5","HALLMARK_DNA_REPAIR; HALLMARK_KRAS_SIGNALING_DN","Stress_Response"
"GUK1","HALLMARK_DNA_REPAIR","Stress_Response"
"H1F0","HALLMARK_P53_PATHWAY","Stress_Response"
"HDAC3","HALLMARK_P53_PATHWAY","Stress_Response"
"HINT1","HALLMARK_P53_PATHWAY","Stress_Response"
"HMOX2","HALLMARK_REACTIVE_OXYGEN_SPECIES_PATHWAY","Stress_Response"
"HSP90B1","HALLMARK_MTORC1_SIGNALING; HALLMARK_PI3K_AKT_MTOR_SIGNALING; HALLMARK_UNFOLDED_PROTEIN_RESPONSE","Stress_Response"
"HSPA1B","HALLMARK_REACTIVE_OXYGEN_SPECIES_PATHWAY","Stress_Response"
"HSPA2","HALLMARK_SPERMATOGENESIS; HALLMARK_UV_RESPONSE_UP","Stress_Response"
"HSPB1","HALLMARK_APICAL_SURFACE; HALLMARK_APOPTOSIS","Stress_Response"
"HYAL2","HALLMARK_UV_RESPONSE_UP","Stress_Response"
"HYOU1","HALLMARK_UNFOLDED_PROTEIN_RESPONSE","Stress_Response"
"ILK","HALLMARK_APOPTOSIS;HALLMARK_PI3K_AKT_MTOR_SIGNALING;HALLMARK_UV_RESPONSE_UP","Stress_Response"
"INPP4B","HALLMARK_ANDROGEN_RESPONSE; HALLMARK_UV_RESPONSE_DN","Stress_Response"
"IP6K2","HALLMARK_P53_PATHWAY","Stress_Response"
"IRAK1","HALLMARK_P53_PATHWAY","Stress_Response"
"IRS1","HALLMARK_APICAL_JUNCTION; HALLMARK_UV_RESPONSE_DN","Stress_Response"
"ITPA","HALLMARK_DNA_REPAIR","Stress_Response"
"JAG2","HALLMARK_ANGIOGENESIS; HALLMARK_P53_PATHWAY; HALLMARK_WNT_BETA_CATENIN_SIGNALING","Stress_Response"
"JMY","HALLMARK_APOPTOSIS;HALLMARK_P53_PATHWAY","Stress_Response"
"KALRN","HALLMARK_UV_RESPONSE_DN","Stress_Response"
"KCNH2","HALLMARK_APICAL_JUNCTION; HALLMARK_MYOGENESIS; HALLMARK_UV_RESPONSE_UP","Stress_Response"
"KCNMA1","HALLMARK_UV_RESPONSE_DN","Stress_Response"
"KHSRP","HALLMARK_UNFOLDED_PROTEIN_RESPONSE","Stress_Response"
"KIF13B","HALLMARK_P53_PATHWAY","Stress_Response"
"KIFC1","HALLMARK_UV_RESPONSE_DN","Stress_Response"
"KLHDC3","HALLMARK_UV_RESPONSE_UP","Stress_Response"
"LIG4","HALLMARK_DNA_REPAIR","Stress_Response"
"LMNA","HALLMARK_APOPTOSIS","Stress_Response"
"LRDD","HALLMARK_P53_PATHWAY","Stress_Response"
"LSM1","HALLMARK_UNFOLDED_PROTEIN_RESPONSE","Stress_Response"
"LSM4","HALLMARK_UNFOLDED_PROTEIN_RESPONSE","Stress_Response"
"MAGI2","HALLMARK_UV_RESPONSE_DN","Stress_Response"
"MAGOH","HALLMARK_UV_RESPONSE_DN","Stress_Response"
"MALAT1","HALLMARK_P53_PATHWAY","Stress_Response"
"MAP1B","HALLMARK_UV_RESPONSE_DN","Stress_Response"
"MAP2K2","HALLMARK_PI3K_AKT_MTOR_SIGNALING;HALLMARK_UV_RESPONSE_DN","Stress_Response"
"MARK2","HALLMARK_UV_RESPONSE_UP","Stress_Response"
"MBP","HALLMARK_REACTIVE_OXYGEN_SPECIES_PATHWAY","Stress_Response"
"MDM2","HALLMARK_P53_PATHWAY","Stress_Response"
"MGAT1","HALLMARK_UV_RESPONSE_UP","Stress_Response"
"MKNK2","HALLMARK_P53_PATHWAY; HALLMARK_PI3K_AKT_MTOR_SIGNALING","Stress_Response"
"MLH3","HALLMARK_DNA_REPAIR","Stress_Response"
"MMP16","HALLMARK_UV_RESPONSE_DN","Stress_Response"
"MMS19","HALLMARK_DNA_REPAIR","Stress_Response"
"MPG","HALLMARK_DNA_REPAIR","Stress_Response"
"MRPL40","HALLMARK_DNA_REPAIR","Stress_Response"
"MSH3","HALLMARK_DNA_REPAIR","Stress_Response"
"MSRA","HALLMARK_REACTIVE_OXYGEN_SPECIES_PATHWAY","Stress_Response"
"MTA1","HALLMARK_UV_RESPONSE_DN","Stress_Response"
"MUTYH","HALLMARK_DNA_REPAIR","Stress_Response"
"MXD4","HALLMARK_P53_PATHWAY","Stress_Response"
"NAIP","HALLMARK_APOPTOSIS","Stress_Response"
"NFIB","HALLMARK_UV_RESPONSE_DN","Stress_Response"
"NFX1","HALLMARK_DNA_REPAIR","Stress_Response"
"NIPBL","HALLMARK_UV_RESPONSE_DN","Stress_Response"
"NME3","HALLMARK_DNA_REPAIR","Stress_Response"
"NME4","HALLMARK_DNA_REPAIR","Stress_Response"
"NT5C","HALLMARK_DNA_REPAIR","Stress_Response"
"NUDT9","HALLMARK_DNA_REPAIR","Stress_Response"
"NUP214","HALLMARK_UV_RESPONSE_DN","Stress_Response"
"NUPR1","HALLMARK_MTORC1_SIGNALING; HALLMARK_P53_PATHWAY","Stress_Response"
"OS9","HALLMARK_UNFOLDED_PROTEIN_RESPONSE","Stress_Response"
"P4HB","HALLMARK_UNFOLDED_PROTEIN_RESPONSE","Stress_Response"
"PAIP1","HALLMARK_UNFOLDED_PROTEIN_RESPONSE","Stress_Response"
"PAK1","HALLMARK_APOPTOSIS","Stress_Response"
"PARP1","HALLMARK_DNA_REPAIR","Stress_Response"
"PDAP1","HALLMARK_MTORC1_SIGNALING; HALLMARK_UV_RESPONSE_UP","Stress_Response"
"PDIA3","HALLMARK_PROTEIN_SECRETION;HALLMARK_UNFOLDED_PROTEIN_RESPONSE","Stress_Response"
"PDIA4","HALLMARK_PROTEIN_SECRETION;HALLMARK_UNFOLDED_PROTEIN_RESPONSE","Stress_Response"
"PHF3","HALLMARK_UV_RESPONSE_DN","Stress_Response"
"PLCL1","HALLMARK_UV_RESPONSE_UP","Stress_Response"
"PMS1","HALLMARK_DNA_REPAIR","Stress_Response"
"PNKP","HALLMARK_DNA_REPAIR","Stress_Response"
"POLA1","HALLMARK_DNA_REPAIR","Stress_Response"
"POLD4","HALLMARK_DNA_REPAIR","Stress_Response"
"POLG","HALLMARK_DNA_REPAIR","Stress_Response"
"POLG2","HALLMARK_UV_RESPONSE_UP","Stress_Response"
"POLH","HALLMARK_DNA_REPAIR; HALLMARK_P53_PATHWAY","Stress_Response"
"POLK","HALLMARK_DNA_REPAIR","Stress_Response"
"POLR1C","HALLMARK_DNA_REPAIR","Stress_Response"
"POLR1D","HALLMARK_DNA_REPAIR","Stress_Response"
"POLR2A","HALLMARK_DNA_REPAIR","Stress_Response"
"POLR2C","HALLMARK_DNA_REPAIR","Stress_Response"
"POLR2E","HALLMARK_DNA_REPAIR","Stress_Response"
"POLR2G","HALLMARK_DNA_REPAIR","Stress_Response"
"POLR2H","HALLMARK_DNA_REPAIR; HALLMARK_UV_RESPONSE_UP","Stress_Response"
"POLR2I","HALLMARK_DNA_REPAIR","Stress_Response"
"POLR2J","HALLMARK_DNA_REPAIR","Stress_Response"
"POLR2L","HALLMARK_MTORC1_SIGNALING;HALLMARK_UV_RESPONSE_DN","Stress_Response"
"PRDM2","HALLMARK_UV_RESPONSE_DN","Stress_Response"
"PRKAB1","HALLMARK_P53_PATHWAY","Stress_Response"
"PRKACA","HALLMARK_UV_RESPONSE_UP","Stress_Response"
"PSMC3","HALLMARK_UV_RESPONSE_UP","Stress_Response"
"PTBP1","HALLMARK_UV_RESPONSE_DN","Stress_Response"
"PTPN13","HALLMARK_APOPTOSIS","Stress_Response"
"PTPN14","HALLMARK_P53_PATHWAY","Stress_Response"
"RAB40C","HALLMARK_P53_PATHWAY","Stress_Response"
"RAD18","HALLMARK_DNA_REPAIR","Stress_Response"
"RAD9A","HALLMARK_P53_PATHWAY","Stress_Response"
"RAE1","HALLMARK_DNA_REPAIR","Stress_Response"
"RAP2B","HALLMARK_P53_PATHWAY","Stress_Response"
"RBX1","HALLMARK_DNA_REPAIR; HALLMARK_NOTCH_SIGNALING","Stress_Response"
"REV3L","HALLMARK_DNA_REPAIR","Stress_Response"
"RIF1","HALLMARK_DNA_REPAIR","Stress_Response"
"RND3","HALLMARK_UV_RESPONSE_DN","Stress_Response"
"RNMT","HALLMARK_DNA_REPAIR","Stress_Response"
"RPL36","HALLMARK_P53_PATHWAY","Stress_Response"
"RPN1","HALLMARK_MTORC1_SIGNALING; HALLMARK_UV_RESPONSE_UP","Stress_Response"
"RPN2","HALLMARK_PROTEIN_SECRETION;HALLMARK_UNFOLDED_PROTEIN_RESPONSE","Stress_Response"
"RPS12","HALLMARK_P53_PATHWAY","Stress_Response"
"RPS14","HALLMARK_UNFOLDED_PROTEIN_RESPONSE","Stress_Response"
"RRP8","HALLMARK_P53_PATHWAY","Stress_Response"
"RUNX1","HALLMARK_UV_RESPONSE_DN","Stress_Response"
"RUNX2","HALLMARK_UV_RESPONSE_UP","Stress_Response"
"RXRB","HALLMARK_UV_RESPONSE_UP","Stress_Response"
"SATB1","HALLMARK_APOPTOSIS; HALLMARK_KRAS_SIGNALING_UP","Stress_Response"
"SBNO2","HALLMARK_REACTIVE_OXYGEN_SPECIES_PATHWAY","Stress_Response"
"SCN8A","HALLMARK_UV_RESPONSE_DN","Stress_Response"
"SEL1L","HALLMARK_MTORC1_SIGNALING;HALLMARK_UNFOLDED_PROTEIN_RESPONSE","Stress_Response"
"SELS","HALLMARK_PROTEIN_SECRETION;HALLMARK_REACTIVE_OXYGEN_SPECIES_PATHWAY","Stress_Response"
"SERTAD3","HALLMARK_P53_PATHWAY","Stress_Response"
"SETMAR","HALLMARK_DNA_REPAIR","Stress_Response"
"SHC1","HALLMARK_APICAL_JUNCTION; HALLMARK_UNFOLDED_PROTEIN_RESPONSE","Stress_Response"
"SHOX2","HALLMARK_KRAS_SIGNALING_DN; HALLMARK_UV_RESPONSE_UP","Stress_Response"
"SIGMAR1","HALLMARK_UV_RESPONSE_UP","Stress_Response"
"SIPA1L1","HALLMARK_UV_RESPONSE_DN","Stress_Response"
"SLC19A2","HALLMARK_ESTROGEN_RESPONSE_EARLY; HALLMARK_P53_PATHWAY","Stress_Response"
"SLC20A1","HALLMARK_APOPTOSIS; HALLMARK_TGF_BETA_SIGNALING","Stress_Response"
"SLC3A2","HALLMARK_P53_PATHWAY","Stress_Response"
"SMPD1","HALLMARK_APOPTOSIS","Stress_Response"
"SP1","HALLMARK_P53_PATHWAY","Stress_Response"
"SPOP","HALLMARK_UV_RESPONSE_DN","Stress_Response"
"SPR","HALLMARK_UV_RESPONSE_UP","Stress_Response"
"SRXN1","HALLMARK_REACTIVE_OXYGEN_SPECIES_PATHWAY","Stress_Response"
"SSR1","HALLMARK_MTORC1_SIGNALING; HALLMARK_UNFOLDED_PROTEIN_RESPONSE","Stress_Response"
"ST14","HALLMARK_ESTROGEN_RESPONSE_LATE; HALLMARK_P53_PATHWAY","Stress_Response"
"STARD3","HALLMARK_UV_RESPONSE_UP","Stress_Response"
"STIP1","HALLMARK_MTORC1_SIGNALING; HALLMARK_UV_RESPONSE_UP","Stress_Response"
"STK25","HALLMARK_REACTIVE_OXYGEN_SPECIES_PATHWAY; HALLMARK_UV_RESPONSE_UP","Stress_Response"
"SUPT4H1","HALLMARK_DNA_REPAIR","Stress_Response"
"SUPT5H","HALLMARK_DNA_REPAIR","Stress_Response"
"SYNE1","HALLMARK_UV_RESPONSE_DN","Stress_Response"
"SYNJ2","HALLMARK_UV_RESPONSE_DN","Stress_Response"
"SYVN1","HALLMARK_UNFOLDED_PROTEIN_RESPONSE","Stress_Response"
"TAF10","HALLMARK_DNA_REPAIR","Stress_Response"
"TAF1C","HALLMARK_DNA_REPAIR","Stress_Response"
"TAF6","HALLMARK_DNA_REPAIR","Stress_Response"
"TAF9","HALLMARK_DNA_REPAIR","Stress_Response"
"TARBP2","HALLMARK_DNA_REPAIR","Stress_Response"
"TAX1BP3","HALLMARK_P53_PATHWAY","Stress_Response"
"TGFBR3","HALLMARK_APOPTOSIS; HALLMARK_EPITHELIAL_MESENCHYMAL_TRANSITION; HALLMARK_UV_RESPONSE_DN","Stress_Response"
"TJP1","HALLMARK_APICAL_JUNCTION; HALLMARK_TGF_BETA_SIGNALING; HALLMARK_UV_RESPONSE_DN","Stress_Response"
"TP63","HALLMARK_P53_PATHWAY","Stress_Response"
"TRAF4","HALLMARK_P53_PATHWAY","Stress_Response"
"TRAP1","HALLMARK_APOPTOSIS","Stress_Response"
"TRIAP1","HALLMARK_P53_PATHWAY","Stress_Response"
"TSG101","HALLMARK_DNA_REPAIR; HALLMARK_PROTEIN_SECRETION","Stress_Response"
"TXNRD2","HALLMARK_REACTIVE_OXYGEN_SPECIES_PATHWAY","Stress_Response"
"TYRO3","HALLMARK_UV_RESPONSE_UP","Stress_Response"
"USP11","HALLMARK_COAGULATION; HALLMARK_DNA_REPAIR","Stress_Response"
"VCP","HALLMARK_DNA_REPAIR;HALLMARK_PROTEIN_SECRETION;HALLMARK_UNFOLDED_PROTEIN_RESPONSE;HALLMARK_UV_RESPONSE_DN","Stress_Response"
"VPS28","HALLMARK_DNA_REPAIR","Stress_Response"
"WDR37","HALLMARK_UV_RESPONSE_DN","Stress_Response"
"WFS1","HALLMARK_ESTROGEN_RESPONSE_EARLY; HALLMARK_ESTROGEN_RESPONSE_LATE; HALLMARK_UNFOLDED_PROTEIN_RESPONSE","Stress_Response"
"XIAP","HALLMARK_APOPTOSIS; HALLMARK_TGF_BETA_SIGNALING","Stress_Response"
"XPA","HALLMARK_DNA_REPAIR","Stress_Response"
"XRCC1","HALLMARK_DNA_REPAIR","Stress_Response"
"XRCC2","HALLMARK_DNA_REPAIR","Stress_Response"
"YIF1A","HALLMARK_UNFOLDED_PROTEIN_RESPONSE","Stress_Response"
"YKT6","HALLMARK_MTORC1_SIGNALING; HALLMARK_PROTEIN_SECRETION; HALLMARK_UV_RESPONSE_UP","Stress_Response"
"ZBTB17","HALLMARK_UNFOLDED_PROTEIN_RESPONSE","Stress_Response"
"ZMAT3","HALLMARK_P53_PATHWAY","Stress_Response"
"ZNF385A","HALLMARK_P53_PATHWAY","Stress_Response"
"ZWINT","HALLMARK_DNA_REPAIR","Stress_Response"
