sgRNA,gene,Depleted_1,Depleted_2,Depleted_3,Depleted_4,Depleted_5,Depleted_6,Depleted_7,WT_1,WT_2,WT_3,WT_4,WT_5,WT_6,WT_7,Cell_1,Cell_2,Cell_3
APC_1*BTLA_1,APC*BTLA,553,344,388,518,341,309,376,485,279,1006,552,320,486,274,90,257,40
APC_1*BTLA_2,APC*BTLA,724,595,696,1014,360,324,572,287,124,107,150,92,268,18,88,41,140
APC_1*BTLA_3,APC*BTLA,995,903,1164,1264,1187,451,873,299,6,123,8,111,149,89,60,165,30
APC_1*CDH1_1,APC*CDH1,153,128,96,161,151,90,111,549,188,13805,286,175,203,72,127,176,130
APC_1*CDH1_4,APC*CDH1,272,231,262,316,132,241,234,800,976,419,453,570,723,21698,133,318,272
APC_1*CDH1_5,APC*CDH1,531,461,501,721,391,483,2527,386,740,304,319,397,348,211,113,307,124
APC_1*CX3CL1_3,APC*CX3CL1,315,341,225,311,188,154,189,156,59,36,62,50,115,10,12,124,21
APC_1*CX3CL1_4,APC*CX3CL1,278,284,208,288,157,189,244,335,299,184,455,218,256,188,98,393,88
APC_1*CX3CL1_5,APC*CX3CL1,465,357,354,460,295,260,394,560,1066,443,2920,284,508,334,112,298,162
APC_1*CXCR2_2,APC*CXCR2,685,542,586,597,456,506,473,626,683,346,186,382,396,199,154,200,102
APC_1*CXCR2_4,APC*CXCR2,536,352,305,383,190,333,499,220,42,100,50,120,226,179,23,39,115
APC_1*CXCR2_5,APC*CXCR2,566,567,469,624,305,394,690,361,559,124,146,295,336,125,49,416,35
APC_1*CXCR5_2,APC*CXCR5,151,106,113,123,54,87,138,287,85,359,496,206,412,11177,52,501,72
APC_1*CXCR5_3,APC*CXCR5,452,393,443,616,358,335,662,672,402,2685,502,286,402,140,203,431,172
APC_1*CXCR5_4,APC*CXCR5,506,445,1078,1063,277,453,469,302,492,227,101,155,228,51,23,237,32
APC_1*FCRL6_1,APC*FCRL6,289,260,197,310,205,192,174,420,287,424,287,237,377,72,35,209,104
APC_1*FCRL6_4,APC*FCRL6,242,260,201,486,203,307,679,246,340,107,156,169,204,52,28,255,79
APC_1*FCRL6_5,APC*FCRL6,68,94,78,87,79,55,29,174,2674,57,263,281,322,16489,28,352,63
APC_1*HGF_2,APC*HGF,627,339,284,445,176,308,311,684,768,497,5088,432,589,536,113,657,252
APC_1*HGF_4,APC*HGF,239,189,163,301,130,139,208,575,1049,7229,329,346,452,293,52,127,128
APC_1*HGF_5,APC*HGF,72,52,49,62,41,58,36,283,3166,2072,339,216,291,152,67,60,54
APC_1*IL6_1,APC*IL6,360,298,301,519,196,231,258,174,192,129,278,167,119,64,21,118,50
APC_1*IL6_2,APC*IL6,221,161,182,271,86,127,150,375,329,223,2263,269,218,100,79,173,31
APC_1*IL6_5,APC*IL6,415,399,288,472,170,270,492,344,239,132,103,219,328,135,74,292,101
APC_1*MFAP5_1,APC*MFAP5,209,207,210,248,112,221,203,209,457,149,171,548,149,20,67,308,102
APC_1*MFAP5_3,APC*MFAP5,421,264,266,514,258,297,154,311,66,129,127,198,201,196,66,394,137
APC_1*MFAP5_5,APC*MFAP5,1022,796,803,1585,650,781,855,439,595,256,417,421,457,322,40,78,53
APC_1*MPEG1_1,APC*MPEG1,810,712,749,1004,327,636,562,269,181,212,258,100,239,16,53,206,30
APC_1*MPEG1_4,APC*MPEG1,197,131,153,144,123,160,83,234,375,87,141,176,109,33,39,4,43
APC_1*MPEG1_5,APC*MPEG1,349,275,313,432,177,312,230,606,171,600,4174,332,421,305,72,663,149
APC_1*MUC16_1,APC*MUC16,587,464,432,640,351,358,865,593,1013,317,323,2804,483,163,60,366,98
APC_1*MUC16_2,APC*MUC16,453,306,320,438,220,368,396,416,644,185,307,227,362,207,67,444,62
APC_1*MUC16_5,APC*MUC16,676,568,491,645,345,498,629,438,224,288,320,365,457,235,110,525,135
APC_1*MYSM1_2,APC*MYSM1,307,224,167,351,79,243,193,321,214,318,601,212,243,164,75,148,68
APC_1*MYSM1_4,APC*MYSM1,137,124,119,189,64,160,112,783,474,4387,2263,369,548,3590,242,961,232
APC_1*MYSM1_5,APC*MYSM1,717,497,448,808,308,455,509,250,93,182,74,152,174,27,53,538,105
APC_1*NT_17,APC*NT,282,183,187,198,146,152,197,308,685,318,180,208,201,82,25,25,16
APC_1*NT_18,APC*NT,140,95,103,160,34,73,109,259,110,966,436,119,225,178,86,240,16
APC_1*NT_20,APC*NT,1309,646,693,827,402,440,532,235,14,135,334,204,169,144,29,204,60
APC_1*NT_25,APC*NT,329,307,331,416,231,202,374,409,174,198,168,265,270,242,55,53,70
APC_1*NT_26,APC*NT,156,122,127,260,73,71,144,301,95,205,263,137,250,145,130,299,94
APC_1*NT_33,APC*NT,335,278,274,338,140,203,198,624,805,213,274,267,365,282,119,327,154
APC_1*NT_39,APC*NT,507,425,408,642,252,285,456,582,285,106,4155,304,429,401,69,314,156
APC_1*NT_57,APC*NT,86,48,69,70,13,71,45,296,535,94,78,147,179,107,9,63,10
APC_1*NT_6,APC*NT,380,299,226,558,181,249,435,360,312,288,472,294,394,185,32,12,78
APC_1*PDCD1LG2_1,APC*PDCD1LG2,537,421,477,562,313,440,396,795,554,321,3013,557,532,438,196,659,251
APC_1*PDCD1LG2_2,APC*PDCD1LG2,310,241,272,275,99,445,175,547,30,218,514,292,281,1156,112,259,36
APC_1*PDCD1LG2_3,APC*PDCD1LG2,1500,1305,1235,1994,771,1030,1136,771,999,451,456,733,869,370,93,173,94
APC_1*PLA2G2A_2,APC*PLA2G2A,278,272,192,297,73,180,150,179,241,89,50,126,230,169,54,142,72
APC_1*PLA2G2A_4,APC*PLA2G2A,518,398,405,692,369,451,440,471,983,390,194,195,280,49,153,342,77
APC_1*PLA2G2A_5,APC*PLA2G2A,275,246,201,464,251,169,273,469,644,440,3459,396,402,192,77,159,67
APC_1*PLA2R1_2,APC*PLA2R1,1286,983,910,1553,439,765,1094,810,777,704,606,729,836,345,227,831,183
APC_1*PLA2R1_3,APC*PLA2R1,479,454,302,761,117,313,501,144,87,103,79,130,143,25,32,7,9
APC_1*PLA2R1_4,APC*PLA2R1,385,322,295,533,231,313,404,368,489,320,246,255,402,253,45,489,16
APC_1*TLR7_1,APC*TLR7,314,262,251,269,111,171,245,409,324,144,463,137,328,158,126,333,93
APC_1*TLR7_2,APC*TLR7,266,240,284,355,185,262,154,372,110,339,1934,186,279,192,39,154,39
APC_1*TLR7_5,APC*TLR7,363,319,467,366,232,211,372,160,382,223,29,150,190,122,23,206,96
APC_1*TNFSF15_1,APC*TNFSF15,704,551,700,979,457,615,1098,161,152,60,40,72,138,19,11,161,16
APC_1*TNFSF15_2,APC*TNFSF15,515,347,400,577,393,432,344,303,39,225,198,262,237,358,83,127,94
APC_1*TNFSF15_3,APC*TNFSF15,1619,1239,1090,1643,776,1094,1526,554,81,269,145,302,346,249,171,576,116
APC_4*BTLA_1,APC*BTLA,1034,686,739,805,835,485,583,453,321,121,263,318,404,21,124,236,127
APC_4*BTLA_2,APC*BTLA,909,777,772,1051,345,503,783,324,221,200,131,333,321,280,94,378,8
APC_4*BTLA_3,APC*BTLA,637,432,535,776,401,441,799,466,291,332,500,309,361,246,80,617,68
APC_4*CDH1_1,APC*CDH1,209,134,193,210,62,86,170,323,126,1515,278,181,211,157,23,205,42
APC_4*CDH1_4,APC*CDH1,723,625,510,835,383,513,2389,680,1106,340,1023,401,500,276,109,295,126
APC_4*CDH1_5,APC*CDH1,243,214,203,310,82,173,252,315,231,135,263,181,334,311,37,335,65
APC_4*CX3CL1_3,APC*CX3CL1,8087,6347,6088,9380,4399,5374,10529,8686,9755,6252,6354,7307,9346,4794,51,343,54
APC_4*CX3CL1_4,APC*CX3CL1,355,274,197,339,108,289,371,437,518,223,1336,232,302,213,102,391,115
APC_4*CX3CL1_5,APC*CX3CL1,1322,1121,1248,1799,857,1054,1203,860,1030,378,624,517,604,284,94,372,50
APC_4*CXCR2_2,APC*CXCR2,905,802,672,799,611,746,720,406,454,236,262,308,441,40,108,214,103
APC_4*CXCR2_4,APC*CXCR2,164,143,167,244,85,116,85,139,11,289,82,118,164,397,17,227,38
APC_4*CXCR2_5,APC*CXCR2,335,270,239,334,323,202,259,447,641,134,564,275,275,358,165,255,208
APC_4*CXCR5_2,APC*CXCR5,297,281,269,384,241,207,276,411,386,249,460,184,229,146,25,48,44
APC_4*CXCR5_3,APC*CXCR5,318,283,274,422,248,262,322,626,892,529,732,469,541,358,124,279,184
APC_4*CXCR5_4,APC*CXCR5,460,319,299,568,82,361,404,386,702,113,198,180,265,40,28,124,94
APC_4*FCRL6_1,APC*FCRL6,444,334,386,454,224,296,357,408,519,251,335,284,346,133,83,397,93
APC_4*FCRL6_4,APC*FCRL6,1006,707,2901,1012,524,827,1136,140,9,48,18,81,138,102,108,40,55
APC_4*FCRL6_5,APC*FCRL6,967,781,726,1322,699,755,3412,228,604,282,177,188,223,16,78,153,22
APC_4*HGF_2,APC*HGF,1316,1422,1163,1683,1044,1108,996,424,872,194,143,346,362,38,72,255,63
APC_4*HGF_4,APC*HGF,337,239,195,395,126,200,350,356,351,222,111,231,283,184,46,207,59
APC_4*HGF_5,APC*HGF,523,326,292,662,196,288,355,393,427,320,337,276,405,273,98,119,117
APC_4*IL6_1,APC*IL6,396,349,348,637,252,240,352,199,107,138,167,153,201,169,48,0,24
APC_4*IL6_2,APC*IL6,615,399,421,748,218,419,401,413,215,222,148,201,288,110,103,318,247
APC_4*IL6_5,APC*IL6,198,182,113,188,90,149,150,423,552,284,2341,340,465,6715,167,366,154
APC_4*MFAP5_1,APC*MFAP5,244,155,158,329,142,119,354,251,293,1093,138,134,267,116,39,621,53
APC_4*MFAP5_3,APC*MFAP5,67,59,54,138,59,54,34,191,149,153,66,186,110,2426,42,95,38
APC_4*MFAP5_5,APC*MFAP5,476,369,342,523,196,275,220,414,271,555,329,244,339,75,68,177,37
APC_4*MPEG1_1,APC*MPEG1,360,305,294,341,221,290,324,339,554,260,253,292,297,129,36,101,89
APC_4*MPEG1_4,APC*MPEG1,76,52,25,41,44,27,99,67,74,67,22,25,44,5,2,0,39
APC_4*MPEG1_5,APC*MPEG1,556,451,450,790,446,396,621,534,390,489,390,324,412,158,52,320,125
APC_4*MUC16_1,APC*MUC16,621,575,467,754,362,304,715,617,474,361,7694,468,456,48,59,83,142
APC_4*MUC16_2,APC*MUC16,225,182,182,215,102,138,214,446,462,733,157,214,371,395,72,232,162
APC_4*MUC16_5,APC*MUC16,517,510,462,532,265,289,374,305,77,445,134,199,262,374,100,115,93
APC_4*MYSM1_2,APC*MYSM1,261,268,245,268,254,198,171,401,473,290,328,489,539,23565,48,180,67
APC_4*MYSM1_4,APC*MYSM1,151,105,122,176,72,97,115,355,46,1954,487,212,265,214,47,144,44
APC_4*MYSM1_5,APC*MYSM1,588,369,402,695,405,297,438,474,479,135,354,318,323,255,56,230,99
APC_4*NT_17,APC*NT,1205,630,642,611,422,542,487,442,640,228,73,237,295,105,33,118,20
APC_4*NT_18,APC*NT,640,426,400,752,507,402,323,392,445,156,159,223,278,63,81,58,58
APC_4*NT_20,APC*NT,283,195,195,273,151,223,213,251,368,138,144,172,164,104,44,446,138
APC_4*NT_25,APC*NT,453,355,338,561,227,255,361,558,565,476,231,289,436,208,52,280,49
APC_4*NT_26,APC*NT,60765,48062,47418,61709,33167,39672,50054,22665,23416,15225,19400,17477,22219,11015,97,314,220
APC_4*NT_33,APC*NT,281,286,231,467,128,153,305,423,594,83,5061,319,430,83,111,175,69
APC_4*NT_39,APC*NT,1294,1070,1142,1563,664,1906,770,364,359,150,185,276,327,53,44,401,40
APC_4*NT_57,APC*NT,68,41,42,61,52,33,35,182,586,270,232,102,184,65,30,177,12
APC_4*NT_6,APC*NT,908,645,867,906,416,520,749,427,226,200,299,245,359,247,9,235,95
APC_4*PDCD1LG2_1,APC*PDCD1LG2,423,317,328,460,226,297,548,558,250,5936,237,334,417,503,80,238,80
APC_4*PDCD1LG2_2,APC*PDCD1LG2,151,113,129,165,71,50,104,304,290,163,227,189,204,50,29,22,57
APC_4*PDCD1LG2_3,APC*PDCD1LG2,262,187,150,276,166,171,139,284,325,1488,149,220,222,58,74,157,6
APC_4*PLA2G2A_2,APC*PLA2G2A,503,288,302,376,163,495,574,372,355,175,87,166,249,22,52,147,76
APC_4*PLA2G2A_4,APC*PLA2G2A,111,93,96,111,100,92,160,382,697,2415,291,148,243,266,33,123,50
APC_4*PLA2G2A_5,APC*PLA2G2A,930,909,850,1103,482,882,3993,411,356,150,122,383,364,192,153,303,50
APC_4*PLA2R1_2,APC*PLA2R1,759,679,611,858,590,586,699,689,486,457,556,386,528,184,74,241,57
APC_4*PLA2R1_3,APC*PLA2R1,235,203,179,227,160,194,217,318,180,158,249,236,166,279,21,0,0
APC_4*PLA2R1_4,APC*PLA2R1,403,342,252,367,265,280,216,510,173,389,1020,294,329,192,122,224,142
APC_4*TLR7_1,APC*TLR7,659,544,538,769,299,597,530,541,447,288,376,322,531,340,114,276,82
APC_4*TLR7_2,APC*TLR7,345,261,292,360,349,237,161,183,86,193,106,118,151,98,28,100,20
APC_4*TLR7_5,APC*TLR7,114,77,97,158,36,97,133,248,758,79,132,149,143,2447,89,231,122
APC_4*TNFSF15_1,APC*TNFSF15,65,50,41,69,32,67,60,173,110,308,112,86,120,57,168,219,59
APC_4*TNFSF15_2,APC*TNFSF15,894,713,581,1190,511,580,761,445,261,273,316,269,421,180,117,283,102
APC_4*TNFSF15_3,APC*TNFSF15,710,542,567,1238,259,377,3680,401,408,333,9185,325,347,120,117,185,77
APC_5*BTLA_1,APC*BTLA,447,383,352,434,128,331,374,501,480,439,360,378,449,248,95,166,124
APC_5*BTLA_2,APC*BTLA,582,525,504,641,381,453,321,537,385,290,233,325,431,390,197,697,166
APC_5*BTLA_3,APC*BTLA,470,452,561,666,483,344,388,447,510,341,516,286,459,136,305,211,176
APC_5*CDH1_1,APC*CDH1,758,710,683,1015,227,496,640,379,458,286,54,273,240,58,63,385,83
APC_5*CDH1_4,APC*CDH1,1106,1050,1063,1328,626,1009,1046,1189,402,3319,595,608,909,105,306,1359,530
APC_5*CDH1_5,APC*CDH1,667,536,536,894,578,551,563,1017,1342,1501,589,627,831,625,130,632,159
APC_5*CX3CL1_3,APC*CX3CL1,607,524,611,639,487,306,377,255,51,183,126,185,436,10,203,270,28
APC_5*CX3CL1_4,APC*CX3CL1,470,494,606,555,287,366,380,460,373,288,280,251,395,207,105,416,288
APC_5*CX3CL1_5,APC*CX3CL1,29829,27155,26674,42871,18474,23681,29652,10504,11960,6796,7742,9172,10980,6988,314,1163,230
APC_5*CXCR2_2,APC*CXCR2,994,950,1053,1488,820,1117,1068,781,853,622,464,406,466,300,279,723,425
APC_5*CXCR2_4,APC*CXCR2,730,563,613,1232,587,628,581,297,28,131,497,349,353,138,69,10,153
APC_5*CXCR2_5,APC*CXCR2,718,570,490,780,255,372,659,325,140,75,267,143,333,9,87,492,114
APC_5*CXCR5_2,APC*CXCR5,616,427,359,623,378,390,403,330,120,222,387,162,232,79,74,224,196
APC_5*CXCR5_3,APC*CXCR5,395,374,334,476,171,287,673,764,1081,578,7635,593,774,273,123,545,588
APC_5*CXCR5_4,APC*CXCR5,337,237,363,238,204,223,272,341,281,290,241,582,233,15,35,431,110
APC_5*FCRL6_1,APC*FCRL6,735,622,489,1098,157,402,1236,565,206,245,231,369,507,284,252,531,74
APC_5*FCRL6_4,APC*FCRL6,40,25,35,65,37,46,46,815,96,6587,182,107,140,36,90,119,106
APC_5*FCRL6_5,APC*FCRL6,351,286,221,388,299,232,524,330,259,239,4085,237,347,90,122,614,152
APC_5*HGF_2,APC*HGF,348,313,326,394,163,291,338,1051,466,698,4946,532,606,775,238,388,233
APC_5*HGF_4,APC*HGF,768,694,674,1246,532,666,941,578,325,443,488,447,521,377,252,265,36
APC_5*HGF_5,APC*HGF,669,626,567,718,477,639,1057,611,397,172,384,210,450,240,228,494,125
APC_5*IL6_1,APC*IL6,526,452,1507,413,293,411,705,367,657,176,302,357,385,137,51,297,148
APC_5*IL6_2,APC*IL6,334,314,324,370,216,283,186,255,322,126,76,138,212,203,70,373,170
APC_5*IL6_5,APC*IL6,558,478,430,760,248,432,523,874,610,1537,5468,931,865,242,92,579,205
APC_5*MFAP5_1,APC*MFAP5,196,182,200,115,92,176,352,148,40,15,19,78,120,144,12,62,201
APC_5*MFAP5_3,APC*MFAP5,243,213,292,288,118,188,178,284,348,146,303,166,182,388,153,166,82
APC_5*MFAP5_5,APC*MFAP5,316,258,246,334,282,270,382,407,571,253,1551,178,273,21,169,318,96
APC_5*MPEG1_1,APC*MPEG1,1105,1026,1080,1610,441,877,1118,568,73,204,80,226,270,16,64,191,50
APC_5*MPEG1_4,APC*MPEG1,1040,610,617,901,760,432,707,146,101,59,65,61,96,7,58,30,48
APC_5*MPEG1_5,APC*MPEG1,250,171,192,162,84,170,435,781,1651,9144,398,480,430,427,264,257,406
APC_5*MUC16_1,APC*MUC16,791,732,667,881,511,484,987,893,1010,910,640,720,771,424,125,224,97
APC_5*MUC16_2,APC*MUC16,1357,1418,1420,1767,1080,1244,1258,845,922,473,535,399,501,181,50,758,352
APC_5*MUC16_5,APC*MUC16,534,414,411,452,375,296,316,691,445,415,145,501,507,1399,179,591,322
APC_5*MYSM1_2,APC*MYSM1,139,118,117,117,71,93,173,253,528,981,7255,220,375,41,106,140,169
APC_5*MYSM1_4,APC*MYSM1,1277,1085,1208,1276,1267,1105,1529,735,163,576,552,648,682,776,297,478,117
APC_5*MYSM1_5,APC*MYSM1,544,750,462,511,409,564,592,534,267,208,139,248,431,219,170,257,64
APC_5*NT_17,APC*NT,866,771,893,1045,409,671,714,359,232,146,1839,218,328,66,119,824,221
APC_5*NT_18,APC*NT,723,602,512,1097,449,528,625,512,286,454,1378,346,360,35,138,125,182
APC_5*NT_20,APC*NT,589,498,415,687,438,541,433,311,310,197,743,172,246,101,7,186,25
APC_5*NT_25,APC*NT,1390,1008,1247,1337,847,1084,1258,538,143,332,447,295,444,89,175,226,136
APC_5*NT_26,APC*NT,775,1171,588,775,556,631,1094,282,425,368,618,207,245,48,193,213,247
APC_5*NT_33,APC*NT,514,606,537,649,363,409,629,490,1314,514,809,359,441,278,323,1838,204
APC_5*NT_39,APC*NT,315,263,252,319,135,256,275,721,595,5141,3272,570,659,636,293,1252,346
APC_5*NT_57,APC*NT,720,808,813,1029,435,6780,846,553,205,369,702,282,385,113,152,205,248
APC_5*NT_6,APC*NT,8294,7092,7092,9164,5023,6673,8309,7435,9954,5520,5552,6834,7646,4543,75,135,199
APC_5*PDCD1LG2_1,APC*PDCD1LG2,1549,1651,1532,1880,1266,1507,1710,902,471,460,655,580,815,192,326,751,428
APC_5*PDCD1LG2_2,APC*PDCD1LG2,633,558,437,461,407,326,358,402,232,400,326,201,343,20,102,214,87
APC_5*PDCD1LG2_3,APC*PDCD1LG2,301,289,270,252,247,229,176,493,806,644,284,340,485,167,63,246,113
APC_5*PLA2G2A_2,APC*PLA2G2A,588,543,479,889,318,472,682,291,658,55,132,200,267,204,0,160,8
APC_5*PLA2G2A_4,APC*PLA2G2A,390,362,399,445,248,287,342,575,492,370,426,278,369,502,64,8,285
APC_5*PLA2G2A_5,APC*PLA2G2A,903,942,880,1039,1016,819,1280,605,1074,447,757,353,613,48,104,441,226
APC_5*PLA2R1_2,APC*PLA2R1,779,821,755,963,476,706,850,939,1202,506,1479,530,804,452,420,1789,556
APC_5*PLA2R1_3,APC*PLA2R1,403,433,382,396,256,260,640,365,278,220,362,292,300,140,7,68,63
APC_5*PLA2R1_4,APC*PLA2R1,833,809,632,785,502,578,858,616,759,514,405,447,641,288,196,470,325
APC_5*TLR7_1,APC*TLR7,985,1193,775,1055,310,627,820,344,315,173,141,338,385,34,82,159,68
APC_5*TLR7_2,APC*TLR7,105,106,70,120,71,62,63,255,76,1422,123,138,250,92,54,397,89
APC_5*TLR7_5,APC*TLR7,366,452,300,351,225,278,404,672,681,1506,263,328,423,273,214,458,429
APC_5*TNFSF15_1,APC*TNFSF15,201,173,151,191,88,153,70,687,315,319,167,261,369,145,155,447,270
APC_5*TNFSF15_2,APC*TNFSF15,320,409,271,525,292,388,497,434,299,390,5474,286,531,814,98,405,85
APC_5*TNFSF15_3,APC*TNFSF15,844,933,848,1554,628,1028,1423,764,1237,563,660,502,601,260,209,1090,279
BRCA1_2*BTLA_1,BRCA1*BTLA,786,589,566,720,600,601,956,414,172,338,211,193,324,345,165,450,83
BRCA1_2*BTLA_2,BRCA1*BTLA,240,179,242,267,170,224,217,585,467,259,3724,874,539,4948,114,340,219
BRCA1_2*BTLA_3,BRCA1*BTLA,235,331,287,306,265,202,302,495,389,899,443,249,982,153,127,561,86
BRCA1_2*CDH1_1,BRCA1*CDH1,1611,1270,1425,1646,918,1252,1217,217,118,91,24,131,111,11,72,306,32
BRCA1_2*CDH1_4,BRCA1*CDH1,1490,693,828,988,609,538,1076,586,327,295,115,221,354,161,218,622,197
BRCA1_2*CDH1_5,BRCA1*CDH1,342,253,254,201,127,256,278,376,128,193,2336,169,225,141,134,360,243
BRCA1_2*CX3CL1_3,BRCA1*CX3CL1,184,179,204,260,102,163,112,125,184,11,108,65,123,10,30,49,56
BRCA1_2*CX3CL1_4,BRCA1*CX3CL1,344,248,247,453,251,270,261,617,400,6662,84,271,416,122,244,261,158
BRCA1_2*CX3CL1_5,BRCA1*CX3CL1,888,594,753,1167,630,747,977,602,503,563,601,457,539,179,227,506,269
BRCA1_2*CXCR2_2,BRCA1*CXCR2,888,740,684,1217,463,772,1278,385,294,238,121,269,304,316,166,162,207
BRCA1_2*CXCR2_4,BRCA1*CXCR2,244,208,230,294,138,162,119,140,3,155,148,46,135,7,20,63,38
BRCA1_2*CXCR2_5,BRCA1*CXCR2,391,386,293,425,96,354,415,303,294,142,189,271,315,211,38,383,161
BRCA1_2*CXCR5_2,BRCA1*CXCR5,355,324,309,433,218,286,477,292,39,82,201,85,129,171,134,162,22
BRCA1_2*CXCR5_3,BRCA1*CXCR5,767,638,713,912,404,657,742,578,335,1252,595,434,502,90,124,1044,249
BRCA1_2*CXCR5_4,BRCA1*CXCR5,370,317,279,347,203,291,172,681,24,48,80,119,111,12,9,18,115
BRCA1_2*FCRL6_1,BRCA1*FCRL6,375,425,419,499,527,326,401,361,456,210,212,193,311,122,29,97,218
BRCA1_2*FCRL6_4,BRCA1*FCRL6,462,299,295,387,114,204,427,170,15,223,163,91,267,32,106,465,153
BRCA1_2*FCRL6_5,BRCA1*FCRL6,108,110,88,134,51,86,81,264,38,247,913,181,269,4451,137,257,136
BRCA1_2*HGF_2,BRCA1*HGF,361,327,312,457,375,404,318,321,223,197,116,415,203,224,90,86,72
BRCA1_2*HGF_4,BRCA1*HGF,1374,1250,1182,1664,4660,995,1106,522,228,206,522,503,499,299,12,149,63
BRCA1_2*HGF_5,BRCA1*HGF,103,98,109,122,59,96,65,369,739,442,61,149,251,670,90,260,101
BRCA1_2*IL6_1,BRCA1*IL6,30,30,17,27,14,58,25,306,171,457,2604,86,140,105,50,88,57
BRCA1_2*IL6_2,BRCA1*IL6,531,202,258,224,117,245,130,213,201,171,84,178,125,6,127,148,137
BRCA1_2*IL6_5,BRCA1*IL6,580,541,392,761,397,401,675,380,419,358,198,354,316,38,153,214,44
BRCA1_2*MFAP5_1,BRCA1*MFAP5,680,524,598,921,522,524,493,136,262,83,74,94,112,7,0,172,130
BRCA1_2*MFAP5_3,BRCA1*MFAP5,1397,1532,1180,2032,684,1030,962,284,234,94,93,202,326,19,21,416,192
BRCA1_2*MFAP5_5,BRCA1*MFAP5,1089,964,954,1060,498,920,1744,535,363,168,343,425,518,198,27,301,155
BRCA1_2*MPEG1_1,BRCA1*MPEG1,642,642,348,1002,296,505,599,470,244,332,248,368,428,133,59,273,22
BRCA1_2*MPEG1_4,BRCA1*MPEG1,605,383,704,760,506,470,593,70,2,31,48,31,107,7,14,0,67
BRCA1_2*MPEG1_5,BRCA1*MPEG1,565,617,528,1009,201,435,501,537,189,296,292,253,312,16,37,470,253
BRCA1_2*MUC16_1,BRCA1*MUC16,853,821,831,1357,776,875,1427,722,392,438,524,428,548,545,107,180,230
BRCA1_2*MUC16_2,BRCA1*MUC16,293,264,252,368,123,289,386,330,2009,392,426,293,441,50,82,288,137
BRCA1_2*MUC16_5,BRCA1*MUC16,950,726,982,1279,389,851,1239,344,174,219,168,163,266,15,124,243,62
BRCA1_2*MYSM1_2,BRCA1*MYSM1,263,230,235,308,71,190,342,250,587,203,240,241,268,307,51,163,107
BRCA1_2*MYSM1_4,BRCA1*MYSM1,565,477,350,541,233,472,1457,366,255,236,258,254,342,331,177,373,311
BRCA1_2*MYSM1_5,BRCA1*MYSM1,687,533,572,589,355,600,982,296,68,192,178,277,282,106,16,792,128
BRCA1_2*NT_17,BRCA1*NT,517,346,416,487,246,374,452,312,19,142,255,180,220,496,11,37,26
BRCA1_2*NT_18,BRCA1*NT,464,527,315,503,375,396,475,320,130,161,176,195,232,172,65,148,146
BRCA1_2*NT_20,BRCA1*NT,160,143,178,152,105,222,147,119,32,1,66,53,89,48,73,19,13
BRCA1_2*NT_25,BRCA1*NT,494,377,506,594,471,407,537,236,148,94,148,146,331,82,66,347,9
BRCA1_2*NT_26,BRCA1*NT,305,232,299,293,154,213,269,336,627,219,4660,255,270,73,232,134,184
BRCA1_2*NT_33,BRCA1*NT,268,257,189,233,139,263,261,540,324,530,1139,471,337,75,63,141,216
BRCA1_2*NT_39,BRCA1*NT,413,381,370,517,246,462,725,368,410,156,110,238,258,427,74,246,102
BRCA1_2*NT_57,BRCA1*NT,1081,1002,1178,1206,1213,915,1023,542,295,185,405,493,377,105,43,174,236
BRCA1_2*NT_6,BRCA1*NT,549,440,485,511,148,467,523,623,393,657,296,484,474,232,210,322,209
BRCA1_2*PDCD1LG2_1,BRCA1*PDCD1LG2,564,485,460,547,349,511,530,795,546,1819,398,535,594,304,240,958,391
BRCA1_2*PDCD1LG2_2,BRCA1*PDCD1LG2,533,419,456,523,516,479,701,289,544,92,188,202,298,19,64,19,153
BRCA1_2*PDCD1LG2_3,BRCA1*PDCD1LG2,569,445,416,756,332,451,567,227,384,210,147,191,261,54,53,229,82
BRCA1_2*PLA2G2A_2,BRCA1*PLA2G2A,230,152,157,180,141,264,199,339,981,185,239,131,206,79,83,282,55
BRCA1_2*PLA2G2A_4,BRCA1*PLA2G2A,494,446,466,532,200,351,373,420,191,158,367,388,316,108,171,442,83
BRCA1_2*PLA2G2A_5,BRCA1*PLA2G2A,667,565,454,619,320,476,421,358,248,208,221,192,233,23,54,203,27
BRCA1_2*PLA2R1_2,BRCA1*PLA2R1,1776,1606,1572,1821,1059,1387,1752,731,487,415,324,444,662,228,207,542,147
BRCA1_2*PLA2R1_3,BRCA1*PLA2R1,304,241,238,474,128,236,207,488,205,351,168,152,300,378,3,57,66
BRCA1_2*PLA2R1_4,BRCA1*PLA2R1,446,339,407,442,177,348,364,380,162,264,331,251,283,122,82,403,257
BRCA1_2*TLR7_1,BRCA1*TLR7,143,98,110,118,40,119,214,522,435,3770,233,279,343,1080,247,399,147
BRCA1_2*TLR7_2,BRCA1*TLR7,457,374,336,486,190,330,358,200,20,63,441,90,197,98,34,91,12
BRCA1_2*TLR7_5,BRCA1*TLR7,400,298,319,368,352,328,383,230,216,155,277,290,299,35,117,225,230
BRCA1_2*TNFSF15_1,BRCA1*TNFSF15,529,386,450,669,334,439,563,281,308,234,461,181,325,245,62,115,110
BRCA1_2*TNFSF15_2,BRCA1*TNFSF15,596,458,464,633,294,383,1030,484,480,846,108,356,374,145,155,407,310
BRCA1_2*TNFSF15_3,BRCA1*TNFSF15,712,590,565,1016,195,231,720,472,117,65,30,188,291,202,126,424,178
BRCA1_3*BTLA_1,BRCA1*BTLA,791,762,741,841,423,745,1099,1459,1809,809,1657,1008,1278,10834,233,813,692
BRCA1_3*BTLA_2,BRCA1*BTLA,1119,893,823,937,561,926,845,1873,797,4503,3254,1034,1324,197,614,1165,824
BRCA1_3*BTLA_3,BRCA1*BTLA,1170,1100,1063,1078,837,879,1422,1249,692,415,477,628,796,239,265,426,274
BRCA1_3*CDH1_1,BRCA1*CDH1,1192,1119,1061,1122,884,986,954,1007,296,313,707,626,3465,465,371,704,379
BRCA1_3*CDH1_4,BRCA1*CDH1,3343,2236,2156,2934,1329,2173,2121,1831,1872,1023,1574,1146,1784,371,578,1598,512
BRCA1_3*CDH1_5,BRCA1*CDH1,938,924,794,1129,507,706,811,1576,924,605,956,1148,1362,13431,523,952,457
BRCA1_3*CX3CL1_3,BRCA1*CX3CL1,473,368,339,408,401,305,335,921,512,376,656,312,315,65,106,393,146
BRCA1_3*CX3CL1_4,BRCA1*CX3CL1,1079,996,1020,1656,887,1325,829,665,159,574,2032,431,597,403,224,679,311
BRCA1_3*CX3CL1_5,BRCA1*CX3CL1,1024,695,773,1084,614,657,830,1901,1190,15115,1285,1149,1213,345,646,1485,795
BRCA1_3*CXCR2_2,BRCA1*CXCR2,1435,1411,1333,1545,1196,1163,1878,1249,1152,6025,743,738,1153,370,338,1248,374
BRCA1_3*CXCR2_4,BRCA1*CXCR2,2084,1780,1476,3692,2003,1428,2005,451,318,325,396,264,416,152,130,580,247
BRCA1_3*CXCR2_5,BRCA1*CXCR2,446,437,443,517,327,375,457,1557,1189,4280,10453,704,1036,1661,391,1185,723
BRCA1_3*CXCR5_2,BRCA1*CXCR5,569,694,555,524,260,520,715,748,656,363,2907,660,786,467,446,651,241
BRCA1_3*CXCR5_3,BRCA1*CXCR5,690,675,693,1375,454,605,688,2540,1920,4333,1960,982,1274,3975,520,1449,962
BRCA1_3*CXCR5_4,BRCA1*CXCR5,400,447,337,483,156,433,478,356,488,256,348,257,385,98,73,283,279
BRCA1_3*FCRL6_1,BRCA1*FCRL6,994,832,940,1076,772,991,1925,1090,789,10469,559,778,832,654,459,1160,372
BRCA1_3*FCRL6_4,BRCA1*FCRL6,831,714,655,938,320,483,862,1120,765,403,1214,574,692,334,462,1101,364
BRCA1_3*FCRL6_5,BRCA1*FCRL6,1152,842,728,678,407,445,672,1035,720,728,380,2016,901,333,314,1129,527
BRCA1_3*HGF_2,BRCA1*HGF,1835,1846,1525,2111,1062,1846,1688,1419,1096,1112,574,1069,1266,601,376,1330,529
BRCA1_3*HGF_4,BRCA1*HGF,932,828,821,974,495,887,1120,1140,680,717,819,599,956,386,283,759,283
BRCA1_3*HGF_5,BRCA1*HGF,676,547,496,827,419,626,470,928,441,553,2340,2356,790,255,318,1403,458
BRCA1_3*IL6_1,BRCA1*IL6,702,638,731,538,375,494,793,1031,434,471,184,247,448,330,187,32,161
BRCA1_3*IL6_2,BRCA1*IL6,792,755,793,979,627,769,801,940,1089,475,10005,718,2010,413,467,859,489
BRCA1_3*IL6_5,BRCA1*IL6,2074,1902,1874,2553,1196,1573,1993,1777,908,633,860,882,1175,371,356,1231,499
BRCA1_3*MFAP5_1,BRCA1*MFAP5,1216,621,533,559,463,483,501,869,172,505,2487,509,1761,285,278,668,275
BRCA1_3*MFAP5_3,BRCA1*MFAP5,420,411,339,612,318,426,458,963,558,7613,899,527,571,424,225,274,260
BRCA1_3*MFAP5_5,BRCA1*MFAP5,1446,1160,1258,1591,841,1002,1996,945,1192,650,970,544,790,186,239,1216,658
BRCA1_3*MPEG1_1,BRCA1*MPEG1,723,701,612,837,493,506,516,1458,1674,1082,2736,782,999,1043,419,674,478
BRCA1_3*MPEG1_4,BRCA1*MPEG1,170,152,143,187,121,135,122,545,262,2533,3454,380,2496,109,88,583,257
BRCA1_3*MPEG1_5,BRCA1*MPEG1,824,680,544,797,289,557,834,726,312,827,4393,495,739,354,223,537,284
BRCA1_3*MUC16_1,BRCA1*MUC16,955,1057,829,1045,1606,717,1073,1564,1353,10176,789,2736,1428,905,287,648,443
BRCA1_3*MUC16_2,BRCA1*MUC16,2864,2861,2607,3299,1992,3268,3590,1414,956,1229,838,760,1181,137,366,923,441
BRCA1_3*MUC16_5,BRCA1*MUC16,1266,1220,1161,1607,662,1126,1107,1914,1771,1426,2668,958,1642,974,523,2416,839
BRCA1_3*MYSM1_2,BRCA1*MYSM1,186,176,150,207,102,105,186,863,724,9171,2667,505,651,410,133,734,406
BRCA1_3*MYSM1_4,BRCA1*MYSM1,224,201,152,151,118,175,209,605,1183,1512,407,460,742,1029,278,1085,456
BRCA1_3*MYSM1_5,BRCA1*MYSM1,1605,1391,1553,1744,817,1209,1394,913,376,1044,752,822,893,164,356,681,508
BRCA1_3*NT_17,BRCA1*NT,1100,976,1071,1240,578,1040,1200,1118,761,551,457,668,671,425,155,467,204
BRCA1_3*NT_18,BRCA1*NT,964,896,859,938,561,784,3645,945,1196,448,1714,1468,764,596,187,406,225
BRCA1_3*NT_20,BRCA1*NT,130,122,128,141,46,150,103,479,333,827,227,361,304,528,156,385,200
BRCA1_3*NT_25,BRCA1*NT,675,678,648,714,330,604,736,1349,1475,1229,7078,2111,1276,888,308,930,371
BRCA1_3*NT_26,BRCA1*NT,620,548,479,548,343,439,520,1160,1021,581,3645,1046,1324,31007,587,989,839
BRCA1_3*NT_33,BRCA1*NT,493,396,408,536,171,375,348,1028,546,1251,888,545,699,668,271,947,537
BRCA1_3*NT_39,BRCA1*NT,1347,1396,1166,1353,1022,1093,2635,2194,1345,2544,3437,871,1316,642,514,830,562
BRCA1_3*NT_57,BRCA1*NT,436,401,410,528,322,404,488,735,362,348,6912,333,557,143,211,606,459
BRCA1_3*NT_6,BRCA1*NT,1807,2494,1110,1278,737,1004,1188,1152,606,1405,818,589,775,281,352,285,588
BRCA1_3*PDCD1LG2_1,BRCA1*PDCD1LG2,2800,2657,2453,3613,1818,2668,3851,2695,1807,1862,1584,1436,2054,2993,628,1285,786
BRCA1_3*PDCD1LG2_2,BRCA1*PDCD1LG2,566,513,509,742,286,593,724,976,1962,631,216,507,721,596,160,280,234
BRCA1_3*PDCD1LG2_3,BRCA1*PDCD1LG2,1347,1365,1140,1388,546,897,1282,1239,3980,597,434,836,1099,320,254,1020,329
BRCA1_3*PLA2G2A_2,BRCA1*PLA2G2A,612,875,517,588,733,557,500,619,2123,410,312,200,455,406,105,743,276
BRCA1_3*PLA2G2A_4,BRCA1*PLA2G2A,684,660,584,1068,488,608,606,986,816,788,1066,842,829,529,150,1189,245
BRCA1_3*PLA2G2A_5,BRCA1*PLA2G2A,492,438,423,613,284,457,471,995,819,848,4443,707,965,937,210,534,380
BRCA1_3*PLA2R1_2,BRCA1*PLA2R1,1642,1488,1607,2011,964,1517,2163,2172,1913,3488,2112,1467,2317,3236,654,1791,612
BRCA1_3*PLA2R1_3,BRCA1*PLA2R1,1538,2180,1570,1392,1117,1330,1948,887,697,555,552,473,748,548,72,522,118
BRCA1_3*PLA2R1_4,BRCA1*PLA2R1,1495,1471,1294,1545,752,1029,1504,1421,1430,1610,593,1158,1262,441,330,1183,385
BRCA1_3*TLR7_1,BRCA1*TLR7,395,501,342,335,286,306,360,1497,1422,25607,3732,722,1009,489,402,1187,506
BRCA1_3*TLR7_2,BRCA1*TLR7,515,436,527,506,353,397,809,725,1403,6955,429,487,794,537,192,521,247
BRCA1_3*TLR7_5,BRCA1*TLR7,687,587,603,877,449,654,669,535,513,399,5095,426,508,91,149,770,264
BRCA1_3*TNFSF15_1,BRCA1*TNFSF15,1547,1460,1353,2008,1331,1480,1789,554,50,174,461,340,476,114,255,228,193
BRCA1_3*TNFSF15_2,BRCA1*TNFSF15,2300,1985,2106,2681,1264,2136,2439,1695,1504,1188,1014,1042,1617,1018,373,1188,488
BRCA1_3*TNFSF15_3,BRCA1*TNFSF15,1013,899,941,1097,559,954,1045,1159,1637,1097,1110,813,924,464,282,1318,439
BRCA1_5*BTLA_1,BRCA1*BTLA,806,751,519,731,308,370,657,1153,694,774,3140,614,819,897,353,1161,510
BRCA1_5*BTLA_2,BRCA1*BTLA,389,315,216,346,191,246,372,1233,1597,14387,1348,1194,2485,1162,684,1699,634
BRCA1_5*BTLA_3,BRCA1*BTLA,664,487,577,641,306,471,495,953,1071,781,404,488,667,645,553,942,505
BRCA1_5*CDH1_1,BRCA1*CDH1,1325,986,907,1008,549,921,1226,1014,562,659,734,523,803,265,232,494,486
BRCA1_5*CDH1_4,BRCA1*CDH1,344,281,222,348,184,212,223,2116,2356,11249,13762,1394,1799,6613,809,2231,1458
BRCA1_5*CDH1_5,BRCA1*CDH1,807,721,662,1020,513,992,820,1774,1355,3755,2742,820,1595,7118,495,1689,705
BRCA1_5*CX3CL1_3,BRCA1*CX3CL1,2013,1958,1437,2215,1102,1725,24241,584,893,265,297,355,387,127,178,422,197
BRCA1_5*CX3CL1_4,BRCA1*CX3CL1,1776,1131,986,1625,761,900,1257,1018,521,530,2619,709,1676,213,492,679,389
BRCA1_5*CX3CL1_5,BRCA1*CX3CL1,746,657,660,758,472,556,803,1278,1115,951,1142,789,1132,1753,475,1451,645
BRCA1_5*CXCR2_2,BRCA1*CXCR2,1740,1591,1556,1939,1235,1238,2772,1626,1121,943,2583,846,1247,1071,326,1358,355
BRCA1_5*CXCR2_4,BRCA1*CXCR2,622,575,698,1031,330,362,705,485,248,475,343,458,339,302,174,736,349
BRCA1_5*CXCR2_5,BRCA1*CXCR2,459,371,316,488,260,367,251,1248,782,889,742,696,1083,3305,555,1147,793
BRCA1_5*CXCR5_2,BRCA1*CXCR5,176,182,146,220,104,134,177,887,543,15396,423,581,774,27212,241,1050,285
BRCA1_5*CXCR5_3,BRCA1*CXCR5,1159,849,864,1115,481,922,1012,1486,1458,695,2976,788,1199,670,779,1836,806
BRCA1_5*CXCR5_4,BRCA1*CXCR5,513,522,481,498,4215,594,821,443,530,301,265,258,446,960,168,330,163
BRCA1_5*FCRL6_1,BRCA1*FCRL6,1028,837,977,1031,534,926,2121,1487,861,5649,1723,889,1089,554,299,947,737
BRCA1_5*FCRL6_4,BRCA1*FCRL6,831,686,635,948,548,1037,620,594,502,424,781,374,567,314,263,1170,566
BRCA1_5*FCRL6_5,BRCA1*FCRL6,875,715,812,1158,723,627,760,1021,909,402,5866,580,775,587,432,1557,289
BRCA1_5*HGF_2,BRCA1*HGF,907,747,715,1033,491,852,960,1473,1056,744,5858,1080,1212,845,758,1681,772
BRCA1_5*HGF_4,BRCA1*HGF,1638,1322,1302,1773,1039,1306,1790,1199,726,697,785,743,1017,638,435,1478,500
BRCA1_5*HGF_5,BRCA1*HGF,657,947,618,749,258,871,629,1225,1030,723,1279,2151,1058,8148,415,999,630
BRCA1_5*IL6_1,BRCA1*IL6,151,129,139,209,123,138,139,1041,737,17552,7600,533,596,385,190,412,288
BRCA1_5*IL6_2,BRCA1*IL6,844,743,635,1165,464,681,1027,1296,737,2108,2769,625,946,1858,448,1373,399
BRCA1_5*IL6_5,BRCA1*IL6,384,274,254,373,159,271,293,1700,1993,3520,8982,1008,1440,4797,673,2195,1225
BRCA1_5*MFAP5_1,BRCA1*MFAP5,439,404,372,377,229,315,242,837,550,1979,515,687,559,273,371,1196,553
BRCA1_5*MFAP5_3,BRCA1*MFAP5,838,711,797,908,537,611,660,1080,926,2232,775,527,956,478,396,515,317
BRCA1_5*MFAP5_5,BRCA1*MFAP5,464,372,455,490,320,413,930,1173,855,1852,5105,696,1040,739,545,1436,597
BRCA1_5*MPEG1_1,BRCA1*MPEG1,1186,938,974,1110,893,1032,917,1518,725,729,2155,634,694,520,514,1276,434
BRCA1_5*MPEG1_4,BRCA1*MPEG1,289,250,296,329,165,217,268,295,212,101,11391,203,294,65,163,467,52
BRCA1_5*MPEG1_5,BRCA1*MPEG1,1102,548,577,843,431,807,684,1274,1791,2885,547,534,706,598,433,1389,613
BRCA1_5*MUC16_1,BRCA1*MUC16,1387,1060,1211,1748,1057,1137,1653,1831,1618,13436,1223,1081,1439,495,616,2022,675
BRCA1_5*MUC16_2,BRCA1*MUC16,1012,1092,932,1172,691,779,851,1152,1413,3908,447,737,964,277,245,1128,583
BRCA1_5*MUC16_5,BRCA1*MUC16,562,464,476,700,429,485,413,1379,688,4251,10383,924,1044,1054,388,1757,955
BRCA1_5*MYSM1_2,BRCA1*MYSM1,668,615,522,831,421,548,685,892,1291,598,6723,630,820,383,496,1002,347
BRCA1_5*MYSM1_4,BRCA1*MYSM1,774,719,620,945,570,631,624,860,842,1968,2466,482,696,139,310,1472,550
BRCA1_5*MYSM1_5,BRCA1*MYSM1,1144,1031,930,1270,785,2225,1268,1132,1021,1232,1375,718,831,338,538,1033,596
BRCA1_5*NT_17,BRCA1*NT,570,445,449,737,369,450,612,1025,897,500,5326,636,771,457,256,515,395
BRCA1_5*NT_18,BRCA1*NT,766,599,580,697,384,1113,637,1007,824,523,848,458,1082,574,205,1353,532
BRCA1_5*NT_20,BRCA1*NT,281,327,260,292,237,227,317,487,751,150,1679,413,594,13997,384,497,355
BRCA1_5*NT_25,BRCA1*NT,1181,1252,1061,1194,775,1049,946,1709,1997,2457,1003,978,1114,1369,922,1099,698
BRCA1_5*NT_26,BRCA1*NT,1225,963,2261,1229,824,1111,1327,1436,1282,1533,437,995,812,673,520,1686,1103
BRCA1_5*NT_33,BRCA1*NT,696,603,608,923,473,516,597,989,1087,2704,467,768,1141,350,646,2050,518
BRCA1_5*NT_39,BRCA1*NT,583,556,498,601,454,521,665,2240,3786,7641,2606,1054,1336,1316,1037,2114,1096
BRCA1_5*NT_57,BRCA1*NT,413,394,340,452,341,362,471,824,583,668,6669,454,623,195,376,1147,507
BRCA1_5*NT_6,BRCA1*NT,1375,1115,998,1452,862,947,1853,1449,1291,828,1084,813,1100,417,458,1734,975
BRCA1_5*PDCD1LG2_1,BRCA1*PDCD1LG2,1023,825,950,1171,643,785,994,2109,2282,7455,1660,1374,3038,2816,730,1469,855
BRCA1_5*PDCD1LG2_2,BRCA1*PDCD1LG2,1024,903,909,1338,523,816,990,841,1298,820,885,647,875,244,423,707,353
BRCA1_5*PDCD1LG2_3,BRCA1*PDCD1LG2,947,851,806,901,625,734,1149,1350,1133,5654,816,788,997,1590,464,2314,808
BRCA1_5*PLA2G2A_2,BRCA1*PLA2G2A,599,501,450,636,111,441,2374,645,590,179,469,263,441,596,228,515,276
BRCA1_5*PLA2G2A_4,BRCA1*PLA2G2A,1220,1053,956,1558,844,1302,1104,1235,752,398,2726,611,984,186,436,953,299
BRCA1_5*PLA2G2A_5,BRCA1*PLA2G2A,593,645,531,840,412,383,726,1268,1086,6033,6869,812,959,628,432,671,708
BRCA1_5*PLA2R1_2,BRCA1*PLA2R1,917,841,802,1056,709,797,1144,2466,2745,15120,2587,1476,1728,1091,846,2354,1455
BRCA1_5*PLA2R1_3,BRCA1*PLA2R1,610,586,522,687,392,447,608,720,1640,567,995,2023,745,322,95,623,183
BRCA1_5*PLA2R1_4,BRCA1*PLA2R1,1624,1416,1469,1740,917,1326,1756,1596,982,954,1401,678,1093,742,553,1530,688
BRCA1_5*TLR7_1,BRCA1*TLR7,373,306,296,393,157,239,254,1025,1270,824,736,597,825,3856,342,508,559
BRCA1_5*TLR7_2,BRCA1*TLR7,284,268,224,453,239,210,253,783,409,28619,217,348,474,214,429,638,261
BRCA1_5*TLR7_5,BRCA1*TLR7,375,375,284,562,251,240,234,1018,730,4085,12704,745,730,508,369,1231,760
BRCA1_5*TNFSF15_1,BRCA1*TNFSF15,504,410,478,628,339,422,473,742,336,4744,981,413,555,287,389,943,471
BRCA1_5*TNFSF15_2,BRCA1*TNFSF15,629,727,576,793,374,459,425,1059,1222,3274,1640,491,581,135,520,651,576
BRCA1_5*TNFSF15_3,BRCA1*TNFSF15,635,579,539,823,513,369,572,1046,777,622,2997,524,762,510,293,1067,186
BRCA2_1*BTLA_1,BRCA2*BTLA,1305,1223,1159,1429,507,1033,1317,1167,787,941,1917,744,1678,117,602,761,279
BRCA2_1*BTLA_2,BRCA2*BTLA,1075,1215,672,1130,519,806,805,934,550,3098,1366,711,1021,483,309,1329,279
BRCA2_1*BTLA_3,BRCA2*BTLA,2070,1772,2777,2911,1475,1499,1626,1056,898,509,651,712,950,449,269,712,350
BRCA2_1*CDH1_1,BRCA2*CDH1,1652,1420,1256,1772,1361,1250,1803,621,347,407,1004,513,550,211,248,738,400
BRCA2_1*CDH1_4,BRCA2*CDH1,763,808,694,902,349,584,1019,1397,1290,2108,9765,1032,1487,812,723,2650,992
BRCA2_1*CDH1_5,BRCA2*CDH1,772,762,623,1004,342,708,709,1200,1269,2888,618,932,1078,1255,325,1097,266
BRCA2_1*CX3CL1_3,BRCA2*CX3CL1,132,91,100,92,78,66,118,533,345,6045,10260,360,519,108,225,334,111
BRCA2_1*CX3CL1_4,BRCA2*CX3CL1,564,461,413,658,217,484,604,1125,8372,697,646,747,783,307,322,576,377
BRCA2_1*CX3CL1_5,BRCA2*CX3CL1,2033,2105,1785,2706,1434,1794,2245,1476,698,896,1388,842,1125,362,418,1288,518
BRCA2_1*CXCR2_2,BRCA2*CXCR2,1032,816,704,1024,382,640,701,1067,484,2097,5312,771,1043,644,414,460,369
BRCA2_1*CXCR2_4,BRCA2*CXCR2,476,422,489,662,168,381,620,358,641,227,404,371,413,452,156,470,171
BRCA2_1*CXCR2_5,BRCA2*CXCR2,1014,870,907,1696,594,806,783,831,678,1079,462,2403,817,537,92,278,385
BRCA2_1*CXCR5_2,BRCA2*CXCR5,1262,1187,913,1553,970,1114,977,736,294,468,679,461,646,260,336,679,256
BRCA2_1*CXCR5_3,BRCA2*CXCR5,1255,977,759,1221,665,906,869,1722,1111,2942,6185,1159,1602,614,578,1899,522
BRCA2_1*CXCR5_4,BRCA2*CXCR5,560,626,415,655,311,297,472,540,229,213,310,451,541,370,201,182,131
BRCA2_1*FCRL6_1,BRCA2*FCRL6,889,786,705,1133,632,756,865,1276,1530,797,3656,738,1155,468,326,767,496
BRCA2_1*FCRL6_4,BRCA2*FCRL6,267,274,228,270,188,243,234,762,439,10790,575,393,541,346,466,577,274
BRCA2_1*FCRL6_5,BRCA2*FCRL6,94,79,77,91,41,71,55,1045,1819,19280,285,708,838,23131,244,400,366
BRCA2_1*HGF_2,BRCA2*HGF,1408,1130,1162,1342,1106,983,1136,1113,1082,2342,1138,623,1119,156,264,816,341
BRCA2_1*HGF_4,BRCA2*HGF,2079,1920,1807,3099,1244,1812,2317,1718,1973,868,509,1026,1414,630,462,501,411
BRCA2_1*HGF_5,BRCA2*HGF,753,607,614,926,439,630,690,1132,559,591,502,670,1167,1940,270,538,236
BRCA2_1*IL6_1,BRCA2*IL6,832,785,693,882,646,666,693,393,217,220,3343,484,423,53,192,213,149
BRCA2_1*IL6_2,BRCA2*IL6,1382,1299,1199,1464,1212,1691,1591,899,1456,1284,664,1043,785,159,382,1090,336
BRCA2_1*IL6_5,BRCA2*IL6,2532,2243,1937,2732,1746,1929,2010,1740,1729,1019,813,987,1282,570,359,643,420
BRCA2_1*MFAP5_1,BRCA2*MFAP5,791,742,600,919,342,653,902,693,876,124,338,378,480,60,104,701,407
BRCA2_1*MFAP5_3,BRCA2*MFAP5,1614,1016,1008,1441,680,883,1293,758,444,514,921,416,586,261,234,933,259
BRCA2_1*MFAP5_5,BRCA2*MFAP5,1227,1203,1074,1554,819,1045,1264,1363,1364,2149,853,778,1049,690,187,705,201
BRCA2_1*MPEG1_1,BRCA2*MPEG1,1253,947,900,1528,444,850,1061,989,1025,200,555,600,837,793,177,677,144
BRCA2_1*MPEG1_4,BRCA2*MPEG1,2634,2094,2583,3417,1655,4451,2625,721,765,414,632,454,717,513,41,253,49
BRCA2_1*MPEG1_5,BRCA2*MPEG1,1195,963,949,1259,582,867,1789,1107,1506,3916,1567,889,1053,345,404,924,395
BRCA2_1*MUC16_1,BRCA2*MUC16,1940,1635,1624,2074,968,1379,1794,1491,1101,1019,1037,1035,1334,1142,329,524,287
BRCA2_1*MUC16_2,BRCA2*MUC16,537,495,475,658,277,558,416,1059,1042,1360,4171,638,887,2783,264,1378,597
BRCA2_1*MUC16_5,BRCA2*MUC16,1079,867,850,1209,648,753,1043,1514,1249,1897,1149,851,1195,903,496,979,405
BRCA2_1*MYSM1_2,BRCA2*MYSM1,433,333,391,461,281,293,388,1023,808,1824,848,1773,982,5222,223,1202,429
BRCA2_1*MYSM1_4,BRCA2*MYSM1,1455,1016,1028,1348,743,2358,1504,832,683,385,3340,2050,771,234,290,886,309
BRCA2_1*MYSM1_5,BRCA2*MYSM1,1383,1192,1297,1500,951,991,3435,739,582,424,510,508,574,203,251,643,281
BRCA2_1*NT_17,BRCA2*NT,686,516,464,799,334,479,545,974,5349,294,577,1844,694,389,174,219,141
BRCA2_1*NT_18,BRCA2*NT,683,661,565,746,603,566,846,1082,367,643,563,703,888,4904,155,196,128
BRCA2_1*NT_20,BRCA2*NT,1590,1284,1048,1401,856,905,1192,445,116,111,173,277,352,164,129,283,150
BRCA2_1*NT_25,BRCA2*NT,2286,2029,2163,3543,1320,1492,2441,1218,1120,824,1205,647,1111,290,292,640,227
BRCA2_1*NT_26,BRCA2*NT,829,713,717,1069,574,563,586,1010,845,549,601,757,951,6238,266,983,607
BRCA2_1*NT_33,BRCA2*NT,2617,1852,1792,2023,1626,2205,2450,1437,1413,893,510,1162,1030,695,311,1192,450
BRCA2_1*NT_39,BRCA2*NT,1122,917,1013,1227,559,1020,982,1603,1136,2162,1705,3313,1356,1408,406,1308,522
BRCA2_1*NT_57,BRCA2*NT,605,547,531,714,400,1577,610,769,1017,7523,413,565,568,183,222,318,156
BRCA2_1*NT_6,BRCA2*NT,3633,2818,6294,4775,1257,2319,18991,925,1099,418,910,708,1018,332,190,871,263
BRCA2_1*PDCD1LG2_1,BRCA2*PDCD1LG2,811,823,660,1274,573,619,658,1640,1290,7214,7875,944,1296,661,439,1641,723
BRCA2_1*PDCD1LG2_2,BRCA2*PDCD1LG2,987,1203,787,1236,522,764,1083,1394,833,12968,776,1867,1046,571,395,1385,265
BRCA2_1*PDCD1LG2_3,BRCA2*PDCD1LG2,438,330,467,458,209,334,274,1077,964,688,5585,4338,1141,946,244,1169,483
BRCA2_1*PLA2G2A_2,BRCA2*PLA2G2A,443,371,343,584,139,260,286,447,251,422,270,269,349,281,116,887,89
BRCA2_1*PLA2G2A_4,BRCA2*PLA2G2A,1271,1153,1102,1764,921,1060,1252,784,1035,384,727,504,616,372,234,603,315
BRCA2_1*PLA2G2A_5,BRCA2*PLA2G2A,574,461,479,552,320,397,558,997,1004,412,871,728,921,19581,117,411,320
BRCA2_1*PLA2R1_2,BRCA2*PLA2R1,760,609,655,895,482,705,672,1625,1046,4521,6012,1257,1253,1072,363,683,538
BRCA2_1*PLA2R1_3,BRCA2*PLA2R1,764,605,563,945,338,546,712,835,1110,660,567,1264,687,290,78,206,84
BRCA2_1*PLA2R1_4,BRCA2*PLA2R1,916,636,680,1041,615,644,1075,898,617,5153,590,830,938,311,225,773,282
BRCA2_1*TLR7_1,BRCA2*TLR7,685,547,559,689,336,414,486,946,1007,406,6372,574,869,121,419,451,267
BRCA2_1*TLR7_2,BRCA2*TLR7,130,108,88,146,50,107,155,337,644,2235,393,230,283,170,132,326,70
BRCA2_1*TLR7_5,BRCA2*TLR7,933,821,523,935,3139,789,831,899,616,3630,1132,588,651,273,254,1011,313
BRCA2_1*TNFSF15_1,BRCA2*TNFSF15,571,712,479,725,366,360,309,623,157,327,200,309,373,3090,289,504,231
BRCA2_1*TNFSF15_2,BRCA2*TNFSF15,1763,1446,1576,1857,902,1660,1892,1344,802,802,1094,808,1200,619,269,460,665
BRCA2_1*TNFSF15_3,BRCA2*TNFSF15,1776,1403,1424,1984,1131,2489,2417,1865,1230,1378,1871,936,1568,693,335,1475,769
BRCA2_3*BTLA_1,BRCA2*BTLA,626,543,479,487,408,532,618,1152,983,490,1191,630,712,413,231,585,475
BRCA2_3*BTLA_2,BRCA2*BTLA,1202,1038,1429,1636,782,1292,1427,705,416,651,420,438,526,252,331,265,414
BRCA2_3*BTLA_3,BRCA2*BTLA,168,126,98,293,49,172,180,539,368,4112,1954,259,391,48,159,635,262
BRCA2_3*CDH1_1,BRCA2*CDH1,589,472,502,775,491,563,725,792,671,309,2366,448,595,282,247,682,174
BRCA2_3*CDH1_4,BRCA2*CDH1,797,630,567,798,469,426,802,1378,794,2859,685,520,826,553,400,980,599
BRCA2_3*CDH1_5,BRCA2*CDH1,1375,1316,954,1162,988,1430,1490,790,386,835,318,528,754,306,302,1034,408
BRCA2_3*CX3CL1_3,BRCA2*CX3CL1,197,187,218,139,98,218,124,304,461,219,73,199,156,3588,82,102,68
BRCA2_3*CX3CL1_4,BRCA2*CX3CL1,597,490,407,513,468,432,668,567,261,158,495,1107,413,165,184,568,186
BRCA2_3*CX3CL1_5,BRCA2*CX3CL1,618,622,567,741,264,532,978,682,301,534,531,326,888,125,270,1395,384
BRCA2_3*CXCR2_2,BRCA2*CXCR2,402,452,408,475,213,337,418,782,855,686,856,720,984,25049,257,202,131
BRCA2_3*CXCR2_4,BRCA2*CXCR2,922,1110,1042,1283,892,760,832,392,214,526,154,298,302,17,58,554,157
BRCA2_3*CXCR2_5,BRCA2*CXCR2,407,357,429,435,260,394,732,427,295,239,884,236,328,195,251,820,128
BRCA2_3*CXCR5_2,BRCA2*CXCR5,204,207,192,216,132,189,159,830,559,367,9106,401,589,684,193,585,247
BRCA2_3*CXCR5_3,BRCA2*CXCR5,653,717,511,774,355,665,785,889,1086,2802,546,354,753,301,340,961,290
BRCA2_3*CXCR5_4,BRCA2*CXCR5,471,576,480,393,335,464,570,218,13,274,95,168,260,10,49,176,115
BRCA2_3*FCRL6_1,BRCA2*FCRL6,164,151,187,193,72,166,169,515,890,4363,341,349,693,714,166,669,147
BRCA2_3*FCRL6_4,BRCA2*FCRL6,167,103,140,166,99,111,156,151,297,240,56,93,101,9,88,97,43
BRCA2_3*FCRL6_5,BRCA2*FCRL6,171,156,151,125,177,143,270,556,329,668,207,385,263,87,217,650,261
BRCA2_3*HGF_2,BRCA2*HGF,358,337,394,528,255,259,369,1036,467,480,3720,744,923,10196,357,650,523
BRCA2_3*HGF_4,BRCA2*HGF,1261,1048,866,1081,788,807,3692,625,315,407,280,598,588,765,319,175,213
BRCA2_3*HGF_5,BRCA2*HGF,1001,598,646,740,347,442,790,438,99,252,213,331,351,243,125,1222,547
BRCA2_3*IL6_1,BRCA2*IL6,268,255,217,248,136,196,268,387,453,1593,1046,191,445,107,194,373,120
BRCA2_3*IL6_2,BRCA2*IL6,628,519,532,687,351,405,561,499,426,299,258,297,386,34,180,662,241
BRCA2_3*IL6_5,BRCA2*IL6,105,89,76,105,67,89,116,478,739,237,10841,315,484,616,158,475,320
BRCA2_3*MFAP5_1,BRCA2*MFAP5,338,288,306,299,150,277,257,623,223,181,357,189,276,78,99,454,356
BRCA2_3*MFAP5_3,BRCA2*MFAP5,393,462,410,321,413,382,417,622,794,358,425,370,392,137,281,353,505
BRCA2_3*MFAP5_5,BRCA2*MFAP5,273,332,358,450,270,303,441,407,356,240,163,191,252,317,169,853,230
BRCA2_3*MPEG1_1,BRCA2*MPEG1,531,424,507,642,336,421,414,976,1102,2984,680,714,733,214,226,638,681
BRCA2_3*MPEG1_4,BRCA2*MPEG1,188,199,240,186,70,211,123,212,223,66,183,187,271,130,149,76,24
BRCA2_3*MPEG1_5,BRCA2*MPEG1,707,652,568,601,541,471,690,758,554,467,2443,512,589,111,154,522,132
BRCA2_3*MUC16_1,BRCA2*MUC16,613,661,573,941,407,325,583,865,470,184,2413,478,699,343,508,616,200
BRCA2_3*MUC16_2,BRCA2*MUC16,453,502,285,441,357,360,415,674,643,3701,199,828,536,291,271,560,382
BRCA2_3*MUC16_5,BRCA2*MUC16,210,254,167,204,106,270,167,747,703,6306,303,287,440,121,209,1166,469
BRCA2_3*MYSM1_2,BRCA2*MYSM1,90,83,96,104,32,57,39,451,749,4204,238,181,339,232,121,344,232
BRCA2_3*MYSM1_4,BRCA2*MYSM1,337,284,262,282,81,315,306,346,473,241,227,186,258,358,293,305,264
BRCA2_3*MYSM1_5,BRCA2*MYSM1,518,429,401,525,281,2637,1106,1050,813,14118,724,623,601,439,333,1172,343
BRCA2_3*NT_17,BRCA2*NT,127,124,105,108,26,135,129,242,266,998,92,156,244,110,144,322,78
BRCA2_3*NT_18,BRCA2*NT,502,514,497,614,301,624,419,424,335,474,355,377,461,476,348,619,119
BRCA2_3*NT_20,BRCA2*NT,1368,1128,1218,1814,768,1080,1641,539,389,95,351,268,404,623,136,334,298
BRCA2_3*NT_25,BRCA2*NT,346,411,370,532,337,378,834,722,1178,3906,2617,479,888,312,324,813,518
BRCA2_3*NT_26,BRCA2*NT,964,698,683,1033,613,610,655,389,95,832,1492,255,463,124,147,855,195
BRCA2_3*NT_33,BRCA2*NT,554,519,529,721,310,554,582,672,519,431,2808,473,538,170,337,756,569
BRCA2_3*NT_39,BRCA2*NT,1091,1069,938,1945,556,1083,925,1231,689,695,720,547,605,227,331,1459,559
BRCA2_3*NT_57,BRCA2*NT,554,609,575,693,322,569,490,268,131,99,163,142,173,57,220,818,171
BRCA2_3*NT_6,BRCA2*NT,1327,1184,1659,934,653,1012,677,622,436,251,526,549,586,232,455,1002,270
BRCA2_3*PDCD1LG2_1,BRCA2*PDCD1LG2,411,432,360,609,264,301,338,1215,1017,1213,3897,944,1214,23430,536,1249,539
BRCA2_3*PDCD1LG2_2,BRCA2*PDCD1LG2,743,584,466,567,280,565,773,730,50,3856,193,427,480,219,179,900,281
BRCA2_3*PDCD1LG2_3,BRCA2*PDCD1LG2,158,149,167,170,90,130,182,374,3226,192,91,242,322,163,114,877,130
BRCA2_3*PLA2G2A_2,BRCA2*PLA2G2A,91,99,138,111,16,57,293,226,88,136,55,85,137,132,101,307,70
BRCA2_3*PLA2G2A_4,BRCA2*PLA2G2A,1080,1159,843,1140,865,1127,1002,786,428,115,505,258,318,16,301,440,117
BRCA2_3*PLA2G2A_5,BRCA2*PLA2G2A,922,751,693,990,467,741,893,639,394,451,609,408,528,335,229,373,329
BRCA2_3*PLA2R1_2,BRCA2*PLA2R1,269,245,240,225,174,187,231,991,1529,9547,964,757,865,5591,321,930,178
BRCA2_3*PLA2R1_3,BRCA2*PLA2R1,818,798,831,1320,673,861,923,580,95,194,400,320,477,225,57,336,106
BRCA2_3*PLA2R1_4,BRCA2*PLA2R1,374,469,269,306,221,233,310,955,856,37136,589,446,699,181,206,829,340
BRCA2_3*TLR7_1,BRCA2*TLR7,260,249,263,342,94,188,297,852,530,18301,497,386,515,387,267,537,235
BRCA2_3*TLR7_2,BRCA2*TLR7,377,359,413,389,136,255,413,526,362,299,157,215,436,89,294,328,94
BRCA2_3*TLR7_5,BRCA2*TLR7,279,255,178,357,183,341,685,211,233,34,275,116,124,34,97,476,151
BRCA2_3*TNFSF15_1,BRCA2*TNFSF15,185,159,168,256,113,292,126,533,372,299,157,86,113,111,104,175,208
BRCA2_3*TNFSF15_2,BRCA2*TNFSF15,243,228,223,323,160,184,196,830,1186,635,3943,677,715,5375,341,580,330
BRCA2_3*TNFSF15_3,BRCA2*TNFSF15,928,834,825,1188,673,698,740,815,366,314,1996,614,638,297,346,518,352
BRCA2_4*BTLA_1,BRCA2*BTLA,990,854,797,1105,503,578,770,1387,1621,2941,878,1063,1291,421,481,992,504
BRCA2_4*BTLA_2,BRCA2*BTLA,745,623,529,814,414,500,602,1534,1041,743,2711,725,1254,761,512,1057,487
BRCA2_4*BTLA_3,BRCA2*BTLA,3036,2107,1698,2212,943,1919,2030,1431,1225,741,858,1054,1276,496,327,978,422
BRCA2_4*CDH1_1,BRCA2*CDH1,570,490,464,601,229,353,569,1337,7232,1389,847,772,847,330,370,946,501
BRCA2_4*CDH1_4,BRCA2*CDH1,535,456,454,534,589,379,432,2541,2295,35476,5480,1261,1999,3760,953,2611,895
BRCA2_4*CDH1_5,BRCA2*CDH1,778,689,565,879,463,518,841,1831,2465,9101,1343,1166,1458,1744,492,1365,622
BRCA2_4*CX3CL1_3,BRCA2*CX3CL1,348,323,232,461,167,259,993,529,949,586,680,384,407,856,64,408,298
BRCA2_4*CX3CL1_4,BRCA2*CX3CL1,738,540,614,835,397,536,621,963,956,1596,3590,447,1014,521,502,895,677
BRCA2_4*CX3CL1_5,BRCA2*CX3CL1,1653,1371,1328,2429,888,1367,2154,1437,1736,1314,1309,958,1275,981,472,1155,486
BRCA2_4*CXCR2_2,BRCA2*CXCR2,1613,1244,1298,1631,901,1165,1307,2249,1783,9703,1525,1340,1728,597,307,1170,475
BRCA2_4*CXCR2_4,BRCA2*CXCR2,352,225,218,493,136,365,327,462,882,374,1017,352,598,195,235,559,145
BRCA2_4*CXCR2_5,BRCA2*CXCR2,1460,2075,1293,1517,570,1027,1061,1264,1561,1050,1114,728,1056,253,632,1080,295
BRCA2_4*CXCR5_2,BRCA2*CXCR5,401,356,328,496,209,339,944,871,1249,5391,7196,652,798,458,390,845,263
BRCA2_4*CXCR5_3,BRCA2*CXCR5,1647,1383,1354,1804,751,1113,1512,3261,2376,19834,2366,1768,2157,1223,1041,2923,1163
BRCA2_4*CXCR5_4,BRCA2*CXCR5,769,632,612,893,513,499,625,1044,702,399,1096,611,878,324,148,339,233
BRCA2_4*FCRL6_1,BRCA2*FCRL6,778,653,696,1117,359,721,747,1699,1298,920,14430,963,1249,1628,338,845,319
BRCA2_4*FCRL6_4,BRCA2*FCRL6,1417,1289,1179,1742,978,1043,936,989,1162,422,374,577,923,353,387,1113,588
BRCA2_4*FCRL6_5,BRCA2*FCRL6,555,444,411,1775,308,351,470,841,972,8872,487,464,666,267,332,1237,329
BRCA2_4*HGF_2,BRCA2*HGF,3121,2789,2987,3840,1556,2300,8168,2031,2397,1317,1343,1270,1602,732,447,1260,396
BRCA2_4*HGF_4,BRCA2*HGF,879,979,723,959,482,703,799,2025,1114,1766,2179,1231,1505,33462,322,2134,439
BRCA2_4*HGF_5,BRCA2*HGF,2508,1982,2012,2549,892,1608,2211,1350,1476,1033,802,934,1171,474,530,1270,515
BRCA2_4*IL6_1,BRCA2*IL6,788,662,656,1034,409,718,741,1230,488,2001,2554,866,1002,850,305,943,440
BRCA2_4*IL6_2,BRCA2*IL6,532,424,407,721,540,370,496,1233,867,2544,1676,705,813,593,580,1706,498
BRCA2_4*IL6_5,BRCA2*IL6,1093,958,872,1301,554,886,1088,2614,34946,1384,1021,1225,1656,1071,670,1563,718
BRCA2_4*MFAP5_1,BRCA2*MFAP5,521,486,380,615,419,328,452,1225,858,980,562,644,728,1258,154,852,308
BRCA2_4*MFAP5_3,BRCA2*MFAP5,1201,879,854,1182,778,860,952,1111,994,448,730,559,826,795,399,902,403
BRCA2_4*MFAP5_5,BRCA2*MFAP5,1304,1057,911,1565,802,775,1451,2113,1995,7301,1603,1089,1307,384,307,1478,361
BRCA2_4*MPEG1_1,BRCA2*MPEG1,886,679,606,876,492,645,883,1551,1747,1900,2798,1342,1804,14283,360,855,366
BRCA2_4*MPEG1_4,BRCA2*MPEG1,862,570,616,823,261,680,941,334,119,126,88,195,281,95,65,199,69
BRCA2_4*MPEG1_5,BRCA2*MPEG1,482,441,380,550,275,427,518,1310,1431,9928,1016,1014,1112,783,386,1342,309
BRCA2_4*MUC16_1,BRCA2*MUC16,2810,2205,4866,3091,1511,1606,2289,2041,1653,2183,1199,1301,1854,726,224,496,391
BRCA2_4*MUC16_2,BRCA2*MUC16,1833,1544,1545,2060,927,1297,2278,1587,2328,1714,899,894,1406,583,653,1441,714
BRCA2_4*MUC16_5,BRCA2*MUC16,868,747,758,882,439,637,921,2102,1644,12491,3319,1110,1526,727,742,1589,817
BRCA2_4*MYSM1_2,BRCA2*MYSM1,1299,1107,1015,1739,876,971,994,1371,1362,1073,914,720,1224,301,316,855,345
BRCA2_4*MYSM1_4,BRCA2*MYSM1,658,590,508,944,336,529,722,2053,1880,6606,1897,987,1108,704,631,1917,1034
BRCA2_4*MYSM1_5,BRCA2*MYSM1,745,565,558,787,432,570,782,1593,1479,2493,919,903,1120,1762,316,1405,541
BRCA2_4*NT_17,BRCA2*NT,2699,2112,2493,3073,1657,2173,3053,1308,876,835,649,902,1197,496,53,235,247
BRCA2_4*NT_18,BRCA2*NT,928,743,817,1206,581,560,756,1354,1169,650,867,920,3053,705,321,976,433
BRCA2_4*NT_20,BRCA2*NT,1148,943,841,1373,623,2935,978,845,533,571,1170,463,665,234,197,973,229
BRCA2_4*NT_25,BRCA2*NT,2698,1853,1938,3334,1462,1756,2203,2277,2643,1803,1243,1047,1527,766,450,774,426
BRCA2_4*NT_26,BRCA2*NT,1166,879,877,989,855,1022,1122,1295,930,1668,837,766,1181,385,457,1704,455
BRCA2_4*NT_33,BRCA2*NT,1847,1555,1410,1607,1013,1324,1473,1961,3100,1234,1991,1322,1314,860,784,2520,788
BRCA2_4*NT_39,BRCA2*NT,1097,946,900,1301,634,911,1025,2236,1683,6209,4982,1460,1694,1533,778,2156,550
BRCA2_4*NT_57,BRCA2*NT,690,573,590,895,413,577,543,790,1202,343,2672,549,631,145,229,805,258
BRCA2_4*NT_6,BRCA2*NT,1652,1329,1519,1818,890,1286,2209,1732,1782,1254,1830,983,1384,998,273,522,296
BRCA2_4*PDCD1LG2_1,BRCA2*PDCD1LG2,1729,1716,1359,1742,919,1319,1836,2955,2200,10401,2417,1583,1886,1289,819,2591,963
BRCA2_4*PDCD1LG2_2,BRCA2*PDCD1LG2,1280,757,960,1135,448,776,2471,1197,1096,2062,949,1238,1024,2055,253,1288,420
BRCA2_4*PDCD1LG2_3,BRCA2*PDCD1LG2,934,1110,723,972,400,662,932,1321,1082,710,3310,1544,1269,650,324,1127,323
BRCA2_4*PLA2G2A_2,BRCA2*PLA2G2A,1169,585,622,538,297,478,553,708,188,7014,232,487,478,102,295,1182,300
BRCA2_4*PLA2G2A_4,BRCA2*PLA2G2A,1319,1676,1208,1847,968,1003,1528,1190,538,713,1018,628,955,442,266,704,232
BRCA2_4*PLA2G2A_5,BRCA2*PLA2G2A,1489,1121,1042,1138,765,942,1506,1245,872,662,2403,624,972,269,241,908,240
BRCA2_4*PLA2R1_2,BRCA2*PLA2R1,3345,2809,2710,4070,1470,2285,6170,2585,2941,2002,1804,2914,2196,1077,789,1768,464
BRCA2_4*PLA2R1_3,BRCA2*PLA2R1,1509,1337,1130,1504,847,1120,1711,935,1022,377,266,566,842,440,266,284,102
BRCA2_4*PLA2R1_4,BRCA2*PLA2R1,563,480,480,675,394,581,445,1758,1156,2751,9840,844,1060,361,327,1354,427
BRCA2_4*TLR7_1,BRCA2*TLR7,444,382,356,493,304,446,448,1357,2384,21390,4060,1033,1298,714,450,1108,689
BRCA2_4*TLR7_2,BRCA2*TLR7,951,722,812,1051,704,681,892,826,840,390,338,451,696,236,343,1123,187
BRCA2_4*TLR7_5,BRCA2*TLR7,2003,1581,1558,1915,1135,1144,10773,1478,1303,1159,2587,806,780,411,502,2041,559
BRCA2_4*TNFSF15_1,BRCA2*TNFSF15,284,262,315,306,135,198,200,1451,594,13447,1743,1244,617,378,409,787,383
BRCA2_4*TNFSF15_2,BRCA2*TNFSF15,986,851,765,974,540,692,976,1924,3533,728,8017,997,1372,1287,526,1723,688
BRCA2_4*TNFSF15_3,BRCA2*TNFSF15,933,678,730,1033,506,730,513,2056,1748,3009,4548,1262,1406,583,627,1858,734
CALML3_1*BTLA_1,CALML3*BTLA,643,570,490,1043,410,433,795,550,413,1084,651,334,518,128,213,713,157
CALML3_1*BTLA_2,CALML3*BTLA,973,677,657,912,622,527,868,723,291,480,698,460,841,340,213,982,151
CALML3_1*BTLA_3,CALML3*BTLA,500,324,302,566,170,310,340,398,771,123,471,250,277,104,97,234,139
CALML3_1*CDH1_1,CALML3*CDH1,230,201,164,339,115,205,269,362,489,164,291,167,246,322,79,242,263
CALML3_1*CDH1_4,CALML3*CDH1,474,368,378,610,227,294,342,936,721,9355,3140,527,749,310,412,859,335
CALML3_1*CDH1_5,CALML3*CDH1,154,175,145,175,116,134,129,990,852,6977,1146,2247,749,2196,243,1202,251
CALML3_1*CX3CL1_3,CALML3*CX3CL1,323,207,271,390,208,271,179,172,513,98,217,152,114,6,33,101,69
CALML3_1*CX3CL1_4,CALML3*CX3CL1,826,690,698,909,527,659,788,757,893,422,334,484,590,210,314,725,160
CALML3_1*CX3CL1_5,CALML3*CX3CL1,770,831,678,881,559,633,655,766,832,3586,571,504,591,82,169,490,144
CALML3_1*CXCR2_2,CALML3*CXCR2,583,487,420,677,508,433,523,626,887,337,586,385,436,253,245,488,225
CALML3_1*CXCR2_4,CALML3*CXCR2,131,108,96,101,85,72,122,223,228,241,221,85,202,81,120,220,179
CALML3_1*CXCR2_5,CALML3*CXCR2,547,430,331,673,318,238,415,408,666,348,306,275,370,154,83,448,168
CALML3_1*CXCR5_2,CALML3*CXCR5,842,735,756,1243,641,645,907,368,625,268,160,186,210,21,42,115,64
CALML3_1*CXCR5_3,CALML3*CXCR5,902,752,835,1047,486,632,3499,1130,466,631,6673,586,766,562,390,1241,518
CALML3_1*CXCR5_4,CALML3*CXCR5,639,462,501,829,517,429,1110,283,25,203,269,119,249,76,58,261,50
CALML3_1*FCRL6_1,CALML3*FCRL6,467,374,444,619,295,362,435,655,1471,427,421,462,443,230,202,510,354
CALML3_1*FCRL6_4,CALML3*FCRL6,757,608,531,937,526,812,442,595,554,628,270,360,495,220,301,654,250
CALML3_1*FCRL6_5,CALML3*FCRL6,562,345,457,622,210,318,460,401,626,441,327,279,453,280,149,701,190
CALML3_1*HGF_2,CALML3*HGF,975,713,823,1007,622,617,4960,716,531,658,287,2784,576,216,130,644,248
CALML3_1*HGF_4,CALML3*HGF,771,659,682,828,323,1501,651,924,595,3390,530,523,739,351,147,927,354
CALML3_1*HGF_5,CALML3*HGF,269,240,175,272,175,181,175,1787,564,3049,399,462,456,458,87,1020,119
CALML3_1*IL6_1,CALML3*IL6,593,499,460,762,247,553,559,519,791,246,196,371,444,911,135,198,97
CALML3_1*IL6_2,CALML3*IL6,312,202,209,228,218,194,212,451,361,493,3943,199,351,62,236,679,107
CALML3_1*IL6_5,CALML3*IL6,1043,869,1017,1054,508,674,4157,732,685,269,274,432,558,336,124,545,322
CALML3_1*MFAP5_1,CALML3*MFAP5,519,412,395,787,250,385,400,321,199,364,104,320,330,89,283,468,207
CALML3_1*MFAP5_3,CALML3*MFAP5,185,146,128,254,88,130,141,253,365,62,2804,134,300,79,95,177,94
CALML3_1*MFAP5_5,CALML3*MFAP5,289,251,248,324,209,173,258,454,82,6111,290,333,381,120,322,346,122
CALML3_1*MPEG1_1,CALML3*MPEG1,152,140,114,168,58,92,110,493,577,578,578,926,499,1766,209,457,164
CALML3_1*MPEG1_4,CALML3*MPEG1,374,389,236,498,203,256,327,171,4,174,201,132,107,60,71,309,194
CALML3_1*MPEG1_5,CALML3*MPEG1,1059,800,962,1281,764,829,1217,350,650,142,151,260,282,51,85,370,232
CALML3_1*MUC16_1,CALML3*MUC16,663,598,552,899,518,502,690,636,476,394,449,469,580,416,178,211,223
CALML3_1*MUC16_2,CALML3*MUC16,476,393,385,681,249,349,340,434,348,213,280,315,369,83,260,745,147
CALML3_1*MUC16_5,CALML3*MUC16,301,246,199,369,140,176,290,775,1127,8288,688,508,514,942,413,627,446
CALML3_1*MYSM1_2,CALML3*MYSM1,663,562,466,804,912,625,574,415,324,357,493,292,312,44,49,236,108
CALML3_1*MYSM1_4,CALML3*MYSM1,228,246,177,204,116,127,174,557,159,847,291,429,571,10362,365,931,226
CALML3_1*MYSM1_5,CALML3*MYSM1,268,240,231,371,146,245,214,740,255,86,4990,1277,605,8079,281,755,180
CALML3_1*NT_17,CALML3*NT,664,572,534,802,472,510,435,401,219,180,211,299,393,394,108,369,84
CALML3_1*NT_18,CALML3*NT,168,163,120,152,23,90,109,464,641,1469,220,336,427,367,106,210,122
CALML3_1*NT_20,CALML3*NT,148,105,116,172,14,115,142,321,1258,163,266,218,300,134,113,132,172
CALML3_1*NT_25,CALML3*NT,1013,823,795,921,574,697,749,766,435,186,750,361,393,298,221,582,214
CALML3_1*NT_26,CALML3*NT,601,444,568,644,312,430,901,502,374,300,431,240,333,151,40,377,150
CALML3_1*NT_33,CALML3*NT,294,449,264,388,134,241,244,553,414,7024,357,356,413,222,197,893,191
CALML3_1*NT_39,CALML3*NT,322,272,291,361,110,256,256,930,603,892,389,450,669,7435,224,985,232
CALML3_1*NT_57,CALML3*NT,188,192,270,475,105,108,122,279,289,559,258,180,220,93,106,347,89
CALML3_1*NT_6,CALML3*NT,558,510,445,639,279,406,532,789,1274,437,1028,432,588,198,145,584,142
CALML3_1*PDCD1LG2_1,CALML3*PDCD1LG2,582,392,300,465,334,288,388,1357,1140,5358,2199,536,814,551,393,1043,316
CALML3_1*PDCD1LG2_2,CALML3*PDCD1LG2,607,375,447,541,231,419,847,502,256,317,3444,323,480,195,236,496,86
CALML3_1*PDCD1LG2_3,CALML3*PDCD1LG2,623,609,574,503,333,585,602,633,358,1484,150,321,364,224,174,491,173
CALML3_1*PLA2G2A_2,CALML3*PLA2G2A,683,344,302,750,232,547,698,201,125,23,161,146,189,94,72,571,35
CALML3_1*PLA2G2A_4,CALML3*PLA2G2A,631,570,462,899,299,597,596,463,50,454,231,348,401,259,90,218,183
CALML3_1*PLA2G2A_5,CALML3*PLA2G2A,304,252,290,319,149,208,312,677,656,182,6400,403,463,409,90,528,113
CALML3_1*PLA2R1_2,CALML3*PLA2R1,304,258,237,307,226,196,224,1159,1268,4559,639,783,939,6983,233,886,334
CALML3_1*PLA2R1_3,CALML3*PLA2R1,157,118,147,304,41,152,169,268,96,424,223,242,230,207,51,55,39
CALML3_1*PLA2R1_4,CALML3*PLA2R1,679,496,487,636,247,431,565,605,444,387,196,345,458,192,132,782,131
CALML3_1*TLR7_1,CALML3*TLR7,237,199,205,328,111,149,137,442,832,248,2969,422,389,281,191,443,192
CALML3_1*TLR7_2,CALML3*TLR7,835,760,634,2079,516,463,803,270,712,108,171,139,235,19,96,91,121
CALML3_1*TLR7_5,CALML3*TLR7,90,77,75,113,45,63,98,234,228,166,294,153,209,2133,148,111,157
CALML3_1*TNFSF15_1,CALML3*TNFSF15,160,107,101,149,96,94,64,250,137,6535,264,180,171,9,76,755,102
CALML3_1*TNFSF15_2,CALML3*TNFSF15,1352,692,762,1141,446,639,764,744,720,716,546,445,661,135,262,681,363
CALML3_1*TNFSF15_3,CALML3*TNFSF15,354,632,355,401,240,254,301,914,775,1395,3132,574,641,3789,324,640,416
CALML3_3*BTLA_1,CALML3*BTLA,542,407,421,552,304,314,232,434,160,105,252,323,320,180,80,355,157
CALML3_3*BTLA_2,CALML3*BTLA,232,205,152,247,173,139,171,337,374,107,170,201,297,267,121,333,67
CALML3_3*BTLA_3,CALML3*BTLA,615,590,636,938,566,611,607,249,491,71,88,136,184,12,58,84,57
CALML3_3*CDH1_1,CALML3*CDH1,406,311,259,278,74,257,380,328,193,219,329,221,237,94,38,250,88
CALML3_3*CDH1_4,CALML3*CDH1,765,580,622,950,326,411,535,683,546,285,694,411,529,348,239,1108,217
CALML3_3*CDH1_5,CALML3*CDH1,775,829,641,1012,221,449,683,617,183,402,433,315,465,97,100,401,180
CALML3_3*CX3CL1_3,CALML3*CX3CL1,211,137,149,228,71,106,124,178,378,170,86,113,152,15,57,107,76
CALML3_3*CX3CL1_4,CALML3*CX3CL1,1046,844,1049,1577,923,986,859,350,278,188,170,285,369,19,55,205,65
CALML3_3*CX3CL1_5,CALML3*CX3CL1,279,207,213,393,134,174,188,628,522,349,430,350,452,495,86,443,155
CALML3_3*CXCR2_2,CALML3*CXCR2,186,143,160,178,73,126,113,500,551,412,289,386,395,7525,91,374,200
CALML3_3*CXCR2_4,CALML3*CXCR2,56,60,70,61,34,19,26,115,254,39,126,90,81,46,35,152,51
CALML3_3*CXCR2_5,CALML3*CXCR2,443,304,415,430,251,233,435,357,513,299,210,164,228,104,109,484,57
CALML3_3*CXCR5_2,CALML3*CXCR5,242,155,270,284,85,132,236,177,90,95,235,94,2047,16,28,151,94
CALML3_3*CXCR5_3,CALML3*CXCR5,715,617,697,834,453,529,656,440,55,178,383,211,355,75,129,481,250
CALML3_3*CXCR5_4,CALML3*CXCR5,367,344,411,325,226,334,300,152,136,118,70,133,131,55,45,104,63
CALML3_3*FCRL6_1,CALML3*FCRL6,441,441,387,586,296,344,438,442,114,164,190,266,362,2904,103,374,157
CALML3_3*FCRL6_4,CALML3*FCRL6,1279,1081,745,1457,913,815,1056,245,122,90,130,179,194,36,86,247,229
CALML3_3*FCRL6_5,CALML3*FCRL6,270,200,144,198,110,276,117,214,532,225,51,150,162,38,24,141,120
CALML3_3*HGF_2,CALML3*HGF,239,165,203,219,117,178,175,590,669,395,324,353,410,1186,97,689,222
CALML3_3*HGF_4,CALML3*HGF,302,245,210,407,128,234,260,476,617,506,208,262,328,335,47,138,93
CALML3_3*HGF_5,CALML3*HGF,919,787,665,781,436,435,880,364,263,297,239,304,342,75,147,483,90
CALML3_3*IL6_1,CALML3*IL6,457,345,410,456,202,850,229,275,427,327,126,145,222,173,52,247,41
CALML3_3*IL6_2,CALML3*IL6,249,200,229,238,92,181,261,317,87,178,751,250,303,391,117,522,164
CALML3_3*IL6_5,CALML3*IL6,463,370,317,581,195,308,455,406,199,547,560,368,377,166,139,386,63
CALML3_3*MFAP5_1,CALML3*MFAP5,457,263,320,385,295,262,167,237,1498,29,108,124,174,15,67,232,62
CALML3_3*MFAP5_3,CALML3*MFAP5,98,81,75,112,62,41,71,370,610,7564,226,180,308,223,107,377,68
CALML3_3*MFAP5_5,CALML3*MFAP5,363,287,325,366,140,237,259,249,199,718,151,229,198,78,102,198,155
CALML3_3*MPEG1_1,CALML3*MPEG1,191,165,141,227,96,163,242,305,577,95,150,169,213,171,67,249,28
CALML3_3*MPEG1_4,CALML3*MPEG1,633,512,571,554,491,464,606,244,396,133,218,169,262,115,40,116,28
CALML3_3*MPEG1_5,CALML3*MPEG1,319,257,316,369,169,193,313,280,395,80,3512,207,297,31,66,193,37
CALML3_3*MUC16_1,CALML3*MUC16,660,488,461,715,309,603,721,393,125,238,231,183,283,297,51,239,55
CALML3_3*MUC16_2,CALML3*MUC16,303,207,234,282,153,167,229,719,439,1032,489,354,364,144,206,245,36
CALML3_3*MUC16_5,CALML3*MUC16,139,85,74,111,72,91,116,485,534,404,191,308,362,5754,141,468,146
CALML3_3*MYSM1_2,CALML3*MYSM1,397,428,382,507,176,388,341,327,368,240,180,227,278,72,61,55,113
CALML3_3*MYSM1_4,CALML3*MYSM1,747,531,588,606,278,624,868,556,522,526,566,324,480,49,241,938,346
CALML3_3*MYSM1_5,CALML3*MYSM1,475,415,303,514,214,1321,242,364,357,76,138,118,217,23,57,77,86
CALML3_3*NT_17,CALML3*NT,399,284,316,416,188,311,526,317,181,381,409,242,348,27,14,37,47
CALML3_3*NT_18,CALML3*NT,377,254,309,431,216,193,397,162,89,259,186,142,175,178,24,254,36
CALML3_3*NT_20,CALML3*NT,397,317,239,380,294,261,381,390,259,218,211,200,256,87,163,403,28
CALML3_3*NT_25,CALML3*NT,588,467,404,615,246,298,727,487,446,248,483,300,450,234,101,502,88
CALML3_3*NT_26,CALML3*NT,512,387,474,405,288,242,5461,343,554,1958,369,182,242,31,107,683,166
CALML3_3*NT_33,CALML3*NT,735,642,630,804,752,632,419,597,189,324,1162,264,369,83,110,265,83
CALML3_3*NT_39,CALML3*NT,614,476,513,636,466,380,540,494,580,368,384,331,483,182,208,586,152
CALML3_3*NT_57,CALML3*NT,539,559,487,660,402,393,407,613,788,463,280,282,381,473,132,74,69
CALML3_3*NT_6,CALML3*NT,697,530,576,1141,480,431,454,309,388,270,272,144,319,81,47,156,211
CALML3_3*PDCD1LG2_1,CALML3*PDCD1LG2,824,527,602,706,301,418,490,741,300,431,335,439,478,174,210,658,133
CALML3_3*PDCD1LG2_2,CALML3*PDCD1LG2,343,212,192,317,93,206,180,308,242,141,231,215,285,115,110,204,37
CALML3_3*PDCD1LG2_3,CALML3*PDCD1LG2,378,370,380,671,256,351,285,196,240,85,235,202,187,155,95,326,64
CALML3_3*PLA2G2A_2,CALML3*PLA2G2A,323,305,280,599,130,160,235,252,34,132,146,122,112,30,116,2,130
CALML3_3*PLA2G2A_4,CALML3*PLA2G2A,522,389,465,557,173,350,436,206,286,55,161,154,294,60,60,165,81
CALML3_3*PLA2G2A_5,CALML3*PLA2G2A,414,351,308,402,258,319,353,334,188,348,202,280,295,200,67,65,21
CALML3_3*PLA2R1_2,CALML3*PLA2R1,648,520,507,659,392,437,2112,1097,301,8284,395,403,593,344,172,349,187
CALML3_3*PLA2R1_3,CALML3*PLA2R1,306,256,295,353,158,203,253,311,168,1002,144,243,244,69,91,94,37
CALML3_3*PLA2R1_4,CALML3*PLA2R1,192,168,155,176,128,147,214,417,376,259,2819,211,350,187,57,582,66
CALML3_3*TLR7_1,CALML3*TLR7,211,187,217,324,76,197,142,227,355,60,418,125,824,6,22,240,123
CALML3_3*TLR7_2,CALML3*TLR7,68,59,68,95,48,44,36,81,72,1245,38,37,55,6,19,158,9
CALML3_3*TLR7_5,CALML3*TLR7,292,294,284,377,75,243,397,367,323,457,163,260,271,217,82,528,111
CALML3_3*TNFSF15_1,CALML3*TNFSF15,249,229,232,415,78,116,287,161,152,198,29,127,135,52,96,134,19
CALML3_3*TNFSF15_2,CALML3*TNFSF15,911,801,683,1108,597,613,831,796,911,482,495,693,588,607,130,394,166
CALML3_3*TNFSF15_3,CALML3*TNFSF15,437,278,383,425,221,353,221,639,1103,276,3255,318,476,159,220,464,135
CALML3_4*BTLA_1,CALML3*BTLA,1316,1009,1133,1410,738,980,1455,1558,1661,756,2067,1288,1140,508,189,516,227
CALML3_4*BTLA_2,CALML3*BTLA,1216,817,1606,1378,658,1075,1060,1290,1327,3733,795,832,1042,652,339,843,174
CALML3_4*BTLA_3,CALML3*BTLA,1898,1385,1482,2797,1124,1219,1726,1375,939,859,1101,1066,1066,690,306,900,315
CALML3_4*CDH1_1,CALML3*CDH1,1372,1107,915,1543,927,1059,1352,867,615,661,419,725,776,519,152,279,177
CALML3_4*CDH1_4,CALML3*CDH1,860,541,587,915,440,531,547,1916,2430,4403,6732,1197,1557,1308,575,1572,740
CALML3_4*CDH1_5,CALML3*CDH1,1213,1014,938,1290,708,844,900,1644,1268,2193,1414,1097,1316,1001,411,802,354
CALML3_4*CX3CL1_3,CALML3*CX3CL1,1136,790,878,2407,584,561,1152,583,937,292,393,394,475,162,182,969,233
CALML3_4*CX3CL1_4,CALML3*CX3CL1,330,269,259,443,204,242,350,1113,1511,3631,1325,4481,837,734,228,981,261
CALML3_4*CX3CL1_5,CALML3*CX3CL1,886,699,709,941,578,697,792,1203,1332,807,1118,1586,1127,897,230,975,141
CALML3_4*CXCR2_2,CALML3*CXCR2,779,567,593,831,441,534,816,1330,1393,6385,830,1270,1036,460,294,548,319
CALML3_4*CXCR2_4,CALML3*CXCR2,959,818,776,1568,1029,742,824,530,412,495,364,373,486,220,147,397,191
CALML3_4*CXCR2_5,CALML3*CXCR2,1431,1401,1054,1983,512,1181,1456,798,792,1627,452,458,596,42,312,353,335
CALML3_4*CXCR5_2,CALML3*CXCR5,906,753,796,1021,532,624,804,823,367,744,581,713,913,20109,250,797,221
CALML3_4*CXCR5_3,CALML3*CXCR5,2795,2173,4940,3019,1360,1601,2209,2020,1792,1247,1340,1140,1357,609,519,2343,457
CALML3_4*CXCR5_4,CALML3*CXCR5,54,46,53,76,36,28,49,622,630,4894,2867,374,653,3635,114,342,138
CALML3_4*FCRL6_1,CALML3*FCRL6,1280,977,1099,1281,775,699,949,1500,1772,1371,1117,983,1064,914,280,587,357
CALML3_4*FCRL6_4,CALML3*FCRL6,606,366,396,622,369,375,409,812,953,646,3770,524,614,376,312,1114,283
CALML3_4*FCRL6_5,CALML3*FCRL6,732,421,331,545,160,171,350,701,627,1282,184,524,513,1961,214,1211,207
CALML3_4*HGF_2,CALML3*HGF,639,504,494,690,615,443,571,1721,2178,5724,4422,1206,2677,1758,418,1077,445
CALML3_4*HGF_4,CALML3*HGF,1533,969,1015,1689,752,809,1230,1792,2759,2953,1079,982,1306,762,250,1152,285
CALML3_4*HGF_5,CALML3*HGF,762,522,567,755,503,525,602,1286,1030,6325,3057,958,1057,460,298,724,429
CALML3_4*IL6_1,CALML3*IL6,2119,1437,1651,2263,1173,943,1738,854,613,701,671,564,775,587,82,455,165
CALML3_4*IL6_2,CALML3*IL6,1439,1138,1197,1676,655,845,1412,1156,720,1455,467,605,865,741,238,825,280
CALML3_4*IL6_5,CALML3*IL6,2081,1370,1165,1927,1015,1034,1122,2427,1256,1020,5380,1096,1515,528,542,1792,463
CALML3_4*MFAP5_1,CALML3*MFAP5,385,343,298,417,236,292,380,684,250,426,1650,573,657,12400,199,398,158
CALML3_4*MFAP5_3,CALML3*MFAP5,1367,1148,829,1404,579,892,1862,1041,992,784,430,546,784,337,306,1557,292
CALML3_4*MFAP5_5,CALML3*MFAP5,1135,924,782,1476,606,790,1295,1035,597,1815,570,598,713,853,264,446,283
CALML3_4*MPEG1_1,CALML3*MPEG1,1951,1941,2203,2507,1027,1382,1874,1595,1222,1244,1257,978,1124,444,203,703,268
CALML3_4*MPEG1_4,CALML3*MPEG1,1427,929,1128,1575,755,953,1748,528,281,167,465,348,435,98,99,225,46
CALML3_4*MPEG1_5,CALML3*MPEG1,1450,1203,1034,1750,798,863,1163,1026,1414,551,1613,777,1001,513,323,1745,382
CALML3_4*MUC16_1,CALML3*MUC16,719,558,574,829,380,512,673,2045,2423,18855,3841,1482,1714,1507,220,1140,348
CALML3_4*MUC16_2,CALML3*MUC16,314,271,245,356,175,178,382,1302,2278,4402,4835,997,1367,17152,362,822,144
CALML3_4*MUC16_5,CALML3*MUC16,936,688,721,1176,415,636,774,1605,1302,5030,6784,1807,1527,456,461,1331,294
CALML3_4*MYSM1_2,CALML3*MYSM1,1502,1254,1288,2187,1023,1055,2844,1138,994,820,661,774,817,381,245,457,246
CALML3_4*MYSM1_4,CALML3*MYSM1,988,877,776,1712,1139,1311,1191,1393,649,1909,1686,775,861,1302,420,1353,492
CALML3_4*MYSM1_5,CALML3*MYSM1,657,470,531,717,400,491,480,1364,1414,680,1118,826,1207,6575,218,731,306
CALML3_4*NT_17,CALML3*NT,613,476,493,642,353,448,470,756,670,5110,790,486,625,328,65,401,62
CALML3_4*NT_18,CALML3*NT,589,395,509,549,287,390,400,1312,1494,11559,833,816,926,423,116,821,183
CALML3_4*NT_20,CALML3*NT,540,410,405,618,367,355,360,856,1145,633,494,532,667,2636,136,517,215
CALML3_4*NT_25,CALML3*NT,830,787,701,993,435,623,653,1798,1501,11976,2238,1051,1379,840,336,1314,495
CALML3_4*NT_26,CALML3*NT,939,719,746,875,417,657,858,1139,1024,627,711,604,702,680,243,1097,293
CALML3_4*NT_33,CALML3*NT,1400,988,1124,1685,867,1020,1287,2155,1377,1431,3932,1063,1640,719,378,894,589
CALML3_4*NT_39,CALML3*NT,945,686,670,1067,598,567,728,2343,2434,3207,2610,5660,1840,1342,723,2344,678
CALML3_4*NT_57,CALML3*NT,865,635,613,1110,448,691,588,1040,1285,494,2567,604,760,328,273,934,110
CALML3_4*NT_6,CALML3*NT,1037,871,813,1311,569,749,867,1678,1196,1237,1500,928,1312,6515,321,1524,390
CALML3_4*PDCD1LG2_1,CALML3*PDCD1LG2,1914,1337,1354,2048,1110,1145,1925,2879,2382,2972,7835,1727,2066,979,917,2320,581
CALML3_4*PDCD1LG2_2,CALML3*PDCD1LG2,299,221,248,304,169,232,215,1443,2306,567,7915,699,895,4204,303,893,312
CALML3_4*PDCD1LG2_3,CALML3*PDCD1LG2,618,445,506,638,457,492,642,1419,1540,1397,1527,1501,1197,7754,256,1152,474
CALML3_4*PLA2G2A_2,CALML3*PLA2G2A,835,560,527,790,510,458,713,444,760,147,312,283,359,191,182,411,193
CALML3_4*PLA2G2A_4,CALML3*PLA2G2A,1639,1091,1259,1946,773,1201,1201,914,616,615,1114,644,802,152,184,267,225
CALML3_4*PLA2G2A_5,CALML3*PLA2G2A,2048,1441,1614,1793,871,1159,1659,1401,1006,1154,1279,878,1161,898,131,359,122
CALML3_4*PLA2R1_2,CALML3*PLA2R1,917,612,644,1050,477,582,617,2379,3359,11250,4546,1467,1844,2117,399,2164,440
CALML3_4*PLA2R1_3,CALML3*PLA2R1,940,672,700,932,528,598,755,1427,1002,2147,6228,718,945,390,98,333,105
CALML3_4*PLA2R1_4,CALML3*PLA2R1,2295,1688,1773,2371,1361,2102,1899,1468,2051,1287,725,1251,1224,539,360,706,182
CALML3_4*TLR7_1,CALML3*TLR7,468,360,423,507,309,306,261,1175,1138,687,559,707,901,10355,215,410,382
CALML3_4*TLR7_2,CALML3*TLR7,760,395,432,772,407,525,413,511,482,216,518,504,392,181,96,158,131
CALML3_4*TLR7_5,CALML3*TLR7,624,516,428,686,351,404,481,1116,913,10690,947,717,1028,343,219,613,335
CALML3_4*TNFSF15_1,CALML3*TNFSF15,981,715,682,1222,469,687,999,812,875,647,437,343,469,161,150,482,260
CALML3_4*TNFSF15_2,CALML3*TNFSF15,519,344,420,612,222,340,353,2015,2309,6639,4077,1243,1214,3742,542,1517,505
CALML3_4*TNFSF15_3,CALML3*TNFSF15,500,340,394,543,306,323,475,1827,1734,2917,10381,989,1276,10182,338,472,283
CHEK2_1*BTLA_1,CHEK2*BTLA,556,565,334,453,304,327,424,1050,1190,1911,561,691,760,9378,300,441,190
CHEK2_1*BTLA_2,CHEK2*BTLA,1023,802,848,1166,563,633,802,999,749,984,2185,640,821,290,229,679,349
CHEK2_1*BTLA_3,CHEK2*BTLA,1067,800,783,1123,347,641,1018,783,535,321,415,546,523,130,134,597,80
CHEK2_1*CDH1_1,CHEK2*CDH1,299,294,211,365,183,203,216,832,829,527,3085,604,728,5242,246,737,428
CHEK2_1*CDH1_4,CHEK2*CDH1,2248,1840,1531,2815,1483,1513,2092,1604,1181,1090,1786,1020,1386,1077,563,1509,603
CHEK2_1*CDH1_5,CHEK2*CDH1,423,358,278,514,200,254,346,1187,1161,5188,6400,604,811,649,338,1114,301
CHEK2_1*CX3CL1_3,CHEK2*CX3CL1,185,140,146,210,110,92,96,384,409,205,117,271,270,3173,54,111,80
CHEK2_1*CX3CL1_4,CHEK2*CX3CL1,755,681,607,1212,456,424,699,1063,728,846,2666,1034,605,264,325,317,265
CHEK2_1*CX3CL1_5,CHEK2*CX3CL1,483,402,428,557,315,270,370,1044,1092,582,841,825,1045,661,294,584,149
CHEK2_1*CXCR2_2,CHEK2*CXCR2,857,821,674,898,386,577,666,873,554,2940,644,605,776,409,188,738,150
CHEK2_1*CXCR2_4,CHEK2*CXCR2,441,348,339,577,326,340,364,269,84,126,365,147,280,165,27,97,131
CHEK2_1*CXCR2_5,CHEK2*CXCR2,423,315,270,469,210,301,355,700,1138,373,300,545,720,6696,241,523,121
CHEK2_1*CXCR5_2,CHEK2*CXCR5,761,614,623,772,352,572,580,1038,995,677,300,601,579,585,226,845,276
CHEK2_1*CXCR5_3,CHEK2*CXCR5,618,490,499,735,310,405,776,1422,1419,2093,4075,860,1218,1424,530,1427,436
CHEK2_1*CXCR5_4,CHEK2*CXCR5,198,145,130,246,72,186,117,739,441,4980,297,389,420,283,131,382,136
CHEK2_1*FCRL6_1,CHEK2*FCRL6,677,588,576,857,397,570,686,843,908,717,834,565,807,191,132,643,257
CHEK2_1*FCRL6_4,CHEK2*FCRL6,393,220,186,257,114,129,368,995,867,448,2239,333,624,678,269,1089,307
CHEK2_1*FCRL6_5,CHEK2*FCRL6,725,598,577,571,372,559,892,758,430,390,621,425,474,206,304,358,327
CHEK2_1*HGF_2,CHEK2*HGF,1440,1106,1137,1987,624,1224,1696,1069,1178,758,729,813,861,161,182,802,312
CHEK2_1*HGF_4,CHEK2*HGF,1061,855,799,1306,488,745,981,1259,1440,770,1681,769,939,891,218,520,171
CHEK2_1*HGF_5,CHEK2*HGF,434,369,420,465,253,333,302,471,1020,346,606,839,1068,49285,241,420,85
CHEK2_1*IL6_1,CHEK2*IL6,639,475,485,533,288,413,463,614,816,280,449,426,441,288,20,670,143
CHEK2_1*IL6_2,CHEK2*IL6,399,325,299,417,154,346,429,703,650,3203,768,430,616,284,131,444,444
CHEK2_1*IL6_5,CHEK2*IL6,495,381,347,529,218,385,392,1110,831,7833,582,546,769,585,287,436,359
CHEK2_1*MFAP5_1,CHEK2*MFAP5,318,315,329,468,133,288,387,404,310,619,242,381,493,353,130,179,132
CHEK2_1*MFAP5_3,CHEK2*MFAP5,1376,1010,927,1669,687,768,1268,893,573,520,365,731,649,311,131,703,166
CHEK2_1*MFAP5_5,CHEK2*MFAP5,842,541,755,995,440,538,802,1088,1048,845,1713,496,699,368,221,693,144
CHEK2_1*MPEG1_1,CHEK2*MPEG1,1234,749,674,1428,354,412,642,892,1023,362,293,571,743,499,117,534,160
CHEK2_1*MPEG1_4,CHEK2*MPEG1,484,403,293,447,282,271,420,384,103,206,272,280,344,180,76,312,21
CHEK2_1*MPEG1_5,CHEK2*MPEG1,671,798,471,845,285,754,433,555,437,369,496,346,836,78,157,258,97
CHEK2_1*MUC16_1,CHEK2*MUC16,974,757,700,1115,439,657,756,1186,1267,3143,1038,1204,1133,392,146,497,195
CHEK2_1*MUC16_2,CHEK2*MUC16,420,351,297,451,193,310,450,822,1196,611,733,760,834,7340,126,451,161
CHEK2_1*MUC16_5,CHEK2*MUC16,794,629,577,744,364,462,712,1109,439,584,971,942,1135,8200,311,1071,245
CHEK2_1*MYSM1_2,CHEK2*MYSM1,823,750,634,1265,345,574,821,951,1047,539,609,569,850,795,220,642,402
CHEK2_1*MYSM1_4,CHEK2*MYSM1,268,259,196,341,79,188,216,671,1434,2044,524,424,943,113,393,816,343
CHEK2_1*MYSM1_5,CHEK2*MYSM1,2229,1763,1695,2318,1038,1714,3301,827,86,309,651,478,628,149,147,457,229
CHEK2_1*NT_17,CHEK2*NT,1041,719,840,1033,503,636,804,818,458,555,1341,459,678,484,106,315,37
CHEK2_1*NT_18,CHEK2*NT,1680,1314,1056,1787,802,975,1188,884,576,355,589,593,645,195,151,323,80
CHEK2_1*NT_20,CHEK2*NT,591,395,378,1447,319,424,504,466,528,455,423,338,382,253,209,747,103
CHEK2_1*NT_25,CHEK2*NT,935,765,682,992,594,627,796,1208,1135,982,1116,758,1787,1984,249,760,222
CHEK2_1*NT_26,CHEK2*NT,276,205,188,312,232,143,259,725,817,7921,1410,354,522,228,161,800,204
CHEK2_1*NT_33,CHEK2*NT,667,812,593,835,481,452,650,1001,977,9083,490,585,763,422,259,607,206
CHEK2_1*NT_39,CHEK2*NT,2898,2283,2252,2895,1704,2274,2899,1127,367,541,453,783,939,340,312,838,328
CHEK2_1*NT_57,CHEK2*NT,250,204,208,274,228,165,175,537,730,515,10972,463,560,271,102,564,86
CHEK2_1*NT_6,CHEK2*NT,1121,913,877,1131,487,813,874,2064,1545,1202,864,1243,1655,709,190,391,170
CHEK2_1*PDCD1LG2_1,CHEK2*PDCD1LG2,847,642,615,1020,433,681,700,1686,2342,11526,1246,910,1240,827,483,1710,670
CHEK2_1*PDCD1LG2_2,CHEK2*PDCD1LG2,643,546,494,860,237,410,593,1028,432,466,3969,463,578,298,197,649,136
CHEK2_1*PDCD1LG2_3,CHEK2*PDCD1LG2,1269,1057,877,1281,876,904,1061,1011,521,633,288,581,687,690,192,1098,312
CHEK2_1*PLA2G2A_2,CHEK2*PLA2G2A,557,371,345,637,428,400,673,428,468,616,233,355,447,88,154,303,183
CHEK2_1*PLA2G2A_4,CHEK2*PLA2G2A,403,351,373,433,168,289,341,919,445,1887,795,658,865,20566,57,498,126
CHEK2_1*PLA2G2A_5,CHEK2*PLA2G2A,870,553,577,791,397,539,1211,819,959,508,6129,569,748,419,61,686,93
CHEK2_1*PLA2R1_2,CHEK2*PLA2R1,3035,2341,2603,5874,1648,2217,2517,1602,992,1195,1233,1014,1460,847,338,1069,500
CHEK2_1*PLA2R1_3,CHEK2*PLA2R1,309,231,244,324,169,230,290,350,501,363,374,267,516,359,22,358,33
CHEK2_1*PLA2R1_4,CHEK2*PLA2R1,400,349,315,422,226,362,300,1127,842,5377,2235,618,705,446,198,675,389
CHEK2_1*TLR7_1,CHEK2*TLR7,1173,950,1011,1779,605,760,979,1216,1136,373,878,804,853,965,389,801,382
CHEK2_1*TLR7_2,CHEK2*TLR7,722,680,652,1011,662,412,731,395,343,541,207,304,426,243,91,349,171
CHEK2_1*TLR7_5,CHEK2*TLR7,995,697,614,1312,456,673,752,762,534,342,451,436,768,343,254,878,226
CHEK2_1*TNFSF15_1,CHEK2*TNFSF15,257,216,326,595,335,136,186,379,409,662,107,151,318,115,77,218,67
CHEK2_1*TNFSF15_2,CHEK2*TNFSF15,588,386,391,515,247,315,416,1038,1689,2235,2102,815,963,1219,328,885,266
CHEK2_1*TNFSF15_3,CHEK2*TNFSF15,1452,843,976,1712,656,775,1016,1216,589,863,760,800,918,2071,410,558,359
CHEK2_2*BTLA_1,CHEK2*BTLA,730,700,484,1038,378,577,657,795,884,720,1087,441,742,501,283,381,282
CHEK2_2*BTLA_2,CHEK2*BTLA,724,685,609,827,307,556,640,1269,601,4482,2974,620,1157,550,269,735,369
CHEK2_2*BTLA_3,CHEK2*BTLA,39,45,43,54,27,45,28,644,1099,14172,677,321,487,1816,85,348,39
CHEK2_2*CDH1_1,CHEK2*CDH1,513,442,384,532,309,434,475,676,426,482,416,508,703,5372,157,454,268
CHEK2_2*CDH1_4,CHEK2*CDH1,1093,976,899,1289,746,797,990,2175,834,679,1452,891,905,653,291,1254,588
CHEK2_2*CDH1_5,CHEK2*CDH1,910,946,724,938,696,1562,690,886,344,611,1970,452,572,168,184,477,197
CHEK2_2*CX3CL1_3,CHEK2*CX3CL1,147,151,113,98,159,75,156,149,9,56,120,88,705,5,35,0,105
CHEK2_2*CX3CL1_4,CHEK2*CX3CL1,1446,1277,1380,1701,1009,1223,19418,630,584,582,1129,476,621,486,199,786,522
CHEK2_2*CX3CL1_5,CHEK2*CX3CL1,1220,978,820,1069,635,703,1103,779,1003,276,493,666,770,208,478,1022,317
CHEK2_2*CXCR2_2,CHEK2*CXCR2,400,329,367,377,286,310,797,972,376,4524,1992,832,1223,29729,275,537,489
CHEK2_2*CXCR2_4,CHEK2*CXCR2,655,615,695,850,567,738,648,311,120,130,114,311,309,153,70,345,63
CHEK2_2*CXCR2_5,CHEK2*CXCR2,340,249,248,375,194,193,256,437,335,433,6402,251,440,428,125,241,298
CHEK2_2*CXCR5_2,CHEK2*CXCR5,1210,1048,997,1122,1021,678,1146,617,444,967,260,445,593,181,179,230,86
CHEK2_2*CXCR5_3,CHEK2*CXCR5,899,758,869,839,512,650,666,1288,1587,603,893,681,872,1060,266,1288,639
CHEK2_2*CXCR5_4,CHEK2*CXCR5,501,461,497,655,382,416,585,481,421,402,204,331,318,226,160,300,104
CHEK2_2*FCRL6_1,CHEK2*FCRL6,902,722,725,910,643,635,927,1137,1742,797,1036,829,904,356,178,1046,347
CHEK2_2*FCRL6_4,CHEK2*FCRL6,71,62,43,64,19,47,39,448,262,11022,2892,157,300,50,161,906,118
CHEK2_2*FCRL6_5,CHEK2*FCRL6,986,882,700,2426,657,932,864,634,788,432,380,436,588,165,248,694,262
CHEK2_2*HGF_2,CHEK2*HGF,1723,1396,1481,1777,1218,1571,1795,1051,650,680,949,650,927,660,303,492,307
CHEK2_2*HGF_4,CHEK2*HGF,959,717,660,1213,552,882,792,864,762,605,491,507,851,447,112,399,198
CHEK2_2*HGF_5,CHEK2*HGF,674,529,446,731,373,468,577,776,471,3995,537,506,573,128,235,734,311
CHEK2_2*IL6_1,CHEK2*IL6,587,542,505,775,397,2493,457,641,728,163,646,593,652,8387,205,245,290
CHEK2_2*IL6_2,CHEK2*IL6,849,777,675,944,674,907,606,801,395,376,1608,577,602,149,291,1396,362
CHEK2_2*IL6_5,CHEK2*IL6,833,776,578,933,390,757,1433,839,693,1415,359,632,714,615,466,663,248
CHEK2_2*MFAP5_1,CHEK2*MFAP5,622,589,495,674,295,541,414,515,610,183,406,410,432,264,188,223,264
CHEK2_2*MFAP5_3,CHEK2*MFAP5,367,294,289,401,135,239,225,614,671,243,689,399,517,454,237,509,394
CHEK2_2*MFAP5_5,CHEK2*MFAP5,285,227,231,280,159,241,280,558,650,2819,406,274,482,602,125,354,112
CHEK2_2*MPEG1_1,CHEK2*MPEG1,1388,1108,1180,1728,1219,970,1733,736,404,448,609,473,667,408,27,47,187
CHEK2_2*MPEG1_4,CHEK2*MPEG1,133,108,79,104,36,63,157,193,232,95,213,76,103,26,18,172,1
CHEK2_2*MPEG1_5,CHEK2*MPEG1,1708,1253,1298,1850,1048,1175,1823,688,751,412,360,389,521,68,175,744,341
CHEK2_2*MUC16_1,CHEK2*MUC16,192,184,197,228,109,125,288,808,756,6052,6138,494,702,370,137,83,202
CHEK2_2*MUC16_2,CHEK2*MUC16,94,90,75,128,89,90,85,768,1001,6111,5889,536,735,437,303,621,259
CHEK2_2*MUC16_5,CHEK2*MUC16,1303,1301,1001,1362,1114,995,1662,1180,618,711,530,691,700,465,349,648,411
CHEK2_2*MYSM1_2,CHEK2*MYSM1,224,186,205,198,69,208,216,477,552,1431,879,305,378,425,105,209,182
CHEK2_2*MYSM1_4,CHEK2*MYSM1,376,273,262,443,220,238,338,538,892,253,232,334,372,303,280,592,273
CHEK2_2*MYSM1_5,CHEK2*MYSM1,662,599,576,863,505,559,650,768,1583,534,343,413,537,469,173,432,199
CHEK2_2*NT_17,CHEK2*NT,694,438,413,584,842,412,607,326,693,171,215,259,325,152,38,87,9
CHEK2_2*NT_18,CHEK2*NT,920,818,864,1079,551,739,990,760,796,663,531,574,619,268,109,138,131
CHEK2_2*NT_20,CHEK2*NT,321,320,265,445,163,237,245,373,17,431,138,150,246,15,39,138,111
CHEK2_2*NT_25,CHEK2*NT,556,512,437,570,443,323,494,711,929,284,4846,615,712,191,138,740,193
CHEK2_2*NT_26,CHEK2*NT,778,1034,803,1048,453,763,667,684,882,310,240,413,483,64,184,345,134
CHEK2_2*NT_33,CHEK2*NT,938,784,762,1264,624,690,746,951,646,577,495,589,719,356,215,357,182
CHEK2_2*NT_39,CHEK2*NT,1450,1242,1335,1300,705,1029,1421,1293,1206,984,735,705,795,375,427,872,449
CHEK2_2*NT_57,CHEK2*NT,1052,784,790,1246,439,592,1228,631,520,273,603,296,372,111,80,443,150
CHEK2_2*NT_6,CHEK2*NT,1073,1131,959,1026,775,989,1279,893,1225,362,575,539,771,95,231,55,296
CHEK2_2*PDCD1LG2_1,CHEK2*PDCD1LG2,803,741,642,1051,444,574,875,1406,1121,1267,3373,778,1449,1395,237,1130,434
CHEK2_2*PDCD1LG2_2,CHEK2*PDCD1LG2,541,402,458,964,236,431,536,728,1038,321,805,569,634,2388,212,864,297
CHEK2_2*PDCD1LG2_3,CHEK2*PDCD1LG2,600,480,513,664,198,480,483,634,707,407,505,444,657,196,337,595,241
CHEK2_2*PLA2G2A_2,CHEK2*PLA2G2A,1121,1047,1238,1725,935,888,1345,564,1537,571,334,540,542,155,120,466,386
CHEK2_2*PLA2G2A_4,CHEK2*PLA2G2A,228,181,152,281,168,201,196,646,616,9195,717,463,629,535,214,237,213
CHEK2_2*PLA2G2A_5,CHEK2*PLA2G2A,524,564,500,659,251,416,576,637,1150,226,228,459,633,188,140,496,109
CHEK2_2*PLA2R1_2,CHEK2*PLA2R1,1604,1559,1458,1983,929,1163,1719,1403,1613,547,956,752,1047,272,300,894,444
CHEK2_2*PLA2R1_3,CHEK2*PLA2R1,1170,913,959,1007,573,1060,2835,521,565,313,785,389,506,59,75,247,39
CHEK2_2*PLA2R1_4,CHEK2*PLA2R1,943,756,831,1077,844,596,768,609,730,181,987,504,541,513,280,972,109
CHEK2_2*TLR7_1,CHEK2*TLR7,1255,834,986,1072,416,746,1310,607,318,377,366,2039,515,183,287,904,145
CHEK2_2*TLR7_2,CHEK2*TLR7,270,217,225,273,189,269,211,274,88,1553,61,233,231,54,60,75,127
CHEK2_2*TLR7_5,CHEK2*TLR7,843,664,589,1085,507,656,609,603,195,336,352,328,546,138,256,768,179
CHEK2_2*TNFSF15_1,CHEK2*TNFSF15,658,684,839,577,590,609,825,494,387,379,235,269,248,36,67,238,70
CHEK2_2*TNFSF15_2,CHEK2*TNFSF15,345,282,267,245,164,207,333,999,460,6942,803,678,791,441,160,265,180
CHEK2_2*TNFSF15_3,CHEK2*TNFSF15,1429,1236,1217,1430,5525,1280,1810,1422,674,892,595,524,789,275,234,969,288
CHEK2_3*BTLA_1,CHEK2*BTLA,89,66,65,104,32,74,95,173,22,115,5837,130,226,79,24,152,31
CHEK2_3*BTLA_2,CHEK2*BTLA,357,247,317,381,77,898,231,326,412,248,128,226,194,98,46,97,44
CHEK2_3*BTLA_3,CHEK2*BTLA,103,125,157,180,88,79,178,127,20,143,76,77,162,104,59,96,95
CHEK2_3*CDH1_1,CHEK2*CDH1,56,60,69,84,39,57,54,205,81,99,2080,91,173,197,14,95,32
CHEK2_3*CDH1_4,CHEK2*CDH1,391,335,296,486,196,234,285,319,732,145,231,217,375,203,70,299,177
CHEK2_3*CDH1_5,CHEK2*CDH1,688,590,531,725,452,2641,575,337,357,140,540,191,286,84,80,242,92
CHEK2_3*CX3CL1_3,CHEK2*CX3CL1,101,118,61,63,7,57,125,108,7,122,88,50,86,44,14,22,3
CHEK2_3*CX3CL1_4,CHEK2*CX3CL1,355,481,413,535,361,406,279,242,16,196,190,155,403,74,112,611,17
CHEK2_3*CX3CL1_5,CHEK2*CX3CL1,334,283,279,357,135,179,316,571,520,389,722,310,434,273,57,162,54
CHEK2_3*CXCR2_2,CHEK2*CXCR2,441,451,378,418,181,317,368,553,201,977,996,342,417,142,72,366,123
CHEK2_3*CXCR2_4,CHEK2*CXCR2,151,120,116,202,67,111,147,71,127,91,15,69,83,4,19,289,6
CHEK2_3*CXCR2_5,CHEK2*CXCR2,206,129,249,199,32,179,296,174,55,131,8,119,141,144,5,18,37
CHEK2_3*CXCR5_2,CHEK2*CXCR5,455,305,331,389,271,362,206,243,103,193,278,154,198,13,106,52,10
CHEK2_3*CXCR5_3,CHEK2*CXCR5,442,379,421,473,251,268,214,328,282,345,199,292,254,212,86,266,217
CHEK2_3*CXCR5_4,CHEK2*CXCR5,195,169,99,315,203,187,285,101,346,107,17,47,95,52,29,49,41
CHEK2_3*FCRL6_1,CHEK2*FCRL6,208,186,139,157,73,151,161,286,21,211,3151,174,296,71,47,324,42
CHEK2_3*FCRL6_4,CHEK2*FCRL6,70,69,70,135,36,84,80,312,474,813,5270,228,217,242,165,110,96
CHEK2_3*FCRL6_5,CHEK2*FCRL6,157,99,129,204,336,109,181,59,37,29,12,29,49,119,32,79,28
CHEK2_3*HGF_2,CHEK2*HGF,180,155,180,272,148,156,198,265,225,936,148,214,218,1273,17,138,98
CHEK2_3*HGF_4,CHEK2*HGF,301,220,231,329,132,215,244,619,681,388,673,384,439,552,51,568,139
CHEK2_3*HGF_5,CHEK2*HGF,271,214,173,254,105,139,162,393,171,3416,270,174,255,32,76,375,108
CHEK2_3*IL6_1,CHEK2*IL6,243,251,258,226,182,208,274,174,390,113,44,83,170,62,8,166,12
CHEK2_3*IL6_2,CHEK2*IL6,425,336,311,376,88,224,535,279,174,194,169,131,167,110,82,290,187
CHEK2_3*IL6_5,CHEK2*IL6,292,265,242,249,114,217,242,359,360,407,403,161,289,97,111,345,108
CHEK2_3*MFAP5_1,CHEK2*MFAP5,71,69,71,108,7,74,65,347,3,126,32,55,88,35,8,87,14
CHEK2_3*MFAP5_3,CHEK2*MFAP5,422,370,249,436,136,361,471,153,6,40,193,138,147,163,66,209,23
CHEK2_3*MFAP5_5,CHEK2*MFAP5,103,88,109,124,37,103,192,328,477,1613,4862,227,271,130,88,342,90
CHEK2_3*MPEG1_1,CHEK2*MPEG1,178,127,164,286,110,219,180,345,402,238,69,187,248,141,57,182,157
CHEK2_3*MPEG1_4,CHEK2*MPEG1,169,217,135,291,221,91,225,75,45,7,18,5,40,65,20,126,61
CHEK2_3*MPEG1_5,CHEK2*MPEG1,252,100,61,83,34,177,56,72,7,129,1293,61,72,76,36,12,7
CHEK2_3*MUC16_1,CHEK2*MUC16,572,570,522,639,383,501,441,701,566,465,742,497,527,148,52,60,48
CHEK2_3*MUC16_2,CHEK2*MUC16,510,532,595,948,258,400,633,420,122,461,188,254,281,153,75,279,107
CHEK2_3*MUC16_5,CHEK2*MUC16,411,323,364,569,71,234,298,329,81,214,229,462,292,91,95,581,64
CHEK2_3*MYSM1_2,CHEK2*MYSM1,606,492,368,487,216,480,463,254,222,119,5,134,189,8,54,145,58
CHEK2_3*MYSM1_4,CHEK2*MYSM1,184,282,173,199,255,145,173,248,176,102,167,97,169,110,111,182,37
CHEK2_3*MYSM1_5,CHEK2*MYSM1,132,91,66,115,118,96,74,199,476,164,255,102,189,92,41,216,130
CHEK2_3*NT_17,CHEK2*NT,152,133,166,174,153,119,237,177,168,133,70,97,157,396,15,80,2
CHEK2_3*NT_18,CHEK2*NT,147,106,79,196,73,101,203,228,178,274,355,118,109,5,33,69,6
CHEK2_3*NT_20,CHEK2*NT,263,218,190,274,32,293,217,115,9,81,119,108,103,140,76,257,136
CHEK2_3*NT_25,CHEK2*NT,520,439,451,713,397,397,618,292,285,101,82,138,253,10,68,240,34
CHEK2_3*NT_26,CHEK2*NT,424,369,518,670,203,426,381,213,279,129,291,141,206,72,98,171,57
CHEK2_3*NT_33,CHEK2*NT,379,296,267,424,201,346,388,315,431,249,164,588,342,369,26,322,135
CHEK2_3*NT_39,CHEK2*NT,112,101,61,180,60,54,78,320,371,106,198,180,211,60,51,177,29
CHEK2_3*NT_57,CHEK2*NT,308,258,323,375,174,264,200,359,279,146,285,191,258,65,20,425,43
CHEK2_3*NT_6,CHEK2*NT,422,293,345,358,127,264,313,336,469,124,160,257,243,73,70,254,140
CHEK2_3*PDCD1LG2_1,CHEK2*PDCD1LG2,220,173,167,177,114,181,138,546,325,7776,282,537,447,424,15,505,118
CHEK2_3*PDCD1LG2_2,CHEK2*PDCD1LG2,321,172,250,339,197,213,174,380,134,154,124,127,256,222,37,11,68
CHEK2_3*PDCD1LG2_3,CHEK2*PDCD1LG2,237,145,154,216,93,100,143,218,197,66,157,177,165,94,59,64,11
CHEK2_3*PLA2G2A_2,CHEK2*PLA2G2A,421,321,354,1009,827,204,299,119,27,96,17,107,110,31,9,23,35
CHEK2_3*PLA2G2A_4,CHEK2*PLA2G2A,350,347,338,384,199,298,275,192,575,117,191,82,181,7,65,138,81
CHEK2_3*PLA2G2A_5,CHEK2*PLA2G2A,386,345,344,400,254,305,365,264,15,257,678,150,200,144,47,259,82
CHEK2_3*PLA2R1_2,CHEK2*PLA2R1,601,467,402,548,261,449,612,1003,298,387,393,487,531,421,185,228,207
CHEK2_3*PLA2R1_3,CHEK2*PLA2R1,267,226,140,172,219,138,179,190,381,80,52,159,204,77,24,158,54
CHEK2_3*PLA2R1_4,CHEK2*PLA2R1,443,315,317,1151,221,253,342,387,631,196,107,250,311,233,79,64,91
CHEK2_3*TLR7_1,CHEK2*TLR7,135,214,118,201,82,101,112,227,34,151,290,173,193,1615,69,304,204
CHEK2_3*TLR7_2,CHEK2*TLR7,49,41,20,78,17,13,12,123,115,57,55,55,37,28,51,53,4
CHEK2_3*TLR7_5,CHEK2*TLR7,30,27,31,48,29,31,21,163,70,3575,2450,133,119,136,40,251,88
CHEK2_3*TNFSF15_1,CHEK2*TNFSF15,167,172,154,158,135,204,157,254,388,36,556,154,176,98,21,184,233
CHEK2_3*TNFSF15_2,CHEK2*TNFSF15,212,155,167,306,109,134,170,249,272,122,297,146,295,329,68,190,53
CHEK2_3*TNFSF15_3,CHEK2*TNFSF15,129,116,97,169,77,88,134,508,153,410,172,185,256,140,73,207,178
CHIT1_2*BTLA_1,CHIT1*BTLA,1121,789,735,1161,371,839,962,1467,1929,2055,348,779,881,689,445,1237,463
CHIT1_2*BTLA_2,CHIT1*BTLA,2724,3014,2486,4941,1960,2830,4710,1502,933,1109,365,841,1086,312,729,2054,591
CHIT1_2*BTLA_3,CHIT1*BTLA,3100,2629,2496,11621,1797,4926,3248,1800,1266,1263,1068,992,1171,1201,669,804,510
CHIT1_2*CDH1_1,CHIT1*CDH1,1370,1325,1168,1506,1138,1110,4662,1321,860,1127,1638,858,1100,509,764,1688,585
CHIT1_2*CDH1_4,CHIT1*CDH1,1431,2028,1268,1781,595,1689,1137,1655,1217,1198,1667,1023,1545,1458,1150,3285,1100
CHIT1_2*CDH1_5,CHIT1*CDH1,1415,1460,1236,1864,854,1439,1323,2392,1796,1840,2542,1216,1961,1528,480,2151,705
CHIT1_2*CX3CL1_3,CHIT1*CX3CL1,492,385,515,561,163,444,361,701,780,1770,461,459,541,296,244,1213,441
CHIT1_2*CX3CL1_4,CHIT1*CX3CL1,505,403,1671,545,358,412,436,2024,1855,57671,871,951,1348,2564,506,1623,658
CHIT1_2*CX3CL1_5,CHIT1*CX3CL1,526,495,449,687,321,477,507,1666,1341,12965,2630,1217,1518,866,450,1502,605
CHIT1_2*CXCR2_2,CHIT1*CXCR2,504,430,416,580,380,261,358,2311,2020,17636,2938,1626,1956,10136,680,2685,908
CHIT1_2*CXCR2_4,CHIT1*CXCR2,467,453,455,600,324,435,829,596,334,319,254,307,319,271,198,557,249
CHIT1_2*CXCR2_5,CHIT1*CXCR2,1055,847,847,1095,526,814,1008,984,1522,612,723,596,863,233,372,1071,395
CHIT1_2*CXCR5_2,CHIT1*CXCR5,1138,943,846,3342,772,944,753,1181,728,660,469,546,726,787,166,350,334
CHIT1_2*CXCR5_3,CHIT1*CXCR5,1695,1626,1261,2035,1021,1676,1493,2051,1283,1433,4044,1098,1621,745,866,2918,1517
CHIT1_2*CXCR5_4,CHIT1*CXCR5,564,527,634,785,556,495,629,975,1101,2142,1102,739,856,799,214,822,199
CHIT1_2*FCRL6_1,CHIT1*FCRL6,853,761,718,1127,493,710,928,1549,963,1317,1570,765,2330,1370,670,1378,578
CHIT1_2*FCRL6_4,CHIT1*FCRL6,1214,935,818,1434,478,843,1350,1510,1238,1348,701,630,1028,985,558,1290,810
CHIT1_2*FCRL6_5,CHIT1*FCRL6,179,161,142,157,78,125,113,897,1222,527,2303,597,730,5511,482,758,533
CHIT1_2*HGF_2,CHIT1*HGF,3074,2226,2530,3076,1651,2150,2916,1597,1960,713,790,811,1097,383,916,1525,784
CHIT1_2*HGF_4,CHIT1*HGF,2096,1979,1978,2847,1550,1829,2238,2008,1828,1224,6176,1368,3402,993,532,1159,612
CHIT1_2*HGF_5,CHIT1*HGF,457,392,293,432,159,372,462,1296,1038,1354,12433,706,1024,722,449,1964,732
CHIT1_2*IL6_1,CHIT1*IL6,553,531,393,718,402,461,565,930,1012,2445,4253,500,697,139,229,647,278
CHIT1_2*IL6_2,CHIT1*IL6,781,715,742,994,482,589,889,1811,698,1386,789,595,927,532,522,1244,676
CHIT1_2*IL6_5,CHIT1*IL6,4036,3358,3217,4928,2576,2831,15479,1758,1616,1099,1023,1539,1623,627,584,1828,842
CHIT1_2*MFAP5_1,CHIT1*MFAP5,799,651,641,891,463,630,575,917,404,639,670,3113,1993,331,384,1178,669
CHIT1_2*MFAP5_3,CHIT1*MFAP5,548,487,425,585,271,486,386,897,620,4590,459,518,751,253,522,1180,983
CHIT1_2*MFAP5_5,CHIT1*MFAP5,384,313,340,366,179,332,377,2004,1225,19691,5192,943,1138,1020,562,2078,483
CHIT1_2*MPEG1_1,CHIT1*MPEG1,344,301,329,309,240,246,337,1189,1457,4713,15595,790,1045,424,498,1785,518
CHIT1_2*MPEG1_4,CHIT1*MPEG1,750,618,509,934,234,599,492,482,437,213,635,346,461,380,271,329,326
CHIT1_2*MPEG1_5,CHIT1*MPEG1,1090,928,764,1143,655,979,1330,1203,967,937,758,730,1046,843,620,1843,776
CHIT1_2*MUC16_1,CHIT1*MUC16,1613,1421,1338,1746,972,1456,1720,1954,1472,1056,4532,1379,1592,1277,600,1482,862
CHIT1_2*MUC16_2,CHIT1*MUC16,387,350,369,568,238,804,341,1547,1412,10524,6614,1122,1052,1022,477,1035,490
CHIT1_2*MUC16_5,CHIT1*MUC16,701,588,655,758,470,598,506,2363,2372,6778,9398,1122,1872,881,696,3664,1024
CHIT1_2*MYSM1_2,CHIT1*MYSM1,1524,1251,1164,1912,940,1349,1735,1148,1013,528,642,634,966,391,389,1311,203
CHIT1_2*MYSM1_4,CHIT1*MYSM1,575,823,521,550,344,520,2406,1290,1509,3854,5967,691,672,234,490,1317,665
CHIT1_2*MYSM1_5,CHIT1*MYSM1,987,860,987,1240,625,742,1027,2072,2359,18793,812,1349,1527,686,521,1589,1099
CHIT1_2*NT_17,CHIT1*NT,838,636,764,902,567,749,1016,895,642,494,623,557,709,392,382,684,219
CHIT1_2*NT_18,CHIT1*NT,605,506,520,861,356,484,543,1125,1080,591,496,888,1010,10073,179,950,237
CHIT1_2*NT_20,CHIT1*NT,1976,1605,1744,2528,1416,1514,2132,1132,954,850,734,794,885,301,430,834,352
CHIT1_2*NT_25,CHIT1*NT,4542,4015,4228,5796,2454,4336,11406,1960,1734,638,791,1162,1367,573,472,1530,381
CHIT1_2*NT_26,CHIT1*NT,2735,2375,2488,3798,1663,2500,2761,931,395,458,1119,722,832,476,464,1171,507
CHIT1_2*NT_33,CHIT1*NT,904,786,879,957,472,2867,816,2261,1912,10319,8129,1296,1484,752,994,2537,1227
CHIT1_2*NT_39,CHIT1*NT,1059,897,747,1218,636,844,1011,2566,1725,3667,6126,2863,1691,1521,1290,3140,1041
CHIT1_2*NT_57,CHIT1*NT,269,192,178,196,95,166,198,1346,827,1652,10606,2294,764,199,380,1145,601
CHIT1_2*NT_6,CHIT1*NT,959,815,658,833,477,653,727,1967,1580,24494,2071,1136,1327,911,709,1769,1161
CHIT1_2*PDCD1LG2_1,CHIT1*PDCD1LG2,519,478,404,649,255,531,507,2978,2043,8972,12572,1715,2420,5837,1150,2733,1442
CHIT1_2*PDCD1LG2_2,CHIT1*PDCD1LG2,498,454,421,599,377,417,405,1315,1360,10268,865,874,884,637,504,1201,542
CHIT1_2*PDCD1LG2_3,CHIT1*PDCD1LG2,1147,1212,1039,1315,610,1191,1084,1947,1420,3424,2341,891,1319,336,509,1693,775
CHIT1_2*PLA2G2A_2,CHIT1*PLA2G2A,453,379,399,561,240,335,348,1051,801,7967,526,655,744,713,360,785,410
CHIT1_2*PLA2G2A_4,CHIT1*PLA2G2A,423,316,359,542,256,308,420,1425,22959,1128,1666,1590,1482,47037,310,1598,560
CHIT1_2*PLA2G2A_5,CHIT1*PLA2G2A,617,629,486,893,387,465,563,1502,928,5512,858,815,1070,1001,389,973,264
CHIT1_2*PLA2R1_2,CHIT1*PLA2R1,1094,862,1324,1291,815,771,1030,2554,2515,19422,1487,1452,1978,2509,1030,2498,1303
CHIT1_2*PLA2R1_3,CHIT1*PLA2R1,1756,1427,1381,1608,1200,1309,1607,669,738,534,751,556,732,249,245,510,290
CHIT1_2*PLA2R1_4,CHIT1*PLA2R1,1015,866,818,1126,629,771,800,2007,1026,1064,4980,1211,1137,948,593,1976,752
CHIT1_2*TLR7_1,CHIT1*TLR7,645,608,561,880,504,924,602,1182,762,572,2019,699,1030,2921,400,1425,621
CHIT1_2*TLR7_2,CHIT1*TLR7,277,254,241,305,157,242,269,596,795,2028,190,436,622,17049,119,760,428
CHIT1_2*TLR7_5,CHIT1*TLR7,547,451,405,829,363,425,579,877,1116,700,2230,576,692,455,478,1252,490
CHIT1_2*TNFSF15_1,CHIT1*TNFSF15,579,393,337,440,200,346,272,712,840,307,3968,525,526,676,381,1250,644
CHIT1_2*TNFSF15_2,CHIT1*TNFSF15,921,572,571,909,415,584,747,1915,1280,2429,2349,1409,1857,20158,836,2534,1246
CHIT1_2*TNFSF15_3,CHIT1*TNFSF15,1539,1279,1291,1595,727,1192,2193,1616,888,926,727,1798,1464,11991,558,1350,719
CHIT1_3*BTLA_1,CHIT1*BTLA,255,220,183,282,204,232,259,827,394,8616,300,265,459,177,133,417,186
CHIT1_3*BTLA_2,CHIT1*BTLA,469,504,447,931,816,562,417,415,845,142,2913,265,429,373,197,1003,270
CHIT1_3*BTLA_3,CHIT1*BTLA,1127,1090,1182,1659,951,7240,1254,445,523,305,221,286,454,532,253,300,329
CHIT1_3*CDH1_1,CHIT1*CDH1,253,227,170,504,162,188,313,523,468,533,240,265,281,426,71,354,168
CHIT1_3*CDH1_4,CHIT1*CDH1,472,325,294,416,199,248,256,1667,638,788,251,4168,753,698,310,508,179
CHIT1_3*CDH1_5,CHIT1*CDH1,904,932,977,1117,682,849,6765,941,530,661,366,407,477,474,283,375,461
CHIT1_3*CX3CL1_3,CHIT1*CX3CL1,296,222,244,263,76,279,362,253,87,116,274,194,274,177,90,169,99
CHIT1_3*CX3CL1_4,CHIT1*CX3CL1,1148,946,942,1493,1078,817,833,348,40,312,288,271,331,100,61,434,150
CHIT1_3*CX3CL1_5,CHIT1*CX3CL1,429,408,445,438,232,249,449,932,6087,403,556,530,667,447,215,334,408
CHIT1_3*CXCR2_2,CHIT1*CXCR2,851,773,753,664,612,694,2407,891,514,411,7496,346,582,466,240,649,231
CHIT1_3*CXCR2_4,CHIT1*CXCR2,173,168,159,151,87,177,165,203,383,234,100,142,145,127,114,215,204
CHIT1_3*CXCR2_5,CHIT1*CXCR2,710,533,599,814,508,463,646,813,555,117,2140,382,531,70,375,1389,467
CHIT1_3*CXCR5_2,CHIT1*CXCR5,875,1249,715,842,488,589,1986,178,414,46,268,140,167,15,127,183,61
CHIT1_3*CXCR5_3,CHIT1*CXCR5,466,436,379,462,524,258,429,464,531,338,121,436,368,298,185,440,284
CHIT1_3*CXCR5_4,CHIT1*CXCR5,132,134,116,169,79,156,58,69,82,36,206,84,57,99,45,105,128
CHIT1_3*FCRL6_1,CHIT1*FCRL6,396,536,406,553,185,281,344,530,409,272,3920,347,471,416,290,625,87
CHIT1_3*FCRL6_4,CHIT1*FCRL6,230,218,206,314,131,185,220,412,307,467,305,407,430,1387,151,592,252
CHIT1_3*FCRL6_5,CHIT1*FCRL6,87,67,70,63,23,70,61,251,314,133,2060,162,266,4078,167,149,221
CHIT1_3*HGF_2,CHIT1*HGF,1164,1220,3156,1282,756,887,1565,861,82,1846,205,505,557,98,234,863,191
CHIT1_3*HGF_4,CHIT1*HGF,1289,1191,1154,1349,627,1525,675,365,100,137,228,326,284,78,100,140,115
CHIT1_3*HGF_5,CHIT1*HGF,535,514,496,419,403,625,735,577,266,303,355,302,339,94,124,544,284
CHIT1_3*IL6_1,CHIT1*IL6,906,340,285,460,244,345,467,157,354,197,39,103,136,105,33,124,95
CHIT1_3*IL6_2,CHIT1*IL6,259,220,504,320,101,226,242,520,437,334,1178,363,517,2643,319,642,235
CHIT1_3*IL6_5,CHIT1*IL6,863,881,553,1096,526,520,997,333,36,229,347,299,414,371,134,773,186
CHIT1_3*MFAP5_1,CHIT1*MFAP5,555,476,622,503,431,624,1287,248,68,49,63,87,220,55,144,77,271
CHIT1_3*MFAP5_3,CHIT1*MFAP5,411,489,308,311,139,318,326,156,197,226,121,172,206,20,37,174,104
CHIT1_3*MFAP5_5,CHIT1*MFAP5,627,608,465,510,303,570,669,456,262,232,455,270,414,280,124,181,190
CHIT1_3*MPEG1_1,CHIT1*MPEG1,481,346,329,401,154,451,381,382,345,132,460,276,358,254,196,443,282
CHIT1_3*MPEG1_4,CHIT1*MPEG1,409,390,307,374,218,376,591,361,70,8870,47,160,269,15,63,397,211
CHIT1_3*MPEG1_5,CHIT1*MPEG1,138,95,104,204,142,151,80,165,166,728,1,76,75,2,27,114,82
CHIT1_3*MUC16_1,CHIT1*MUC16,236,219,208,267,65,170,302,797,984,5048,453,626,724,422,202,525,330
CHIT1_3*MUC16_2,CHIT1*MUC16,393,360,334,435,202,290,304,586,783,543,295,343,621,890,79,789,165
CHIT1_3*MUC16_5,CHIT1*MUC16,79,132,62,105,66,63,97,1076,12677,1539,1236,2868,2526,13444,377,1572,572
CHIT1_3*MYSM1_2,CHIT1*MYSM1,193,216,156,203,80,158,142,791,478,1351,275,263,500,529,114,253,194
CHIT1_3*MYSM1_4,CHIT1*MYSM1,492,460,421,656,202,454,818,513,235,420,164,381,377,304,144,349,403
CHIT1_3*MYSM1_5,CHIT1*MYSM1,158,358,150,170,42,228,141,386,511,3347,215,205,229,51,158,212,177
CHIT1_3*NT_17,CHIT1*NT,525,474,415,528,400,356,546,269,194,111,560,175,233,124,71,82,69
CHIT1_3*NT_18,CHIT1*NT,585,545,455,543,305,346,374,382,248,262,209,230,305,302,139,305,119
CHIT1_3*NT_20,CHIT1*NT,333,287,318,372,130,193,339,410,140,216,308,223,237,53,93,596,87
CHIT1_3*NT_25,CHIT1*NT,84,67,58,91,12,62,59,656,743,2170,2753,398,878,1384,249,31,174
CHIT1_3*NT_26,CHIT1*NT,677,726,565,1003,598,542,539,403,87,302,707,367,367,427,206,615,347
CHIT1_3*NT_33,CHIT1*NT,299,338,222,365,163,214,227,422,240,239,129,219,273,185,178,521,272
CHIT1_3*NT_39,CHIT1*NT,1053,1129,1048,1101,543,805,8616,761,543,276,1620,394,591,2277,198,727,307
CHIT1_3*NT_57,CHIT1*NT,160,162,151,118,93,153,197,405,222,351,565,1434,283,275,201,868,262
CHIT1_3*NT_6,CHIT1*NT,596,507,439,569,318,484,570,606,346,535,709,403,703,387,193,130,150
CHIT1_3*PDCD1LG2_1,CHIT1*PDCD1LG2,276,283,215,370,97,300,186,842,750,336,2787,308,565,224,351,813,507
CHIT1_3*PDCD1LG2_2,CHIT1*PDCD1LG2,261,261,264,293,96,191,264,490,294,318,4319,309,480,332,38,43,84
CHIT1_3*PDCD1LG2_3,CHIT1*PDCD1LG2,641,572,581,557,250,538,510,472,209,301,410,386,442,126,167,559,443
CHIT1_3*PLA2G2A_2,CHIT1*PLA2G2A,161,148,107,214,16,123,108,329,172,233,254,101,142,10,118,99,188
CHIT1_3*PLA2G2A_4,CHIT1*PLA2G2A,1756,1492,1528,1900,571,1322,1408,1193,1055,517,1126,915,958,636,134,518,213
CHIT1_3*PLA2G2A_5,CHIT1*PLA2G2A,992,1160,4590,1239,1174,900,947,386,112,268,1767,242,317,58,110,278,203
CHIT1_3*PLA2R1_2,CHIT1*PLA2R1,813,693,716,637,470,496,723,789,396,879,1244,434,551,567,210,436,272
CHIT1_3*PLA2R1_3,CHIT1*PLA2R1,728,715,755,941,550,682,1006,321,329,80,749,218,285,20,61,203,73
CHIT1_3*PLA2R1_4,CHIT1*PLA2R1,294,349,294,284,162,316,397,862,310,9213,397,454,515,516,283,850,150
CHIT1_3*TLR7_1,CHIT1*TLR7,398,415,376,480,259,377,371,527,454,280,1162,262,472,277,184,501,346
CHIT1_3*TLR7_2,CHIT1*TLR7,429,413,403,569,424,539,573,367,79,411,211,249,221,44,115,244,78
CHIT1_3*TLR7_5,CHIT1*TLR7,933,728,703,1181,550,643,990,583,541,376,568,269,567,157,137,342,383
CHIT1_3*TNFSF15_1,CHIT1*TNFSF15,34,42,26,20,13,78,28,148,201,549,845,110,206,145,90,965,40
CHIT1_3*TNFSF15_2,CHIT1*TNFSF15,804,650,560,817,642,701,990,731,947,3662,464,682,567,121,202,578,319
CHIT1_3*TNFSF15_3,CHIT1*TNFSF15,288,207,258,351,198,238,191,570,1104,209,2862,1193,634,404,116,465,249
CHIT1_5*BTLA_1,CHIT1*BTLA,736,628,678,719,347,485,677,622,327,615,349,400,856,132,348,538,242
CHIT1_5*BTLA_2,CHIT1*BTLA,755,629,668,951,316,647,688,1237,748,604,995,745,983,2584,273,624,524
CHIT1_5*BTLA_3,CHIT1*BTLA,763,561,489,641,385,418,418,638,712,229,915,434,549,229,176,494,271
CHIT1_5*CDH1_1,CHIT1*CDH1,2101,1435,1377,1962,1022,2020,2026,954,1203,428,804,716,808,163,195,434,137
CHIT1_5*CDH1_4,CHIT1*CDH1,2162,1860,1538,2653,1620,1600,2400,1844,1589,1079,1619,1020,1324,580,443,1772,602
CHIT1_5*CDH1_5,CHIT1*CDH1,2515,2120,2008,2759,1280,1758,2836,1561,560,672,633,784,1165,293,326,402,321
CHIT1_5*CX3CL1_3,CHIT1*CX3CL1,420,399,347,563,344,330,347,333,491,87,372,185,447,1664,67,374,95
CHIT1_5*CX3CL1_4,CHIT1*CX3CL1,1091,968,927,969,964,860,802,577,328,248,319,525,588,311,113,656,225
CHIT1_5*CX3CL1_5,CHIT1*CX3CL1,1053,824,793,1020,742,890,913,653,469,327,652,437,712,280,369,619,188
CHIT1_5*CXCR2_2,CHIT1*CXCR2,1144,1213,1192,1517,708,1050,1301,1516,1696,2015,724,740,1114,478,237,479,460
CHIT1_5*CXCR2_4,CHIT1*CXCR2,475,404,424,598,233,121,311,303,109,96,68,193,228,50,94,145,72
CHIT1_5*CXCR2_5,CHIT1*CXCR2,624,423,446,687,388,502,611,633,973,387,372,298,523,442,171,199,172
CHIT1_5*CXCR5_2,CHIT1*CXCR5,2040,1932,1863,3491,1342,1886,2119,734,138,676,371,625,691,253,159,679,271
CHIT1_5*CXCR5_3,CHIT1*CXCR5,1822,1971,1576,2997,788,1436,1999,1550,686,1258,2071,897,1452,538,479,995,608
CHIT1_5*CXCR5_4,CHIT1*CXCR5,165,118,127,157,135,94,120,505,450,13321,196,196,381,201,72,249,153
CHIT1_5*FCRL6_1,CHIT1*FCRL6,1503,1364,1767,1680,943,1366,1428,945,1384,350,562,535,1189,339,337,1071,259
CHIT1_5*FCRL6_4,CHIT1*FCRL6,650,655,549,731,388,436,751,1219,322,825,7551,473,691,152,289,480,248
CHIT1_5*FCRL6_5,CHIT1*FCRL6,208,155,193,235,88,121,163,763,697,681,368,2696,643,3345,235,537,371
CHIT1_5*HGF_2,CHIT1*HGF,740,752,743,931,1362,670,803,1320,1102,978,5079,951,1115,667,223,469,367
CHIT1_5*HGF_4,CHIT1*HGF,2038,1926,1882,2448,1665,1517,2259,1394,1117,848,975,913,1004,300,231,935,231
CHIT1_5*HGF_5,CHIT1*HGF,1382,1438,1408,2032,926,1134,1263,1018,615,609,479,594,785,567,379,1167,449
CHIT1_5*IL6_1,CHIT1*IL6,1436,1399,1050,1365,828,981,1352,638,282,424,284,398,494,114,108,106,271
CHIT1_5*IL6_2,CHIT1*IL6,473,462,511,407,364,457,504,1104,1802,11969,699,669,720,332,333,1119,551
CHIT1_5*IL6_5,CHIT1*IL6,2121,1658,1333,2031,1157,1886,1741,1094,1243,536,633,660,1007,628,200,651,302
CHIT1_5*MFAP5_1,CHIT1*MFAP5,1401,1130,1343,2194,602,1327,1824,407,405,302,253,333,389,194,110,559,234
CHIT1_5*MFAP5_3,CHIT1*MFAP5,1168,1057,1039,1349,958,787,908,798,688,363,565,699,806,1138,175,532,251
CHIT1_5*MFAP5_5,CHIT1*MFAP5,1399,1320,1025,1316,1094,1201,1144,1031,897,1203,857,673,887,459,312,981,513
CHIT1_5*MPEG1_1,CHIT1*MPEG1,902,689,742,910,466,530,841,836,884,332,403,790,863,1421,312,607,348
CHIT1_5*MPEG1_4,CHIT1*MPEG1,236,218,229,360,43,154,123,237,177,21,282,138,208,143,38,123,1
CHIT1_5*MPEG1_5,CHIT1*MPEG1,581,524,499,503,372,447,764,701,813,391,12798,526,541,257,407,548,221
CHIT1_5*MUC16_1,CHIT1*MUC16,1433,1322,1375,1711,902,1086,1769,1134,347,1576,2947,864,1044,382,172,744,222
CHIT1_5*MUC16_2,CHIT1*MUC16,1487,1305,1137,2212,706,1289,1590,785,304,399,720,526,771,181,178,688,411
CHIT1_5*MUC16_5,CHIT1*MUC16,867,828,733,1079,436,568,653,1002,796,514,1724,758,798,1277,468,937,503
CHIT1_5*MYSM1_2,CHIT1*MYSM1,1112,1268,1115,1487,1725,849,868,801,790,478,1286,538,695,200,121,500,98
CHIT1_5*MYSM1_4,CHIT1*MYSM1,617,683,578,936,554,464,619,1074,921,586,380,507,720,510,226,763,240
CHIT1_5*MYSM1_5,CHIT1*MYSM1,421,351,346,539,165,249,457,931,773,9092,408,552,608,84,306,160,213
CHIT1_5*NT_17,CHIT1*NT,773,626,657,987,450,638,883,616,667,416,457,453,647,518,83,359,146
CHIT1_5*NT_18,CHIT1*NT,2957,1686,1897,4445,1169,1849,2210,613,158,265,193,370,454,182,106,784,89
CHIT1_5*NT_20,CHIT1*NT,294,264,298,374,230,200,144,387,513,392,328,432,423,1381,111,644,208
CHIT1_5*NT_25,CHIT1*NT,2019,2039,1865,2399,1169,1787,1615,895,544,400,788,638,3033,84,230,1009,215
CHIT1_5*NT_26,CHIT1*NT,2244,1935,1830,2618,1196,1878,3195,1108,782,708,1096,917,1071,400,226,1430,499
CHIT1_5*NT_33,CHIT1*NT,1686,1473,1478,1880,1604,1225,2044,864,445,618,797,566,705,136,225,643,372
CHIT1_5*NT_39,CHIT1*NT,512,400,428,573,226,425,391,1313,1897,907,848,751,1119,16953,464,711,638
CHIT1_5*NT_57,CHIT1*NT,1042,759,688,1207,465,820,1945,397,152,233,262,228,409,131,133,313,123
CHIT1_5*NT_6,CHIT1*NT,1383,1092,960,1860,891,973,1401,1107,1370,629,2030,734,894,424,264,426,131
CHIT1_5*PDCD1LG2_1,CHIT1*PDCD1LG2,567,545,493,611,288,465,984,1909,1902,25924,4511,1019,1360,466,674,1125,1006
CHIT1_5*PDCD1LG2_2,CHIT1*PDCD1LG2,1969,1619,1822,2490,1664,1567,1092,647,205,276,314,451,535,550,356,731,249
CHIT1_5*PDCD1LG2_3,CHIT1*PDCD1LG2,448,477,395,541,300,427,461,930,1934,2827,781,547,730,1220,233,750,398
CHIT1_5*PLA2G2A_2,CHIT1*PLA2G2A,164,124,94,209,89,128,229,489,684,177,2821,258,353,664,154,526,161
CHIT1_5*PLA2G2A_4,CHIT1*PLA2G2A,1278,1175,1230,1599,749,1089,1682,1028,885,479,1593,791,895,239,132,491,264
CHIT1_5*PLA2G2A_5,CHIT1*PLA2G2A,782,621,589,707,312,723,651,613,577,305,462,383,380,295,234,458,129
CHIT1_5*PLA2R1_2,CHIT1*PLA2R1,1259,1167,1100,1950,603,991,1128,1603,2531,1048,1886,1154,1525,717,355,812,304
CHIT1_5*PLA2R1_3,CHIT1*PLA2R1,275,269,292,306,163,204,254,642,636,6095,294,453,536,324,107,75,73
CHIT1_5*PLA2R1_4,CHIT1*PLA2R1,720,616,640,842,311,507,608,1117,956,550,1159,768,816,328,191,368,422
CHIT1_5*TLR7_1,CHIT1*TLR7,185,194,173,260,115,193,190,767,787,6584,1658,513,768,4855,282,1019,287
CHIT1_5*TLR7_2,CHIT1*TLR7,342,421,291,332,201,285,224,354,348,115,309,333,239,263,160,297,121
CHIT1_5*TLR7_5,CHIT1*TLR7,155,137,111,189,92,131,106,532,230,4407,8904,347,411,546,118,615,250
CHIT1_5*TNFSF15_1,CHIT1*TNFSF15,587,410,471,582,178,294,473,487,37,228,839,259,311,29,194,348,255
CHIT1_5*TNFSF15_2,CHIT1*TNFSF15,1040,960,876,1091,775,1129,990,1391,990,856,2528,806,1062,352,309,1089,539
CHIT1_5*TNFSF15_3,CHIT1*TNFSF15,639,549,533,727,372,616,721,892,1376,2175,679,623,762,472,284,446,656
CLCA2_2*BTLA_1,CLCA2*BTLA,419,360,336,664,274,297,683,557,621,370,402,297,468,405,80,195,147
CLCA2_2*BTLA_2,CLCA2*BTLA,378,286,321,388,178,260,382,412,174,360,281,250,412,375,66,537,176
CLCA2_2*BTLA_3,CLCA2*BTLA,750,586,461,636,274,394,699,439,209,87,129,236,319,223,52,39,95
CLCA2_2*CDH1_1,CLCA2*CDH1,367,250,284,408,224,292,521,293,636,221,170,264,290,389,104,164,51
CLCA2_2*CDH1_4,CLCA2*CDH1,709,538,508,746,448,450,404,501,207,454,458,881,409,40,107,317,74
CLCA2_2*CDH1_5,CLCA2*CDH1,514,362,296,543,440,342,321,394,243,142,398,261,288,87,167,187,62
CLCA2_2*CX3CL1_3,CLCA2*CX3CL1,468,302,277,323,396,264,205,176,71,99,34,129,226,127,25,68,53
CLCA2_2*CX3CL1_4,CLCA2*CX3CL1,290,225,207,516,151,189,315,343,167,221,76,207,238,2034,35,94,90
CLCA2_2*CX3CL1_5,CLCA2*CX3CL1,382,274,276,382,162,263,313,447,303,7427,257,282,353,151,243,505,133
CLCA2_2*CXCR2_2,CLCA2*CXCR2,1853,1381,1527,2311,1131,1457,2241,555,451,281,171,340,475,108,102,63,144
CLCA2_2*CXCR2_4,CLCA2*CXCR2,404,282,292,362,262,323,411,319,356,148,95,143,172,39,58,206,31
CLCA2_2*CXCR2_5,CLCA2*CXCR2,879,776,801,1233,737,545,692,201,84,91,60,123,163,26,6,142,61
CLCA2_2*CXCR5_2,CLCA2*CXCR5,332,176,217,263,196,251,159,205,6,40,173,87,133,43,15,114,0
CLCA2_2*CXCR5_3,CLCA2*CXCR5,210,190,131,253,75,148,225,666,324,470,4060,419,709,329,148,257,140
CLCA2_2*CXCR5_4,CLCA2*CXCR5,37,42,37,46,24,31,0,213,524,995,134,121,172,35,14,81,81
CLCA2_2*FCRL6_1,CLCA2*FCRL6,457,382,389,525,373,425,386,387,209,299,461,243,361,49,65,112,32
CLCA2_2*FCRL6_4,CLCA2*FCRL6,421,318,329,740,172,250,916,265,34,428,665,184,233,204,205,266,95
CLCA2_2*FCRL6_5,CLCA2*FCRL6,516,443,382,835,183,389,289,387,43,193,532,190,214,92,104,120,55
CLCA2_2*HGF_2,CLCA2*HGF,518,403,367,589,194,453,497,511,626,309,315,354,384,277,108,338,70
CLCA2_2*HGF_4,CLCA2*HGF,479,428,404,589,245,371,389,697,446,2945,2841,475,579,190,108,336,150
CLCA2_2*HGF_5,CLCA2*HGF,589,435,424,695,280,426,463,714,1079,544,1782,438,705,389,60,283,73
CLCA2_2*IL6_1,CLCA2*IL6,368,259,180,367,130,296,350,293,378,250,73,150,274,113,14,140,47
CLCA2_2*IL6_2,CLCA2*IL6,299,291,272,360,192,224,166,376,495,203,495,540,696,41975,86,257,137
CLCA2_2*IL6_5,CLCA2*IL6,481,309,360,418,185,414,431,515,705,191,203,200,365,730,81,397,51
CLCA2_2*MFAP5_1,CLCA2*MFAP5,829,661,632,826,361,553,783,286,411,265,205,127,252,72,128,321,119
CLCA2_2*MFAP5_3,CLCA2*MFAP5,477,294,316,626,133,393,295,278,282,77,184,198,236,125,95,63,34
CLCA2_2*MFAP5_5,CLCA2*MFAP5,449,316,322,511,226,246,396,416,427,551,164,189,294,221,110,42,103
CLCA2_2*MPEG1_1,CLCA2*MPEG1,685,449,493,782,161,462,537,440,321,352,153,400,432,142,115,331,74
CLCA2_2*MPEG1_4,CLCA2*MPEG1,88,90,67,272,26,49,26,69,179,3,16,63,97,26,0,2,5
CLCA2_2*MPEG1_5,CLCA2*MPEG1,599,543,483,793,357,459,769,454,468,572,110,229,307,4,26,105,43
CLCA2_2*MUC16_1,CLCA2*MUC16,335,258,307,350,137,231,352,690,807,2021,385,817,526,332,55,331,100
CLCA2_2*MUC16_2,CLCA2*MUC16,369,294,287,365,356,218,428,302,545,180,204,283,315,81,56,59,51
CLCA2_2*MUC16_5,CLCA2*MUC16,562,514,318,594,266,468,372,534,321,380,211,371,349,277,99,365,105
CLCA2_2*MYSM1_2,CLCA2*MYSM1,545,405,391,585,333,444,591,448,375,1982,191,229,308,88,50,204,95
CLCA2_2*MYSM1_4,CLCA2*MYSM1,370,451,335,393,204,214,319,331,604,183,778,297,303,242,36,149,96
CLCA2_2*MYSM1_5,CLCA2*MYSM1,854,744,728,1178,604,666,1024,406,322,220,456,260,297,81,58,58,114
CLCA2_2*NT_17,CLCA2*NT,659,426,443,690,299,482,723,361,182,111,210,213,293,143,8,226,27
CLCA2_2*NT_18,CLCA2*NT,427,342,356,562,291,320,321,329,263,266,408,205,248,65,73,128,20
CLCA2_2*NT_20,CLCA2*NT,285,282,179,481,163,190,318,171,295,16,156,174,177,84,30,65,21
CLCA2_2*NT_25,CLCA2*NT,675,568,731,670,497,465,525,344,445,130,219,238,249,42,57,158,63
CLCA2_2*NT_26,CLCA2*NT,571,375,409,520,177,175,422,378,447,148,143,220,229,40,67,234,50
CLCA2_2*NT_33,CLCA2*NT,431,353,353,426,269,261,219,389,456,329,172,180,253,198,67,145,124
CLCA2_2*NT_39,CLCA2*NT,474,303,341,1192,280,378,432,603,718,6699,1055,339,504,164,252,299,87
CLCA2_2*NT_57,CLCA2*NT,599,626,440,857,538,691,573,327,98,97,34,134,210,44,28,31,42
CLCA2_2*NT_6,CLCA2*NT,835,729,815,897,697,574,840,523,515,405,356,332,403,232,61,268,15
CLCA2_2*PDCD1LG2_1,CLCA2*PDCD1LG2,415,275,278,477,240,279,417,714,1156,5529,443,381,634,366,151,296,156
CLCA2_2*PDCD1LG2_2,CLCA2*PDCD1LG2,263,193,220,427,183,142,206,460,761,132,161,287,451,2714,101,192,55
CLCA2_2*PDCD1LG2_3,CLCA2*PDCD1LG2,463,303,399,596,210,258,365,434,586,349,389,273,414,273,78,287,97
CLCA2_2*PLA2G2A_2,CLCA2*PLA2G2A,702,585,566,729,168,421,858,194,172,172,119,122,243,44,57,206,132
CLCA2_2*PLA2G2A_4,CLCA2*PLA2G2A,318,257,292,456,161,269,308,303,524,153,263,226,223,226,83,284,73
CLCA2_2*PLA2G2A_5,CLCA2*PLA2G2A,367,308,286,380,240,338,241,315,357,107,329,174,206,102,9,89,12
CLCA2_2*PLA2R1_2,CLCA2*PLA2R1,615,502,446,615,316,315,586,545,795,391,225,457,528,338,53,390,123
CLCA2_2*PLA2R1_3,CLCA2*PLA2R1,162,174,143,225,126,151,140,192,181,276,91,161,150,24,5,50,0
CLCA2_2*PLA2R1_4,CLCA2*PLA2R1,543,438,456,322,244,266,389,659,361,554,187,244,320,347,138,283,95
CLCA2_2*TLR7_1,CLCA2*TLR7,449,360,400,414,290,362,300,297,373,268,453,194,298,42,122,426,48
CLCA2_2*TLR7_2,CLCA2*TLR7,33,30,21,24,30,23,36,198,93,130,1062,772,100,93,26,49,16
CLCA2_2*TLR7_5,CLCA2*TLR7,349,347,257,768,137,137,349,200,136,70,42,228,136,85,31,76,71
CLCA2_2*TNFSF15_1,CLCA2*TNFSF15,374,332,233,519,183,254,247,187,7,98,87,110,133,128,100,280,41
CLCA2_2*TNFSF15_2,CLCA2*TNFSF15,1169,886,897,1621,969,867,1206,404,132,341,318,234,290,134,150,271,96
CLCA2_2*TNFSF15_3,CLCA2*TNFSF15,367,321,259,426,90,302,300,468,558,324,1469,253,384,157,79,375,135
CLCA2_3*BTLA_1,CLCA2*BTLA,1114,1175,879,1442,449,1368,13150,259,376,78,156,261,192,46,116,160,108
CLCA2_3*BTLA_2,CLCA2*BTLA,579,429,361,532,289,502,418,299,270,32,290,211,213,47,172,357,124
CLCA2_3*BTLA_3,CLCA2*BTLA,2809,3084,2830,4175,1671,2930,3083,712,315,443,521,465,605,84,110,463,216
CLCA2_3*CDH1_1,CLCA2*CDH1,487,487,398,716,225,406,341,177,113,254,220,155,220,11,90,7,46
CLCA2_3*CDH1_4,CLCA2*CDH1,587,474,543,746,359,411,1352,651,891,2647,663,340,474,427,180,450,385
CLCA2_3*CDH1_5,CLCA2*CDH1,176,162,156,182,97,127,104,334,450,203,1228,243,161,51,132,586,150
CLCA2_3*CX3CL1_3,CLCA2*CX3CL1,443,356,426,318,361,309,518,319,11,66,192,193,238,164,22,38,88
CLCA2_3*CX3CL1_4,CLCA2*CX3CL1,478,341,390,607,333,186,514,388,284,231,147,158,288,459,199,217,187
CLCA2_3*CX3CL1_5,CLCA2*CX3CL1,388,835,417,396,316,348,393,575,412,4393,453,456,639,309,113,307,377
CLCA2_3*CXCR2_2,CLCA2*CXCR2,123,109,132,118,110,157,129,285,331,2313,318,234,308,173,37,144,81
CLCA2_3*CXCR2_4,CLCA2*CXCR2,717,784,943,1131,449,464,1059,223,11,86,63,108,170,85,19,165,102
CLCA2_3*CXCR2_5,CLCA2*CXCR2,163,127,165,237,72,134,98,184,183,1792,43,98,101,8,134,120,123
CLCA2_3*CXCR5_2,CLCA2*CXCR5,416,428,446,603,255,320,740,325,252,390,242,280,251,298,27,239,23
CLCA2_3*CXCR5_3,CLCA2*CXCR5,1512,1752,1312,2225,808,1362,1263,479,476,102,83,282,347,25,244,582,245
CLCA2_3*CXCR5_4,CLCA2*CXCR5,1144,1040,874,1603,2300,1358,2858,64,148,6,6,63,74,17,64,152,81
CLCA2_3*FCRL6_1,CLCA2*FCRL6,1131,766,669,1021,391,736,859,651,769,549,227,414,571,400,165,471,107
CLCA2_3*FCRL6_4,CLCA2*FCRL6,180,164,114,155,135,151,154,145,323,143,43,85,101,6,63,0,45
CLCA2_3*FCRL6_5,CLCA2*FCRL6,231,245,228,166,42,273,255,223,184,303,64,155,197,67,57,82,32
CLCA2_3*HGF_2,CLCA2*HGF,519,432,429,682,290,358,391,670,305,418,3689,501,611,450,89,286,219
CLCA2_3*HGF_4,CLCA2*HGF,486,450,442,522,315,414,540,591,524,365,172,177,319,224,49,129,67
CLCA2_3*HGF_5,CLCA2*HGF,375,443,549,414,150,431,280,214,230,114,147,138,195,26,142,702,75
CLCA2_3*IL6_1,CLCA2*IL6,337,379,265,294,272,260,410,274,47,110,434,214,308,357,35,119,79
CLCA2_3*IL6_2,CLCA2*IL6,135,136,101,157,43,129,174,412,813,304,670,248,429,257,315,280,191
CLCA2_3*IL6_5,CLCA2*IL6,435,341,432,593,300,669,438,213,133,244,32,169,220,150,82,392,25
CLCA2_3*MFAP5_1,CLCA2*MFAP5,227,197,221,234,105,161,267,546,72,460,615,311,332,5667,187,484,156
CLCA2_3*MFAP5_3,CLCA2*MFAP5,150,264,138,77,21,59,172,153,82,238,54,100,164,214,22,95,108
CLCA2_3*MFAP5_5,CLCA2*MFAP5,690,443,487,590,669,518,803,345,503,239,145,260,338,188,243,382,184
CLCA2_3*MPEG1_1,CLCA2*MPEG1,699,456,506,1087,361,338,1315,304,364,202,196,264,356,3032,134,46,72
CLCA2_3*MPEG1_4,CLCA2*MPEG1,122,143,85,225,40,129,135,70,5,51,8,56,38,6,0,0,0
CLCA2_3*MPEG1_5,CLCA2*MPEG1,807,863,495,732,572,665,866,244,427,128,92,171,321,43,107,290,259
CLCA2_3*MUC16_1,CLCA2*MUC16,836,792,785,856,853,761,937,651,590,196,414,396,602,141,90,252,90
CLCA2_3*MUC16_2,CLCA2*MUC16,709,555,604,852,453,534,468,540,232,507,1900,408,512,252,210,536,211
CLCA2_3*MUC16_5,CLCA2*MUC16,225,229,198,297,126,197,678,225,166,207,3592,254,283,124,37,58,284
CLCA2_3*MYSM1_2,CLCA2*MYSM1,480,718,397,563,444,412,1128,268,453,53,246,134,245,238,34,194,133
CLCA2_3*MYSM1_4,CLCA2*MYSM1,123,124,118,122,88,108,368,436,1302,4483,299,238,285,32,80,194,199
CLCA2_3*MYSM1_5,CLCA2*MYSM1,371,315,263,330,83,242,214,377,232,258,515,276,353,73,95,199,51
CLCA2_3*NT_17,CLCA2*NT,352,367,314,367,155,338,275,210,177,126,103,155,243,131,0,70,34
CLCA2_3*NT_18,CLCA2*NT,865,529,637,706,465,400,620,374,336,152,178,214,302,49,15,211,32
CLCA2_3*NT_20,CLCA2*NT,74,46,51,59,28,35,40,127,365,50,104,2457,214,38,8,46,51
CLCA2_3*NT_25,CLCA2*NT,836,792,693,1030,549,627,890,339,484,412,235,271,322,98,77,150,28
CLCA2_3*NT_26,CLCA2*NT,91,102,88,105,44,46,58,323,315,154,4846,317,298,112,35,48,185
CLCA2_3*NT_33,CLCA2*NT,626,548,475,658,312,386,423,477,246,75,288,265,419,232,98,403,241
CLCA2_3*NT_39,CLCA2*NT,383,369,339,424,182,274,205,476,361,56,287,516,566,19041,22,366,207
CLCA2_3*NT_57,CLCA2*NT,309,272,294,430,273,190,440,307,479,247,365,158,231,352,86,388,182
CLCA2_3*NT_6,CLCA2*NT,504,477,450,470,217,385,590,382,324,159,339,260,317,167,208,91,145
CLCA2_3*PDCD1LG2_1,CLCA2*PDCD1LG2,520,469,649,543,151,475,684,570,514,1812,381,413,525,48,177,322,204
CLCA2_3*PDCD1LG2_2,CLCA2*PDCD1LG2,213,192,175,272,108,185,149,322,201,219,198,206,217,341,71,284,57
CLCA2_3*PDCD1LG2_3,CLCA2*PDCD1LG2,1271,675,953,1457,131,402,938,409,131,113,373,260,354,28,82,121,78
CLCA2_3*PLA2G2A_2,CLCA2*PLA2G2A,164,100,138,106,85,159,67,176,209,74,54,52,142,5,20,106,14
CLCA2_3*PLA2G2A_4,CLCA2*PLA2G2A,27,39,24,3,48,19,22,146,102,1283,7114,92,827,33,40,199,5
CLCA2_3*PLA2G2A_5,CLCA2*PLA2G2A,102,67,64,114,47,94,31,184,78,62,903,145,136,220,71,111,24
CLCA2_3*PLA2R1_2,CLCA2*PLA2R1,885,886,654,1137,658,458,751,511,286,377,350,313,463,334,152,729,234
CLCA2_3*PLA2R1_3,CLCA2*PLA2R1,588,510,453,564,374,468,775,268,75,144,57,192,206,19,56,256,116
CLCA2_3*PLA2R1_4,CLCA2*PLA2R1,447,409,368,477,146,352,483,295,680,119,74,163,163,26,111,351,196
CLCA2_3*TLR7_1,CLCA2*TLR7,345,358,325,611,170,256,370,285,856,281,171,187,205,228,157,406,224
CLCA2_3*TLR7_2,CLCA2*TLR7,102,92,118,52,87,64,29,102,4,141,46,47,66,2,23,40,36
CLCA2_3*TLR7_5,CLCA2*TLR7,193,163,126,118,90,52,202,121,41,130,209,63,222,102,71,155,108
CLCA2_3*TNFSF15_1,CLCA2*TNFSF15,84,75,59,81,8,32,76,48,0,0,0,44,109,1,2,129,30
CLCA2_3*TNFSF15_2,CLCA2*TNFSF15,383,338,345,475,259,334,241,506,588,338,440,650,700,43147,110,293,163
CLCA2_3*TNFSF15_3,CLCA2*TNFSF15,288,305,262,347,114,225,343,381,441,399,265,422,372,397,175,348,197
CLCA2_5*BTLA_1,CLCA2*BTLA,1263,1003,1079,1401,668,883,889,1295,1132,764,5535,1048,1178,405,196,367,213
CLCA2_5*BTLA_2,CLCA2*BTLA,780,633,662,1018,378,513,868,1210,1468,1479,8499,1036,1147,722,416,978,307
CLCA2_5*BTLA_3,CLCA2*BTLA,742,580,611,1075,423,572,540,998,1465,631,5198,654,979,450,339,749,220
CLCA2_5*CDH1_1,CLCA2*CDH1,632,547,508,747,308,461,842,860,597,346,4114,427,591,142,132,96,120
CLCA2_5*CDH1_4,CLCA2*CDH1,551,475,458,558,283,344,412,1899,1052,1046,12816,985,1175,622,234,495,313
CLCA2_5*CDH1_5,CLCA2*CDH1,2369,1792,1830,2417,1114,1550,1644,1556,557,693,1077,969,1561,808,368,1589,295
CLCA2_5*CX3CL1_3,CLCA2*CX3CL1,669,448,587,683,294,406,510,615,423,386,2284,394,466,186,62,156,45
CLCA2_5*CX3CL1_4,CLCA2*CX3CL1,1141,820,897,1520,592,3591,784,1064,905,510,12823,676,879,504,225,819,203
CLCA2_5*CX3CL1_5,CLCA2*CX3CL1,611,563,519,695,340,447,597,1022,913,4424,1339,790,898,305,370,1385,381
CLCA2_5*CXCR2_2,CLCA2*CXCR2,774,577,525,795,363,524,670,922,1240,908,645,849,1044,8186,198,298,266
CLCA2_5*CXCR2_4,CLCA2*CXCR2,1061,817,981,1062,664,797,1107,561,335,306,318,477,452,325,192,581,266
CLCA2_5*CXCR2_5,CLCA2*CXCR2,755,521,459,860,332,530,663,883,1238,1267,475,463,566,379,165,521,232
CLCA2_5*CXCR5_2,CLCA2*CXCR5,662,630,581,675,607,558,495,794,830,416,807,400,692,288,116,659,93
CLCA2_5*CXCR5_3,CLCA2*CXCR5,1255,1155,939,1386,713,988,1269,1413,1431,1072,1337,1225,1211,607,430,1069,660
CLCA2_5*CXCR5_4,CLCA2*CXCR5,358,304,317,438,164,265,191,443,256,181,417,522,535,22231,140,601,213
CLCA2_5*FCRL6_1,CLCA2*FCRL6,727,572,564,681,452,572,633,1453,1493,2001,817,881,1181,474,341,800,278
CLCA2_5*FCRL6_4,CLCA2*FCRL6,890,559,521,763,413,528,564,1009,880,861,393,393,623,277,344,786,248
CLCA2_5*FCRL6_5,CLCA2*FCRL6,1377,1007,1227,1653,665,1174,1134,1461,1015,961,555,777,1068,1225,158,737,330
CLCA2_5*HGF_2,CLCA2*HGF,660,584,553,745,376,440,688,1706,1166,4338,2519,1229,1371,3948,419,1097,468
CLCA2_5*HGF_4,CLCA2*HGF,2522,1859,1769,2031,1258,1177,2262,940,497,426,530,642,810,469,259,834,196
CLCA2_5*HGF_5,CLCA2*HGF,1412,757,676,1114,482,712,623,1048,5654,523,798,797,829,453,210,453,203
CLCA2_5*IL6_1,CLCA2*IL6,1979,1751,1741,2175,1044,1465,954,590,95,161,247,434,563,160,101,147,197
CLCA2_5*IL6_2,CLCA2*IL6,364,326,255,329,156,259,588,797,449,6793,394,472,580,147,232,766,184
CLCA2_5*IL6_5,CLCA2*IL6,758,605,626,851,439,588,761,1652,1867,5548,1091,982,1198,1151,448,768,275
CLCA2_5*MFAP5_1,CLCA2*MFAP5,765,582,637,977,413,393,666,438,451,247,496,300,857,377,274,791,116
CLCA2_5*MFAP5_3,CLCA2*MFAP5,838,640,624,996,471,630,673,1138,974,427,440,621,615,133,153,211,276
CLCA2_5*MFAP5_5,CLCA2*MFAP5,644,618,476,771,344,460,536,1168,797,661,3311,727,902,603,291,664,195
CLCA2_5*MPEG1_1,CLCA2*MPEG1,1142,898,863,1110,267,770,803,848,751,605,461,706,716,287,225,461,154
CLCA2_5*MPEG1_4,CLCA2*MPEG1,556,417,394,576,552,424,577,327,14,318,179,198,282,23,16,230,55
CLCA2_5*MPEG1_5,CLCA2*MPEG1,1649,1398,1307,2101,1034,1195,1121,1326,2353,1068,807,1056,1197,315,268,862,275
CLCA2_5*MUC16_1,CLCA2*MUC16,1245,1121,1695,1628,843,844,1047,1557,864,1365,2594,1069,1258,549,206,601,306
CLCA2_5*MUC16_2,CLCA2*MUC16,1033,898,827,1269,540,814,862,1176,683,1682,741,2583,1013,286,255,908,333
CLCA2_5*MUC16_5,CLCA2*MUC16,1251,1131,851,1345,608,1111,1383,1258,1179,1139,1388,873,1063,388,343,1462,412
CLCA2_5*MYSM1_2,CLCA2*MYSM1,436,502,461,553,398,392,441,983,1033,699,7089,865,815,3081,127,700,152
CLCA2_5*MYSM1_4,CLCA2*MYSM1,358,325,291,468,175,199,1298,895,848,5450,3807,579,751,2437,408,1121,215
CLCA2_5*MYSM1_5,CLCA2*MYSM1,1085,868,720,1026,581,681,4777,1482,866,8848,738,616,810,300,269,907,296
CLCA2_5*NT_17,CLCA2*NT,976,792,691,1200,532,704,866,800,598,526,574,440,650,384,54,287,44
CLCA2_5*NT_18,CLCA2*NT,487,371,341,411,185,288,473,716,576,544,744,542,594,345,104,312,188
CLCA2_5*NT_20,CLCA2*NT,1151,1045,985,1552,1162,753,1164,669,432,642,830,485,528,212,101,98,176
CLCA2_5*NT_25,CLCA2*NT,2610,2137,2076,2548,1176,1562,2131,1177,1331,451,1083,818,1069,535,299,973,322
CLCA2_5*NT_26,CLCA2*NT,2858,2202,2367,3246,1403,2002,4842,1454,1682,696,884,1037,1184,720,313,665,118
CLCA2_5*NT_33,CLCA2*NT,1132,806,887,1462,406,641,693,1079,370,458,2706,730,776,458,282,1019,402
CLCA2_5*NT_39,CLCA2*NT,1000,821,799,1029,465,735,1529,1933,992,707,10202,1135,1521,7716,537,1650,451
CLCA2_5*NT_57,CLCA2*NT,406,336,320,520,209,273,538,906,915,708,531,937,524,1245,80,961,177
CLCA2_5*NT_6,CLCA2*NT,775,684,628,798,430,611,755,1417,1047,1266,583,696,772,635,212,664,285
CLCA2_5*PDCD1LG2_1,CLCA2*PDCD1LG2,1346,1050,1104,1370,736,830,1107,1639,2241,1392,1094,1097,1591,16520,374,1675,730
CLCA2_5*PDCD1LG2_2,CLCA2*PDCD1LG2,504,511,498,680,235,399,664,953,491,486,7991,552,758,443,229,254,121
CLCA2_5*PDCD1LG2_3,CLCA2*PDCD1LG2,874,677,723,1111,418,491,722,772,698,308,882,474,501,183,115,519,100
CLCA2_5*PLA2G2A_2,CLCA2*PLA2G2A,322,366,293,609,187,229,177,542,989,379,468,404,472,2178,248,720,341
CLCA2_5*PLA2G2A_4,CLCA2*PLA2G2A,1306,1113,1063,1866,700,875,1246,874,856,502,259,565,745,321,137,589,196
CLCA2_5*PLA2G2A_5,CLCA2*PLA2G2A,1171,1031,997,1145,776,622,846,843,623,666,754,564,607,494,202,454,280
CLCA2_5*PLA2R1_2,CLCA2*PLA2R1,2265,1662,1929,2600,1295,1709,2313,1534,1868,1030,963,1068,1343,703,274,1272,586
CLCA2_5*PLA2R1_3,CLCA2*PLA2R1,309,262,246,332,195,214,345,979,770,785,4664,573,659,891,44,171,31
CLCA2_5*PLA2R1_4,CLCA2*PLA2R1,1383,1098,1029,1470,958,1150,1374,1140,653,605,796,780,1167,600,167,1291,327
CLCA2_5*TLR7_1,CLCA2*TLR7,950,864,872,1219,694,500,1320,1233,987,744,5989,718,954,559,282,926,319
CLCA2_5*TLR7_2,CLCA2*TLR7,1290,1631,1002,1474,795,1002,1308,518,348,963,53,295,448,106,72,157,55
CLCA2_5*TLR7_5,CLCA2*TLR7,1046,1456,743,1154,818,915,822,683,443,2458,533,550,636,559,235,1340,511
CLCA2_5*TNFSF15_1,CLCA2*TNFSF15,664,635,504,562,388,469,438,729,429,319,651,350,807,136,211,472,341
CLCA2_5*TNFSF15_2,CLCA2*TNFSF15,887,638,669,1005,463,565,966,870,533,719,1720,671,764,420,121,695,206
CLCA2_5*TNFSF15_3,CLCA2*TNFSF15,1374,1235,1208,1765,853,1225,1178,1375,1087,898,894,843,1267,631,268,1176,252
KIT_1*BTLA_1,KIT*BTLA,1873,1786,1594,2086,1329,1490,2212,1135,879,836,526,798,1064,333,110,445,317
KIT_1*BTLA_2,KIT*BTLA,2480,2016,1893,3221,1767,1849,2967,1033,763,747,708,719,1017,410,137,843,470
KIT_1*BTLA_3,KIT*BTLA,876,921,662,974,602,784,948,854,491,388,601,594,748,779,42,556,191
KIT_1*CDH1_1,KIT*CDH1,691,744,565,895,542,543,1024,619,366,302,2508,514,646,297,181,227,263
KIT_1*CDH1_4,KIT*CDH1,721,501,502,679,297,492,632,2034,1889,12402,1853,1385,1717,12669,350,1060,399
KIT_1*CDH1_5,KIT*CDH1,1977,1690,1556,1838,848,1574,1836,1245,658,522,1027,1022,1228,356,283,383,334
KIT_1*CX3CL1_3,KIT*CX3CL1,381,373,366,651,378,226,603,370,432,158,205,296,446,745,93,316,118
KIT_1*CX3CL1_4,KIT*CX3CL1,869,1008,775,840,779,713,1284,750,270,731,268,1806,694,194,116,325,425
KIT_1*CX3CL1_5,KIT*CX3CL1,1600,1806,1504,1940,881,1361,1505,1344,732,974,725,868,1174,818,174,541,265
KIT_1*CXCR2_2,KIT*CXCR2,519,493,450,585,223,480,442,1116,1319,1213,694,801,941,748,200,1048,389
KIT_1*CXCR2_4,KIT*CXCR2,311,260,269,257,137,180,336,591,427,260,58,256,302,268,59,309,15
KIT_1*CXCR2_5,KIT*CXCR2,975,821,795,1417,860,588,730,926,530,450,507,652,691,400,145,402,182
KIT_1*CXCR5_2,KIT*CXCR5,1761,1506,1877,1911,1276,1649,1746,1258,1790,328,705,1011,1099,749,46,77,109
KIT_1*CXCR5_3,KIT*CXCR5,1395,1404,1258,1790,1151,1316,1577,1709,1120,3048,1269,1191,1463,889,380,1306,510
KIT_1*CXCR5_4,KIT*CXCR5,1460,1648,1113,1762,932,1465,1247,438,150,243,113,296,441,92,24,330,50
KIT_1*FCRL6_1,KIT*FCRL6,1645,1487,1548,1913,1185,1471,1936,1231,506,586,681,925,1124,1080,182,402,115
KIT_1*FCRL6_4,KIT*FCRL6,607,525,429,511,260,418,949,816,535,5790,347,596,775,147,233,786,246
KIT_1*FCRL6_5,KIT*FCRL6,1332,1078,1173,1791,843,1184,1735,521,279,180,555,387,474,36,119,430,136
KIT_1*HGF_2,KIT*HGF,1685,1375,1498,1810,985,1492,1395,1317,612,1190,644,950,1281,511,130,627,347
KIT_1*HGF_4,KIT*HGF,1163,1014,1016,1124,691,865,792,986,1091,640,721,642,847,307,67,243,151
KIT_1*HGF_5,KIT*HGF,2007,1692,1947,2172,881,1234,2260,1020,1390,659,1493,749,956,195,113,746,138
KIT_1*IL6_1,KIT*IL6,236,241,221,362,115,204,241,605,916,14511,265,332,459,419,95,130,92
KIT_1*IL6_2,KIT*IL6,405,298,296,306,209,222,244,1048,880,2127,8041,677,941,3631,391,860,495
KIT_1*IL6_5,KIT*IL6,2407,2131,1909,2686,2067,1544,3073,1105,878,1296,987,780,974,216,270,522,316
KIT_1*MFAP5_1,KIT*MFAP5,641,562,535,561,261,541,1234,975,365,3085,572,463,591,155,193,261,174
KIT_1*MFAP5_3,KIT*MFAP5,439,408,444,603,323,367,288,1066,730,374,546,665,789,3124,138,95,279
KIT_1*MFAP5_5,KIT*MFAP5,898,1098,722,1061,636,851,1001,1023,457,647,891,584,664,365,81,303,35
KIT_1*MPEG1_1,KIT*MPEG1,2937,2389,2310,3128,1276,1845,2028,1133,535,504,548,595,891,127,167,164,43
KIT_1*MPEG1_4,KIT*MPEG1,160,144,205,193,159,50,137,271,355,118,240,113,87,23,0,2,0
KIT_1*MPEG1_5,KIT*MPEG1,2643,2278,2445,3494,1747,1961,4686,1126,667,939,547,670,970,321,269,594,299
KIT_1*MUC16_1,KIT*MUC16,1135,1187,1091,1530,755,1109,1456,1528,1479,969,2164,1042,1264,707,149,81,148
KIT_1*MUC16_2,KIT*MUC16,1598,1249,1503,2024,1215,1215,1801,919,134,481,1253,1108,717,259,180,226,369
KIT_1*MUC16_5,KIT*MUC16,2300,2158,2072,2928,1615,6863,2213,1413,1377,777,4006,833,1158,275,275,373,281
KIT_1*MYSM1_2,KIT*MYSM1,1610,1657,1317,1751,922,1322,1683,1096,371,642,1020,849,1191,794,231,737,129
KIT_1*MYSM1_4,KIT*MYSM1,871,926,740,1093,508,806,684,1164,892,694,1352,639,852,334,159,304,303
KIT_1*MYSM1_5,KIT*MYSM1,392,384,370,404,204,254,381,1189,631,23740,687,589,848,449,126,395,171
KIT_1*NT_17,KIT*NT,2273,2316,2287,2402,1580,1548,2978,862,1124,330,637,626,784,165,49,0,84
KIT_1*NT_18,KIT*NT,843,754,897,950,424,643,770,966,358,446,857,504,808,224,66,536,176
KIT_1*NT_20,KIT*NT,444,500,407,562,242,265,469,676,291,604,1360,495,585,176,276,81,147
KIT_1*NT_25,KIT*NT,887,926,959,1034,464,703,855,881,776,1532,666,554,829,348,107,213,314
KIT_1*NT_26,KIT*NT,1833,1524,1824,2165,1562,1473,1882,1058,687,541,270,802,881,520,84,525,268
KIT_1*NT_33,KIT*NT,1598,1444,1447,1522,869,1167,1504,1341,708,513,922,767,938,557,237,578,406
KIT_1*NT_39,KIT*NT,573,520,465,662,318,806,768,1404,1164,6106,664,841,1240,5112,204,497,300
KIT_1*NT_57,KIT*NT,503,492,477,589,292,383,670,930,653,397,8245,517,825,444,159,93,176
KIT_1*NT_6,KIT*NT,1499,1348,1263,1616,811,1354,1661,1178,1230,359,1157,738,1011,495,35,215,51
KIT_1*PDCD1LG2_1,KIT*PDCD1LG2,2108,1506,1508,2038,1050,1336,1830,2334,1665,1423,7018,5902,2131,530,355,329,496
KIT_1*PDCD1LG2_2,KIT*PDCD1LG2,389,346,342,420,245,303,348,1015,1528,545,1747,531,801,1006,193,408,283
KIT_1*PDCD1LG2_3,KIT*PDCD1LG2,1196,936,982,1281,726,817,1209,998,1100,437,1068,737,999,1021,69,276,255
KIT_1*PLA2G2A_2,KIT*PLA2G2A,889,813,503,617,290,512,433,729,500,1014,313,448,548,104,87,158,224
KIT_1*PLA2G2A_4,KIT*PLA2G2A,1042,1215,949,1249,704,1193,1093,950,514,682,351,577,984,444,229,187,269
KIT_1*PLA2G2A_5,KIT*PLA2G2A,3476,3250,3102,3534,2830,2713,2696,943,1010,473,399,533,958,158,153,297,56
KIT_1*PLA2R1_2,KIT*PLA2R1,1943,1568,1646,2167,1197,1674,1880,1488,1058,608,793,1049,1450,563,154,606,344
KIT_1*PLA2R1_3,KIT*PLA2R1,386,334,406,413,220,217,418,1036,1097,847,3072,528,716,360,16,47,40
KIT_1*PLA2R1_4,KIT*PLA2R1,1213,1162,1193,1600,1046,1241,1339,1676,1157,1100,1152,883,945,209,393,535,412
KIT_1*TLR7_1,KIT*TLR7,335,262,314,334,259,281,247,1341,932,15863,482,655,942,4551,79,581,231
KIT_1*TLR7_2,KIT*TLR7,473,494,394,600,312,388,413,410,692,206,296,232,359,68,119,79,137
KIT_1*TLR7_5,KIT*TLR7,803,700,780,851,410,652,860,1108,511,5216,2051,610,849,302,264,400,427
KIT_1*TNFSF15_1,KIT*TNFSF15,384,291,279,529,264,350,271,1032,1132,543,1124,414,496,288,183,297,156
KIT_1*TNFSF15_2,KIT*TNFSF15,1508,1355,1257,1630,1183,1367,1303,1203,823,1155,1161,706,1260,357,287,1042,241
KIT_1*TNFSF15_3,KIT*TNFSF15,2519,3057,2433,2888,1436,1918,5327,1800,1828,1675,1487,1325,1555,832,473,1200,507
KIT_2*BTLA_1,KIT*BTLA,801,580,504,607,383,462,796,414,692,516,371,328,472,175,154,177,142
KIT_2*BTLA_2,KIT*BTLA,666,673,656,653,482,474,842,607,833,273,884,340,476,174,163,476,74
KIT_2*BTLA_3,KIT*BTLA,462,497,533,996,278,758,622,540,193,482,3066,480,518,230,211,262,151
KIT_2*CDH1_1,KIT*CDH1,1137,919,1207,902,550,537,821,191,11,4,199,117,131,9,67,66,81
KIT_2*CDH1_4,KIT*CDH1,525,456,461,607,368,364,421,596,895,845,2420,522,655,473,142,478,172
KIT_2*CDH1_5,KIT*CDH1,253,312,169,222,32,167,222,258,257,170,68,301,368,180,13,320,182
KIT_2*CX3CL1_3,KIT*CX3CL1,204,195,156,137,47,169,231,274,71,84,1002,148,120,10,52,58,112
KIT_2*CX3CL1_4,KIT*CX3CL1,84,65,211,98,76,82,70,572,703,2467,10450,400,475,2273,164,626,203
KIT_2*CX3CL1_5,KIT*CX3CL1,517,564,563,749,329,552,993,531,304,212,6801,375,430,73,179,232,207
KIT_2*CXCR2_2,KIT*CXCR2,552,533,665,477,388,321,453,1031,690,452,664,566,527,561,93,349,214
KIT_2*CXCR2_4,KIT*CXCR2,44,42,31,44,7,24,41,144,409,141,158,146,213,76,91,239,37
KIT_2*CXCR2_5,KIT*CXCR2,179,135,143,216,75,175,121,322,228,187,271,209,339,239,153,251,47
KIT_2*CXCR5_2,KIT*CXCR5,366,346,364,404,340,364,462,197,52,127,185,108,136,10,0,177,105
KIT_2*CXCR5_3,KIT*CXCR5,1819,1719,1500,2028,1542,1791,1874,627,429,312,355,333,596,258,232,879,339
KIT_2*CXCR5_4,KIT*CXCR5,413,420,406,448,453,371,253,142,408,75,89,125,142,9,54,135,25
KIT_2*FCRL6_1,KIT*FCRL6,381,376,324,401,288,388,1160,657,696,392,2345,414,471,353,173,284,228
KIT_2*FCRL6_4,KIT*FCRL6,50,43,55,51,27,29,24,243,597,1127,13912,143,276,94,109,219,99
KIT_2*FCRL6_5,KIT*FCRL6,141,113,96,101,30,122,62,337,497,148,251,221,328,2848,73,482,160
KIT_2*HGF_2,KIT*HGF,342,336,334,332,190,324,288,745,432,620,3265,754,764,17523,264,592,329
KIT_2*HGF_4,KIT*HGF,1580,1555,1529,1504,849,1678,1860,844,595,1058,506,818,896,543,116,356,119
KIT_2*HGF_5,KIT*HGF,347,203,148,147,175,260,227,437,443,1061,141,220,327,144,63,240,119
KIT_2*IL6_1,KIT*IL6,105,159,170,250,69,147,144,126,135,33,171,47,89,17,51,108,37
KIT_2*IL6_2,KIT*IL6,401,343,398,368,371,295,447,424,33,196,269,186,264,106,224,526,293
KIT_2*IL6_5,KIT*IL6,649,568,462,879,274,660,746,796,619,587,442,479,631,512,201,681,238
KIT_2*MFAP5_1,KIT*MFAP5,1387,421,368,493,183,520,293,179,11,286,8,167,93,56,13,0,63
KIT_2*MFAP5_3,KIT*MFAP5,143,207,163,201,153,85,145,329,702,121,3584,256,354,137,72,454,102
KIT_2*MFAP5_5,KIT*MFAP5,495,528,509,648,308,450,508,435,407,456,278,271,376,352,185,530,326
KIT_2*MPEG1_1,KIT*MPEG1,1057,927,844,1584,788,882,1164,595,469,950,580,634,769,261,417,432,160
KIT_2*MPEG1_4,KIT*MPEG1,201,175,241,351,92,194,91,229,477,60,84,109,187,5,98,18,113
KIT_2*MPEG1_5,KIT*MPEG1,1414,1213,1137,1720,933,1193,1334,714,455,879,303,573,860,709,49,373,81
KIT_2*MUC16_1,KIT*MUC16,1164,1019,985,1262,1434,973,1685,605,539,400,391,498,523,384,148,417,248
KIT_2*MUC16_2,KIT*MUC16,247,256,280,287,183,233,296,454,445,439,436,477,602,28461,51,450,150
KIT_2*MUC16_5,KIT*MUC16,1132,980,1051,1430,749,843,1221,543,585,357,610,566,552,19,238,1109,258
KIT_2*MYSM1_2,KIT*MYSM1,397,355,422,249,214,391,524,283,780,111,500,142,223,52,24,570,222
KIT_2*MYSM1_4,KIT*MYSM1,60,55,41,78,57,51,48,631,620,30775,1124,304,370,324,306,328,260
KIT_2*MYSM1_5,KIT*MYSM1,598,521,479,790,385,418,315,390,246,83,194,207,295,66,136,649,125
KIT_2*NT_17,KIT*NT,605,666,709,838,284,450,3113,236,139,70,58,167,174,73,23,107,75
KIT_2*NT_18,KIT*NT,603,594,856,654,258,490,616,449,421,57,657,210,296,50,111,456,232
KIT_2*NT_20,KIT*NT,303,273,251,300,249,239,104,130,404,54,88,119,152,83,7,325,82
KIT_2*NT_25,KIT*NT,539,520,482,486,293,601,888,552,498,301,288,438,396,363,94,75,215
KIT_2*NT_26,KIT*NT,529,442,354,539,265,433,493,436,209,327,3730,247,328,345,129,498,156
KIT_2*NT_33,KIT*NT,141,102,98,125,60,75,95,235,251,1995,2651,224,262,107,235,225,91
KIT_2*NT_39,KIT*NT,861,767,734,939,398,675,572,539,335,363,448,349,421,73,132,519,333
KIT_2*NT_57,KIT*NT,141,122,93,130,58,83,116,221,281,150,1036,100,92,4,46,172,72
KIT_2*NT_6,KIT*NT,1791,1634,1377,1987,1442,2087,3218,350,10,307,261,222,377,138,138,403,205
KIT_2*PDCD1LG2_1,KIT*PDCD1LG2,1042,838,750,978,405,859,853,1003,1070,884,679,665,837,226,346,839,332
KIT_2*PDCD1LG2_2,KIT*PDCD1LG2,57,48,47,74,24,34,91,283,519,12919,190,138,235,125,103,277,124
KIT_2*PDCD1LG2_3,KIT*PDCD1LG2,406,400,441,455,255,505,392,912,766,399,484,414,808,596,208,624,147
KIT_2*PLA2G2A_2,KIT*PLA2G2A,476,413,433,408,271,454,679,199,245,141,297,140,172,15,68,100,143
KIT_2*PLA2G2A_4,KIT*PLA2G2A,470,388,351,398,292,293,443,407,237,438,374,276,334,107,131,111,94
KIT_2*PLA2G2A_5,KIT*PLA2G2A,315,198,184,210,48,182,254,769,510,310,7699,306,498,218,105,323,232
KIT_2*PLA2R1_2,KIT*PLA2R1,1153,974,1117,1052,901,957,1454,1021,533,4771,427,572,878,408,185,1046,298
KIT_2*PLA2R1_3,KIT*PLA2R1,2232,1866,1869,3421,1689,2028,2239,649,398,77,512,209,595,144,46,463,71
KIT_2*PLA2R1_4,KIT*PLA2R1,733,584,696,621,319,680,828,688,401,376,320,386,331,211,45,465,211
KIT_2*TLR7_1,KIT*TLR7,1054,1020,1027,1510,616,866,1149,1029,1056,6462,848,864,1150,432,196,466,297
KIT_2*TLR7_2,KIT*TLR7,272,401,336,570,113,517,282,326,142,35,180,177,273,24,166,202,96
KIT_2*TLR7_5,KIT*TLR7,320,297,186,754,140,242,237,158,357,138,18,153,124,236,84,123,69
KIT_2*TNFSF15_1,KIT*TNFSF15,171,177,145,92,82,133,85,367,449,144,182,133,255,103,112,291,332
KIT_2*TNFSF15_2,KIT*TNFSF15,484,482,498,559,251,408,409,693,320,2658,529,438,526,207,182,320,302
KIT_2*TNFSF15_3,KIT*TNFSF15,355,385,707,352,293,217,454,801,1660,441,1144,411,514,1433,254,632,354
KIT_4*BTLA_1,KIT*BTLA,898,623,632,862,436,571,722,871,843,709,413,519,766,4395,266,429,244
KIT_4*BTLA_2,KIT*BTLA,987,819,792,1026,490,654,889,911,258,456,1786,696,880,580,212,272,499
KIT_4*BTLA_3,KIT*BTLA,833,737,838,955,591,754,1045,1149,1360,383,1248,563,1114,531,421,653,287
KIT_4*CDH1_1,KIT*CDH1,506,461,382,726,306,822,421,624,567,875,340,431,484,1086,260,482,407
KIT_4*CDH1_4,KIT*CDH1,1020,1016,919,1145,639,1570,876,1583,1725,971,6350,892,1204,390,651,1513,619
KIT_4*CDH1_5,KIT*CDH1,1125,985,805,1112,720,883,1000,1520,738,1189,3910,2269,1311,350,499,1148,632
KIT_4*CX3CL1_3,KIT*CX3CL1,1357,742,620,1277,421,650,558,602,283,189,1634,373,444,468,356,397,283
KIT_4*CX3CL1_4,KIT*CX3CL1,722,548,566,633,619,539,467,796,675,320,636,386,670,270,376,925,533
KIT_4*CX3CL1_5,KIT*CX3CL1,617,615,567,682,456,510,544,1093,1389,646,2124,803,972,657,489,1258,763
KIT_4*CXCR2_2,KIT*CXCR2,930,826,789,1167,616,688,1158,827,477,344,248,519,831,1941,305,276,370
KIT_4*CXCR2_4,KIT*CXCR2,87,103,70,126,37,70,84,377,256,2161,109,242,277,248,67,201,85
KIT_4*CXCR2_5,KIT*CXCR2,1174,1032,931,1271,826,1022,1139,787,724,548,235,459,488,178,188,740,190
KIT_4*CXCR5_2,KIT*CXCR5,153,164,160,167,83,115,120,355,173,510,910,252,364,251,147,198,285
KIT_4*CXCR5_3,KIT*CXCR5,391,368,317,448,228,323,387,1126,1486,1445,831,1125,1007,4867,408,1086,605
KIT_4*CXCR5_4,KIT*CXCR5,677,878,570,852,378,835,582,661,98,207,395,366,379,50,114,35,123
KIT_4*FCRL6_1,KIT*FCRL6,1307,1296,1294,1300,1245,1007,1547,959,196,586,537,456,746,269,176,866,277
KIT_4*FCRL6_4,KIT*FCRL6,232,231,175,246,123,164,275,907,748,2116,1369,433,787,4555,187,629,152
KIT_4*FCRL6_5,KIT*FCRL6,958,883,728,814,748,663,2235,636,1054,371,357,408,509,397,199,658,383
KIT_4*HGF_2,KIT*HGF,514,414,361,552,293,387,523,1112,987,705,2764,955,1016,651,157,823,158
KIT_4*HGF_4,KIT*HGF,1309,1114,1236,1317,702,983,1686,966,1023,624,652,488,870,536,173,497,187
KIT_4*HGF_5,KIT*HGF,630,546,610,722,462,391,678,1018,526,558,6873,670,781,418,163,515,250
KIT_4*IL6_1,KIT*IL6,682,531,499,577,348,515,806,677,512,263,267,314,506,157,244,222,64
KIT_4*IL6_2,KIT*IL6,639,670,603,687,609,559,491,1159,1086,494,10253,850,1029,691,556,1436,373
KIT_4*IL6_5,KIT*IL6,1207,980,873,968,647,1178,1115,1093,702,977,307,549,758,254,173,649,365
KIT_4*MFAP5_1,KIT*MFAP5,586,587,619,605,290,540,479,1375,631,1101,522,3455,926,481,628,1557,610
KIT_4*MFAP5_3,KIT*MFAP5,1724,1698,1236,1978,1236,1349,1236,848,248,418,254,876,796,593,234,698,179
KIT_4*MFAP5_5,KIT*MFAP5,1012,1015,997,1248,662,820,1147,1173,686,977,410,581,864,1070,165,486,410
KIT_4*MPEG1_1,KIT*MPEG1,616,539,451,726,251,403,499,1105,545,13033,1262,563,1049,284,166,566,208
KIT_4*MPEG1_4,KIT*MPEG1,451,375,412,474,234,327,350,411,228,282,100,251,247,291,62,133,32
KIT_4*MPEG1_5,KIT*MPEG1,1023,935,884,2015,599,794,955,932,1328,394,682,507,716,1104,377,911,641
KIT_4*MUC16_1,KIT*MUC16,1245,1085,977,1404,619,1028,1367,1008,1059,473,1000,879,957,502,147,449,234
KIT_4*MUC16_2,KIT*MUC16,946,1081,850,1244,638,896,1174,1006,1277,961,483,816,726,360,368,1213,592
KIT_4*MUC16_5,KIT*MUC16,1940,1617,1551,2151,1536,1482,2203,1859,1016,664,635,843,1320,554,394,1307,405
KIT_4*MYSM1_2,KIT*MYSM1,1019,753,882,891,544,910,1069,697,973,444,339,505,689,342,204,675,317
KIT_4*MYSM1_4,KIT*MYSM1,1140,1083,811,2115,662,814,859,639,827,857,322,389,521,285,459,737,569
KIT_4*MYSM1_5,KIT*MYSM1,752,772,573,648,357,612,909,704,702,583,793,489,688,221,202,738,259
KIT_4*NT_17,KIT*NT,1356,1260,1323,1210,943,953,1663,438,465,338,115,262,393,26,65,234,41
KIT_4*NT_18,KIT*NT,1187,1223,1085,1410,19992,923,1141,516,315,557,2167,391,604,382,72,231,78
KIT_4*NT_20,KIT*NT,597,627,756,573,616,460,800,622,314,312,226,359,467,117,101,225,142
KIT_4*NT_25,KIT*NT,641,590,653,713,535,608,646,825,459,358,2450,480,617,531,209,561,305
KIT_4*NT_26,KIT*NT,310,282,334,329,196,248,325,1005,701,10947,719,725,946,415,310,306,482
KIT_4*NT_33,KIT*NT,1417,2076,1285,1755,750,1189,1467,1142,1112,477,1682,836,950,1087,376,1302,474
KIT_4*NT_39,KIT*NT,1355,1354,1220,1613,708,1072,1778,1275,1418,860,611,709,1051,673,332,1213,398
KIT_4*NT_57,KIT*NT,502,516,581,711,406,410,394,377,456,296,221,303,347,210,181,116,169
KIT_4*NT_6,KIT*NT,959,860,742,1013,340,652,1152,669,385,457,910,462,644,68,217,677,213
KIT_4*PDCD1LG2_1,KIT*PDCD1LG2,675,561,422,648,299,440,508,1441,1534,17504,1624,834,1256,937,689,1090,615
KIT_4*PDCD1LG2_2,KIT*PDCD1LG2,716,742,603,1116,490,534,708,497,688,543,261,631,495,131,198,537,241
KIT_4*PDCD1LG2_3,KIT*PDCD1LG2,234,229,216,214,139,264,228,958,1227,593,3474,447,604,298,167,576,264
KIT_4*PLA2G2A_2,KIT*PLA2G2A,209,220,113,171,121,134,182,394,359,3242,174,177,332,493,117,264,205
KIT_4*PLA2G2A_4,KIT*PLA2G2A,246,241,232,297,116,184,317,666,1193,1870,649,483,626,4889,283,791,242
KIT_4*PLA2G2A_5,KIT*PLA2G2A,844,791,623,1383,439,726,663,464,685,556,433,360,492,399,115,58,68
KIT_4*PLA2R1_2,KIT*PLA2R1,895,805,684,1131,445,578,767,894,1117,914,824,586,1096,770,289,1064,451
KIT_4*PLA2R1_3,KIT*PLA2R1,481,418,436,546,345,312,346,621,711,587,518,361,598,145,46,87,97
KIT_4*PLA2R1_4,KIT*PLA2R1,966,828,837,955,519,774,819,1214,1464,896,1465,754,870,657,386,864,476
KIT_4*TLR7_1,KIT*TLR7,562,489,509,693,367,500,696,898,1494,1074,759,564,928,471,241,364,378
KIT_4*TLR7_2,KIT*TLR7,283,386,219,249,147,294,163,694,67,203,246,1468,238,219,90,218,62
KIT_4*TLR7_5,KIT*TLR7,650,678,578,801,318,649,743,640,839,183,462,366,526,364,310,987,172
KIT_4*TNFSF15_1,KIT*TNFSF15,278,609,344,336,282,359,330,371,261,199,166,3818,227,138,6,289,192
KIT_4*TNFSF15_2,KIT*TNFSF15,2064,1336,1638,1942,1051,1773,2128,1102,1059,372,556,743,906,699,262,507,589
KIT_4*TNFSF15_3,KIT*TNFSF15,2190,1700,1720,2264,1186,2199,5847,848,859,565,307,592,826,712,202,477,462
KRT15_2*BTLA_1,KRT15*BTLA,863,658,671,839,382,591,632,1071,939,813,5305,741,797,559,344,1016,315
KRT15_2*BTLA_2,KRT15*BTLA,2202,1661,1687,3787,1195,1325,1138,1143,818,1578,359,615,960,418,436,1732,712
KRT15_2*BTLA_3,KRT15*BTLA,838,706,719,1117,475,838,949,730,702,1213,330,583,822,351,337,479,215
KRT15_2*CDH1_1,KRT15*CDH1,1040,906,953,950,738,950,896,603,870,491,320,475,536,155,260,688,217
KRT15_2*CDH1_4,KRT15*CDH1,1132,1137,864,1146,559,773,975,2095,1100,1336,1486,897,1359,916,771,1726,667
KRT15_2*CDH1_5,KRT15*CDH1,894,911,671,1177,533,760,626,1453,742,1307,1058,906,1199,799,447,1297,685
KRT15_2*CX3CL1_3,KRT15*CX3CL1,357,316,264,301,187,284,223,494,573,465,151,187,387,110,157,299,172
KRT15_2*CX3CL1_4,KRT15*CX3CL1,1046,827,830,1202,479,763,1146,1015,1333,1010,619,712,1033,1089,169,802,350
KRT15_2*CX3CL1_5,KRT15*CX3CL1,2334,2154,2257,3014,1525,1705,2573,1252,712,732,891,795,998,587,292,920,377
KRT15_2*CXCR2_2,KRT15*CXCR2,927,715,760,761,539,736,709,1011,3122,624,816,809,1026,605,249,1143,404
KRT15_2*CXCR2_4,KRT15*CXCR2,485,422,464,496,194,342,417,451,239,232,227,228,413,126,184,786,255
KRT15_2*CXCR2_5,KRT15*CXCR2,419,332,324,425,234,270,218,839,725,785,416,381,553,200,439,1004,126
KRT15_2*CXCR5_2,KRT15*CXCR5,667,612,535,739,409,541,965,455,1139,90,220,295,411,314,237,794,386
KRT15_2*CXCR5_3,KRT15*CXCR5,457,439,344,543,336,423,492,1618,4210,705,1322,742,1064,613,586,1438,379
KRT15_2*CXCR5_4,KRT15*CXCR5,1644,1351,1279,1923,1934,1136,1174,471,210,298,181,283,265,85,95,640,225
KRT15_2*FCRL6_1,KRT15*FCRL6,900,883,765,927,497,951,1212,905,664,219,665,527,740,416,251,790,268
KRT15_2*FCRL6_4,KRT15*FCRL6,266,209,176,320,112,209,278,636,1009,627,2555,390,487,253,148,1183,453
KRT15_2*FCRL6_5,KRT15*FCRL6,500,416,383,662,203,368,378,1061,1112,625,1240,663,1601,341,495,751,410
KRT15_2*HGF_2,KRT15*HGF,772,805,628,921,377,545,662,1333,1765,602,18891,1241,1195,1612,431,1492,443
KRT15_2*HGF_4,KRT15*HGF,2897,2385,2725,3028,2035,8811,2642,1187,1836,987,529,904,964,1183,216,591,224
KRT15_2*HGF_5,KRT15*HGF,676,549,476,639,504,443,593,886,666,937,579,583,545,230,356,778,257
KRT15_2*IL6_1,KRT15*IL6,259,173,200,324,197,206,233,403,412,376,1106,314,576,1759,159,287,67
KRT15_2*IL6_2,KRT15*IL6,533,504,499,2843,356,451,697,641,720,2673,239,530,800,1332,271,604,370
KRT15_2*IL6_5,KRT15*IL6,2469,2018,2588,2697,1987,10984,2304,1393,755,1581,888,676,902,302,355,1144,209
KRT15_2*MFAP5_1,KRT15*MFAP5,533,425,410,453,349,382,391,599,638,655,346,320,468,173,316,1111,384
KRT15_2*MFAP5_3,KRT15*MFAP5,675,430,504,611,371,447,529,1044,848,1272,3899,552,680,120,325,839,564
KRT15_2*MFAP5_5,KRT15*MFAP5,292,253,225,396,146,231,233,878,1122,460,508,316,591,581,155,700,188
KRT15_2*MPEG1_1,KRT15*MPEG1,252,207,146,251,135,154,167,884,1265,805,7786,602,687,253,210,315,497
KRT15_2*MPEG1_4,KRT15*MPEG1,1018,835,822,1091,522,686,1256,426,453,197,211,350,317,44,42,141,33
KRT15_2*MPEG1_5,KRT15*MPEG1,104,97,89,123,54,86,99,1029,1812,21641,2867,862,1191,25254,391,1559,244
KRT15_2*MUC16_1,KRT15*MUC16,876,795,744,1232,590,771,737,1247,1409,949,628,712,977,2072,168,820,206
KRT15_2*MUC16_2,KRT15*MUC16,882,730,695,1013,509,631,1050,1000,1207,971,735,677,882,684,384,979,313
KRT15_2*MUC16_5,KRT15*MUC16,1274,977,913,1454,568,772,1068,2179,1541,2193,1160,1022,1314,514,589,1673,693
KRT15_2*MYSM1_2,KRT15*MYSM1,525,474,432,817,264,472,482,772,452,455,876,486,2041,646,376,420,265
KRT15_2*MYSM1_4,KRT15*MYSM1,489,446,404,553,383,341,450,1286,382,704,6248,645,728,4242,657,1938,601
KRT15_2*MYSM1_5,KRT15*MYSM1,535,429,418,504,340,458,442,870,1147,868,670,421,723,221,340,912,344
KRT15_2*NT_17,KRT15*NT,1019,834,1040,1296,518,773,1073,1024,1556,756,546,657,934,381,178,395,210
KRT15_2*NT_18,KRT15*NT,432,337,329,387,232,298,292,699,658,339,415,480,569,3270,143,487,133
KRT15_2*NT_20,KRT15*NT,761,675,702,787,371,511,377,411,219,252,390,289,448,51,177,276,266
KRT15_2*NT_25,KRT15*NT,379,346,348,553,274,317,347,1132,1190,2882,3203,852,1124,9534,334,1045,469
KRT15_2*NT_26,KRT15*NT,1751,1586,1616,2033,1906,3406,1908,895,832,1133,515,533,865,458,399,1499,384
KRT15_2*NT_33,KRT15*NT,769,619,657,815,783,590,1452,1046,1032,10604,803,818,862,528,279,684,382
KRT15_2*NT_39,KRT15*NT,639,480,485,684,355,467,527,1216,1180,3574,2297,798,1067,790,486,1218,652
KRT15_2*NT_57,KRT15*NT,357,350,327,311,206,277,267,536,478,2930,496,458,649,158,382,206,150
KRT15_2*NT_6,KRT15*NT,1286,1036,1185,1626,715,1047,1006,1233,1510,637,929,609,875,410,195,682,410
KRT15_2*PDCD1LG2_1,KRT15*PDCD1LG2,1921,1476,1590,2525,1099,2218,2025,2358,1918,8373,885,1186,1805,961,668,3017,1051
KRT15_2*PDCD1LG2_2,KRT15*PDCD1LG2,1328,1097,1040,1556,694,802,1450,992,616,475,750,755,840,564,415,869,484
KRT15_2*PDCD1LG2_3,KRT15*PDCD1LG2,314,220,212,278,111,180,244,980,819,4213,650,746,693,3674,292,639,283
KRT15_2*PLA2G2A_2,KRT15*PLA2G2A,598,578,549,722,344,398,574,642,282,370,352,284,523,248,251,501,325
KRT15_2*PLA2G2A_4,KRT15*PLA2G2A,1004,991,1147,1218,628,710,1074,1252,1374,1249,4255,820,1260,198,288,539,296
KRT15_2*PLA2G2A_5,KRT15*PLA2G2A,776,667,596,850,502,462,767,1050,387,520,1272,594,792,385,241,422,225
KRT15_2*PLA2R1_2,KRT15*PLA2R1,1036,1124,775,1007,596,686,1873,1830,1581,2737,5244,1023,1446,465,429,1789,527
KRT15_2*PLA2R1_3,KRT15*PLA2R1,1422,1158,1311,1542,991,3074,1697,584,576,374,422,376,546,193,55,708,162
KRT15_2*PLA2R1_4,KRT15*PLA2R1,1477,1186,968,1761,546,919,941,1033,603,590,488,680,921,403,553,1752,395
KRT15_2*TLR7_1,KRT15*TLR7,203,176,189,229,124,195,236,1032,1219,844,5333,711,1141,21648,470,682,440
KRT15_2*TLR7_2,KRT15*TLR7,1352,870,700,1260,611,769,985,543,436,186,197,299,385,398,77,420,263
KRT15_2*TLR7_5,KRT15*TLR7,819,675,872,843,466,727,1476,648,520,929,1050,375,503,47,253,546,290
KRT15_2*TNFSF15_1,KRT15*TNFSF15,194,144,162,235,148,227,134,736,577,388,4340,327,300,118,239,640,301
KRT15_2*TNFSF15_2,KRT15*TNFSF15,205,142,174,171,90,150,219,943,726,2901,3355,620,729,4806,363,1219,353
KRT15_2*TNFSF15_3,KRT15*TNFSF15,1583,1288,1103,1585,942,1286,1165,1054,943,441,1094,671,979,241,630,1671,526
KRT15_3*BTLA_1,KRT15*BTLA,1454,1171,1211,1491,1174,1316,1706,903,1722,712,597,604,818,501,226,928,259
KRT15_3*BTLA_2,KRT15*BTLA,1387,1137,1082,1353,509,3647,1452,719,605,404,819,463,730,650,338,902,440
KRT15_3*BTLA_3,KRT15*BTLA,1248,1088,921,1555,681,790,1254,860,247,1752,344,462,579,196,137,461,142
KRT15_3*CDH1_1,KRT15*CDH1,156,142,130,173,112,141,217,409,169,4150,344,269,338,248,73,694,138
KRT15_3*CDH1_4,KRT15*CDH1,1893,1715,1513,2204,1079,1514,1673,1839,1526,1225,997,1169,1363,1191,479,1755,393
KRT15_3*CDH1_5,KRT15*CDH1,973,763,655,1011,466,797,817,948,843,676,958,808,945,868,241,543,376
KRT15_3*CX3CL1_3,KRT15*CX3CL1,268,230,200,321,156,268,273,657,765,10852,450,457,592,231,99,103,237
KRT15_3*CX3CL1_4,KRT15*CX3CL1,1876,1614,1730,2752,1524,1788,1757,896,186,1144,644,561,611,378,140,538,169
KRT15_3*CX3CL1_5,KRT15*CX3CL1,1136,1131,1019,1644,636,960,1394,721,860,536,1511,737,769,571,187,501,260
KRT15_3*CXCR2_2,KRT15*CXCR2,1045,907,1153,1178,721,735,904,801,1489,830,4939,610,689,244,110,411,61
KRT15_3*CXCR2_4,KRT15*CXCR2,307,246,228,363,149,212,312,324,380,11253,69,235,330,118,95,249,65
KRT15_3*CXCR2_5,KRT15*CXCR2,776,1288,720,1152,622,746,869,438,427,206,251,259,403,307,114,104,325
KRT15_3*CXCR5_2,KRT15*CXCR5,601,546,586,847,339,402,588,432,946,139,295,251,370,100,42,115,87
KRT15_3*CXCR5_3,KRT15*CXCR5,446,383,321,386,269,367,435,1083,1070,3677,939,476,1008,1544,248,818,445
KRT15_3*CXCR5_4,KRT15*CXCR5,221,280,257,381,118,238,266,236,641,122,149,93,138,16,47,71,124
KRT15_3*FCRL6_1,KRT15*FCRL6,708,678,813,755,253,673,852,819,729,974,819,564,706,361,177,168,211
KRT15_3*FCRL6_4,KRT15*FCRL6,569,590,443,716,369,486,411,513,289,433,265,343,416,187,142,755,181
KRT15_3*FCRL6_5,KRT15*FCRL6,560,403,481,467,176,325,357,387,96,294,241,199,421,269,106,488,61
KRT15_3*HGF_2,KRT15*HGF,1116,1011,935,1241,816,1097,1068,1103,618,736,2230,850,999,1135,117,615,269
KRT15_3*HGF_4,KRT15*HGF,680,740,638,943,288,579,969,1075,999,527,706,1510,900,1268,123,664,159
KRT15_3*HGF_5,KRT15*HGF,244,271,232,325,146,229,137,773,525,804,3791,837,1006,39553,231,665,305
KRT15_3*IL6_1,KRT15*IL6,920,766,701,819,517,459,681,485,551,351,183,192,435,217,108,367,67
KRT15_3*IL6_2,KRT15*IL6,342,596,277,366,177,274,206,864,1527,4428,507,612,952,3660,217,386,384
KRT15_3*IL6_5,KRT15*IL6,392,343,325,484,204,240,458,699,609,399,1740,372,572,567,216,189,225
KRT15_3*MFAP5_1,KRT15*MFAP5,2571,1830,1681,1925,823,1729,1258,427,471,97,277,295,331,31,109,268,55
KRT15_3*MFAP5_3,KRT15*MFAP5,594,743,570,951,561,593,476,619,469,135,514,515,621,131,141,148,155
KRT15_3*MFAP5_5,KRT15*MFAP5,969,773,689,1174,398,755,1183,624,696,556,336,426,597,247,167,436,86
KRT15_3*MPEG1_1,KRT15*MPEG1,388,320,355,330,254,316,367,1135,950,1016,8490,487,857,1238,139,588,94
KRT15_3*MPEG1_4,KRT15*MPEG1,91,107,93,112,39,95,71,282,234,59,3968,143,262,328,2,174,4
KRT15_3*MPEG1_5,KRT15*MPEG1,353,332,305,311,307,316,448,582,583,5610,317,477,505,168,64,422,350
KRT15_3*MUC16_1,KRT15*MUC16,1412,1345,1205,1598,740,836,1654,1217,1339,407,486,617,821,513,170,214,198
KRT15_3*MUC16_2,KRT15*MUC16,1490,1306,1516,2104,1394,1556,1507,866,903,458,595,541,625,156,144,833,149
KRT15_3*MUC16_5,KRT15*MUC16,2467,2274,1983,2775,1324,4381,2502,1142,862,351,1036,573,910,666,352,1206,377
KRT15_3*MYSM1_2,KRT15*MYSM1,595,438,425,396,330,371,387,630,914,334,1104,458,661,375,143,414,190
KRT15_3*MYSM1_4,KRT15*MYSM1,565,495,408,578,213,456,414,834,390,238,2461,543,695,347,238,398,172
KRT15_3*MYSM1_5,KRT15*MYSM1,663,573,526,682,232,456,533,636,756,504,433,418,715,457,181,336,93
KRT15_3*NT_17,KRT15*NT,1591,1176,4845,1608,980,1099,1850,442,259,238,84,1177,505,228,82,281,76
KRT15_3*NT_18,KRT15*NT,474,387,366,424,348,341,395,456,569,264,266,277,292,304,81,610,193
KRT15_3*NT_20,KRT15*NT,666,632,554,638,400,789,669,1080,560,362,467,345,494,222,115,412,159
KRT15_3*NT_25,KRT15*NT,1878,1640,1968,2271,1405,1732,1547,940,546,482,616,675,710,439,92,361,123
KRT15_3*NT_26,KRT15*NT,283,248,264,298,82,192,171,787,703,2834,680,581,599,471,157,477,225
KRT15_3*NT_33,KRT15*NT,1272,1206,1131,1339,932,1156,1551,965,795,1303,2461,625,884,276,276,549,456
KRT15_3*NT_39,KRT15*NT,975,913,967,1256,651,971,1288,1186,650,739,3350,622,915,1208,90,925,415
KRT15_3*NT_57,KRT15*NT,1052,1102,878,1079,339,1018,1095,502,428,209,254,260,498,307,102,244,143
KRT15_3*NT_6,KRT15*NT,606,620,496,2270,537,573,661,712,696,5436,476,409,603,279,141,466,429
KRT15_3*PDCD1LG2_1,KRT15*PDCD1LG2,600,736,522,617,317,446,591,1440,1721,1170,5676,1170,1569,8342,309,1370,569
KRT15_3*PDCD1LG2_2,KRT15*PDCD1LG2,284,232,214,280,100,232,311,694,2895,2375,518,473,555,313,76,327,183
KRT15_3*PDCD1LG2_3,KRT15*PDCD1LG2,693,598,459,709,406,465,589,709,61,1493,357,381,683,4450,252,179,192
KRT15_3*PLA2G2A_2,KRT15*PLA2G2A,317,522,280,310,376,203,397,322,385,167,172,172,204,126,45,398,62
KRT15_3*PLA2G2A_4,KRT15*PLA2G2A,675,608,531,715,391,597,670,616,485,4787,345,475,576,193,81,307,126
KRT15_3*PLA2G2A_5,KRT15*PLA2G2A,307,257,224,568,193,248,355,525,672,248,5004,2968,545,413,161,175,144
KRT15_3*PLA2R1_2,KRT15*PLA2R1,652,596,574,780,435,487,767,1790,2047,9932,7471,1097,1433,805,448,984,386
KRT15_3*PLA2R1_3,KRT15*PLA2R1,967,887,908,1250,642,721,725,747,852,471,437,647,787,732,75,254,42
KRT15_3*PLA2R1_4,KRT15*PLA2R1,981,792,1039,1046,712,964,782,885,440,1291,1820,855,945,255,157,686,136
KRT15_3*TLR7_1,KRT15*TLR7,920,828,885,1313,549,685,902,697,584,274,711,525,630,633,92,581,214
KRT15_3*TLR7_2,KRT15*TLR7,513,337,376,383,220,372,302,226,223,217,555,156,208,149,3,70,43
KRT15_3*TLR7_5,KRT15*TLR7,221,223,241,237,202,203,171,513,212,329,1144,399,426,4513,121,187,138
KRT15_3*TNFSF15_1,KRT15*TNFSF15,1207,1010,1194,1610,937,755,1165,939,449,385,366,454,657,454,136,234,106
KRT15_3*TNFSF15_2,KRT15*TNFSF15,831,824,827,1135,559,747,740,998,870,545,4101,680,742,342,160,502,149
KRT15_3*TNFSF15_3,KRT15*TNFSF15,1414,1239,1129,1685,928,1152,1290,794,677,397,313,538,557,766,353,712,230
KRT15_5*BTLA_1,KRT15*BTLA,475,384,348,1024,189,336,650,204,418,121,56,145,121,87,65,202,101
KRT15_5*BTLA_2,KRT15*BTLA,285,290,358,368,211,304,355,377,304,165,70,244,330,916,78,202,147
KRT15_5*BTLA_3,KRT15*BTLA,464,503,598,932,237,322,484,215,215,100,215,224,285,7,8,95,37
KRT15_5*CDH1_1,KRT15*CDH1,1130,1232,883,1762,611,1038,1901,468,122,134,232,284,278,93,181,56,110
KRT15_5*CDH1_4,KRT15*CDH1,479,462,456,453,255,317,456,584,788,425,332,206,403,295,239,594,250
KRT15_5*CDH1_5,KRT15*CDH1,2915,1300,1203,2020,897,1404,1570,576,403,271,219,295,548,91,101,174,118
KRT15_5*CX3CL1_3,KRT15*CX3CL1,73,63,53,135,28,27,18,139,103,388,86,90,167,61,55,79,53
KRT15_5*CX3CL1_4,KRT15*CX3CL1,458,441,417,620,267,367,284,646,2989,283,435,633,457,128,104,511,169
KRT15_5*CX3CL1_5,KRT15*CX3CL1,293,244,225,314,91,210,267,796,484,2611,534,539,588,365,185,298,199
KRT15_5*CXCR2_2,KRT15*CXCR2,261,218,217,252,108,219,316,436,659,257,503,351,553,4720,99,417,82
KRT15_5*CXCR2_4,KRT15*CXCR2,154,251,154,190,105,197,526,71,56,22,7,29,56,143,12,155,0
KRT15_5*CXCR2_5,KRT15*CXCR2,147,69,57,66,84,65,46,536,842,411,13715,269,300,214,116,1152,154
KRT15_5*CXCR5_2,KRT15*CXCR5,266,268,245,275,114,230,194,233,269,154,252,222,184,314,22,297,95
KRT15_5*CXCR5_3,KRT15*CXCR5,812,849,760,1053,683,568,1307,633,848,348,326,510,541,131,363,852,332
KRT15_5*CXCR5_4,KRT15*CXCR5,167,127,114,158,70,161,97,121,237,106,155,101,98,3,68,178,43
KRT15_5*FCRL6_1,KRT15*FCRL6,455,464,408,653,236,283,532,303,575,198,89,241,288,144,74,320,105
KRT15_5*FCRL6_4,KRT15*FCRL6,664,697,676,931,205,640,782,502,459,324,904,370,526,214,209,151,275
KRT15_5*FCRL6_5,KRT15*FCRL6,280,258,270,379,149,119,289,310,326,236,373,230,276,146,118,441,116
KRT15_5*HGF_2,KRT15*HGF,826,673,809,986,623,602,1382,749,1019,321,528,409,585,458,247,648,104
KRT15_5*HGF_4,KRT15*HGF,2119,1492,1906,1891,1406,1495,1732,686,425,492,321,501,671,256,107,602,122
KRT15_5*HGF_5,KRT15*HGF,145,120,248,178,19,194,262,257,167,65,264,79,155,43,84,248,86
KRT15_5*IL6_1,KRT15*IL6,153,154,169,203,66,109,177,172,295,62,118,278,154,316,37,133,70
KRT15_5*IL6_2,KRT15*IL6,230,176,166,243,168,134,219,240,254,696,141,159,179,47,37,182,88
KRT15_5*IL6_5,KRT15*IL6,1576,1121,1101,1769,393,1606,2362,358,61,436,116,237,301,77,56,224,74
KRT15_5*MFAP5_1,KRT15*MFAP5,244,188,191,233,71,186,152,332,436,378,62,188,195,130,61,28,117
KRT15_5*MFAP5_3,KRT15*MFAP5,256,215,197,238,113,249,148,230,173,191,204,252,195,58,130,144,102
KRT15_5*MFAP5_5,KRT15*MFAP5,284,311,226,349,172,354,897,730,1104,378,260,325,316,163,104,135,153
KRT15_5*MPEG1_1,KRT15*MPEG1,1049,3673,817,1154,445,662,818,622,752,814,747,414,441,48,127,556,219
KRT15_5*MPEG1_4,KRT15*MPEG1,359,374,343,436,318,296,220,332,592,128,352,351,424,291,37,129,174
KRT15_5*MPEG1_5,KRT15*MPEG1,273,248,250,355,153,271,177,493,53,214,120,218,302,678,139,268,63
KRT15_5*MUC16_1,KRT15*MUC16,577,577,583,852,416,624,620,496,346,529,174,364,563,486,78,117,316
KRT15_5*MUC16_2,KRT15*MUC16,456,429,449,390,315,424,359,403,269,204,319,319,386,228,199,47,146
KRT15_5*MUC16_5,KRT15*MUC16,531,487,404,585,212,347,498,499,600,277,122,254,345,267,200,549,249
KRT15_5*MYSM1_2,KRT15*MYSM1,326,320,301,478,171,295,256,352,426,239,301,312,355,68,60,76,15
KRT15_5*MYSM1_4,KRT15*MYSM1,171,155,125,157,123,155,128,740,420,1662,728,342,354,157,178,268,239
KRT15_5*MYSM1_5,KRT15*MYSM1,180,176,208,222,81,150,140,250,47,95,200,174,208,429,59,198,25
KRT15_5*NT_17,KRT15*NT,601,530,503,787,376,439,544,354,392,190,95,180,229,118,63,25,81
KRT15_5*NT_18,KRT15*NT,602,553,571,674,526,451,690,568,1350,311,296,419,411,299,55,205,168
KRT15_5*NT_20,KRT15*NT,175,202,101,179,64,182,158,447,169,234,430,258,285,354,120,340,68
KRT15_5*NT_25,KRT15*NT,253,150,165,205,197,135,177,302,493,301,291,179,292,271,120,122,70
KRT15_5*NT_26,KRT15*NT,300,243,211,395,85,147,280,399,293,255,1520,241,391,193,176,487,219
KRT15_5*NT_33,KRT15*NT,1108,827,1139,1563,610,805,632,398,555,125,320,229,407,107,192,458,152
KRT15_5*NT_39,KRT15*NT,291,245,289,304,174,228,316,517,1164,1142,270,416,595,2872,128,950,171
KRT15_5*NT_57,KRT15*NT,367,335,290,467,230,314,406,673,690,566,631,420,582,441,218,670,133
KRT15_5*NT_6,KRT15*NT,375,423,382,522,306,391,309,466,484,974,214,164,258,62,112,316,114
KRT15_5*PDCD1LG2_1,KRT15*PDCD1LG2,699,618,527,909,458,528,645,1222,561,3192,424,542,578,150,275,615,305
KRT15_5*PDCD1LG2_2,KRT15*PDCD1LG2,893,750,644,1171,973,753,1557,291,151,136,225,180,260,168,100,23,47
KRT15_5*PDCD1LG2_3,KRT15*PDCD1LG2,1040,893,1012,1212,665,1028,907,452,173,87,207,387,381,295,137,205,105
KRT15_5*PLA2G2A_2,KRT15*PLA2G2A,707,718,490,911,340,865,691,331,757,56,330,236,228,283,64,78,186
KRT15_5*PLA2G2A_4,KRT15*PLA2G2A,208,157,120,129,72,116,106,188,162,121,113,105,142,108,37,160,68
KRT15_5*PLA2G2A_5,KRT15*PLA2G2A,1000,913,1063,1085,854,2012,857,417,804,169,295,198,298,37,55,270,166
KRT15_5*PLA2R1_2,KRT15*PLA2R1,666,515,579,823,381,566,443,716,685,311,1107,516,536,326,173,775,269
KRT15_5*PLA2R1_3,KRT15*PLA2R1,1385,945,1299,1010,556,805,1047,314,142,186,13,172,332,119,12,20,143
KRT15_5*PLA2R1_4,KRT15*PLA2R1,1235,972,1395,1252,528,880,1046,763,166,239,201,307,362,213,72,432,45
KRT15_5*TLR7_1,KRT15*TLR7,313,274,283,273,107,275,676,480,202,212,738,285,317,484,108,710,117
KRT15_5*TLR7_2,KRT15*TLR7,172,202,164,178,175,165,150,83,88,133,48,87,143,3,30,36,42
KRT15_5*TLR7_5,KRT15*TLR7,113,70,55,79,64,74,19,411,405,31365,70,111,153,84,41,203,160
KRT15_5*TNFSF15_1,KRT15*TNFSF15,243,339,299,329,215,156,207,541,352,463,472,272,265,208,156,401,208
KRT15_5*TNFSF15_2,KRT15*TNFSF15,867,766,520,1099,532,603,627,418,218,131,335,320,408,30,178,614,299
KRT15_5*TNFSF15_3,KRT15*TNFSF15,317,329,294,331,162,225,247,420,229,168,164,345,283,270,134,819,169
NT_13*BTLA_1,NT*BTLA,830,746,500,792,322,545,1510,970,399,2736,588,418,526,180,348,1250,444
NT_13*BTLA_2,NT*BTLA,527,373,415,548,323,289,1013,909,1151,447,2880,489,999,419,381,1811,370
NT_13*BTLA_3,NT*BTLA,749,546,616,711,409,497,831,1049,1356,548,992,543,674,559,389,1024,265
NT_13*CDH1_1,NT*CDH1,209,150,179,222,102,77,141,737,545,6572,3226,495,571,834,318,991,188
NT_13*CDH1_4,NT*CDH1,645,507,490,691,357,386,617,1576,1095,8468,3444,942,947,360,614,1647,539
NT_13*CDH1_5,NT*CDH1,1112,918,813,1147,564,731,685,1435,2237,1232,1562,823,1014,1279,642,1660,373
NT_13*CX3CL1_3,NT*CX3CL1,445,299,297,471,96,239,261,283,89,89,255,169,221,176,116,476,102
NT_13*CX3CL1_4,NT*CX3CL1,596,480,476,1672,400,339,423,762,1261,934,611,771,595,244,238,1131,310
NT_13*CX3CL1_5,NT*CX3CL1,720,709,574,803,449,409,536,972,840,1276,920,624,752,683,443,2414,499
NT_13*CXCR2_2,NT*CXCR2,851,674,620,992,426,532,1514,1101,503,647,1402,566,810,2523,315,1435,248
NT_13*CXCR2_4,NT*CXCR2,497,207,309,261,155,186,142,467,170,776,233,244,372,3532,210,901,258
NT_13*CXCR2_5,NT*CXCR2,274,206,212,521,149,196,612,688,695,4922,5225,512,572,477,636,1982,552
NT_13*CXCR5_2,NT*CXCR5,328,245,238,366,146,247,256,597,386,550,451,437,412,300,150,1532,180
NT_13*CXCR5_3,NT*CXCR5,642,487,522,939,427,436,564,1681,1187,2707,3044,985,1076,1122,960,2164,671
NT_13*CXCR5_4,NT*CXCR5,106,78,88,113,68,62,94,460,276,2753,2774,2272,370,310,241,879,158
NT_13*FCRL6_1,NT*FCRL6,419,319,1011,458,279,263,378,1087,1311,2357,1895,932,843,2514,410,2072,443
NT_13*FCRL6_4,NT*FCRL6,388,274,294,424,226,286,326,646,530,5083,472,302,518,369,411,1068,492
NT_13*FCRL6_5,NT*FCRL6,200,117,99,198,126,106,126,370,361,2342,164,194,289,684,257,673,128
NT_13*HGF_2,NT*HGF,430,304,335,424,300,251,391,1127,708,4488,816,665,699,2169,511,1462,433
NT_13*HGF_4,NT*HGF,933,581,754,995,480,590,757,1094,1357,438,1270,684,812,498,669,1675,403
NT_13*HGF_5,NT*HGF,250,172,184,270,116,153,177,848,551,5623,774,536,1458,2014,487,1397,394
NT_13*IL6_1,NT*IL6,118,81,96,132,76,75,55,501,713,1678,394,461,472,4670,167,415,126
NT_13*IL6_2,NT*IL6,484,425,392,653,283,348,310,971,1067,943,645,434,545,195,339,1045,308
NT_13*IL6_5,NT*IL6,905,496,517,751,343,410,958,1183,1237,4627,885,688,754,478,449,2245,293
NT_13*MFAP5_1,NT*MFAP5,66,36,36,48,30,26,36,605,633,2792,2195,195,285,640,118,412,129
NT_13*MFAP5_3,NT*MFAP5,538,404,405,703,383,554,332,628,830,214,706,369,464,897,348,1126,355
NT_13*MFAP5_5,NT*MFAP5,422,317,349,497,223,315,654,944,1023,460,2965,502,630,2467,322,795,322
NT_13*MPEG1_1,NT*MPEG1,157,98,96,143,68,85,92,1205,1400,25799,4987,451,628,346,313,1055,571
NT_13*MPEG1_4,NT*MPEG1,166,130,111,147,69,110,116,292,387,209,174,256,341,5568,174,526,80
NT_13*MPEG1_5,NT*MPEG1,500,289,294,395,202,250,592,920,423,5541,537,718,734,5540,483,1624,478
NT_13*MUC16_1,NT*MUC16,454,325,434,522,244,317,276,1253,839,6110,5512,790,772,920,395,1489,339
NT_13*MUC16_2,NT*MUC16,866,678,746,1154,546,513,927,895,1005,960,981,395,644,283,366,689,351
NT_13*MUC16_5,NT*MUC16,1199,901,967,1381,836,823,1122,1211,1038,957,802,953,943,205,489,2043,530
NT_13*MYSM1_2,NT*MYSM1,349,285,297,486,248,265,339,605,454,981,3134,412,546,286,238,623,221
NT_13*MYSM1_4,NT*MYSM1,244,176,205,291,146,155,198,1396,1119,2866,1563,701,796,10384,482,1318,441
NT_13*MYSM1_5,NT*MYSM1,402,379,273,381,179,230,323,768,595,1281,3838,965,636,380,394,1388,429
NT_13*NT_17,NT*NT,361,298,276,405,150,195,284,822,712,2114,3335,502,569,260,299,844,274
NT_13*NT_18,NT*NT,447,327,358,576,334,311,273,999,1026,4755,2068,1041,830,880,438,1431,240
NT_13*NT_20,NT*NT,170,123,132,193,85,103,71,441,270,349,1195,197,255,1200,187,850,59
NT_13*NT_25,NT*NT,1211,869,947,1557,680,676,1512,1397,1874,2289,679,807,950,424,531,1601,505
NT_13*NT_26,NT*NT,423,309,340,468,470,278,272,1128,1676,1425,1386,784,784,18237,561,1644,763
NT_13*NT_33,NT*NT,282,221,189,451,143,172,284,1213,1129,4514,2071,667,1042,12785,605,1658,752
NT_13*NT_39,NT*NT,979,760,717,1334,601,753,906,1880,2213,5128,1048,883,1138,639,715,2160,853
NT_13*NT_57,NT*NT,473,563,295,452,365,303,356,697,460,542,3602,362,467,236,292,1118,380
NT_13*NT_6,NT*NT,235,180,168,281,148,129,202,1171,1397,19614,20836,733,1027,387,485,1104,304
NT_13*PDCD1LG2_1,NT*PDCD1LG2,917,622,641,1078,435,647,614,1617,1858,996,5349,1112,1367,2210,680,1744,628
NT_13*PDCD1LG2_2,NT*PDCD1LG2,705,512,537,889,283,432,506,766,1214,453,786,513,606,345,407,1079,257
NT_13*PDCD1LG2_3,NT*PDCD1LG2,1042,659,841,1125,763,1086,954,1098,868,994,1088,588,759,201,339,1010,401
NT_13*PLA2G2A_2,NT*PLA2G2A,415,244,273,423,223,212,474,466,659,788,293,294,433,444,329,625,222
NT_13*PLA2G2A_4,NT*PLA2G2A,208,148,131,216,136,143,173,718,657,541,4845,483,520,1063,402,672,261
NT_13*PLA2G2A_5,NT*PLA2G2A,1094,838,916,1219,614,790,1048,958,1047,559,463,428,668,293,440,1162,410
NT_13*PLA2R1_2,NT*PLA2R1,2058,1256,1226,1756,1078,986,1194,1669,2339,1129,1344,1123,1397,1880,766,2357,656
NT_13*PLA2R1_3,NT*PLA2R1,1637,1255,1266,1895,1068,954,1925,1873,2620,1638,1025,1289,1635,679,196,731,102
NT_13*PLA2R1_4,NT*PLA2R1,866,590,600,1053,466,640,615,928,959,633,945,654,764,758,411,1345,299
NT_13*TLR7_1,NT*TLR7,631,568,487,797,390,454,555,882,836,1567,727,477,642,459,596,1190,510
NT_13*TLR7_2,NT*TLR7,487,354,364,656,242,346,410,537,491,336,821,398,464,329,113,171,119
NT_13*TLR7_5,NT*TLR7,342,277,344,469,244,227,240,586,579,1625,279,311,395,143,251,737,195
NT_13*TNFSF15_1,NT*TNFSF15,304,202,228,322,146,181,195,485,459,422,132,187,292,857,187,726,374
NT_13*TNFSF15_2,NT*TNFSF15,833,622,640,1008,505,498,749,1496,1054,1235,2653,710,815,663,562,1591,595
NT_13*TNFSF15_3,NT*TNFSF15,676,528,506,899,386,395,551,1594,1588,4135,930,660,984,1762,423,2202,525
NT_16*BTLA_1,NT*BTLA,1187,1034,1084,1384,458,1073,1500,649,448,602,336,388,559,291,173,445,310
NT_16*BTLA_2,NT*BTLA,603,623,642,715,389,578,698,1286,506,284,420,452,670,579,207,770,583
NT_16*BTLA_3,NT*BTLA,732,637,610,1044,335,641,458,444,999,270,278,409,441,65,33,155,82
NT_16*CDH1_1,NT*CDH1,626,705,589,454,553,577,459,387,202,237,409,256,379,474,223,382,168
NT_16*CDH1_4,NT*CDH1,748,884,646,1226,426,644,906,516,531,321,256,472,375,89,319,803,222
NT_16*CDH1_5,NT*CDH1,658,686,662,713,405,599,892,638,885,446,520,487,521,287,485,1047,465
NT_16*CX3CL1_3,NT*CX3CL1,482,459,438,1193,187,338,798,214,130,177,99,143,162,5,24,298,55
NT_16*CX3CL1_4,NT*CX3CL1,210,202,219,237,157,171,205,682,683,16326,282,329,436,216,124,336,215
NT_16*CX3CL1_5,NT*CX3CL1,607,649,537,642,367,623,549,509,318,248,326,358,443,186,219,760,359
NT_16*CXCR2_2,NT*CXCR2,609,543,588,512,508,345,664,486,322,249,287,229,340,220,37,79,76
NT_16*CXCR2_4,NT*CXCR2,278,189,231,396,227,255,314,133,375,50,63,117,163,194,84,60,112
NT_16*CXCR2_5,NT*CXCR2,623,478,498,742,441,458,543,413,209,117,138,285,274,279,155,770,123
NT_16*CXCR5_2,NT*CXCR5,622,498,431,764,425,365,509,280,461,198,101,113,222,17,82,190,71
NT_16*CXCR5_3,NT*CXCR5,794,750,659,920,781,830,723,660,423,213,440,410,542,787,196,315,424
NT_16*CXCR5_4,NT*CXCR5,457,398,480,386,210,503,342,146,154,27,116,104,152,4,70,170,42
NT_16*FCRL6_1,NT*FCRL6,348,321,301,355,164,311,390,426,67,221,594,194,309,117,52,267,288
NT_16*FCRL6_4,NT*FCRL6,178,191,142,152,115,199,191,223,855,158,378,131,189,120,126,404,68
NT_16*FCRL6_5,NT*FCRL6,706,643,643,4055,664,663,690,269,131,30,14436,156,278,303,157,239,319
NT_16*HGF_2,NT*HGF,296,277,353,292,168,239,502,391,545,214,313,277,318,275,240,295,99
NT_16*HGF_4,NT*HGF,1425,1257,1302,1858,867,1080,1845,768,275,329,538,578,630,113,120,331,241
NT_16*HGF_5,NT*HGF,182,195,129,179,133,145,134,687,675,401,770,441,338,253,266,309,259
NT_16*IL6_1,NT*IL6,472,423,523,494,342,467,365,243,237,291,225,284,262,20,106,54,178
NT_16*IL6_2,NT*IL6,928,941,936,1305,730,1457,1032,745,338,355,321,345,509,291,129,917,258
NT_16*IL6_5,NT*IL6,290,270,295,287,149,330,167,717,1119,319,501,348,536,306,209,653,84
NT_16*MFAP5_1,NT*MFAP5,356,372,363,578,333,395,578,419,341,337,783,259,343,688,108,645,220
NT_16*MFAP5_3,NT*MFAP5,258,286,233,353,125,154,239,547,463,189,569,213,367,361,102,638,18
NT_16*MFAP5_5,NT*MFAP5,326,298,254,275,222,366,334,571,952,471,678,475,579,240,157,311,210
NT_16*MPEG1_1,NT*MPEG1,1230,1127,1375,1493,980,10742,2228,385,480,63,324,215,350,61,99,398,232
NT_16*MPEG1_4,NT*MPEG1,149,229,161,418,142,126,147,89,258,49,22,73,81,4,19,151,0
NT_16*MPEG1_5,NT*MPEG1,265,253,195,289,99,237,252,395,789,249,255,363,454,5712,84,782,40
NT_16*MUC16_1,NT*MUC16,705,719,652,919,298,682,874,451,266,221,286,273,466,324,58,38,306
NT_16*MUC16_2,NT*MUC16,1553,1745,1320,1662,1183,1776,1812,691,221,394,553,454,653,352,192,598,487
NT_16*MUC16_5,NT*MUC16,1305,1041,1154,1394,665,1457,1319,756,341,440,610,529,535,98,196,1009,441
NT_16*MYSM1_2,NT*MYSM1,430,386,410,455,270,221,581,317,447,382,170,192,324,240,24,504,167
NT_16*MYSM1_4,NT*MYSM1,486,501,427,519,275,338,384,385,993,95,195,329,412,183,173,506,233
NT_16*MYSM1_5,NT*MYSM1,425,452,423,420,294,325,661,262,499,249,275,235,261,64,162,600,194
NT_16*NT_17,NT*NT,1208,1194,1233,1453,1553,804,1818,429,248,575,75,265,357,245,42,171,257
NT_16*NT_18,NT*NT,471,360,343,335,301,383,281,491,891,533,219,434,766,330,145,442,95
NT_16*NT_20,NT*NT,1602,1556,1772,2487,1257,1341,1143,240,101,122,163,182,255,26,91,549,191
NT_16*NT_25,NT*NT,1217,1109,1029,1524,634,2175,527,601,142,149,187,295,444,184,60,653,103
NT_16*NT_26,NT*NT,1003,1029,945,1262,992,600,914,583,138,279,513,476,571,367,133,601,194
NT_16*NT_33,NT*NT,1466,1385,1269,2199,923,1535,3208,654,554,501,98,396,485,507,386,794,401
NT_16*NT_39,NT*NT,834,845,840,1049,551,901,536,1118,367,354,16800,547,910,381,432,766,350
NT_16*NT_57,NT*NT,379,334,392,285,259,306,425,598,397,299,524,265,434,123,231,341,302
NT_16*NT_6,NT*NT,1843,1935,1978,2161,1178,1733,2128,1304,409,411,283,505,1503,287,263,311,219
NT_16*PDCD1LG2_1,NT*PDCD1LG2,2698,2392,2604,2441,1718,2236,4938,741,105,581,448,500,724,387,325,480,638
NT_16*PDCD1LG2_2,NT*PDCD1LG2,368,337,521,587,199,394,409,313,87,170,220,229,273,141,92,261,232
NT_16*PDCD1LG2_3,NT*PDCD1LG2,560,455,479,534,121,500,617,527,802,336,325,355,470,332,62,131,143
NT_16*PLA2G2A_2,NT*PLA2G2A,436,354,308,419,322,311,328,160,10,56,176,115,675,40,90,13,49
NT_16*PLA2G2A_4,NT*PLA2G2A,527,522,396,624,196,660,448,401,170,849,355,275,244,20,162,2,100
NT_16*PLA2G2A_5,NT*PLA2G2A,1771,1584,1557,1952,1394,1597,1821,452,303,319,343,409,472,118,58,308,158
NT_16*PLA2R1_2,NT*PLA2R1,1861,1076,1128,1304,752,4773,1134,617,846,378,236,452,650,1386,262,229,194
NT_16*PLA2R1_3,NT*PLA2R1,425,410,348,358,223,206,685,272,284,182,155,135,385,117,23,12,141
NT_16*PLA2R1_4,NT*PLA2R1,682,616,598,707,495,514,691,705,1290,623,3969,522,799,375,127,570,158
NT_16*TLR7_1,NT*TLR7,547,500,419,531,341,426,895,580,281,384,3239,312,555,409,57,344,36
NT_16*TLR7_2,NT*TLR7,141,135,117,230,159,135,116,328,532,148,13464,232,311,248,35,16,21
NT_16*TLR7_5,NT*TLR7,276,239,263,389,145,269,317,212,164,146,283,172,185,59,77,456,171
NT_16*TNFSF15_1,NT*TNFSF15,10,14,6,21,0,6,15,375,20695,7345,50,107,211,305,174,58,136
NT_16*TNFSF15_2,NT*TNFSF15,851,710,741,756,678,775,816,676,432,331,250,457,536,283,157,576,366
NT_16*TNFSF15_3,NT*TNFSF15,827,822,660,1056,501,678,671,427,398,227,341,209,441,179,127,544,205
NT_2*BTLA_1,NT*BTLA,1002,1098,757,990,757,800,1324,808,505,653,385,464,758,493,236,637,569
NT_2*BTLA_2,NT*BTLA,1969,2462,2043,2195,1386,1829,2320,1398,1286,379,863,1193,1093,548,433,1408,835
NT_2*BTLA_3,NT*BTLA,965,997,987,1202,746,979,1203,757,633,569,358,564,674,549,115,792,135
NT_2*CDH1_1,NT*CDH1,1277,1211,1224,1316,658,1030,1053,998,717,427,452,602,772,174,410,691,474
NT_2*CDH1_4,NT*CDH1,1062,1072,1032,1307,548,841,1164,1533,1497,853,873,1082,1114,731,685,1257,1059
NT_2*CDH1_5,NT*CDH1,1574,1207,1666,1332,745,1183,1598,1497,692,9513,578,912,1303,321,631,803,886
NT_2*CX3CL1_3,NT*CX3CL1,461,392,447,554,289,289,462,447,58,127,391,238,275,120,128,223,178
NT_2*CX3CL1_4,NT*CX3CL1,519,475,432,680,207,422,470,1306,1293,807,632,679,1026,8774,214,1286,481
NT_2*CX3CL1_5,NT*CX3CL1,752,799,608,892,382,718,804,1075,662,695,3796,681,852,518,276,876,360
NT_2*CXCR2_2,NT*CXCR2,1890,1862,1763,1811,884,1483,1576,1355,918,653,874,932,1118,661,455,714,524
NT_2*CXCR2_4,NT*CXCR2,928,952,1075,1489,732,851,1417,327,162,397,182,137,313,122,104,187,235
NT_2*CXCR2_5,NT*CXCR2,705,633,620,751,312,507,722,912,1732,507,882,571,853,699,210,624,404
NT_2*CXCR5_2,NT*CXCR5,491,414,415,384,217,337,451,808,918,1739,268,419,469,320,128,666,282
NT_2*CXCR5_3,NT*CXCR5,1112,1085,1009,1185,766,988,1178,1407,1386,1413,847,843,1117,1285,851,1646,926
NT_2*CXCR5_4,NT*CXCR5,743,911,696,1170,794,481,757,705,523,513,667,431,683,392,225,786,274
NT_2*FCRL6_1,NT*FCRL6,1266,1199,1302,1389,854,1205,2074,1360,842,651,4238,1009,1392,859,306,1359,600
NT_2*FCRL6_4,NT*FCRL6,353,291,336,267,186,296,381,434,170,1269,2811,295,298,26,316,653,336
NT_2*FCRL6_5,NT*FCRL6,291,298,314,290,188,245,213,1064,839,2627,2753,441,564,252,376,676,852
NT_2*HGF_2,NT*HGF,1140,1018,1022,1203,821,1004,1165,1348,1111,5871,954,984,1219,832,452,1726,688
NT_2*HGF_4,NT*HGF,1859,1620,1963,2009,940,1674,2126,1642,2175,681,1377,947,1343,640,337,945,455
NT_2*HGF_5,NT*HGF,849,762,779,886,453,618,668,626,493,324,443,519,567,379,159,509,176
NT_2*IL6_1,NT*IL6,482,443,413,433,258,368,510,407,570,252,271,264,356,71,121,754,101
NT_2*IL6_2,NT*IL6,1042,1099,1017,1122,746,967,1024,1211,1083,661,624,557,851,432,801,2000,771
NT_2*IL6_5,NT*IL6,646,555,559,742,376,624,514,1441,811,4283,1243,787,944,1036,837,1010,555
NT_2*MFAP5_1,NT*MFAP5,827,658,776,830,535,795,702,905,430,2321,348,657,877,459,241,1474,730
NT_2*MFAP5_3,NT*MFAP5,261,233,263,211,165,185,234,1117,1517,530,15100,673,1306,1608,538,601,286
NT_2*MFAP5_5,NT*MFAP5,656,607,513,745,290,493,561,1504,939,674,987,712,1571,618,343,540,285
NT_2*MPEG1_1,NT*MPEG1,445,460,345,436,241,310,402,1216,1736,3079,2843,967,1097,2148,322,1281,695
NT_2*MPEG1_4,NT*MPEG1,386,360,418,279,301,325,500,175,12,139,168,154,167,259,44,57,42
NT_2*MPEG1_5,NT*MPEG1,891,887,864,791,551,749,741,939,640,878,615,627,817,299,370,660,427
NT_2*MUC16_1,NT*MUC16,1455,1498,1628,1734,1259,1527,1601,1573,1230,1225,2095,930,1314,524,536,1064,393
NT_2*MUC16_2,NT*MUC16,1762,1758,1661,1796,1798,1798,2582,1206,236,1424,1514,683,878,179,429,857,452
NT_2*MUC16_5,NT*MUC16,844,830,736,1076,602,831,1011,966,928,570,607,2818,907,559,403,506,494
NT_2*MYSM1_2,NT*MYSM1,832,868,939,1083,837,680,724,578,904,513,364,391,506,266,114,478,203
NT_2*MYSM1_4,NT*MYSM1,1538,1591,1249,1976,1430,1241,2185,977,761,638,666,689,894,565,359,698,432
NT_2*MYSM1_5,NT*MYSM1,1217,1045,1017,1382,647,1032,1172,1098,964,757,780,633,1007,578,190,911,342
NT_2*NT_17,NT*NT,1685,1596,1513,1903,799,1687,1841,1150,526,725,538,1131,1076,331,167,67,266
NT_2*NT_18,NT*NT,2155,2058,1538,2708,1129,1973,2371,1442,601,478,1176,876,1119,225,170,84,197
NT_2*NT_20,NT*NT,1244,1219,858,1765,1087,1141,1374,822,510,371,248,420,538,218,257,832,317
NT_2*NT_25,NT*NT,3543,2006,1890,2140,1487,1742,2503,1352,1049,679,758,946,1308,702,353,1301,450
NT_2*NT_26,NT*NT,572,490,548,783,311,471,639,1521,1501,26712,555,694,962,720,222,959,283
NT_2*NT_33,NT*NT,1214,1194,1169,1259,875,1273,1121,1710,942,866,1523,946,918,953,654,1668,448
NT_2*NT_39,NT*NT,1418,1135,888,1051,661,952,854,1812,1031,1241,3065,1350,1371,6623,406,1665,981
NT_2*NT_57,NT*NT,509,463,406,630,382,370,616,877,942,2144,398,362,492,195,336,382,472
NT_2*NT_6,NT*NT,2615,2605,2227,3336,2014,2255,2616,1893,931,1381,824,1087,1476,545,404,656,684
NT_2*PDCD1LG2_1,NT*PDCD1LG2,1232,1161,1016,1435,756,996,2759,2148,1972,5776,1296,1390,1533,973,681,1716,1224
NT_2*PDCD1LG2_2,NT*PDCD1LG2,720,865,820,794,530,669,1142,956,519,445,6353,556,759,285,298,908,529
NT_2*PDCD1LG2_3,NT*PDCD1LG2,2063,1997,4123,1998,1109,1685,2247,1294,1094,563,611,928,1028,531,251,1107,386
NT_2*PLA2G2A_2,NT*PLA2G2A,603,549,575,606,277,469,782,647,737,5115,218,286,573,124,414,1066,527
NT_2*PLA2G2A_4,NT*PLA2G2A,998,1093,744,1127,887,1058,1059,850,668,411,651,738,707,285,192,611,343
NT_2*PLA2G2A_5,NT*PLA2G2A,2612,2193,2276,2309,2065,1975,3507,915,660,313,771,532,780,222,380,301,386
NT_2*PLA2R1_2,NT*PLA2R1,1727,1508,1619,1709,931,1178,1381,2291,1565,717,1576,1208,1485,842,611,1179,661
NT_2*PLA2R1_3,NT*PLA2R1,946,819,878,988,483,538,1134,779,461,573,659,439,656,443,103,632,82
NT_2*PLA2R1_4,NT*PLA2R1,957,889,1048,1197,689,953,811,740,303,424,494,634,660,6154,201,558,289
NT_2*TLR7_1,NT*TLR7,2030,1860,2191,2872,1586,1711,2469,1342,559,762,589,778,876,364,308,1095,541
NT_2*TLR7_2,NT*TLR7,627,624,573,683,301,457,615,693,677,298,394,342,453,228,68,453,109
NT_2*TLR7_5,NT*TLR7,737,618,544,588,483,535,1265,522,271,1116,324,249,465,134,269,646,331
NT_2*TNFSF15_1,NT*TNFSF15,990,923,722,1085,626,641,811,555,130,280,366,429,628,91,352,711,356
NT_2*TNFSF15_2,NT*TNFSF15,1313,1093,1101,1244,610,1156,1106,1345,950,766,732,2686,1173,690,582,707,661
NT_2*TNFSF15_3,NT*TNFSF15,902,1011,832,1169,800,785,843,1210,1489,1264,2666,849,1053,710,685,871,601
NT_30*BTLA_1,NT*BTLA,1316,1291,1153,1868,937,1549,1211,579,279,262,345,437,454,212,110,451,71
NT_30*BTLA_2,NT*BTLA,694,652,744,636,609,666,628,559,526,381,1179,432,587,195,96,266,250
NT_30*BTLA_3,NT*BTLA,604,500,586,779,483,638,809,629,844,540,451,427,571,483,149,306,107
NT_30*CDH1_1,NT*CDH1,536,483,379,596,289,341,389,727,799,1607,396,446,553,196,230,630,129
NT_30*CDH1_4,NT*CDH1,485,415,379,547,315,354,358,879,1025,619,2779,671,6986,650,354,746,258
NT_30*CDH1_5,NT*CDH1,1176,1129,1091,1505,972,1079,1169,868,302,500,709,649,743,202,188,292,225
NT_30*CX3CL1_3,NT*CX3CL1,315,319,261,374,226,302,258,247,237,151,243,198,217,161,22,229,130
NT_30*CX3CL1_4,NT*CX3CL1,991,879,825,1432,544,792,827,938,1250,1019,690,653,636,503,238,669,177
NT_30*CX3CL1_5,NT*CX3CL1,435,376,392,569,230,285,465,939,640,6802,584,524,567,360,193,673,97
NT_30*CXCR2_2,NT*CXCR2,605,497,528,613,391,504,577,742,610,256,757,677,625,4131,127,419,334
NT_30*CXCR2_4,NT*CXCR2,477,525,640,658,329,447,716,319,148,263,250,207,282,220,22,256,59
NT_30*CXCR2_5,NT*CXCR2,776,736,589,732,451,602,753,554,266,301,293,368,358,421,30,178,77
NT_30*CXCR5_2,NT*CXCR5,314,234,188,215,164,179,168,271,221,205,231,164,248,278,22,107,4
NT_30*CXCR5_3,NT*CXCR5,1624,1657,1644,2035,1048,1433,4356,856,912,684,579,544,729,153,156,713,360
NT_30*CXCR5_4,NT*CXCR5,589,536,475,437,435,389,576,332,212,180,229,195,277,151,23,51,35
NT_30*FCRL6_1,NT*FCRL6,909,842,959,1328,581,1029,802,741,520,383,470,485,507,303,18,464,161
NT_30*FCRL6_4,NT*FCRL6,139,123,125,149,61,119,111,368,505,293,209,193,311,5621,207,471,159
NT_30*FCRL6_5,NT*FCRL6,401,371,304,427,174,317,539,386,461,364,302,169,280,214,147,261,115
NT_30*HGF_2,NT*HGF,619,631,632,733,640,588,855,860,767,305,646,592,580,519,120,517,281
NT_30*HGF_4,NT*HGF,744,638,704,761,302,540,834,952,496,444,846,578,840,552,102,278,162
NT_30*HGF_5,NT*HGF,1183,871,926,1159,854,1058,1228,730,765,410,280,564,675,531,212,581,73
NT_30*IL6_1,NT*IL6,647,604,422,708,413,526,759,344,341,306,208,213,266,153,63,46,13
NT_30*IL6_2,NT*IL6,902,815,877,1183,662,640,782,472,504,457,211,354,354,217,189,327,271
NT_30*IL6_5,NT*IL6,692,652,657,726,363,528,789,882,485,493,624,519,556,589,161,589,155
NT_30*MFAP5_1,NT*MFAP5,862,715,651,610,765,613,1143,192,243,49,69,161,168,79,63,254,53
NT_30*MFAP5_3,NT*MFAP5,467,409,369,460,255,291,339,407,369,257,275,326,401,661,90,292,128
NT_30*MFAP5_5,NT*MFAP5,810,736,748,961,485,1164,743,736,629,3918,439,453,508,171,111,287,133
NT_30*MPEG1_1,NT*MPEG1,1565,1380,1657,2021,1298,1201,2782,742,474,451,378,450,710,422,58,353,106
NT_30*MPEG1_4,NT*MPEG1,135,99,125,168,34,138,127,120,75,38,77,64,107,6,59,190,0
NT_30*MPEG1_5,NT*MPEG1,1220,1058,1054,1423,743,1104,2970,578,266,258,328,411,482,450,126,336,118
NT_30*MUC16_1,NT*MUC16,1070,974,984,1168,614,838,1217,1117,836,1411,436,750,749,496,36,158,39
NT_30*MUC16_2,NT*MUC16,453,486,399,554,275,329,414,574,374,296,2421,596,902,32213,155,494,185
NT_30*MUC16_5,NT*MUC16,1414,1277,1190,1862,918,896,1481,585,483,316,313,352,527,315,164,425,74
NT_30*MYSM1_2,NT*MYSM1,268,287,335,326,209,292,240,359,322,281,319,346,296,402,41,254,86
NT_30*MYSM1_4,NT*MYSM1,570,532,466,601,368,576,596,683,636,141,4645,316,522,228,239,680,383
NT_30*MYSM1_5,NT*MYSM1,739,716,597,920,467,607,850,555,664,221,317,486,427,427,101,649,181
NT_30*NT_17,NT*NT,159,135,175,174,115,130,104,435,678,4144,306,281,332,190,22,115,62
NT_30*NT_18,NT*NT,1422,1190,1434,1531,676,1011,1368,1104,988,523,528,714,722,370,53,230,115
NT_30*NT_20,NT*NT,319,314,322,297,190,305,428,274,250,210,160,153,303,225,147,190,72
NT_30*NT_25,NT*NT,1232,1185,1216,1388,776,858,1467,1178,1047,598,754,643,795,350,222,355,1388
NT_30*NT_26,NT*NT,374,366,352,470,360,239,373,551,565,5160,366,410,541,157,167,102,147
NT_30*NT_33,NT*NT,1355,1252,1544,1552,619,1183,1122,752,417,152,291,445,545,387,173,379,148
NT_30*NT_39,NT*NT,1941,1578,1669,2347,1088,1266,1952,2129,1525,1413,5300,1518,1765,641,311,1641,578
NT_30*NT_57,NT*NT,603,517,483,721,395,500,550,497,393,419,350,282,399,146,110,417,25
NT_30*NT_6,NT*NT,1293,1070,990,1217,777,744,4445,929,947,817,487,1009,599,570,74,3,97
NT_30*PDCD1LG2_1,NT*PDCD1LG2,638,534,565,739,350,505,633,1196,828,2047,484,698,971,7303,135,387,263
NT_30*PDCD1LG2_2,NT*PDCD1LG2,263,212,304,445,161,237,240,499,247,402,8525,343,523,254,88,278,187
NT_30*PDCD1LG2_3,NT*PDCD1LG2,479,436,336,480,157,373,365,655,711,180,514,357,889,103,140,361,87
NT_30*PLA2G2A_2,NT*PLA2G2A,606,538,445,408,292,575,502,494,495,250,595,263,344,266,110,300,68
NT_30*PLA2G2A_4,NT*PLA2G2A,580,522,612,776,422,413,644,482,689,306,317,278,333,196,63,148,167
NT_30*PLA2G2A_5,NT*PLA2G2A,535,486,409,470,279,410,384,505,595,311,223,342,359,213,147,9,133
NT_30*PLA2R1_2,NT*PLA2R1,1624,1314,1397,1903,768,981,1631,1164,849,635,668,799,1511,323,235,386,116
NT_30*PLA2R1_3,NT*PLA2R1,665,704,527,869,312,622,828,262,360,103,246,276,312,60,2,245,19
NT_30*PLA2R1_4,NT*PLA2R1,469,440,378,617,299,335,409,706,457,447,3769,434,525,196,128,301,159
NT_30*TLR7_1,NT*TLR7,833,671,599,955,689,664,644,916,622,3949,1542,578,800,503,227,889,239
NT_30*TLR7_2,NT*TLR7,674,575,584,772,405,337,693,285,266,106,91,197,250,47,0,96,8
NT_30*TLR7_5,NT*TLR7,2085,1691,1939,3169,1360,1690,1752,633,279,234,360,537,844,200,77,294,70
NT_30*TNFSF15_1,NT*TNFSF15,613,588,503,731,301,466,326,439,282,144,201,226,251,28,189,449,121
NT_30*TNFSF15_2,NT*TNFSF15,1398,999,1175,1568,774,1025,1377,540,421,214,237,504,513,224,177,185,114
NT_30*TNFSF15_3,NT*TNFSF15,913,848,884,1313,691,737,944,929,649,4384,582,699,849,727,291,595,339
NT_43*BTLA_1,NT*BTLA,435,305,323,509,256,399,374,578,591,457,126,273,329,297,21,263,83
NT_43*BTLA_2,NT*BTLA,719,533,537,691,450,425,654,455,660,306,638,398,425,72,100,273,152
NT_43*BTLA_3,NT*BTLA,637,510,533,645,328,503,334,865,666,1780,569,687,867,372,172,475,125
NT_43*CDH1_1,NT*CDH1,603,437,479,697,252,474,522,642,663,482,1851,375,539,467,181,328,114
NT_43*CDH1_4,NT*CDH1,697,578,544,646,265,453,739,947,816,2050,606,461,667,435,249,543,283
NT_43*CDH1_5,NT*CDH1,1715,1528,1508,2028,805,1310,1564,995,253,479,710,610,760,269,84,524,188
NT_43*CX3CL1_3,NT*CX3CL1,32497,25486,25712,34740,18343,20921,37262,21281,22390,15041,15091,18570,22976,11897,8,190,63
NT_43*CX3CL1_4,NT*CX3CL1,17990,14195,13554,17850,10093,11992,12822,34163,33735,23714,24290,27175,36356,16035,56,321,207
NT_43*CX3CL1_5,NT*CX3CL1,666,496,519,848,343,386,644,595,423,407,845,412,499,250,193,232,324
NT_43*CXCR2_2,NT*CXCR2,1017,940,841,1334,739,593,926,561,673,509,415,421,493,346,123,526,176
NT_43*CXCR2_4,NT*CXCR2,439,395,310,576,339,261,348,344,175,221,174,230,253,244,24,57,22
NT_43*CXCR2_5,NT*CXCR2,736,609,684,946,391,592,579,291,214,203,148,242,210,66,89,58,124
NT_43*CXCR5_2,NT*CXCR5,8401,6831,6649,9820,4910,5711,7418,16717,17943,10654,12502,12837,15926,9461,18,474,128
NT_43*CXCR5_3,NT*CXCR5,1319,1201,1167,1629,694,962,1733,649,376,366,510,541,552,95,183,632,193
NT_43*CXCR5_4,NT*CXCR5,273,214,220,351,128,126,357,361,561,170,186,248,273,306,44,112,149
NT_43*FCRL6_1,NT*FCRL6,514,448,442,617,220,360,510,616,687,702,577,446,565,318,241,630,258
NT_43*FCRL6_4,NT*FCRL6,438,335,378,436,153,335,309,401,321,137,146,258,390,1164,86,799,115
NT_43*FCRL6_5,NT*FCRL6,266,338,240,341,177,166,249,301,414,236,223,183,255,184,87,379,86
NT_43*HGF_2,NT*HGF,1093,863,867,1250,871,933,864,703,669,179,564,477,569,584,288,752,275
NT_43*HGF_4,NT*HGF,1243,910,1045,1196,583,898,1999,684,485,574,464,420,470,188,136,626,283
NT_43*HGF_5,NT*HGF,369,249,279,387,244,272,348,767,857,1385,465,381,542,259,190,923,195
NT_43*IL6_1,NT*IL6,544,421,464,714,389,389,381,512,788,401,303,416,441,219,182,193,106
NT_43*IL6_2,NT*IL6,582,473,515,843,237,333,630,414,366,243,350,347,347,177,148,239,114
NT_43*IL6_5,NT*IL6,744,637,721,1210,463,620,694,538,558,224,577,352,409,300,113,423,150
NT_43*MFAP5_1,NT*MFAP5,296,234,221,525,161,227,458,202,631,118,56,115,144,8,65,187,103
NT_43*MFAP5_3,NT*MFAP5,236,166,148,246,215,118,166,431,427,240,454,300,463,1417,76,319,123
NT_43*MFAP5_5,NT*MFAP5,511,461,374,646,181,403,395,567,444,309,346,433,421,220,92,232,92
NT_43*MPEG1_1,NT*MPEG1,476,376,303,507,347,347,366,952,622,392,487,336,458,285,219,694,123
NT_43*MPEG1_4,NT*MPEG1,371,298,203,379,188,244,369,193,671,66,113,219,197,101,44,336,40
NT_43*MPEG1_5,NT*MPEG1,426,399,400,603,269,336,400,628,459,736,1255,381,467,143,63,509,145
NT_43*MUC16_1,NT*MUC16,686,623,588,759,437,536,853,770,879,1607,702,511,674,284,105,159,141
NT_43*MUC16_2,NT*MUC16,334,258,318,394,222,255,301,412,275,294,281,266,343,3992,152,330,139
NT_43*MUC16_5,NT*MUC16,1171,1079,961,1266,619,871,1621,598,293,376,481,453,557,230,312,284,269
NT_43*MYSM1_2,NT*MYSM1,510,413,453,540,297,395,519,448,338,548,137,254,331,121,113,466,125
NT_43*MYSM1_4,NT*MYSM1,488,435,433,550,271,367,525,1133,2307,1531,337,297,411,44,158,387,198
NT_43*MYSM1_5,NT*MYSM1,609,450,377,795,289,496,576,480,864,378,1265,396,372,297,120,381,67
NT_43*NT_17,NT*NT,947,741,723,1048,522,752,666,608,565,238,404,402,350,150,47,290,59
NT_43*NT_18,NT*NT,581,362,344,523,329,319,319,424,241,1529,170,296,323,160,79,241,48
NT_43*NT_20,NT*NT,277,192,189,218,96,193,300,557,457,1562,453,203,364,288,63,47,98
NT_43*NT_25,NT*NT,1154,1060,1200,1376,900,922,1336,744,853,165,369,486,702,377,113,422,19
NT_43*NT_26,NT*NT,704,642,697,641,596,518,546,660,513,249,441,392,497,85,106,601,164
NT_43*NT_33,NT*NT,428,406,333,470,317,353,317,705,591,542,587,518,603,5896,221,376,266
NT_43*NT_39,NT*NT,1475,1077,969,1541,1040,1072,1083,900,1302,626,279,530,822,369,184,402,287
NT_43*NT_57,NT*NT,553,401,491,618,258,447,565,416,574,330,313,286,422,99,38,291,65
NT_43*NT_6,NT*NT,22525,16824,17220,21918,11213,14908,12574,6429,8460,4635,4201,5387,6694,3168,185,725,145
NT_43*PDCD1LG2_1,NT*PDCD1LG2,1194,908,903,1326,837,710,862,1301,780,1174,972,830,810,288,189,658,352
NT_43*PDCD1LG2_2,NT*PDCD1LG2,876,635,724,953,682,788,616,615,509,306,269,370,448,254,131,571,117
NT_43*PDCD1LG2_3,NT*PDCD1LG2,810,572,690,751,412,579,704,537,929,222,486,384,565,290,98,415,139
NT_43*PLA2G2A_2,NT*PLA2G2A,415,366,284,382,303,288,264,348,233,371,334,200,347,566,43,114,104
NT_43*PLA2G2A_4,NT*PLA2G2A,767,745,711,880,463,510,1073,505,835,251,193,327,383,42,59,116,115
NT_43*PLA2G2A_5,NT*PLA2G2A,563,477,436,484,261,352,447,422,372,472,181,297,362,417,70,196,84
NT_43*PLA2R1_2,NT*PLA2R1,557,478,487,665,353,426,400,1085,1100,651,1040,949,1129,34168,244,466,126
NT_43*PLA2R1_3,NT*PLA2R1,916,617,628,813,490,616,766,423,560,307,207,298,353,110,19,127,38
NT_43*PLA2R1_4,NT*PLA2R1,609,472,445,510,300,378,541,580,437,303,574,419,451,114,129,431,174
NT_43*TLR7_1,NT*TLR7,370,284,295,378,206,267,411,556,842,2163,3134,451,557,324,70,351,84
NT_43*TLR7_2,NT*TLR7,262,182,147,255,116,139,139,171,312,133,57,142,113,96,65,96,56
NT_43*TLR7_5,NT*TLR7,561,420,370,767,240,312,305,379,184,310,250,238,219,31,136,289,100
NT_43*TNFSF15_1,NT*TNFSF15,532,508,376,702,541,1579,467,307,185,74,175,210,157,862,69,267,93
NT_43*TNFSF15_2,NT*TNFSF15,942,496,551,756,361,532,639,929,1166,512,1531,897,746,648,236,395,105
NT_43*TNFSF15_3,NT*TNFSF15,1152,1009,999,1257,651,831,1198,910,1069,392,388,526,659,273,169,509,155
NT_44*BTLA_1,NT*BTLA,524,483,571,567,291,453,618,516,523,256,247,397,601,499,151,349,399
NT_44*BTLA_2,NT*BTLA,1424,1458,1375,1597,1315,1306,1596,859,1132,432,312,743,765,812,438,1309,342
NT_44*BTLA_3,NT*BTLA,489,451,572,530,429,453,631,594,671,263,366,264,457,416,285,800,69
NT_44*CDH1_1,NT*CDH1,975,905,771,1140,615,762,888,809,783,529,441,565,635,222,437,763,773
NT_44*CDH1_4,NT*CDH1,236,227,227,305,172,240,197,1335,2166,21682,1240,503,2718,424,554,2446,715
NT_44*CDH1_5,NT*CDH1,331,330,298,345,235,273,281,1062,644,3774,4858,814,743,338,518,646,648
NT_44*CX3CL1_3,NT*CX3CL1,225,163,192,229,110,168,308,369,409,2150,264,229,374,275,186,280,55
NT_44*CX3CL1_4,NT*CX3CL1,543,543,407,431,285,579,531,642,435,283,143,181,293,17,189,470,327
NT_44*CX3CL1_5,NT*CX3CL1,1160,1194,1243,1268,577,1244,1499,1089,713,676,708,789,834,366,481,1800,562
NT_44*CXCR2_2,NT*CXCR2,1929,1789,1996,2364,1083,1988,1835,756,251,479,387,471,563,136,284,743,176
NT_44*CXCR2_4,NT*CXCR2,424,535,416,556,194,495,421,546,789,411,327,387,341,208,195,407,208
NT_44*CXCR2_5,NT*CXCR2,442,519,383,566,202,433,361,523,660,239,429,382,490,2082,390,655,331
NT_44*CXCR5_2,NT*CXCR5,488,779,407,599,371,415,473,308,528,71,75,193,239,192,235,499,271
NT_44*CXCR5_3,NT*CXCR5,1203,1103,1072,1334,888,1282,1034,1386,1242,1548,704,892,1034,916,769,1713,906
NT_44*CXCR5_4,NT*CXCR5,677,739,824,1008,696,868,660,355,261,146,104,237,376,247,159,232,297
NT_44*FCRL6_1,NT*FCRL6,949,915,696,1267,661,868,1120,807,612,741,504,605,741,419,330,1493,667
NT_44*FCRL6_4,NT*FCRL6,592,618,450,647,413,669,816,305,11,236,125,184,273,25,77,707,299
NT_44*FCRL6_5,NT*FCRL6,252,200,277,287,174,209,154,360,444,2328,125,639,207,80,200,1297,464
NT_44*HGF_2,NT*HGF,713,755,730,847,396,722,899,844,941,594,1234,642,809,563,465,944,452
NT_44*HGF_4,NT*HGF,2029,1827,1954,2527,1106,3012,2986,816,302,636,843,543,707,310,460,485,406
NT_44*HGF_5,NT*HGF,1072,898,977,1176,843,781,1090,852,654,388,343,364,610,164,139,623,320
NT_44*IL6_1,NT*IL6,595,487,438,840,293,309,587,365,599,44,469,272,390,156,125,536,273
NT_44*IL6_2,NT*IL6,492,457,439,451,385,522,495,703,625,868,360,466,575,576,293,1637,237
NT_44*IL6_5,NT*IL6,1063,1227,941,953,798,910,930,677,349,1636,398,512,523,111,342,310,528
NT_44*MFAP5_1,NT*MFAP5,327,238,331,325,87,224,698,650,456,3438,911,296,470,354,340,772,448
NT_44*MFAP5_3,NT*MFAP5,959,744,780,871,625,671,1202,559,434,582,409,385,547,157,432,720,225
NT_44*MFAP5_5,NT*MFAP5,495,419,467,491,257,455,446,730,963,1165,601,546,759,645,303,1255,332
NT_44*MPEG1_1,NT*MPEG1,966,742,1369,934,640,865,811,742,328,545,305,557,453,356,176,724,210
NT_44*MPEG1_4,NT*MPEG1,213,184,198,191,108,163,73,188,124,74,265,152,202,6,21,56,53
NT_44*MPEG1_5,NT*MPEG1,483,383,362,417,387,404,621,698,720,547,505,372,505,462,188,539,578
NT_44*MUC16_1,NT*MUC16,377,420,400,512,322,392,439,983,692,3519,3050,682,1728,1160,153,512,292
NT_44*MUC16_2,NT*MUC16,853,995,948,958,666,858,874,820,265,507,837,663,783,549,242,1095,612
NT_44*MUC16_5,NT*MUC16,1271,1378,1475,1693,637,968,1142,973,697,333,841,446,784,329,480,1026,1132
NT_44*MYSM1_2,NT*MYSM1,939,1010,799,880,654,1129,1377,675,629,677,476,425,587,206,385,557,218
NT_44*MYSM1_4,NT*MYSM1,785,988,708,1060,547,595,975,552,677,216,877,419,496,268,418,1442,686
NT_44*MYSM1_5,NT*MYSM1,386,410,370,519,247,307,408,748,929,6382,720,525,626,151,314,1029,597
NT_44*NT_17,NT*NT,917,858,821,823,722,530,887,638,65,385,260,375,520,268,125,152,95
NT_44*NT_18,NT*NT,1136,853,976,1058,837,639,966,740,660,673,257,487,522,163,226,498,209
NT_44*NT_20,NT*NT,828,664,820,846,735,704,884,259,129,232,370,318,175,14,256,99,121
NT_44*NT_25,NT*NT,840,771,706,868,572,648,803,1018,833,13310,601,588,876,228,279,854,553
NT_44*NT_26,NT*NT,732,624,524,804,457,563,661,956,2612,447,6259,765,910,283,522,1287,572
NT_44*NT_33,NT*NT,1164,767,763,976,418,627,630,1194,998,321,3238,1371,786,298,381,1114,606
NT_44*NT_39,NT*NT,526,491,431,414,301,464,423,1482,1353,9337,780,1136,1005,738,401,1321,950
NT_44*NT_57,NT*NT,314,237,341,214,71,233,301,555,490,196,459,167,395,142,283,679,146
NT_44*NT_6,NT*NT,825,810,782,808,551,685,991,1318,1019,623,1333,871,1134,17755,261,981,285
NT_44*PDCD1LG2_1,NT*PDCD1LG2,662,679,642,746,550,612,628,1545,1335,3834,1945,1188,1581,12164,488,1558,992
NT_44*PDCD1LG2_2,NT*PDCD1LG2,576,622,561,733,393,530,545,762,484,389,2256,483,724,363,503,1188,487
NT_44*PDCD1LG2_3,NT*PDCD1LG2,670,580,511,671,408,535,631,636,506,453,349,327,446,414,340,535,83
NT_44*PLA2G2A_2,NT*PLA2G2A,537,573,531,631,315,349,400,375,344,184,360,265,333,35,195,1107,496
NT_44*PLA2G2A_4,NT*PLA2G2A,456,373,362,370,412,474,501,862,454,2104,1062,427,740,409,462,350,302
NT_44*PLA2G2A_5,NT*PLA2G2A,467,369,395,543,329,338,320,585,396,360,236,509,526,2452,212,335,184
NT_44*PLA2R1_2,NT*PLA2R1,1056,1031,1196,1528,743,883,1543,1851,1540,7108,1862,2398,1456,571,535,1636,758
NT_44*PLA2R1_3,NT*PLA2R1,1017,891,947,1291,728,776,860,366,103,297,171,226,361,81,83,231,46
NT_44*PLA2R1_4,NT*PLA2R1,988,834,754,1039,509,750,1022,903,397,445,733,317,587,473,213,997,331
NT_44*TLR7_1,NT*TLR7,1118,1050,852,1304,800,975,1014,769,472,463,660,2738,579,138,433,686,738
NT_44*TLR7_2,NT*TLR7,837,717,954,800,799,525,763,229,12,139,190,194,219,20,152,877,68
NT_44*TLR7_5,NT*TLR7,813,1140,761,818,492,573,811,549,426,113,789,309,511,98,296,1068,428
NT_44*TNFSF15_1,NT*TNFSF15,501,566,496,557,262,650,422,411,837,186,159,187,282,78,400,800,243
NT_44*TNFSF15_2,NT*TNFSF15,876,746,844,999,528,539,841,990,833,2105,657,657,819,702,307,1421,713
NT_44*TNFSF15_3,NT*TNFSF15,1147,1014,995,1191,750,900,1077,1299,423,1283,368,672,804,281,363,1359,769
NT_48*BTLA_1,NT*BTLA,301,262,241,294,162,219,207,1448,1548,7296,1167,862,1300,7888,797,1790,851
NT_48*BTLA_2,NT*BTLA,1503,1450,1106,1292,844,1072,1181,881,907,535,319,639,703,149,613,1154,780
NT_48*BTLA_3,NT*BTLA,537,497,570,686,350,431,435,1001,1002,685,963,843,968,19024,294,359,308
NT_48*CDH1_1,NT*CDH1,477,439,401,606,355,318,469,994,1156,849,5026,574,1042,261,510,1969,498
NT_48*CDH1_4,NT*CDH1,2440,3492,2180,2363,1593,1987,2373,2170,1756,2495,991,1194,1472,803,1346,3191,1323
NT_48*CDH1_5,NT*CDH1,1384,1334,1270,1564,923,1116,1447,2571,1925,8691,1926,1583,1787,914,865,2207,990
NT_48*CX3CL1_3,NT*CX3CL1,560,459,513,568,322,344,541,739,443,303,325,2034,496,352,220,580,92
NT_48*CX3CL1_4,NT*CX3CL1,567,503,398,536,313,362,528,934,1162,1172,849,782,772,480,530,1365,774
NT_48*CX3CL1_5,NT*CX3CL1,717,619,630,1068,452,544,668,1436,1268,556,1562,3057,2367,860,545,1785,1013
NT_48*CXCR2_2,NT*CXCR2,2150,2235,2137,2737,1052,1986,2423,2014,2390,1575,2292,1353,1694,962,497,1174,471
NT_48*CXCR2_4,NT*CXCR2,111,101,92,143,48,84,75,548,661,3622,791,1694,383,345,277,903,376
NT_48*CXCR2_5,NT*CXCR2,556,515,498,834,448,356,507,903,975,5309,422,553,796,344,249,2147,644
NT_48*CXCR5_2,NT*CXCR5,503,492,392,596,196,386,368,660,864,740,831,476,529,174,296,547,300
NT_48*CXCR5_3,NT*CXCR5,1540,1730,1181,1503,897,1188,2079,2082,978,1167,1762,942,1618,5659,1056,2303,1223
NT_48*CXCR5_4,NT*CXCR5,493,470,493,530,265,287,362,606,836,1185,155,391,455,86,143,458,281
NT_48*FCRL6_1,NT*FCRL6,907,948,885,1106,606,719,821,1216,1020,840,1186,679,1013,471,725,1518,702
NT_48*FCRL6_4,NT*FCRL6,726,561,563,809,427,411,533,523,306,451,2429,320,424,120,214,1654,374
NT_48*FCRL6_5,NT*FCRL6,581,434,491,573,284,316,428,1182,743,869,718,464,1386,415,678,1865,1105
NT_48*HGF_2,NT*HGF,1000,896,876,1087,439,871,1047,1387,604,736,3707,632,807,473,681,1999,639
NT_48*HGF_4,NT*HGF,2489,2116,1982,2355,1704,2054,2953,1727,1487,1074,1523,1204,1582,699,447,1528,563
NT_48*HGF_5,NT*HGF,1262,1140,964,1544,860,839,999,1094,533,418,863,661,903,308,421,1581,365
NT_48*IL6_1,NT*IL6,349,284,284,365,196,252,347,779,564,8437,2162,502,679,703,310,356,256
NT_48*IL6_2,NT*IL6,331,277,289,309,183,287,355,1035,876,835,2982,880,3697,11053,627,1207,760
NT_48*IL6_5,NT*IL6,1651,1458,1423,2134,3323,1127,1290,1287,1064,735,2413,732,1115,709,635,1871,581
NT_48*MFAP5_1,NT*MFAP5,363,283,291,325,192,237,339,720,665,372,835,527,1405,1212,398,1420,559
NT_48*MFAP5_3,NT*MFAP5,777,621,607,790,636,564,596,979,4067,656,662,582,734,190,241,684,582
NT_48*MFAP5_5,NT*MFAP5,869,751,782,789,690,1812,645,1243,847,15882,509,666,973,396,394,974,595
NT_48*MPEG1_1,NT*MPEG1,1355,1095,1218,1552,1035,1200,1484,1439,1171,723,861,759,876,545,542,1162,568
NT_48*MPEG1_4,NT*MPEG1,836,777,815,967,932,623,646,336,28,179,77,138,266,261,66,136,91
NT_48*MPEG1_5,NT*MPEG1,1471,1082,1210,1540,803,1037,1276,1292,536,672,1336,1500,1136,2216,517,1599,588
NT_48*MUC16_1,NT*MUC16,1190,1280,1130,1780,790,1155,1221,1541,1484,1045,967,1060,1643,571,345,1568,356
NT_48*MUC16_2,NT*MUC16,762,675,521,828,458,669,836,876,1221,1014,1655,527,869,414,483,1557,579
NT_48*MUC16_5,NT*MUC16,513268,468085,450948,698135,324051,402783,458700,125589,170915,82774,92987,121373,133473,75788,760,1992,927
NT_48*MYSM1_2,NT*MYSM1,486,408,453,647,311,328,378,766,862,5518,726,644,741,138,175,700,250
NT_48*MYSM1_4,NT*MYSM1,1230,1168,1059,1475,819,995,921,1376,1358,1000,732,692,895,582,477,912,567
NT_48*MYSM1_5,NT*MYSM1,661,528,536,890,418,453,504,1197,1720,5867,492,720,799,617,574,1496,607
NT_48*NT_17,NT*NT,1142,1251,1043,1352,681,778,1094,1047,428,2786,328,786,831,403,169,633,77
NT_48*NT_18,NT*NT,1777,1356,1369,1402,985,1261,1628,918,902,875,860,711,1020,532,286,870,618
NT_48*NT_20,NT*NT,446,336,364,445,228,651,280,846,463,306,1850,399,461,561,229,492,182
NT_48*NT_25,NT*NT,1556,1439,1267,1997,1333,1252,1476,1411,2042,2171,997,923,1231,793,471,1773,505
NT_48*NT_26,NT*NT,1601,1314,1385,1566,944,1217,2463,7431,7407,16601,9127,5932,6559,4711,913,2290,930
NT_48*NT_33,NT*NT,604,459,441,587,340,393,505,2412,1238,12934,1396,1188,1149,11383,1111,3114,1201
NT_48*NT_39,NT*NT,1443,1443,1381,1757,978,1442,1199,3098,2926,6529,6665,1516,3035,877,992,2803,1212
NT_48*NT_57,NT*NT,740,692,534,733,295,529,672,627,345,736,524,502,450,246,498,1785,432
NT_48*NT_6,NT*NT,2310,1942,1958,2725,1396,1452,1907,1717,1952,959,1150,1163,1273,1035,422,1141,668
NT_48*PDCD1LG2_1,NT*PDCD1LG2,1944,1671,1573,2187,880,1494,1943,1728,1454,3004,1223,931,1361,634,881,2337,1213
NT_48*PDCD1LG2_2,NT*PDCD1LG2,1654,1306,1300,2388,765,1364,1270,1279,1344,452,2068,911,910,387,272,1247,421
NT_48*PDCD1LG2_3,NT*PDCD1LG2,1571,1280,1451,2284,789,1134,1927,1006,738,779,435,1126,784,220,331,575,529
NT_48*PLA2G2A_2,NT*PLA2G2A,241,159,172,211,90,132,227,330,281,188,793,310,297,336,203,667,199
NT_48*PLA2G2A_4,NT*PLA2G2A,408,398,362,382,221,304,303,990,785,589,2489,866,2596,38871,300,995,569
NT_48*PLA2G2A_5,NT*PLA2G2A,683,624,557,756,414,383,641,686,588,357,324,426,478,209,208,728,296
NT_48*PLA2R1_2,NT*PLA2R1,1601,1446,1438,1959,757,1393,1654,2069,1207,2849,3615,1159,1482,873,456,2573,847
NT_48*PLA2R1_3,NT*PLA2R1,1015,917,897,1138,321,674,910,921,848,543,598,644,838,323,221,758,158
NT_48*PLA2R1_4,NT*PLA2R1,956,892,720,926,533,805,1238,1645,1720,3962,11052,947,1176,338,525,2408,810
NT_48*TLR7_1,NT*TLR7,489,442,457,610,406,397,498,1186,1710,2043,1945,2796,1290,599,489,1316,621
NT_48*TLR7_2,NT*TLR7,819,1330,970,1039,467,748,1070,577,618,857,449,285,426,51,122,455,292
NT_48*TLR7_5,NT*TLR7,257,213,166,253,118,185,286,505,571,13592,349,239,418,389,164,179,437
NT_48*TNFSF15_1,NT*TNFSF15,127,131,92,142,94,80,73,518,750,2555,1204,366,442,166,502,915,387
NT_48*TNFSF15_2,NT*TNFSF15,835,834,816,971,576,676,1109,1209,687,2081,740,772,982,3174,561,1255,644
NT_48*TNFSF15_3,NT*TNFSF15,702,683,665,762,321,588,679,1562,1519,8680,1050,1399,1262,701,683,1981,909
NT_49*BTLA_1,NT*BTLA,1298,1189,1118,1347,750,1173,1101,1427,551,757,4602,956,1324,754,585,1945,1044
NT_49*BTLA_2,NT*BTLA,840,778,822,1055,551,829,956,1424,665,869,3111,931,1142,477,676,1740,849
NT_49*BTLA_3,NT*BTLA,488,466,438,503,369,522,534,1121,897,791,5385,735,887,673,783,2203,539
NT_49*CDH1_1,NT*CDH1,844,817,771,904,540,721,707,1113,1027,3107,2461,732,999,337,602,2070,781
NT_49*CDH1_4,NT*CDH1,485,448,459,610,316,398,358,2259,2260,19721,1366,2107,2175,63939,1377,2793,1248
NT_49*CDH1_5,NT*CDH1,918,806,713,926,704,816,720,1550,1495,791,5123,1027,1599,541,662,1992,739
NT_49*CX3CL1_3,NT*CX3CL1,423,371,391,479,287,407,399,672,362,9054,301,345,341,57,389,299,411
NT_49*CX3CL1_4,NT*CX3CL1,1014,808,989,1056,658,763,1101,1308,1043,725,3203,694,1020,798,723,1113,902
NT_49*CX3CL1_5,NT*CX3CL1,1053,939,982,1271,589,816,874,2441,1998,3523,3448,1736,2207,1247,766,2382,932
NT_49*CXCR2_2,NT*CXCR2,1336,1543,1288,1544,1093,1328,1294,1477,1486,741,3967,1130,1270,516,780,1551,930
NT_49*CXCR2_4,NT*CXCR2,857,859,765,1088,370,635,718,764,409,452,469,401,577,189,78,642,411
NT_49*CXCR2_5,NT*CXCR2,481,378,383,471,208,344,577,1037,2504,1020,601,487,747,402,509,1107,777
NT_49*CXCR5_2,NT*CXCR5,1292,1415,1378,1480,990,1094,1820,890,588,962,701,690,809,402,441,1202,416
NT_49*CXCR5_3,NT*CXCR5,1276,1321,1263,1479,748,1340,1267,2324,2385,3967,2966,1219,1920,801,834,3146,1579
NT_49*CXCR5_4,NT*CXCR5,3827975,3627262,3630695,4221547,2584563,3480313,2703629,22186,25154,15715,16389,22033,27722,16482,234,428,262
NT_49*FCRL6_1,NT*FCRL6,1511,1643,1655,1807,1333,1480,2270,1329,1029,2939,879,871,1122,455,1104,2008,923
NT_49*FCRL6_4,NT*FCRL6,375,328,348,397,247,373,604,1197,698,26324,907,2081,855,374,608,1437,988
NT_49*FCRL6_5,NT*FCRL6,768,689,695,785,552,743,741,699,867,698,571,423,566,580,694,1114,562
NT_49*HGF_2,NT*HGF,2015,2067,2092,2197,1326,1831,1976,1835,1132,866,1087,1186,1594,1038,818,1416,1233
NT_49*HGF_4,NT*HGF,1582,1457,1503,1525,926,1241,1289,1777,1327,763,1869,3639,1629,779,559,904,974
NT_49*HGF_5,NT*HGF,836,787,731,995,624,692,857,1343,1038,1714,1133,786,2620,523,691,2670,602
NT_49*IL6_1,NT*IL6,1188,1496,1215,1508,690,1220,1670,1251,1194,595,714,711,844,504,501,1085,660
NT_49*IL6_2,NT*IL6,359,388,311,406,235,269,547,1471,1389,2054,3653,1006,1240,17847,680,1720,939
NT_49*IL6_5,NT*IL6,1022,1066,949,1465,598,977,1084,1756,1963,1605,7075,1173,1359,640,586,1213,1036
NT_49*MFAP5_1,NT*MFAP5,705,628,703,809,615,601,855,695,582,255,492,411,531,602,400,1137,485
NT_49*MFAP5_3,NT*MFAP5,1234,1146,1291,1382,600,1145,2174,1071,879,802,874,778,781,383,610,2585,948
NT_49*MFAP5_5,NT*MFAP5,451,443,450,547,307,382,494,1659,1538,9469,1465,947,949,529,542,864,716
NT_49*MPEG1_1,NT*MPEG1,1473,1368,1388,1671,1033,1718,1731,1736,1084,1878,2136,1182,1490,1018,683,2293,1163
NT_49*MPEG1_4,NT*MPEG1,546,452,459,416,380,485,548,384,273,3924,150,344,354,247,393,643,350
NT_49*MPEG1_5,NT*MPEG1,1987,1867,2441,2520,1118,1630,2819,1552,1218,751,1966,879,1281,648,978,2361,821
NT_49*MUC16_1,NT*MUC16,2503,2308,2409,2756,1677,2237,2540,2233,3114,893,1428,1601,1823,997,724,2072,1171
NT_49*MUC16_2,NT*MUC16,73837,71299,68366,76158,48298,61943,50191,170977,285305,115247,149719,198922,193521,139717,759,1747,925
NT_49*MUC16_5,NT*MUC16,1692,1583,1488,1937,1067,1491,2319,1707,2147,1045,1222,1263,1427,540,1022,3003,1236
NT_49*MYSM1_2,NT*MYSM1,240,232,209,354,178,234,276,958,954,2505,15304,697,798,724,446,1353,925
NT_49*MYSM1_4,NT*MYSM1,1684,1724,1695,1813,1157,1482,2308,1003,863,798,522,771,1204,445,683,1110,408
NT_49*MYSM1_5,NT*MYSM1,2052,1699,1910,2664,1022,1625,1593,1471,1191,1516,1002,758,1087,570,651,2713,649
NT_49*NT_17,NT*NT,3084,3141,2834,3604,2301,2523,3014,4174,3167,4876,4985,3076,4061,2206,363,991,432
NT_49*NT_18,NT*NT,1521,1368,1367,1960,1068,1465,1455,1502,851,585,2706,1137,1141,548,782,1445,887
NT_49*NT_20,NT*NT,1003,923,871,1126,580,1002,905,619,742,1690,297,555,622,384,433,1057,372
NT_49*NT_25,NT*NT,1688,1672,1602,1860,1014,1656,1942,1743,1811,1938,1543,1284,1712,792,781,1674,611
NT_49*NT_26,NT*NT,713,730,623,813,483,614,730,1554,1560,3148,1315,1513,1199,1756,703,1429,846
NT_49*NT_33,NT*NT,2289,2398,2402,2743,1543,2220,5017,2061,1326,1187,3796,1179,1559,750,1162,2657,1297
NT_49*NT_39,NT*NT,2351,2630,2195,2774,1356,2236,2979,2956,1911,1025,7643,1392,1869,1492,1008,3551,1582
NT_49*NT_57,NT*NT,625,504,645,639,595,529,520,966,1076,810,1295,712,918,633,470,892,517
NT_49*NT_6,NT*NT,1086,1102,997,1113,738,1060,1032,2429,2140,3072,18937,1454,1939,794,902,2367,1151
NT_49*PDCD1LG2_1,NT*PDCD1LG2,1896,1636,1882,2287,1287,1550,1874,4010,2523,5984,2549,3197,2381,4874,1489,3006,1645
NT_49*PDCD1LG2_2,NT*PDCD1LG2,466,469,457,490,325,363,303,1444,1213,895,3604,1493,965,425,447,1142,620
NT_49*PDCD1LG2_3,NT*PDCD1LG2,542,560,534,674,398,582,635,1815,1612,4081,1336,3003,1472,8355,575,1010,1174
NT_49*PLA2G2A_2,NT*PLA2G2A,608,638,627,657,368,548,717,1072,695,459,520,593,806,796,245,1038,208
NT_49*PLA2G2A_4,NT*PLA2G2A,583,512,596,691,182,487,517,908,960,323,1322,747,770,366,427,1393,572
NT_49*PLA2G2A_5,NT*PLA2G2A,939,962,682,926,605,823,934,1229,1511,615,7863,840,1041,510,719,1728,634
NT_49*PLA2R1_2,NT*PLA2R1,1798,1755,1622,2191,1022,1551,1717,2780,1924,5281,3773,1535,1734,871,993,2257,1381
NT_49*PLA2R1_3,NT*PLA2R1,982,873,1050,1039,840,848,1344,685,1059,432,671,2465,606,110,52,234,255
NT_49*PLA2R1_4,NT*PLA2R1,854,823,752,1140,671,725,1018,1487,1644,687,3531,902,1235,933,567,1676,1108
NT_49*TLR7_1,NT*TLR7,1748,1787,1615,1829,1132,1729,2142,1408,1148,950,1326,1011,1416,729,688,1785,634
NT_49*TLR7_2,NT*TLR7,831,769,641,1179,546,654,1076,1191,871,314,406,439,606,280,422,855,608
NT_49*TLR7_5,NT*TLR7,334,329,320,518,296,361,496,785,523,2583,3307,471,563,241,498,1347,518
NT_49*TNFSF15_1,NT*TNFSF15,394,418,386,371,293,431,226,1266,337,708,451,403,608,429,460,1704,302
NT_49*TNFSF15_2,NT*TNFSF15,1103,1139,1051,1259,751,788,1383,1915,945,1205,7990,1054,1482,2384,976,3952,1884
NT_49*TNFSF15_3,NT*TNFSF15,1240,1032,1019,1427,673,796,1524,1737,1461,8620,3003,1116,1521,547,749,2113,835
NT_9*BTLA_1,NT*BTLA,1835,1751,1612,2270,1171,1554,2216,987,864,803,1119,572,813,279,233,153,452
NT_9*BTLA_2,NT*BTLA,745,582,682,866,490,476,596,721,1080,456,305,479,683,538,203,384,184
NT_9*BTLA_3,NT*BTLA,512,473,512,606,336,561,352,1027,1278,627,965,667,959,16266,194,727,342
NT_9*CDH1_1,NT*CDH1,408,394,306,422,141,367,526,548,618,780,2193,363,505,119,341,765,169
NT_9*CDH1_4,NT*CDH1,964,886,784,1166,448,607,752,1381,1051,598,1237,893,1145,6214,414,557,729
NT_9*CDH1_5,NT*CDH1,1504,1533,1512,2422,1161,1360,1401,781,634,580,490,446,695,193,238,401,175
NT_9*CX3CL1_3,NT*CX3CL1,540,588,398,550,517,494,927,363,87,864,123,243,223,78,43,205,86
NT_9*CX3CL1_4,NT*CX3CL1,903,670,613,896,497,691,819,670,341,374,787,569,686,2644,370,547,322
NT_9*CX3CL1_5,NT*CX3CL1,588,532,529,671,403,486,572,1388,1232,5535,961,748,1021,1129,313,811,402
NT_9*CXCR2_2,NT*CXCR2,1776,1632,1498,2050,1132,1397,1858,946,681,604,522,560,748,214,184,351,153
NT_9*CXCR2_4,NT*CXCR2,325,287,289,460,120,186,441,316,136,177,140,179,232,82,79,66,107
NT_9*CXCR2_5,NT*CXCR2,1672,1331,1230,1700,1217,1066,1394,603,454,517,227,372,481,144,88,393,266
NT_9*CXCR5_2,NT*CXCR5,256,235,239,340,157,237,186,530,304,1070,298,293,353,524,122,421,143
NT_9*CXCR5_3,NT*CXCR5,1903,1890,1569,1966,1082,1743,2298,1304,756,761,989,719,987,518,424,405,465
NT_9*CXCR5_4,NT*CXCR5,235,194,226,278,140,129,159,230,118,266,176,159,234,141,38,102,5
NT_9*FCRL6_1,NT*FCRL6,1267,1151,1127,1262,1056,1114,1655,1000,616,559,497,613,792,504,55,491,124
NT_9*FCRL6_4,NT*FCRL6,394,433,439,505,261,370,582,372,609,486,819,298,462,145,86,449,287
NT_9*FCRL6_5,NT*FCRL6,1400,1194,1224,1657,945,1065,1275,645,286,332,291,471,566,307,78,283,231
NT_9*HGF_2,NT*HGF,2370,1900,1975,2094,1767,2449,2502,1251,1494,858,696,793,1072,610,291,1127,391
NT_9*HGF_4,NT*HGF,1114,1051,984,1281,675,832,1463,983,940,675,470,722,848,907,81,375,132
NT_9*HGF_5,NT*HGF,1884,2203,1955,2563,1327,1755,1838,870,755,519,302,546,733,387,61,465,329
NT_9*IL6_1,NT*IL6,1056,975,989,1193,689,948,971,433,511,194,182,493,342,79,68,37,143
NT_9*IL6_2,NT*IL6,294,289,264,289,207,254,205,667,478,465,809,1509,742,22279,388,365,383
NT_9*IL6_5,NT*IL6,381,366,329,320,322,336,1006,675,763,10974,476,445,551,2495,143,26,99
NT_9*MFAP5_1,NT*MFAP5,1314,1351,1363,1738,1505,1543,1915,621,27,380,392,317,452,304,190,597,36
NT_9*MFAP5_3,NT*MFAP5,737,674,675,757,454,626,632,447,464,235,297,535,345,280,63,179,275
NT_9*MFAP5_5,NT*MFAP5,716,661,598,893,337,443,668,792,271,468,372,541,580,676,133,368,208
NT_9*MPEG1_1,NT*MPEG1,1614,1278,1269,1830,1065,1245,1583,757,1329,567,271,527,797,159,120,382,143
NT_9*MPEG1_4,NT*MPEG1,315,301,340,426,178,234,296,174,43,61,221,132,152,369,14,4,0
NT_9*MPEG1_5,NT*MPEG1,764,695,544,630,437,443,771,652,892,537,472,455,593,275,277,295,88
NT_9*MUC16_1,NT*MUC16,291,261,253,361,202,255,333,1263,1540,34850,516,804,1007,681,162,21,108
NT_9*MUC16_2,NT*MUC16,1291,1127,1206,1451,989,1080,933,934,613,650,790,633,829,230,191,568,428
NT_9*MUC16_5,NT*MUC16,417,468,524,616,363,354,656,1099,2644,9272,544,664,913,491,385,711,312
NT_9*MYSM1_2,NT*MYSM1,595,578,605,800,376,548,680,587,751,336,409,425,585,295,120,359,312
NT_9*MYSM1_4,NT*MYSM1,295,259,249,295,95,224,380,814,555,431,2222,539,687,440,212,777,412
NT_9*MYSM1_5,NT*MYSM1,1740,1318,1496,1649,1064,1299,1761,878,720,549,392,572,675,414,162,345,123
NT_9*NT_17,NT*NT,965,748,879,875,782,903,954,824,594,412,424,536,654,590,41,103,22
NT_9*NT_18,NT*NT,1081,870,943,1221,653,896,1100,925,661,357,518,491,618,451,110,260,111
NT_9*NT_20,NT*NT,299,302,299,331,207,259,205,449,175,212,362,462,579,25238,76,45,63
NT_9*NT_25,NT*NT,1772,1695,1776,2124,940,2135,2325,1102,2642,852,334,719,827,302,147,256,84
NT_9*NT_26,NT*NT,2197,2002,2165,2354,1427,1725,2025,1232,821,759,1068,792,910,422,176,678,279
NT_9*NT_33,NT*NT,997,823,821,874,474,723,798,800,712,542,357,514,688,917,122,381,145
NT_9*NT_39,NT*NT,1876,2133,1756,2322,1155,1487,1890,1721,1023,1034,1099,972,1240,769,198,665,585
NT_9*NT_57,NT*NT,451,468,441,557,229,381,487,525,641,364,165,277,334,102,68,186,103
NT_9*NT_6,NT*NT,861,750,752,831,443,715,964,1317,1463,1367,755,756,1161,826,107,510,109
NT_9*PDCD1LG2_1,NT*PDCD1LG2,848,779,889,1118,407,643,913,1523,1246,773,2992,2817,1111,619,350,809,284
NT_9*PDCD1LG2_2,NT*PDCD1LG2,1193,1132,1160,1124,636,1027,1360,849,567,704,609,555,688,541,159,473,200
NT_9*PDCD1LG2_3,NT*PDCD1LG2,1086,926,1620,1065,578,711,937,829,1203,273,748,393,765,591,53,151,286
NT_9*PLA2G2A_2,NT*PLA2G2A,1166,992,1089,1423,1043,1143,1052,442,201,393,233,373,442,267,83,307,142
NT_9*PLA2G2A_4,NT*PLA2G2A,466,457,417,452,274,511,582,939,1216,2993,3912,584,719,245,288,278,148
NT_9*PLA2G2A_5,NT*PLA2G2A,1015,1069,885,919,567,879,777,592,1042,572,391,353,492,88,52,386,118
NT_9*PLA2R1_2,NT*PLA2R1,1193,1013,1034,1221,644,1021,955,1383,1332,818,747,951,1388,6235,429,355,363
NT_9*PLA2R1_3,NT*PLA2R1,940,1031,1199,1401,805,1076,1135,409,415,275,348,433,428,175,0,5,8
NT_9*PLA2R1_4,NT*PLA2R1,1900,1869,1712,2483,1301,1381,3749,1072,460,382,836,685,811,687,226,709,429
NT_9*TLR7_1,NT*TLR7,699,596,590,652,508,471,847,942,637,559,8329,715,818,329,193,191,233
NT_9*TLR7_2,NT*TLR7,947,891,941,1259,707,619,940,576,395,366,499,387,795,123,107,433,115
NT_9*TLR7_5,NT*TLR7,381,390,384,505,197,348,391,392,371,402,423,282,370,131,47,527,66
NT_9*TNFSF15_1,NT*TNFSF15,453,481,554,557,288,597,307,444,48,145,360,316,371,340,89,268,267
NT_9*TNFSF15_2,NT*TNFSF15,472,367,426,489,215,407,623,966,865,424,11000,643,916,583,248,308,256
NT_9*TNFSF15_3,NT*TNFSF15,1809,1588,1548,1819,1247,1459,2206,1252,1367,471,826,955,1183,411,186,439,376
PTEN_1*BTLA_1,PTEN*BTLA,236,231,238,251,82,93,314,282,603,213,194,184,259,187,176,126,84
PTEN_1*BTLA_2,PTEN*BTLA,643,536,621,897,339,405,660,326,281,309,209,178,338,112,261,506,177
PTEN_1*BTLA_3,PTEN*BTLA,688,866,618,790,684,682,1135,395,240,252,384,246,252,84,87,307,131
PTEN_1*CDH1_1,PTEN*CDH1,82264,79755,87173,118621,59232,80439,79641,137993,111650,88191,103534,118790,153260,80559,83,278,110
PTEN_1*CDH1_3,PTEN*CDH1,13055,11302,13369,16805,8601,12155,10085,22868,16764,13567,14503,17933,23195,14812,10,10,10
PTEN_1*CDH1_4,PTEN*CDH1,662,820,542,556,469,473,758,941,1021,217,6679,478,652,108,291,485,106
PTEN_1*CDH1_5,PTEN*CDH1,431,429,303,322,381,523,686,384,413,88,201,182,293,143,28,233,76
PTEN_1*CX3CL1_3,PTEN*CX3CL1,106,85,81,92,41,52,27,243,86,148,94,58,97,196,88,149,45
PTEN_1*CX3CL1_4,PTEN*CX3CL1,458,412,483,578,297,496,611,5365,2973,3236,2340,3724,4967,51217,70,228,221
PTEN_1*CX3CL1_5,PTEN*CX3CL1,42570,41228,40367,50388,25890,36349,51483,11545,12009,7920,9822,9373,11722,6513,155,409,206
PTEN_1*CXCR2_2,PTEN*CXCR2,1145,924,920,1194,872,1017,1202,450,378,53,288,269,406,126,80,204,12
PTEN_1*CXCR2_4,PTEN*CXCR2,149,120,130,125,84,105,129,329,574,51,246,152,220,198,100,360,61
PTEN_1*CXCR2_5,PTEN*CXCR2,606,416,518,609,470,584,690,177,284,20,182,246,219,26,23,110,115
PTEN_1*CXCR5_2,PTEN*CXCR5,326,270,276,451,200,352,368,79,42,35,26,294,56,73,91,95,145
PTEN_1*CXCR5_3,PTEN*CXCR5,483,385,384,389,356,397,391,429,655,381,297,358,390,169,167,273,164
PTEN_1*CXCR5_4,PTEN*CXCR5,154189,148029,134212,155524,97794,132151,98481,19578,30306,12710,12981,16797,18409,10119,32,64,119
PTEN_1*FCRL6_1,PTEN*FCRL6,413,486,346,525,288,472,389,347,379,285,380,274,382,213,11,37,55
PTEN_1*FCRL6_4,PTEN*FCRL6,396,378,306,364,238,1916,433,234,76,9881,75,162,230,15,111,139,89
PTEN_1*FCRL6_5,PTEN*FCRL6,176,250,142,223,68,144,144,356,436,726,227,272,373,14,94,231,151
PTEN_1*HGF_2,PTEN*HGF,898,1101,776,1074,614,882,991,444,247,195,254,324,350,87,92,223,59
PTEN_1*HGF_4,PTEN*HGF,1075,1086,1077,1419,953,825,1188,616,618,330,372,318,681,420,82,290,132
PTEN_1*HGF_5,PTEN*HGF,799,794,652,1176,517,648,2139,397,154,1051,153,287,348,161,62,104,111
PTEN_1*IL6_1,PTEN*IL6,215,203,136,341,78,146,153,163,401,179,80,74,151,67,17,209,45
PTEN_1*IL6_2,PTEN*IL6,70,71,59,71,38,41,56,393,393,235,302,5077,441,6259,166,262,50
PTEN_1*IL6_5,PTEN*IL6,229,221,130,263,172,245,168,677,194,8661,2553,326,614,399,158,275,138
PTEN_1*MFAP5_1,PTEN*MFAP5,128,110,72,185,76,127,193,224,139,3335,235,157,191,20,147,60,96
PTEN_1*MFAP5_3,PTEN*MFAP5,39,38,36,53,22,55,68,427,25512,283,178,209,241,175,115,172,195
PTEN_1*MFAP5_5,PTEN*MFAP5,510,562,479,2303,330,569,642,265,338,288,216,207,306,322,63,274,90
PTEN_1*MPEG1_1,PTEN*MPEG1,700,601,563,1631,565,462,835,264,564,80,114,202,225,198,50,190,136
PTEN_1*MPEG1_4,PTEN*MPEG1,435,401,323,240,147,367,314,136,30,81,9,125,147,58,0,0,5
PTEN_1*MPEG1_5,PTEN*MPEG1,351,291,323,368,198,401,457,435,392,327,430,341,510,3077,154,707,217
PTEN_1*MUC16_1,PTEN*MUC16,472,556,467,536,294,357,565,626,543,389,186,359,356,194,94,276,31
PTEN_1*MUC16_2,PTEN*MUC16,413069,416007,394827,551142,297516,395041,589751,589040,625213,438097,430709,550770,705950,351478,84,485,223
PTEN_1*MUC16_5,PTEN*MUC16,633,566,580,810,244,350,361,554,506,348,260,349,445,75,45,309,19
PTEN_1*MYSM1_2,PTEN*MYSM1,579,456,656,514,222,494,397,365,112,238,1393,183,355,200,73,377,142
PTEN_1*MYSM1_4,PTEN*MYSM1,63,60,58,53,53,81,53,613,443,23685,2812,250,286,43,149,382,263
PTEN_1*MYSM1_5,PTEN*MYSM1,240,182,207,241,165,238,169,511,258,183,172,1584,372,273,219,203,81
PTEN_1*NT_17,PTEN*NT,230,301,217,327,91,159,293,342,397,193,110,124,218,192,21,142,71
PTEN_1*NT_18,PTEN*NT,206,171,190,198,82,167,175,230,252,112,74,60,174,77,59,213,10
PTEN_1*NT_20,PTEN*NT,652,497,649,574,333,606,766,159,160,98,231,197,226,137,16,22,123
PTEN_1*NT_25,PTEN*NT,542,596,536,608,366,655,739,476,200,735,303,309,376,161,48,274,86
PTEN_1*NT_26,PTEN*NT,1318719,1254051,1240128,1459047,898666,1214569,1222277,249837,256409,165212,168052,204373,259571,129700,40,1312,43
PTEN_1*NT_33,PTEN*NT,1021,1357,1051,1146,606,1064,1226,870,502,504,261,345,312,175,238,395,283
PTEN_1*NT_39,PTEN*NT,848,758,701,898,576,875,686,550,351,551,644,483,579,82,198,680,161
PTEN_1*NT_57,PTEN*NT,129,98,119,97,33,131,60,374,288,134,30,185,178,232,39,346,281
PTEN_1*NT_6,PTEN*NT,547,388,394,588,373,447,394,749,513,369,953,398,512,202,49,385,81
PTEN_1*PDCD1LG2_1,PTEN*PDCD1LG2,688,808,560,814,383,851,829,737,602,455,1347,501,686,540,135,273,355
PTEN_1*PDCD1LG2_2,PTEN*PDCD1LG2,326,350,315,268,89,175,213,308,188,56,220,265,218,216,41,2,72
PTEN_1*PDCD1LG2_3,PTEN*PDCD1LG2,427,423,480,477,321,303,467,388,141,615,370,220,305,225,42,73,132
PTEN_1*PLA2G2A_2,PTEN*PLA2G2A,114,103,90,74,48,77,79,380,290,4019,186,253,288,319,39,29,75
PTEN_1*PLA2G2A_4,PTEN*PLA2G2A,693,549,513,498,437,609,327,263,329,144,169,116,260,29,136,81,42
PTEN_1*PLA2G2A_5,PTEN*PLA2G2A,779,777,805,909,367,823,647,434,95,206,231,295,365,265,125,191,174
PTEN_1*PLA2R1_2,PTEN*PLA2R1,495,414,419,582,208,314,592,587,600,364,588,271,367,341,138,458,187
PTEN_1*PLA2R1_3,PTEN*PLA2R1,158,185,195,293,203,137,80,176,128,2,1582,94,215,216,16,107,41
PTEN_1*PLA2R1_4,PTEN*PLA2R1,1054,837,1109,935,740,961,836,538,226,115,76,189,394,80,204,627,204
PTEN_1*TLR7_1,PTEN*TLR7,868,959,1069,965,675,987,1079,448,335,226,235,458,397,296,174,446,193
PTEN_1*TLR7_2,PTEN*TLR7,36,21,15,36,0,18,18,62,1805,76,2,85,88,4,18,148,26
PTEN_1*TLR7_5,PTEN*TLR7,292,261,328,437,224,220,335,313,942,133,242,214,368,230,175,458,172
PTEN_1*TNFSF15_1,PTEN*TNFSF15,182,219,244,264,72,224,149,136,89,14,24,117,158,348,46,239,116
PTEN_1*TNFSF15_2,PTEN*TNFSF15,814,624,585,1017,596,1131,866,591,552,325,658,481,534,326,65,229,195
PTEN_1*TNFSF15_3,PTEN*TNFSF15,77,108,65,79,29,84,118,339,298,5211,5817,240,375,94,37,280,120
PTEN_3*BTLA_1,PTEN*BTLA,821,806,742,968,497,549,732,1053,1495,758,647,859,832,706,400,783,726
PTEN_3*BTLA_2,PTEN*BTLA,1117,994,908,1540,790,884,1839,930,567,439,202,454,512,134,206,669,306
PTEN_3*BTLA_3,PTEN*BTLA,79,84,70,121,36,63,77,1153,852,3586,17139,521,762,10543,287,763,169
PTEN_3*CDH1_1,PTEN*CDH1,58561,59547,61776,91248,44237,57389,56891,57923,56339,37474,40530,50272,63451,31752,268,475,366
PTEN_3*CDH1_3,PTEN*CDH1,6467963,6382514,6936393,7344770,4517593,5993553,5923007,17219134,12906591,8793135,10151765,9868854,14282714,6941378,10,10,10
PTEN_3*CDH1_4,PTEN*CDH1,819,695,637,875,491,689,756,1362,969,1274,4998,732,1359,1096,245,776,873
PTEN_3*CDH1_5,PTEN*CDH1,314,303,306,372,236,236,284,1346,1141,907,27606,921,1384,14339,631,1100,764
PTEN_3*CX3CL1_3,PTEN*CX3CL1,440,305,407,449,55,274,316,11538,15644,7313,2024,6621,9322,2689,195,178,182
PTEN_3*CX3CL1_4,PTEN*CX3CL1,31535,31619,29310,40088,20196,26964,35185,48882,37717,29539,34149,36330,44592,20550,283,735,419
PTEN_3*CX3CL1_5,PTEN*CX3CL1,1090,960,984,861,467,604,770,20179,15181,7578,16140,9407,12311,4480,203,586,271
PTEN_3*CXCR2_2,PTEN*CXCR2,806,737,615,812,569,774,937,1195,1403,10504,1111,805,818,203,91,149,271
PTEN_3*CXCR2_4,PTEN*CXCR2,309,308,309,354,118,218,230,436,126,276,8974,300,369,194,207,636,558
PTEN_3*CXCR2_5,PTEN*CXCR2,718,610,605,574,566,689,795,815,537,421,786,482,541,570,233,297,203
PTEN_3*CXCR5_2,PTEN*CXCR5,637,587,505,768,369,462,655,242,114,126,432,123,200,1099,205,569,296
PTEN_3*CXCR5_3,PTEN*CXCR5,1807,2071,1852,2275,1279,1726,2406,1703,926,995,776,936,1300,1079,802,1510,722
PTEN_3*CXCR5_4,PTEN*CXCR5,661,439,353,575,174,196,200,348,260,61,1419,99,179,57,212,494,149
PTEN_3*FCRL6_1,PTEN*FCRL6,459,527,509,459,207,307,238,1020,772,2013,528,524,699,278,347,541,302
PTEN_3*FCRL6_4,PTEN*FCRL6,874,879,713,833,640,505,2317,643,370,2891,235,444,546,123,122,794,464
PTEN_3*FCRL6_5,PTEN*FCRL6,512,445,413,674,290,479,347,1090,1116,446,4660,434,611,104,145,485,436
PTEN_3*HGF_2,PTEN*HGF,990,964,887,1212,623,863,1078,1790,924,592,3809,867,1757,484,245,915,314
PTEN_3*HGF_4,PTEN*HGF,1725,1638,1573,1912,2729,1723,1826,1355,993,902,994,940,1192,690,151,485,209
PTEN_3*HGF_5,PTEN*HGF,549,512,400,433,282,445,395,1213,700,9105,523,675,878,354,328,1219,469
PTEN_3*IL6_1,PTEN*IL6,851,911,506,815,364,554,790,480,182,235,268,303,399,133,87,376,238
PTEN_3*IL6_2,PTEN*IL6,320,320,271,379,164,265,364,1519,670,998,9711,639,1228,585,394,524,583
PTEN_3*IL6_5,PTEN*IL6,930,996,964,1156,655,913,716,1133,784,514,948,706,961,804,256,153,154
PTEN_3*MFAP5_1,PTEN*MFAP5,145,135,120,184,182,130,228,1106,971,7325,244,308,306,288,229,362,247
PTEN_3*MFAP5_3,PTEN*MFAP5,867,796,783,769,621,730,1044,864,983,549,525,507,664,310,349,850,377
PTEN_3*MFAP5_5,PTEN*MFAP5,1005,1144,958,1254,846,931,1116,1181,1270,788,457,579,824,659,278,275,188
PTEN_3*MPEG1_1,PTEN*MPEG1,1048,1047,711,1468,422,843,1107,915,1133,599,719,460,689,286,338,448,261
PTEN_3*MPEG1_4,PTEN*MPEG1,1036,898,712,1121,609,884,1690,288,291,129,93,290,237,24,30,279,52
PTEN_3*MPEG1_5,PTEN*MPEG1,229,236,206,292,82,276,248,946,934,1192,2848,449,563,220,278,512,147
PTEN_3*MUC16_1,PTEN*MUC16,1225,1149,1082,1635,711,1087,1216,1022,787,312,522,820,846,733,138,230,312
PTEN_3*MUC16_2,PTEN*MUC16,1817,951,855,1404,433,628,549,3867,1565,706,1061,1506,2534,1746,138,1726,258
PTEN_3*MUC16_5,PTEN*MUC16,920173,885795,839160,912909,539300,750198,584144,247618,413310,158539,196400,288220,301588,168238,422,1142,505
PTEN_3*MYSM1_2,PTEN*MYSM1,945,1061,1097,1399,416,894,903,623,414,165,227,369,604,259,296,140,324
PTEN_3*MYSM1_4,PTEN*MYSM1,841,916,672,1123,793,956,1213,1021,608,905,858,632,811,285,523,1518,496
PTEN_3*MYSM1_5,PTEN*MYSM1,408,534,314,469,382,358,415,983,666,547,5204,741,687,396,355,985,312
PTEN_3*NT_17,PTEN*NT,704,543,581,714,409,525,489,1389,1210,9168,431,735,961,101,115,335,216
PTEN_3*NT_18,PTEN*NT,803,674,712,809,489,551,1037,921,1240,488,147,398,562,401,74,374,155
PTEN_3*NT_20,PTEN*NT,719,733,479,913,285,609,498,515,67,142,154,222,282,350,35,194,178
PTEN_3*NT_25,PTEN*NT,1174,887,931,924,622,1014,1138,927,1497,501,456,499,839,495,228,764,303
PTEN_3*NT_26,PTEN*NT,3536,2009,1505,2630,724,1154,1181,1865,568,399,374,720,1012,707,272,562,332
PTEN_3*NT_33,PTEN*NT,1537,1293,1301,1829,1073,1355,1237,1043,546,921,340,443,863,491,376,743,452
PTEN_3*NT_39,PTEN*NT,672,630,537,646,382,574,879,1443,1258,1190,1285,843,1209,2739,417,418,478
PTEN_3*NT_57,PTEN*NT,736,1484,703,1274,363,788,859,558,311,618,278,336,488,192,139,37,196
PTEN_3*NT_6,PTEN*NT,305697,301625,290817,336966,199600,269949,268586,590293,499249,301904,336333,391965,493898,233329,185,550,309
PTEN_3*PDCD1LG2_1,PTEN*PDCD1LG2,1489,1626,1360,1677,742,1263,1353,2430,1466,1236,13687,1440,1743,1186,712,1169,840
PTEN_3*PDCD1LG2_2,PTEN*PDCD1LG2,335,231,218,259,158,220,285,1698,644,2676,4060,510,837,217,149,291,312
PTEN_3*PDCD1LG2_3,PTEN*PDCD1LG2,502,406,398,403,194,329,517,677,608,441,836,377,667,262,209,561,194
PTEN_3*PLA2G2A_2,PTEN*PLA2G2A,421,369,352,634,357,374,317,697,602,338,249,252,316,290,230,1044,175
PTEN_3*PLA2G2A_4,PTEN*PLA2G2A,976,919,920,1221,919,698,808,837,343,569,273,412,716,331,102,506,229
PTEN_3*PLA2G2A_5,PTEN*PLA2G2A,333,281,221,313,182,247,310,759,928,501,1241,480,730,549,175,586,180
PTEN_3*PLA2R1_2,PTEN*PLA2R1,799,1001,659,760,391,936,708,2137,946,6357,1043,756,2023,375,272,1082,358
PTEN_3*PLA2R1_3,PTEN*PLA2R1,749,587,617,780,375,568,670,711,383,236,203,341,361,231,84,37,27
PTEN_3*PLA2R1_4,PTEN*PLA2R1,427,401,341,490,211,379,304,1277,763,1415,607,655,916,14964,220,750,463
PTEN_3*TLR7_1,PTEN*TLR7,701,688,782,647,468,580,468,690,436,327,230,470,519,589,267,691,356
PTEN_3*TLR7_2,PTEN*TLR7,1236,1193,1192,1410,690,1114,1028,784,863,221,783,546,822,209,147,346,197
PTEN_3*TLR7_5,PTEN*TLR7,848,788,736,686,623,602,758,599,454,303,264,332,412,258,440,478,514
PTEN_3*TNFSF15_1,PTEN*TNFSF15,414,410,361,425,191,347,512,461,481,416,150,303,370,79,144,381,215
PTEN_3*TNFSF15_2,PTEN*TNFSF15,1591,1370,1407,1576,854,2095,1367,1748,833,597,1115,910,1008,516,384,949,674
PTEN_3*TNFSF15_3,PTEN*TNFSF15,170,128,135,132,59,116,127,1204,899,2041,7119,4227,1321,13833,295,885,454
PTEN_4*BTLA_1,PTEN*BTLA,314,352,324,336,182,213,320,385,2070,199,88,214,279,10,138,254,173
PTEN_4*BTLA_2,PTEN*BTLA,538,518,591,682,306,388,567,441,791,147,342,424,599,15798,249,731,366
PTEN_4*BTLA_3,PTEN*BTLA,114,118,74,153,109,73,160,326,543,186,3554,473,310,144,127,143,243
PTEN_4*CDH1_1,PTEN*CDH1,567,563,438,678,346,554,515,610,50,2926,350,363,460,57,100,333,281
PTEN_4*CDH1_4,PTEN*CDH1,300,264,302,460,172,335,2457,1169,168,1956,2209,277,332,240,111,627,231
PTEN_4*CDH1_5,PTEN*CDH1,302,326,326,321,220,202,200,642,914,2760,968,506,646,106,151,603,556
PTEN_4*CX3CL1_3,PTEN*CX3CL1,718,593,539,893,177,692,256,121,20,138,7,132,118,155,31,231,118
PTEN_4*CX3CL1_4,PTEN*CX3CL1,750,654,716,1175,281,545,891,752,99,223,1232,378,560,137,131,398,295
PTEN_4*CX3CL1_5,PTEN*CX3CL1,744,594,642,619,625,703,574,591,438,520,182,431,548,162,342,352,351
PTEN_4*CXCR2_2,PTEN*CXCR2,264,312,220,281,224,275,127,487,713,360,629,298,428,230,119,482,185
PTEN_4*CXCR2_4,PTEN*CXCR2,660,652,718,724,674,411,617,183,7,242,217,59,90,42,13,91,149
PTEN_4*CXCR2_5,PTEN*CXCR2,369,422,263,406,42,320,653,299,309,147,139,318,211,183,272,545,220
PTEN_4*CXCR5_2,PTEN*CXCR5,50382,46449,45760,53903,28330,42133,95856,3557,3504,2133,2511,3068,4190,1935,29,108,117
PTEN_4*CXCR5_3,PTEN*CXCR5,746,723,652,854,531,500,652,689,753,411,638,451,549,162,231,557,516
PTEN_4*CXCR5_4,PTEN*CXCR5,160,180,198,114,103,107,143,70,6,4,25,63,52,84,24,312,64
PTEN_4*FCRL6_1,PTEN*FCRL6,1026,1048,999,1151,694,821,767,453,392,408,877,1156,1395,97210,196,215,151
PTEN_4*FCRL6_4,PTEN*FCRL6,553,395,300,438,143,493,585,255,289,203,130,148,146,41,90,529,183
PTEN_4*FCRL6_5,PTEN*FCRL6,257,311,259,254,18,194,229,121,15,20,147,71,212,73,91,149,336
PTEN_4*HGF_2,PTEN*HGF,1829,1791,1596,1450,1137,1301,2325,1144,286,432,561,486,1027,407,291,1186,382
PTEN_4*HGF_4,PTEN*HGF,699,740,634,654,316,649,790,694,305,503,487,448,624,331,92,449,338
PTEN_4*HGF_5,PTEN*HGF,209,235,155,246,235,360,1109,440,407,337,236,400,1972,123,70,55,115
PTEN_4*IL6_1,PTEN*IL6,224,158,245,154,102,131,328,109,137,150,75,62,84,3,44,0,11
PTEN_4*IL6_2,PTEN*IL6,166,183,163,169,138,171,95,386,382,335,881,478,526,16814,176,313,196
PTEN_4*IL6_5,PTEN*IL6,1325,1558,1239,1820,667,1280,1863,594,492,239,435,446,570,87,210,180,161
PTEN_4*MFAP5_1,PTEN*MFAP5,419,345,373,578,279,293,337,208,15,138,130,88,200,4,208,2,251
PTEN_4*MFAP5_3,PTEN*MFAP5,541,493,641,647,235,409,515,322,18,321,3366,251,348,162,101,269,53
PTEN_4*MFAP5_5,PTEN*MFAP5,454,388,490,421,161,332,520,566,263,1224,950,225,477,24,98,330,153
PTEN_4*MPEG1_1,PTEN*MPEG1,1289,1047,893,1531,828,989,726,696,360,359,700,546,624,324,112,169,225
PTEN_4*MPEG1_4,PTEN*MPEG1,98,179,135,278,85,159,119,168,277,171,87,44,91,2,25,106,31
PTEN_4*MPEG1_5,PTEN*MPEG1,427,452,357,406,322,268,426,397,315,220,184,234,351,13,85,262,170
PTEN_4*MUC16_1,PTEN*MUC16,1181,940,1128,1464,749,1208,1136,756,728,267,555,639,660,72,129,240,202
PTEN_4*MUC16_2,PTEN*MUC16,1220,676,755,725,637,1003,730,421,117,225,268,315,336,104,91,203,118
PTEN_4*MUC16_5,PTEN*MUC16,376,496,446,471,225,398,404,364,2635,379,1341,461,407,29,237,56,159
PTEN_4*MYSM1_2,PTEN*MYSM1,601,626,566,745,227,505,536,446,266,372,1147,365,429,25,41,224,356
PTEN_4*MYSM1_4,PTEN*MYSM1,142,176,150,165,81,148,169,478,806,1652,466,353,380,239,190,460,351
PTEN_4*MYSM1_5,PTEN*MYSM1,375,238,217,692,280,309,382,226,114,1022,24,184,262,369,31,174,118
PTEN_4*NT_17,PTEN*NT,66177,64784,58418,72649,39833,57173,51959,72990,96075,43992,54272,76483,77970,42896,93,16,192
PTEN_4*NT_18,PTEN*NT,426,473,382,418,350,368,192,593,26,213,2860,344,428,133,123,520,252
PTEN_4*NT_20,PTEN*NT,528,389,187,457,167,209,285,223,51,62,267,118,142,83,102,139,212
PTEN_4*NT_25,PTEN*NT,314,331,275,257,176,198,372,512,261,248,585,317,510,278,112,257,123
PTEN_4*NT_26,PTEN*NT,671,506,553,732,332,489,821,582,348,7948,1095,433,417,38,168,545,276
PTEN_4*NT_33,PTEN*NT,215,261,219,215,211,287,275,375,389,1298,153,295,533,8904,51,531,350
PTEN_4*NT_39,PTEN*NT,1199,1272,1280,1734,630,1013,2090,661,371,441,397,423,567,412,399,621,341
PTEN_4*NT_57,PTEN*NT,172,158,81,154,79,138,210,346,384,232,164,151,255,16,104,182,197
PTEN_4*NT_6,PTEN*NT,439,456,542,569,650,203,486,371,317,1971,146,245,349,54,96,10,28
PTEN_4*PDCD1LG2_1,PTEN*PDCD1LG2,1512,1269,1643,1525,856,1363,1764,1110,515,211,657,442,710,205,551,485,526
PTEN_4*PDCD1LG2_2,PTEN*PDCD1LG2,2620,709,825,902,304,564,709,247,276,105,410,197,270,20,55,73,165
PTEN_4*PDCD1LG2_3,PTEN*PDCD1LG2,381,350,373,364,94,239,274,423,219,377,461,235,353,337,94,513,308
PTEN_4*PLA2G2A_2,PTEN*PLA2G2A,569,318,510,328,252,783,915,125,247,42,3,45,96,10,7,252,24
PTEN_4*PLA2G2A_4,PTEN*PLA2G2A,170,199,176,186,112,124,129,312,252,1576,188,313,246,1914,150,137,176
PTEN_4*PLA2G2A_5,PTEN*PLA2G2A,617,661,485,505,639,592,528,253,203,273,106,182,255,17,76,21,197
PTEN_4*PLA2R1_2,PTEN*PLA2R1,234,203,210,247,147,175,187,1383,1245,29384,8223,820,1012,446,335,1461,420
PTEN_4*PLA2R1_3,PTEN*PLA2R1,83,64,140,95,6,80,50,129,224,34,6,45,50,33,43,87,18
PTEN_4*PLA2R1_4,PTEN*PLA2R1,824,918,866,920,616,611,583,473,514,335,224,189,459,358,19,209,328
PTEN_4*TLR7_1,PTEN*TLR7,636,613,589,757,333,313,668,340,29,147,715,291,639,353,170,238,162
PTEN_4*TLR7_2,PTEN*TLR7,218,285,211,329,115,213,149,182,48,24,33,96,158,54,39,11,4
PTEN_4*TLR7_5,PTEN*TLR7,572,330,313,381,370,328,425,322,50,185,91,196,241,83,83,414,187
PTEN_4*TNFSF15_1,PTEN*TNFSF15,466,413,206,228,414,316,496,342,130,227,287,184,323,54,43,386,171
PTEN_4*TNFSF15_2,PTEN*TNFSF15,193,150,166,156,101,146,102,690,293,16870,625,302,409,34,160,853,151
PTEN_4*TNFSF15_3,PTEN*TNFSF15,572,633,525,698,204,604,620,642,630,536,143,244,447,111,210,465,378
RB1_1*BTLA_1,RB1*BTLA,1306,1304,1174,1802,844,1158,3867,443,201,236,229,242,344,48,120,339,106
RB1_1*BTLA_2,RB1*BTLA,322,219,217,318,184,242,186,555,386,2830,375,343,325,59,173,608,224
RB1_1*BTLA_3,RB1*BTLA,140,100,112,158,99,79,190,456,466,343,1869,298,312,2432,110,520,166
RB1_1*CDH1_1,RB1*CDH1,713,641,566,942,398,554,707,449,421,304,219,327,332,219,109,317,103
RB1_1*CDH1_4,RB1*CDH1,1110,768,745,953,595,695,974,842,659,458,401,564,656,309,316,572,293
RB1_1*CDH1_5,RB1*CDH1,300,295,269,363,248,223,1641,837,771,12458,5132,472,736,210,195,737,290
RB1_1*CX3CL1_3,RB1*CX3CL1,654,853,656,1203,564,506,849,266,266,148,157,320,213,166,131,356,176
RB1_1*CX3CL1_4,RB1*CX3CL1,915,628,690,1190,597,824,558,377,200,186,294,156,388,113,147,618,181
RB1_1*CX3CL1_5,RB1*CX3CL1,532,479,507,666,293,961,408,741,631,327,977,725,1012,37490,283,505,264
RB1_1*CXCR2_2,RB1*CXCR2,698,656,616,886,368,497,592,710,569,980,2068,397,637,150,147,524,116
RB1_1*CXCR2_4,RB1*CXCR2,488,341,401,498,242,265,294,478,464,257,265,1483,402,136,151,464,120
RB1_1*CXCR2_5,RB1*CXCR2,425,319,373,373,185,212,456,322,425,29,191,120,269,263,307,152,90
RB1_1*CXCR5_2,RB1*CXCR5,462,423,444,729,403,345,563,831,315,376,304,314,390,492,58,417,132
RB1_1*CXCR5_3,RB1*CXCR5,561,372,260,574,274,251,370,926,1315,1234,497,464,573,296,277,1226,380
RB1_1*CXCR5_4,RB1*CXCR5,255,234,225,419,87,182,378,238,454,70,111,97,209,108,65,130,100
RB1_1*FCRL6_1,RB1*FCRL6,311,259,248,325,231,199,241,692,793,563,4742,520,494,423,218,745,272
RB1_1*FCRL6_4,RB1*FCRL6,279,245,189,293,150,195,333,298,707,16,202,215,240,31,130,336,196
RB1_1*FCRL6_5,RB1*FCRL6,642,673,598,561,344,387,759,346,174,195,678,207,282,115,159,174,217
RB1_1*HGF_2,RB1*HGF,943,871,1404,1029,418,721,853,574,625,164,759,390,510,456,270,714,248
RB1_1*HGF_4,RB1*HGF,1215,1069,868,1411,801,749,1137,594,373,605,347,369,468,118,118,227,128
RB1_1*HGF_5,RB1*HGF,1012,834,772,1151,568,744,933,747,209,150,876,345,505,247,169,642,143
RB1_1*IL6_1,RB1*IL6,465,399,400,627,287,306,1872,276,270,4235,422,206,317,51,43,256,29
RB1_1*IL6_2,RB1*IL6,355,320,350,471,356,305,346,333,595,70,1385,230,247,180,103,698,270
RB1_1*IL6_5,RB1*IL6,1332,911,890,1509,683,1255,981,1166,493,389,334,383,525,183,250,600,201
RB1_1*MFAP5_1,RB1*MFAP5,471,321,335,580,221,190,278,319,13,103,109,180,167,939,136,575,270
RB1_1*MFAP5_3,RB1*MFAP5,1169,994,655,1054,645,747,1984,392,117,127,399,303,408,343,131,568,160
RB1_1*MFAP5_5,RB1*MFAP5,1322,950,923,1273,589,872,1023,568,165,225,451,332,486,82,203,695,173
RB1_1*MPEG1_1,RB1*MPEG1,272,365,221,291,107,204,145,599,527,217,685,214,295,76,67,132,124
RB1_1*MPEG1_4,RB1*MPEG1,21,13,15,29,4,14,14,171,132,240,2847,84,143,54,44,415,66
RB1_1*MPEG1_5,RB1*MPEG1,384,332,359,601,168,304,302,397,674,263,380,218,422,192,120,233,195
RB1_1*MUC16_1,RB1*MUC16,1000,599,684,929,281,426,850,722,185,725,378,380,458,385,97,277,65
RB1_1*MUC16_2,RB1*MUC16,476,365,605,616,290,299,411,519,580,394,643,338,428,116,153,903,186
RB1_1*MUC16_5,RB1*MUC16,479,354,300,561,239,302,516,683,857,535,414,430,551,296,283,840,220
RB1_1*MYSM1_2,RB1*MYSM1,502,403,383,529,576,211,486,500,487,212,859,287,376,83,83,179,156
RB1_1*MYSM1_4,RB1*MYSM1,300,226,248,306,98,221,914,592,1004,424,2443,343,387,1300,105,677,298
RB1_1*MYSM1_5,RB1*MYSM1,265,279,258,556,112,290,260,414,217,166,1216,252,328,208,208,548,121
RB1_1*NT_17,RB1*NT,612,503,426,651,389,478,432,395,608,420,233,301,320,32,31,75,25
RB1_1*NT_18,RB1*NT,373,257,381,397,251,210,389,319,357,283,250,204,247,128,39,197,129
RB1_1*NT_20,RB1*NT,259,154,164,202,69,188,145,332,94,212,288,237,198,15,178,575,166
RB1_1*NT_25,RB1*NT,1783,1491,1490,2593,1256,1260,1169,766,299,455,495,442,629,373,203,273,84
RB1_1*NT_26,RB1*NT,816,665,753,846,495,570,899,432,407,325,410,336,351,114,129,641,221
RB1_1*NT_33,RB1*NT,1366,1391,1097,1623,673,966,1297,506,527,202,268,331,384,72,158,573,200
RB1_1*NT_39,RB1*NT,1558,1513,1597,2378,898,1220,1690,983,444,1713,647,1632,767,134,313,1200,436
RB1_1*NT_57,RB1*NT,107,78,94,100,50,99,72,445,219,1139,3719,277,292,228,133,253,138
RB1_1*NT_6,RB1*NT,529,365,440,551,251,338,370,576,575,2606,450,499,554,423,168,587,422
RB1_1*PDCD1LG2_1,RB1*PDCD1LG2,599,411,448,582,258,386,627,1185,1205,554,1207,593,827,1258,274,991,478
RB1_1*PDCD1LG2_2,RB1*PDCD1LG2,812,472,456,599,204,443,585,460,628,582,120,269,329,109,82,125,221
RB1_1*PDCD1LG2_3,RB1*PDCD1LG2,956,773,773,1391,709,650,760,700,497,213,379,326,420,457,175,492,112
RB1_1*PLA2G2A_2,RB1*PLA2G2A,410,237,235,367,86,331,364,368,496,570,113,235,294,68,118,403,169
RB1_1*PLA2G2A_4,RB1*PLA2G2A,524,395,437,425,421,336,561,362,306,189,342,289,287,56,103,180,106
RB1_1*PLA2G2A_5,RB1*PLA2G2A,102,76,79,107,51,77,82,524,757,13740,3682,315,389,21,137,866,90
RB1_1*PLA2R1_2,RB1*PLA2R1,1419,1520,1033,1787,735,919,1489,1084,847,477,729,608,694,278,264,667,191
RB1_1*PLA2R1_3,RB1*PLA2R1,482,509,580,704,241,369,382,295,168,173,308,217,310,26,15,23,19
RB1_1*PLA2R1_4,RB1*PLA2R1,184,150,121,174,120,112,820,528,992,627,3445,3055,386,290,199,378,88
RB1_1*TLR7_1,RB1*TLR7,1347,1091,1223,1563,742,1087,1651,409,67,68,427,435,409,81,194,374,188
RB1_1*TLR7_2,RB1*TLR7,490,542,505,751,396,366,1079,214,14,128,492,111,204,57,34,228,94
RB1_1*TLR7_5,RB1*TLR7,137,98,117,135,71,98,96,645,196,729,374,362,326,3391,162,562,360
RB1_1*TNFSF15_1,RB1*TNFSF15,57,54,48,36,21,34,40,402,585,155,2250,301,1684,237,351,533,271
RB1_1*TNFSF15_2,RB1*TNFSF15,1229,989,1024,1465,882,1021,865,715,494,486,487,486,590,138,243,777,258
RB1_1*TNFSF15_3,RB1*TNFSF15,1478,1399,1618,1890,1294,1203,2021,790,147,458,1298,402,665,191,196,514,377
RB1_2*BTLA_1,RB1*BTLA,444,389,328,413,217,384,508,831,998,282,699,450,633,316,166,215,150
RB1_2*BTLA_2,RB1*BTLA,382,375,331,407,205,272,409,883,943,669,3551,617,824,563,281,522,287
RB1_2*BTLA_3,RB1*BTLA,893,708,692,838,357,541,781,636,342,232,440,276,488,126,174,885,234
RB1_2*CDH1_1,RB1*CDH1,883,756,759,1159,494,1261,720,806,738,301,353,538,582,228,210,440,234
RB1_2*CDH1_4,RB1*CDH1,2054,1298,1633,1866,853,1164,5805,1609,1440,643,1402,694,819,465,457,624,208
RB1_2*CDH1_5,RB1*CDH1,1409,894,961,1587,325,755,1073,1142,625,726,194,545,822,102,141,429,205
RB1_2*CX3CL1_3,RB1*CX3CL1,633,614,456,602,396,343,415,248,91,154,195,238,270,68,167,320,161
RB1_2*CX3CL1_4,RB1*CX3CL1,434,408,322,351,130,306,395,419,693,204,201,238,348,293,60,359,175
RB1_2*CX3CL1_5,RB1*CX3CL1,764,645,524,652,497,549,667,1096,808,342,639,529,656,238,190,493,314
RB1_2*CXCR2_2,RB1*CXCR2,1874,1447,1414,2429,1010,1127,1522,2389,2203,1796,1178,1602,2015,790,265,446,409
RB1_2*CXCR2_4,RB1*CXCR2,269,344,268,350,200,214,248,252,218,190,140,106,202,104,104,354,82
RB1_2*CXCR2_5,RB1*CXCR2,1218,937,915,1471,1354,607,1680,489,302,305,242,368,393,292,213,544,303
RB1_2*CXCR5_2,RB1*CXCR5,48,40,27,43,33,47,22,575,386,306,88,216,1139,162,48,150,160
RB1_2*CXCR5_3,RB1*CXCR5,352,289,288,315,223,272,303,1313,862,9233,5634,655,835,528,289,750,430
RB1_2*CXCR5_4,RB1*CXCR5,1074,779,991,2229,358,794,1098,387,191,120,89,202,293,133,189,255,231
RB1_2*FCRL6_1,RB1*FCRL6,723,570,680,629,562,410,771,600,789,405,531,446,542,210,107,579,87
RB1_2*FCRL6_4,RB1*FCRL6,169,130,117,178,98,115,107,631,708,2379,269,337,443,1542,127,236,217
RB1_2*FCRL6_5,RB1*FCRL6,545,595,470,706,313,421,634,605,525,273,376,368,474,490,266,351,212
RB1_2*HGF_2,RB1*HGF,488,460,413,504,301,372,392,820,462,3374,738,638,835,588,128,608,273
RB1_2*HGF_4,RB1*HGF,917,698,645,1070,413,686,1049,760,1507,170,461,384,465,173,153,198,268
RB1_2*HGF_5,RB1*HGF,1078,913,889,1264,1990,665,908,561,693,340,206,490,383,464,215,493,123
RB1_2*IL6_1,RB1*IL6,384,439,444,587,242,333,414,881,183,182,5962,329,473,147,26,460,96
RB1_2*IL6_2,RB1*IL6,191,153,169,290,124,128,190,946,456,12566,1337,451,503,375,256,397,335
RB1_2*IL6_5,RB1*IL6,777,659,673,881,623,495,570,857,980,938,767,447,730,425,259,837,295
RB1_2*MFAP5_1,RB1*MFAP5,357,236,256,430,211,314,304,288,351,98,165,154,198,110,20,115,81
RB1_2*MFAP5_3,RB1*MFAP5,717,634,601,661,299,384,440,563,608,417,361,290,420,62,75,239,195
RB1_2*MFAP5_5,RB1*MFAP5,1113,867,856,1386,889,811,1177,749,358,294,475,665,571,211,215,646,214
RB1_2*MPEG1_1,RB1*MPEG1,840,645,561,717,485,694,533,1003,1233,1548,579,379,582,77,130,247,146
RB1_2*MPEG1_4,RB1*MPEG1,212,224,169,287,76,164,246,179,246,89,49,126,131,83,76,120,70
RB1_2*MPEG1_5,RB1*MPEG1,536,425,482,668,754,533,566,709,506,328,924,357,375,76,241,382,88
RB1_2*MUC16_1,RB1*MUC16,1085,953,961,1543,1052,1029,1235,1126,2566,543,551,688,891,292,308,443,195
RB1_2*MUC16_2,RB1*MUC16,1230,1105,1060,1703,1066,1109,1470,736,705,557,628,561,824,317,292,635,360
RB1_2*MUC16_5,RB1*MUC16,470,378,316,520,275,231,486,773,659,760,304,427,536,427,163,556,276
RB1_2*MYSM1_2,RB1*MYSM1,865,733,565,1002,395,614,592,552,853,298,269,309,484,184,97,221,92
RB1_2*MYSM1_4,RB1*MYSM1,536,550,475,683,238,357,477,869,941,2515,808,461,2365,256,274,803,357
RB1_2*MYSM1_5,RB1*MYSM1,319,250,338,382,180,226,164,559,376,343,763,267,487,324,118,316,117
RB1_2*NT_17,RB1*NT,286,194,180,300,84,166,264,432,155,1827,293,245,231,183,62,32,166
RB1_2*NT_18,RB1*NT,1188,698,741,1343,552,727,993,654,464,226,468,341,530,195,149,260,216
RB1_2*NT_20,RB1*NT,120,100,127,147,72,89,127,336,550,1228,218,300,471,18989,35,483,82
RB1_2*NT_25,RB1*NT,1390,1074,1243,1357,935,3695,1339,695,609,508,275,365,556,357,209,337,168
RB1_2*NT_26,RB1*NT,248,173,161,243,114,144,164,447,156,5933,358,218,309,136,177,414,53
RB1_2*NT_33,RB1*NT,288,236,208,279,122,168,161,760,515,1057,521,520,575,3076,186,649,371
RB1_2*NT_39,RB1*NT,1246,1113,848,1229,891,904,1085,1127,616,631,998,604,856,644,317,606,289
RB1_2*NT_57,RB1*NT,399,259,239,395,205,250,452,271,86,702,326,160,192,15,45,42,141
RB1_2*NT_6,RB1*NT,945,719,924,961,615,628,1909,783,1044,1445,615,568,678,461,274,499,189
RB1_2*PDCD1LG2_1,RB1*PDCD1LG2,974,677,646,1087,444,631,893,1513,1129,1723,954,867,897,569,444,1618,466
RB1_2*PDCD1LG2_2,RB1*PDCD1LG2,95,70,62,121,50,70,80,717,886,18773,272,360,504,2507,141,178,231
RB1_2*PDCD1LG2_3,RB1*PDCD1LG2,334,228,229,343,167,204,268,668,2413,298,710,389,855,333,201,822,71
RB1_2*PLA2G2A_2,RB1*PLA2G2A,441,299,289,435,170,171,347,513,324,1666,290,366,422,326,112,277,180
RB1_2*PLA2G2A_4,RB1*PLA2G2A,798,614,643,829,396,661,824,767,336,585,438,311,458,171,104,357,55
RB1_2*PLA2G2A_5,RB1*PLA2G2A,421,461,396,577,389,259,420,626,771,3206,520,370,456,239,130,406,142
RB1_2*PLA2R1_2,RB1*PLA2R1,853,647,573,1002,390,643,973,1742,2827,995,1800,729,980,427,324,522,318
RB1_2*PLA2R1_3,RB1*PLA2R1,733,618,655,876,530,515,1084,488,794,253,543,354,442,138,66,65,82
RB1_2*PLA2R1_4,RB1*PLA2R1,630,564,548,659,242,546,720,729,88,361,3192,413,544,215,96,216,148
RB1_2*TLR7_1,RB1*TLR7,685,536,480,724,425,444,731,513,544,383,376,299,389,126,91,661,122
RB1_2*TLR7_2,RB1*TLR7,280,244,219,341,227,216,275,477,263,140,2329,324,283,164,138,325,115
RB1_2*TLR7_5,RB1*TLR7,178,160,139,234,66,115,183,528,189,585,335,261,833,2225,130,542,304
RB1_2*TNFSF15_1,RB1*TNFSF15,178,149,141,148,110,111,166,348,267,207,1560,324,359,2350,86,425,250
RB1_2*TNFSF15_2,RB1*TNFSF15,583,486,469,690,320,422,447,741,1188,446,545,404,704,1134,126,1106,279
RB1_2*TNFSF15_3,RB1*TNFSF15,1427,556,565,801,330,492,521,819,484,629,1363,524,777,402,195,530,181
RB1_4*BTLA_1,RB1*BTLA,110,99,94,138,79,96,56,955,616,646,309,347,447,10969,126,459,77
RB1_4*BTLA_2,RB1*BTLA,246,206,294,464,185,215,269,314,166,154,5421,234,325,84,121,676,182
RB1_4*BTLA_3,RB1*BTLA,99,79,63,96,43,66,97,428,719,3194,303,184,359,231,145,585,182
RB1_4*CDH1_1,RB1*CDH1,928,648,1145,1544,330,642,2344,500,348,3218,312,261,409,81,112,484,101
RB1_4*CDH1_4,RB1*CDH1,513,373,418,784,316,257,354,755,508,460,624,399,957,615,170,621,208
RB1_4*CDH1_5,RB1*CDH1,747,899,473,882,551,594,603,581,753,346,1054,404,561,41,214,697,157
RB1_4*CX3CL1_3,RB1*CX3CL1,394,268,332,566,213,235,333,190,112,191,221,212,172,58,22,361,26
RB1_4*CX3CL1_4,RB1*CX3CL1,470,339,301,620,236,395,956,529,612,193,2791,360,303,229,134,253,177
RB1_4*CX3CL1_5,RB1*CX3CL1,281,221,168,314,149,132,203,545,798,283,5987,422,378,64,207,612,263
RB1_4*CXCR2_2,RB1*CXCR2,551,382,423,778,232,383,471,842,499,955,434,306,382,82,116,543,110
RB1_4*CXCR2_4,RB1*CXCR2,207,159,203,219,129,87,108,181,22,133,180,131,145,133,45,250,71
RB1_4*CXCR2_5,RB1*CXCR2,66,44,46,88,28,26,64,260,229,3555,221,154,271,1284,104,446,50
RB1_4*CXCR5_2,RB1*CXCR5,46,44,45,38,40,43,22,189,44,3638,4571,120,170,38,57,62,22
RB1_4*CXCR5_3,RB1*CXCR5,452,320,322,520,242,252,386,1060,1000,4832,374,417,582,409,186,1168,208
RB1_4*CXCR5_4,RB1*CXCR5,399,407,254,633,346,206,296,335,337,278,174,196,263,130,40,326,166
RB1_4*FCRL6_1,RB1*FCRL6,592,447,476,582,327,477,461,594,609,1241,477,279,386,100,214,714,125
RB1_4*FCRL6_4,RB1*FCRL6,608,317,327,589,295,361,244,236,93,118,220,116,179,208,116,320,100
RB1_4*FCRL6_5,RB1*FCRL6,514,389,436,629,247,355,327,357,267,155,138,140,257,11,89,174,226
RB1_4*HGF_2,RB1*HGF,266,207,238,398,156,156,238,669,1067,625,13619,394,588,332,258,551,179
RB1_4*HGF_4,RB1*HGF,343,229,297,351,251,213,343,463,670,3240,2088,376,444,99,73,428,101
RB1_4*HGF_5,RB1*HGF,248,219,201,286,157,127,213,545,416,253,3303,311,502,247,80,254,92
RB1_4*IL6_1,RB1*IL6,737,595,630,963,338,576,792,205,259,65,106,110,158,26,20,454,5
RB1_4*IL6_2,RB1*IL6,391,256,228,709,135,182,425,499,657,619,698,137,330,23,183,426,106
RB1_4*IL6_5,RB1*IL6,387,333,324,435,263,327,295,645,823,162,438,539,758,28942,174,703,153
RB1_4*MFAP5_1,RB1*MFAP5,121,105,68,118,32,72,40,213,432,409,110,110,175,79,43,145,76
RB1_4*MFAP5_3,RB1*MFAP5,515,303,311,444,180,288,237,280,270,42,123,162,221,71,60,115,84
RB1_4*MFAP5_5,RB1*MFAP5,699,494,386,778,302,409,470,377,490,288,307,183,282,51,150,353,135
RB1_4*MPEG1_1,RB1*MPEG1,241,205,183,313,242,166,320,427,512,381,284,269,368,4851,148,171,116
RB1_4*MPEG1_4,RB1*MPEG1,177,123,123,174,35,98,1161,137,279,104,131,107,154,3233,31,112,31
RB1_4*MPEG1_5,RB1*MPEG1,201,141,165,220,139,145,204,420,441,474,561,295,377,2092,95,293,207
RB1_4*MUC16_1,RB1*MUC16,830,624,675,706,705,521,665,603,718,333,554,390,526,238,120,283,91
RB1_4*MUC16_2,RB1*MUC16,171,137,157,259,80,137,218,301,229,1456,3703,351,415,177,218,517,100
RB1_4*MUC16_5,RB1*MUC16,209,155,160,267,89,106,156,857,532,4192,2772,576,887,21466,265,962,208
RB1_4*MYSM1_2,RB1*MYSM1,319,268,234,398,130,197,223,402,684,514,192,267,312,297,131,118,211
RB1_4*MYSM1_4,RB1*MYSM1,105,79,74,131,82,78,31,448,186,4028,1663,321,380,161,155,528,103
RB1_4*MYSM1_5,RB1*MYSM1,214,183,154,272,110,151,186,427,1045,356,1174,351,436,975,120,434,167
RB1_4*NT_17,RB1*NT,606,442,416,568,310,284,385,315,529,76,288,213,368,178,15,152,11
RB1_4*NT_18,RB1*NT,379,305,382,389,208,171,335,361,425,408,385,275,270,94,77,266,62
RB1_4*NT_20,RB1*NT,401,309,274,399,252,433,433,301,441,171,462,184,224,153,79,118,84
RB1_4*NT_25,RB1*NT,495,432,363,771,223,297,305,896,937,4135,683,650,915,406,165,588,76
RB1_4*NT_26,RB1*NT,555,438,363,502,329,293,530,467,530,81,1621,343,422,314,75,664,140
RB1_4*NT_33,RB1*NT,780,481,483,804,366,418,667,638,932,383,332,362,524,137,248,699,193
RB1_4*NT_39,RB1*NT,639,445,413,639,360,435,663,850,592,1112,890,542,534,264,269,1187,274
RB1_4*NT_57,RB1*NT,277,220,170,301,127,204,228,387,424,192,2889,224,292,46,83,323,136
RB1_4*NT_6,RB1*NT,881,562,538,880,383,1421,713,434,478,202,202,1153,360,70,157,427,79
RB1_4*PDCD1LG2_1,RB1*PDCD1LG2,861,641,779,1110,597,543,953,1271,1611,944,955,3153,967,808,172,760,110
RB1_4*PDCD1LG2_2,RB1*PDCD1LG2,455,421,268,502,121,274,470,283,245,628,123,167,272,104,77,285,100
RB1_4*PDCD1LG2_3,RB1*PDCD1LG2,375,247,299,380,208,380,374,494,298,431,1245,357,431,200,131,178,115
RB1_4*PLA2G2A_2,RB1*PLA2G2A,252,170,218,265,178,164,430,278,186,104,131,161,207,668,75,432,33
RB1_4*PLA2G2A_4,RB1*PLA2G2A,321,212,226,452,164,205,444,294,211,545,369,220,259,206,49,103,123
RB1_4*PLA2G2A_5,RB1*PLA2G2A,373,263,370,428,209,308,228,534,230,177,425,299,333,623,109,565,23
RB1_4*PLA2R1_2,RB1*PLA2R1,677,490,504,731,285,391,581,1170,1069,1454,1175,884,920,3336,302,964,184
RB1_4*PLA2R1_3,RB1*PLA2R1,234,182,178,276,79,129,254,447,210,1527,390,1056,358,87,61,88,86
RB1_4*PLA2R1_4,RB1*PLA2R1,610,577,412,692,525,391,555,625,756,2023,273,307,346,329,155,1157,118
RB1_4*TLR7_1,RB1*TLR7,165,122,121,156,120,118,135,638,798,5887,948,442,983,164,222,609,160
RB1_4*TLR7_2,RB1*TLR7,132,96,102,226,90,81,100,257,118,265,3686,205,192,166,84,268,72
RB1_4*TLR7_5,RB1*TLR7,151,133,114,175,70,93,102,363,233,110,254,221,270,3362,151,406,65
RB1_4*TNFSF15_1,RB1*TNFSF15,76,43,75,87,21,35,47,413,207,3181,4412,176,301,294,231,311,85
RB1_4*TNFSF15_2,RB1*TNFSF15,341,184,228,374,230,181,226,691,1036,6416,363,264,424,91,212,658,225
RB1_4*TNFSF15_3,RB1*TNFSF15,631,382,378,494,315,315,496,862,1263,617,443,512,525,239,253,493,190
SERPINB5_2*BTLA_1,SERPINB5*BTLA,679,587,522,548,370,569,284,489,211,223,143,325,358,131,227,526,189
SERPINB5_2*BTLA_2,SERPINB5*BTLA,675,646,523,618,455,559,1055,616,651,423,303,319,405,109,158,888,234
SERPINB5_2*BTLA_3,SERPINB5*BTLA,532,470,434,441,446,397,238,333,279,299,147,192,265,299,32,197,53
SERPINB5_2*CDH1_1,SERPINB5*CDH1,362,277,357,413,149,270,463,205,181,97,200,116,172,29,52,295,161
SERPINB5_2*CDH1_4,SERPINB5*CDH1,341,323,344,300,239,245,324,326,218,1772,110,194,272,510,200,181,87
SERPINB5_2*CDH1_5,SERPINB5*CDH1,1498,1264,1389,1819,1285,1032,1037,1181,856,467,749,721,912,307,185,631,232
SERPINB5_2*CX3CL1_3,SERPINB5*CX3CL1,388,359,356,514,278,238,166,107,5,38,29,65,138,6,99,68,12
SERPINB5_2*CX3CL1_4,SERPINB5*CX3CL1,724,678,567,810,251,562,673,447,252,323,154,239,390,330,126,434,163
SERPINB5_2*CX3CL1_5,SERPINB5*CX3CL1,1185,1056,1042,1727,1073,1201,846,522,152,348,359,342,380,381,88,177,163
SERPINB5_2*CXCR2_2,SERPINB5*CXCR2,394,393,345,590,287,319,375,559,815,149,442,372,467,372,130,353,200
SERPINB5_2*CXCR2_4,SERPINB5*CXCR2,366,366,300,413,278,260,538,144,20,44,192,121,191,24,23,265,49
SERPINB5_2*CXCR2_5,SERPINB5*CXCR2,378,323,205,426,263,204,313,626,149,107,241,194,346,211,67,309,189
SERPINB5_2*CXCR5_2,SERPINB5*CXCR5,1129,1011,1123,1482,892,1534,7273,313,443,86,177,153,264,258,59,311,51
SERPINB5_2*CXCR5_3,SERPINB5*CXCR5,802,573,488,618,576,714,672,671,383,224,298,301,552,110,225,490,298
SERPINB5_2*CXCR5_4,SERPINB5*CXCR5,448,435,357,599,261,442,285,270,163,49,53,119,205,48,132,96,64
SERPINB5_2*FCRL6_1,SERPINB5*FCRL6,520,372,376,599,248,468,628,379,358,326,228,294,350,248,37,137,85
SERPINB5_2*FCRL6_4,SERPINB5*FCRL6,527,444,646,479,306,294,2451,247,243,39,193,211,253,146,45,797,112
SERPINB5_2*FCRL6_5,SERPINB5*FCRL6,415,276,309,574,202,450,267,208,164,126,155,79,115,6,2,113,59
SERPINB5_2*HGF_2,SERPINB5*HGF,797,808,761,936,490,657,635,524,122,189,285,303,404,156,92,434,280
SERPINB5_2*HGF_4,SERPINB5*HGF,2119,1545,1390,2899,1762,1938,1759,340,593,421,24,228,278,50,73,33,35
SERPINB5_2*HGF_5,SERPINB5*HGF,473,409,368,438,228,317,394,239,292,174,113,191,178,49,219,96,57
SERPINB5_2*IL6_1,SERPINB5*IL6,156,122,87,187,37,126,104,179,93,157,123,124,146,118,37,79,18
SERPINB5_2*IL6_2,SERPINB5*IL6,104,83,83,107,50,90,83,299,278,2789,241,156,253,108,69,300,136
SERPINB5_2*IL6_5,SERPINB5*IL6,425,608,390,490,106,288,1005,364,216,223,199,200,355,265,120,147,268
SERPINB5_2*MFAP5_1,SERPINB5*MFAP5,503,577,381,638,271,258,719,461,558,187,240,214,206,29,76,389,206
SERPINB5_2*MFAP5_3,SERPINB5*MFAP5,153,131,68,196,57,154,174,168,9,215,107,735,153,109,44,60,2
SERPINB5_2*MFAP5_5,SERPINB5*MFAP5,531,423,341,528,247,462,524,438,225,170,283,233,345,223,94,458,30
SERPINB5_2*MPEG1_1,SERPINB5*MPEG1,1692,1516,1616,2371,954,2052,1519,917,306,912,926,571,729,522,103,647,142
SERPINB5_2*MPEG1_4,SERPINB5*MPEG1,195,217,261,322,118,214,272,140,123,25,84,104,134,24,76,155,99
SERPINB5_2*MPEG1_5,SERPINB5*MPEG1,379,337,311,442,90,276,386,358,259,194,480,259,338,156,116,209,85
SERPINB5_2*MUC16_1,SERPINB5*MUC16,907,754,938,1357,758,762,1129,516,550,324,426,407,562,477,106,252,90
SERPINB5_2*MUC16_2,SERPINB5*MUC16,309,208,198,243,85,209,144,275,261,71,222,153,176,132,43,135,88
SERPINB5_2*MUC16_5,SERPINB5*MUC16,87,90,72,106,50,71,84,486,700,395,3516,419,871,1712,105,306,137
SERPINB5_2*MYSM1_2,SERPINB5*MYSM1,115,94,129,118,84,83,121,283,138,2596,75,114,217,60,32,109,185
SERPINB5_2*MYSM1_4,SERPINB5*MYSM1,561,576,487,659,321,573,620,467,245,2692,172,287,361,20,330,396,281
SERPINB5_2*MYSM1_5,SERPINB5*MYSM1,520,332,352,410,249,245,317,451,101,1076,4487,367,426,89,174,406,158
SERPINB5_2*NT_17,SERPINB5*NT,400,269,319,335,124,278,281,289,34,103,215,170,292,141,15,136,46
SERPINB5_2*NT_18,SERPINB5*NT,1256,816,1007,772,630,1022,1507,188,84,134,4,144,198,22,44,152,101
SERPINB5_2*NT_20,SERPINB5*NT,83,65,45,77,42,37,71,285,616,2958,499,188,207,41,93,510,57
SERPINB5_2*NT_25,SERPINB5*NT,480,398,433,741,332,314,604,402,187,221,211,291,370,256,98,369,105
SERPINB5_2*NT_26,SERPINB5*NT,249,186,118,294,167,221,181,302,666,473,243,428,233,150,86,451,180
SERPINB5_2*NT_33,SERPINB5*NT,811,863,712,1264,470,804,508,290,32,209,81,186,209,99,79,239,104
SERPINB5_2*NT_39,SERPINB5*NT,500,576,437,490,460,376,420,405,262,445,1206,346,407,114,249,467,128
SERPINB5_2*NT_57,SERPINB5*NT,111,99,72,167,86,60,99,191,68,107,191,64,123,7,18,0,0
SERPINB5_2*NT_6,SERPINB5*NT,1269,1019,1005,1309,620,967,1121,341,537,253,127,292,316,29,98,602,113
SERPINB5_2*PDCD1LG2_1,SERPINB5*PDCD1LG2,868,765,846,963,479,765,721,963,715,501,2285,556,749,288,98,623,442
SERPINB5_2*PDCD1LG2_2,SERPINB5*PDCD1LG2,566,423,513,435,336,548,343,386,346,232,1032,312,400,44,148,222,134
SERPINB5_2*PDCD1LG2_3,SERPINB5*PDCD1LG2,464,448,410,381,283,281,408,313,85,53,209,119,213,278,68,376,97
SERPINB5_2*PLA2G2A_2,SERPINB5*PLA2G2A,50,49,41,56,62,38,110,172,490,174,462,109,195,4233,13,315,55
SERPINB5_2*PLA2G2A_4,SERPINB5*PLA2G2A,514,505,486,729,371,304,768,268,439,106,214,200,227,194,52,637,118
SERPINB5_2*PLA2G2A_5,SERPINB5*PLA2G2A,595,450,461,631,317,560,770,441,128,345,907,277,348,116,55,275,185
SERPINB5_2*PLA2R1_2,SERPINB5*PLA2R1,1154,1003,961,1263,777,911,1469,709,992,385,494,568,767,222,204,668,160
SERPINB5_2*PLA2R1_3,SERPINB5*PLA2R1,463,335,286,484,234,254,407,253,23,102,184,149,182,46,56,1,27
SERPINB5_2*PLA2R1_4,SERPINB5*PLA2R1,319,295,240,299,216,200,282,817,1149,10077,482,343,455,158,202,317,173
SERPINB5_2*TLR7_1,SERPINB5*TLR7,433,483,442,582,364,324,430,286,234,304,257,223,263,155,146,356,164
SERPINB5_2*TLR7_2,SERPINB5*TLR7,313,314,196,389,163,201,443,156,64,232,72,109,177,148,22,97,28
SERPINB5_2*TLR7_5,SERPINB5*TLR7,589,422,487,740,315,551,482,224,41,172,191,210,189,39,67,23,74
SERPINB5_2*TNFSF15_1,SERPINB5*TNFSF15,245,239,269,254,105,1960,179,294,876,3071,210,224,400,300,101,396,84
SERPINB5_2*TNFSF15_2,SERPINB5*TNFSF15,469,339,404,448,180,262,525,518,335,325,210,410,514,203,108,565,51
SERPINB5_2*TNFSF15_3,SERPINB5*TNFSF15,198,228,172,272,132,177,312,431,312,7106,130,174,364,123,45,278,170
SERPINB5_4*BTLA_1,SERPINB5*BTLA,579,635,500,645,358,361,550,711,234,542,655,550,539,745,184,603,280
SERPINB5_4*BTLA_2,SERPINB5*BTLA,242,185,180,184,101,185,196,729,984,2989,464,552,729,13033,236,527,360
SERPINB5_4*BTLA_3,SERPINB5*BTLA,841,686,703,1780,307,775,562,509,580,114,222,258,364,51,173,533,213
SERPINB5_4*CDH1_1,SERPINB5*CDH1,493,452,241,528,214,224,385,337,33,117,2167,292,402,60,64,179,114
SERPINB5_4*CDH1_4,SERPINB5*CDH1,699,687,550,731,329,514,570,1384,1415,2957,914,813,992,949,339,1117,583
SERPINB5_4*CDH1_5,SERPINB5*CDH1,800,777,774,1061,352,763,863,1142,1284,1315,801,648,1008,600,235,601,222
SERPINB5_4*CX3CL1_3,SERPINB5*CX3CL1,1163,922,1141,1145,517,837,1242,541,264,182,69,213,371,51,172,198,133
SERPINB5_4*CX3CL1_4,SERPINB5*CX3CL1,866,690,734,1291,608,773,995,686,474,647,698,522,1046,517,203,550,327
SERPINB5_4*CX3CL1_5,SERPINB5*CX3CL1,1004,923,873,1301,686,846,1118,789,817,1116,769,380,597,350,212,1049,451
SERPINB5_4*CXCR2_2,SERPINB5*CXCR2,1389,1389,1181,1475,743,1017,1299,1044,479,474,465,761,829,378,287,532,269
SERPINB5_4*CXCR2_4,SERPINB5*CXCR2,280,257,238,335,62,108,166,225,458,75,29,216,180,107,98,153,119
SERPINB5_4*CXCR2_5,SERPINB5*CXCR2,751,596,400,519,260,660,604,412,814,224,152,281,411,234,136,176,160
SERPINB5_4*CXCR5_2,SERPINB5*CXCR5,644,527,1591,625,274,311,433,468,376,346,171,261,283,78,74,287,161
SERPINB5_4*CXCR5_3,SERPINB5*CXCR5,608,491,612,734,408,654,383,1234,1505,763,764,646,809,6336,181,588,263
SERPINB5_4*CXCR5_4,SERPINB5*CXCR5,72,63,49,59,48,52,71,385,270,23509,198,137,204,25,105,335,85
SERPINB5_4*FCRL6_1,SERPINB5*FCRL6,740,717,702,1174,639,531,805,680,270,505,2527,570,711,407,189,224,234
SERPINB5_4*FCRL6_4,SERPINB5*FCRL6,679,502,565,842,513,390,726,651,269,303,307,284,297,137,206,559,127
SERPINB5_4*FCRL6_5,SERPINB5*FCRL6,352,294,335,335,250,237,363,335,282,63,173,248,277,310,74,209,195
SERPINB5_4*HGF_2,SERPINB5*HGF,1249,1098,1104,1910,773,1038,1570,759,358,633,1163,403,665,239,166,509,115
SERPINB5_4*HGF_4,SERPINB5*HGF,414,341,347,427,173,319,337,536,733,442,600,441,497,246,48,143,142
SERPINB5_4*HGF_5,SERPINB5*HGF,1032,940,910,936,599,778,727,537,208,235,152,321,376,18,91,283,185
SERPINB5_4*IL6_1,SERPINB5*IL6,1344,962,892,1375,617,966,807,420,250,184,232,254,451,111,72,182,153
SERPINB5_4*IL6_2,SERPINB5*IL6,199,170,190,270,87,141,211,560,774,408,314,435,568,4243,152,815,193
SERPINB5_4*IL6_5,SERPINB5*IL6,379,368,335,476,309,254,402,852,681,507,2660,1611,927,7283,200,342,113
SERPINB5_4*MFAP5_1,SERPINB5*MFAP5,585,551,583,612,440,461,532,488,461,211,459,348,449,311,256,726,283
SERPINB5_4*MFAP5_3,SERPINB5*MFAP5,678,1135,392,563,356,415,461,486,547,2626,282,317,414,58,219,411,410
SERPINB5_4*MFAP5_5,SERPINB5*MFAP5,460,444,456,618,510,333,320,706,777,462,3009,438,593,313,84,887,166
SERPINB5_4*MPEG1_1,SERPINB5*MPEG1,641,569,480,633,336,459,638,685,557,414,447,549,850,654,216,482,111
SERPINB5_4*MPEG1_4,SERPINB5*MPEG1,444,268,279,455,287,247,370,282,175,237,184,172,225,285,136,184,58
SERPINB5_4*MPEG1_5,SERPINB5*MPEG1,2154,1821,1583,1773,6826,1444,2662,498,166,237,643,253,372,123,93,301,93
SERPINB5_4*MUC16_1,SERPINB5*MUC16,1152,1010,1086,1402,791,927,870,1092,953,883,739,517,667,295,161,341,70
SERPINB5_4*MUC16_2,SERPINB5*MUC16,697,582,706,716,350,588,3030,747,769,3128,622,526,654,693,195,481,255
SERPINB5_4*MUC16_5,SERPINB5*MUC16,1177,1119,1166,1480,820,1065,1338,923,824,352,1521,543,854,563,228,387,198
SERPINB5_4*MYSM1_2,SERPINB5*MYSM1,1212,1077,1095,1083,971,970,1080,468,688,372,160,317,410,95,59,450,218
SERPINB5_4*MYSM1_4,SERPINB5*MYSM1,331,264,266,375,144,210,257,492,535,190,1575,400,559,8613,209,714,339
SERPINB5_4*MYSM1_5,SERPINB5*MYSM1,897,753,874,1635,748,661,900,519,435,314,350,405,512,440,134,564,99
SERPINB5_4*NT_17,SERPINB5*NT,249,190,214,157,137,192,358,356,293,486,258,245,350,355,67,111,5
SERPINB5_4*NT_18,SERPINB5*NT,738,721,569,933,405,657,1264,581,238,353,446,424,534,360,61,412,131
SERPINB5_4*NT_20,SERPINB5*NT,455,508,476,625,354,878,522,672,282,456,343,288,416,351,119,312,149
SERPINB5_4*NT_25,SERPINB5*NT,550,504,417,491,323,445,481,672,859,2709,606,374,521,417,255,383,121
SERPINB5_4*NT_26,SERPINB5*NT,1494,1327,1118,2317,1064,1154,902,648,369,256,382,393,525,243,167,1271,139
SERPINB5_4*NT_33,SERPINB5*NT,328,273,288,450,220,314,424,1030,801,5452,803,531,1951,469,192,630,303
SERPINB5_4*NT_39,SERPINB5*NT,1440,1219,1985,1456,924,1045,1007,950,1640,561,612,767,941,431,250,850,250
SERPINB5_4*NT_57,SERPINB5*NT,154,109,114,147,65,130,151,380,2452,185,2039,211,297,62,11,225,33
SERPINB5_4*NT_6,SERPINB5*NT,895,822,804,936,778,649,986,790,1206,422,473,480,612,214,123,683,168
SERPINB5_4*PDCD1LG2_1,SERPINB5*PDCD1LG2,1388,886,1031,1436,512,832,819,972,775,1088,688,512,892,398,360,904,426
SERPINB5_4*PDCD1LG2_2,SERPINB5*PDCD1LG2,1203,724,828,1006,645,588,475,436,420,102,584,249,387,97,93,197,201
SERPINB5_4*PDCD1LG2_3,SERPINB5*PDCD1LG2,895,869,739,1050,715,783,684,813,927,694,595,465,647,92,450,863,201
SERPINB5_4*PLA2G2A_2,SERPINB5*PLA2G2A,743,652,658,1295,541,6308,509,316,298,128,86,495,243,180,86,287,59
SERPINB5_4*PLA2G2A_4,SERPINB5*PLA2G2A,1083,654,614,819,483,500,816,671,901,364,223,329,560,333,127,376,103
SERPINB5_4*PLA2G2A_5,SERPINB5*PLA2G2A,2056,1577,1409,2700,978,1212,2018,633,510,589,228,609,507,204,211,317,222
SERPINB5_4*PLA2R1_2,SERPINB5*PLA2R1,1829,1308,1239,1626,951,1163,1854,1014,706,700,697,749,835,239,231,644,348
SERPINB5_4*PLA2R1_3,SERPINB5*PLA2R1,1578,1312,1154,1792,1183,914,13702,651,580,316,390,436,527,209,172,237,90
SERPINB5_4*PLA2R1_4,SERPINB5*PLA2R1,911,757,611,1185,505,576,1186,765,1169,499,824,504,723,211,364,728,230
SERPINB5_4*TLR7_1,SERPINB5*TLR7,522,311,326,397,269,334,486,714,356,4486,2467,377,922,152,217,465,227
SERPINB5_4*TLR7_2,SERPINB5*TLR7,259,184,156,188,212,170,103,129,6,151,104,119,118,4,2,63,29
SERPINB5_4*TLR7_5,SERPINB5*TLR7,628,661,664,773,442,417,538,391,215,352,282,258,283,17,178,82,45
SERPINB5_4*TNFSF15_1,SERPINB5*TNFSF15,462,445,432,651,136,418,704,525,399,267,141,234,342,138,223,552,201
SERPINB5_4*TNFSF15_2,SERPINB5*TNFSF15,348,314,337,461,263,307,442,984,483,10622,552,440,620,603,281,550,211
SERPINB5_4*TNFSF15_3,SERPINB5*TNFSF15,1348,1135,1188,1559,1305,964,2398,687,270,712,370,408,559,172,294,567,295
SERPINB5_5*BTLA_1,SERPINB5*BTLA,833,746,1480,1068,622,739,893,1225,1921,984,1445,757,899,282,426,1712,613
SERPINB5_5*BTLA_2,SERPINB5*BTLA,1235,1078,912,1944,853,921,2249,1340,1376,707,2922,985,960,666,464,1464,516
SERPINB5_5*BTLA_3,SERPINB5*BTLA,582,478,424,526,324,427,957,918,1076,799,2312,660,734,5735,259,883,422
SERPINB5_5*CDH1_1,SERPINB5*CDH1,639,374,378,477,336,410,482,1231,689,1786,4136,703,1523,520,473,1325,495
SERPINB5_5*CDH1_4,SERPINB5*CDH1,940,690,683,1093,343,567,899,1615,1224,2689,7017,1150,1329,549,416,2037,734
SERPINB5_5*CDH1_5,SERPINB5*CDH1,2095,1822,1715,2430,1294,1276,2358,1648,1228,812,1031,997,1418,649,658,1644,736
SERPINB5_5*CX3CL1_3,SERPINB5*CX3CL1,972,724,647,1046,490,970,852,534,561,350,509,383,417,76,97,592,204
SERPINB5_5*CX3CL1_4,SERPINB5*CX3CL1,1272,1011,1022,1428,696,1062,3356,1910,1122,8977,2231,871,1196,532,475,1355,496
SERPINB5_5*CX3CL1_5,SERPINB5*CX3CL1,769,667,680,795,518,548,1547,1414,1504,5554,2397,829,1125,399,493,1256,588
SERPINB5_5*CXCR2_2,SERPINB5*CXCR2,979,719,739,1134,625,727,753,1881,1470,11208,1460,1011,1327,651,338,1181,822
SERPINB5_5*CXCR2_4,SERPINB5*CXCR2,394,221,300,368,212,260,391,500,195,404,449,299,269,269,99,606,98
SERPINB5_5*CXCR2_5,SERPINB5*CXCR2,388,291,335,387,205,250,277,888,259,1315,3847,391,482,112,330,786,416
SERPINB5_5*CXCR5_2,SERPINB5*CXCR5,985,801,926,9515,426,630,932,611,476,2715,428,467,497,298,198,542,298
SERPINB5_5*CXCR5_3,SERPINB5*CXCR5,1645,1447,1215,2340,1013,1314,1304,2095,2118,1184,5873,1019,1497,896,548,1824,826
SERPINB5_5*CXCR5_4,SERPINB5*CXCR5,176,163,214,174,88,158,143,387,869,5264,246,224,322,226,151,307,181
SERPINB5_5*FCRL6_1,SERPINB5*FCRL6,1118,950,924,1214,593,930,1085,1648,986,1813,719,790,1065,734,264,1085,311
SERPINB5_5*FCRL6_4,SERPINB5*FCRL6,304,296,376,350,218,195,264,752,1420,4350,1287,496,693,337,444,836,474
SERPINB5_5*FCRL6_5,SERPINB5*FCRL6,138,96,102,104,47,75,61,747,608,1845,3900,425,517,380,284,414,266
SERPINB5_5*HGF_2,SERPINB5*HGF,828,707,712,1124,562,640,753,1981,2282,11838,4196,1180,1584,632,425,1735,775
SERPINB5_5*HGF_4,SERPINB5*HGF,1416,1095,1190,1574,657,1053,1453,1245,1292,859,928,756,1155,556,244,452,255
SERPINB5_5*HGF_5,SERPINB5*HGF,805,702,521,646,318,635,1289,742,953,707,1046,569,704,290,286,594,285
SERPINB5_5*IL6_1,SERPINB5*IL6,895,885,859,1248,409,633,1238,686,207,411,520,314,476,251,271,850,161
SERPINB5_5*IL6_2,SERPINB5*IL6,14428,11329,13176,15861,8489,10870,11351,210731,198565,130287,144724,147186,202251,109227,353,973,405
SERPINB5_5*IL6_5,SERPINB5*IL6,903,689,727,888,469,560,854,1706,1879,681,2214,951,1302,4022,640,1530,716
SERPINB5_5*MFAP5_1,SERPINB5*MFAP5,282,213,255,398,221,204,235,733,693,573,2499,505,642,9152,226,352,350
SERPINB5_5*MFAP5_3,SERPINB5*MFAP5,330,292,272,319,186,374,358,946,725,5209,899,518,718,590,239,869,299
SERPINB5_5*MFAP5_5,SERPINB5*MFAP5,719,721,508,758,358,456,555,1714,1857,8238,1046,991,1252,1009,385,582,507
SERPINB5_5*MPEG1_1,SERPINB5*MPEG1,1143,913,972,1545,797,859,1251,1224,1485,3811,1507,619,1171,564,181,884,221
SERPINB5_5*MPEG1_4,SERPINB5*MPEG1,182,176,126,237,98,127,241,523,460,5748,241,305,374,307,69,308,195
SERPINB5_5*MPEG1_5,SERPINB5*MPEG1,262,229,223,306,104,160,271,770,1178,1002,6704,2913,768,281,200,628,465
SERPINB5_5*MUC16_1,SERPINB5*MUC16,1347,1135,1143,1930,516,1310,1655,1716,1292,1574,1026,1021,1250,542,325,364,344
SERPINB5_5*MUC16_2,SERPINB5*MUC16,239,209,196,346,118,190,199,1563,1481,14468,4701,2145,1166,510,643,1132,317
SERPINB5_5*MUC16_5,SERPINB5*MUC16,1639,1307,1337,1982,935,1070,1466,1151,878,1282,980,760,1031,526,537,2183,398
SERPINB5_5*MYSM1_2,SERPINB5*MYSM1,1494,1275,1320,1810,950,1016,1280,1155,797,509,529,755,983,375,339,1026,465
SERPINB5_5*MYSM1_4,SERPINB5*MYSM1,753,710,853,873,418,859,2506,1054,901,1681,2547,511,772,184,610,1204,515
SERPINB5_5*MYSM1_5,SERPINB5*MYSM1,536,426,419,809,204,374,636,995,1276,2252,684,630,822,347,358,919,216
SERPINB5_5*NT_17,SERPINB5*NT,724,595,810,739,511,604,1186,928,742,604,577,549,627,330,140,453,98
SERPINB5_5*NT_18,SERPINB5*NT,1223,902,953,1399,543,928,1114,1608,1831,2800,928,926,1235,378,132,676,245
SERPINB5_5*NT_20,SERPINB5*NT,1454,1140,1101,1427,878,1104,1528,865,725,612,427,701,657,339,161,1095,168
SERPINB5_5*NT_25,SERPINB5*NT,2579,1881,1960,3780,1018,1359,2068,1486,1474,556,843,866,1069,390,479,988,461
SERPINB5_5*NT_26,SERPINB5*NT,271,208,221,285,207,222,283,1211,804,15573,6378,759,883,432,234,1079,486
SERPINB5_5*NT_33,SERPINB5*NT,1184,1145,981,1467,774,940,936,1216,1298,970,3558,929,1155,742,738,1839,438
SERPINB5_5*NT_39,SERPINB5*NT,1135,912,853,1132,635,1797,1233,1879,1864,3890,4795,1077,1413,747,682,1327,765
SERPINB5_5*NT_57,SERPINB5*NT,622,540,517,730,403,484,547,1266,1438,801,7823,692,950,275,283,885,289
SERPINB5_5*NT_6,SERPINB5*NT,312,245,213,359,204,225,270,1172,1285,11292,8521,741,927,650,262,729,317
SERPINB5_5*PDCD1LG2_1,SERPINB5*PDCD1LG2,1774,1683,1667,1978,1064,1275,1922,2668,2916,3236,1472,1548,2053,722,649,2271,679
SERPINB5_5*PDCD1LG2_2,SERPINB5*PDCD1LG2,660,481,512,604,403,473,680,932,868,562,2982,495,869,619,344,924,418
SERPINB5_5*PDCD1LG2_3,SERPINB5*PDCD1LG2,1342,1210,1185,1644,726,947,1567,1311,1533,702,911,848,1027,269,260,768,390
SERPINB5_5*PLA2G2A_2,SERPINB5*PLA2G2A,554,463,482,737,194,308,497,471,490,712,173,400,489,306,141,595,412
SERPINB5_5*PLA2G2A_4,SERPINB5*PLA2G2A,709,651,629,877,622,583,648,1081,1276,727,10221,727,833,219,395,1046,273
SERPINB5_5*PLA2G2A_5,SERPINB5*PLA2G2A,1820,1446,1439,2258,1286,1370,1503,841,852,811,534,517,757,196,173,935,254
SERPINB5_5*PLA2R1_2,SERPINB5*PLA2R1,1568,1525,1253,1551,753,1053,1532,1867,1194,3454,657,1240,2316,778,430,1551,596
SERPINB5_5*PLA2R1_3,SERPINB5*PLA2R1,388,332,311,454,156,249,375,756,760,405,1871,696,647,811,108,292,158
SERPINB5_5*PLA2R1_4,SERPINB5*PLA2R1,867,808,869,1013,524,607,2028,1544,1531,2620,4208,876,1126,738,622,1711,629
SERPINB5_5*TLR7_1,SERPINB5*TLR7,1128,927,1397,1607,828,720,995,1523,1728,832,760,789,881,546,521,841,501
SERPINB5_5*TLR7_2,SERPINB5*TLR7,137,111,90,134,89,97,163,713,576,3681,5246,877,620,327,282,1054,101
SERPINB5_5*TLR7_5,SERPINB5*TLR7,1215,597,537,1089,2758,569,604,616,481,3604,357,352,879,265,329,921,308
SERPINB5_5*TNFSF15_1,SERPINB5*TNFSF15,297,264,245,455,149,216,208,622,473,406,309,479,591,9802,163,755,279
SERPINB5_5*TNFSF15_2,SERPINB5*TNFSF15,1160,790,937,1857,702,687,972,1650,1782,5421,4975,1277,1411,709,525,2032,783
SERPINB5_5*TNFSF15_3,SERPINB5*TNFSF15,384,320,291,459,243,338,342,1681,1121,14143,1621,917,1425,16046,603,1456,655
SMAD4_2*BTLA_1,SMAD4*BTLA,155,84,100,126,76,81,128,405,247,2360,1635,299,319,275,104,134,166
SMAD4_2*BTLA_2,SMAD4*BTLA,406,287,218,583,186,279,407,300,408,174,160,278,258,61,86,503,128
SMAD4_2*BTLA_3,SMAD4*BTLA,582,598,429,663,438,423,1851,522,448,465,502,298,346,382,206,804,206
SMAD4_2*CDH1_1,SMAD4*CDH1,73,69,52,79,23,56,53,419,307,1805,6179,397,405,192,115,57,94
SMAD4_2*CDH1_4,SMAD4*CDH1,135,115,126,142,68,106,133,803,1069,7905,583,540,577,5731,230,689,285
SMAD4_2*CDH1_5,SMAD4*CDH1,686,760,523,619,282,531,592,790,1435,179,392,398,516,269,187,1099,175
SMAD4_2*CX3CL1_3,SMAD4*CX3CL1,111,76,148,117,27,20,94,110,153,119,124,39,98,5,181,223,10
SMAD4_2*CX3CL1_4,SMAD4*CX3CL1,101,86,73,115,44,82,54,500,311,939,693,649,281,376,52,519,78
SMAD4_2*CX3CL1_5,SMAD4*CX3CL1,222,198,197,328,123,167,222,458,794,264,2531,360,399,55,143,541,183
SMAD4_2*CXCR2_2,SMAD4*CXCR2,501,418,392,582,322,447,359,509,637,446,229,351,485,151,190,618,199
SMAD4_2*CXCR2_4,SMAD4*CXCR2,166,139,121,217,98,100,44,164,317,151,76,85,144,27,32,325,6
SMAD4_2*CXCR2_5,SMAD4*CXCR2,755,486,484,759,515,527,495,294,15,58,331,125,225,81,53,85,111
SMAD4_2*CXCR5_2,SMAD4*CXCR5,217,119,125,177,76,86,84,175,92,24,89,59,127,6,31,10,37
SMAD4_2*CXCR5_3,SMAD4*CXCR5,282,245,186,367,166,613,240,536,389,10776,226,324,351,456,87,580,223
SMAD4_2*CXCR5_4,SMAD4*CXCR5,211,153,235,302,127,175,121,611,27,374,362,188,221,57,58,116,88
SMAD4_2*FCRL6_1,SMAD4*FCRL6,537,383,438,514,261,360,523,369,352,311,291,162,279,135,137,344,140
SMAD4_2*FCRL6_4,SMAD4*FCRL6,143,139,141,163,79,111,68,475,767,3336,622,528,871,47995,231,620,269
SMAD4_2*FCRL6_5,SMAD4*FCRL6,414,411,410,453,286,335,256,273,21,49,239,315,271,13777,24,130,84
SMAD4_2*HGF_2,SMAD4*HGF,450,378,352,564,361,483,489,800,1047,670,1014,431,505,140,104,509,226
SMAD4_2*HGF_4,SMAD4*HGF,375,240,336,504,265,185,233,663,458,386,204,297,488,1757,79,92,84
SMAD4_2*HGF_5,SMAD4*HGF,662,611,704,1097,314,659,367,419,760,180,300,231,270,55,178,88,182
SMAD4_2*IL6_1,SMAD4*IL6,230,214,238,181,85,160,207,200,151,62,3220,194,274,38,34,162,35
SMAD4_2*IL6_2,SMAD4*IL6,721,510,545,499,397,510,460,524,167,153,88,307,328,75,134,118,108
SMAD4_2*IL6_5,SMAD4*IL6,445,376,403,658,201,322,685,601,579,255,235,254,509,250,91,535,112
SMAD4_2*MFAP5_1,SMAD4*MFAP5,346,311,342,427,237,797,254,190,388,95,99,106,130,15,4,51,5
SMAD4_2*MFAP5_3,SMAD4*MFAP5,245,162,183,208,148,144,153,242,937,161,130,237,206,267,33,40,96
SMAD4_2*MFAP5_5,SMAD4*MFAP5,215,324,201,325,146,180,156,347,500,408,213,191,224,82,38,382,47
SMAD4_2*MPEG1_1,SMAD4*MPEG1,735,643,665,1185,717,493,732,479,1093,201,280,295,459,349,85,700,265
SMAD4_2*MPEG1_4,SMAD4*MPEG1,246,171,208,235,329,205,187,126,6,135,87,121,63,273,16,18,14
SMAD4_2*MPEG1_5,SMAD4*MPEG1,94,74,71,106,35,59,39,378,503,415,1429,265,354,363,84,413,131
SMAD4_2*MUC16_1,SMAD4*MUC16,798,773,608,1170,626,695,838,903,877,1049,719,491,728,202,213,333,194
SMAD4_2*MUC16_2,SMAD4*MUC16,602,419,343,700,362,388,348,493,503,217,233,355,358,50,147,733,261
SMAD4_2*MUC16_5,SMAD4*MUC16,297,215,225,331,127,192,187,473,475,1886,1114,284,409,65,315,741,225
SMAD4_2*MYSM1_2,SMAD4*MYSM1,624,545,340,593,398,496,681,266,138,88,364,133,169,14,62,234,45
SMAD4_2*MYSM1_4,SMAD4*MYSM1,84,87,54,105,19,72,675,529,584,5227,1271,342,393,311,212,246,139
SMAD4_2*MYSM1_5,SMAD4*MYSM1,215,158,182,228,105,188,279,415,278,172,1158,381,285,528,133,75,106
SMAD4_2*NT_17,SMAD4*NT,258,280,201,207,270,177,323,513,172,4888,435,220,339,257,164,218,169
SMAD4_2*NT_18,SMAD4*NT,330,261,291,296,323,191,372,322,126,222,1724,188,291,73,21,333,121
SMAD4_2*NT_20,SMAD4*NT,217,119,187,227,142,84,129,404,361,78,251,133,164,126,85,313,90
SMAD4_2*NT_25,SMAD4*NT,623,587,534,635,487,540,570,428,317,312,266,294,382,197,130,263,163
SMAD4_2*NT_26,SMAD4*NT,380,308,262,481,248,331,454,310,180,500,183,295,277,250,93,556,103
SMAD4_2*NT_33,SMAD4*NT,827,732,669,930,419,469,607,691,316,433,1929,389,543,353,230,707,301
SMAD4_2*NT_39,SMAD4*NT,177,160,135,249,87,135,116,520,702,306,4517,299,415,2698,141,629,168
SMAD4_2*NT_57,SMAD4*NT,973,709,650,1394,299,571,516,398,141,51,157,185,240,10,123,495,130
SMAD4_2*NT_6,SMAD4*NT,196,238,188,302,154,198,180,490,515,3785,3780,380,506,142,111,126,69
SMAD4_2*PDCD1LG2_1,SMAD4*PDCD1LG2,1701,1297,958,1919,906,1368,2104,488,529,86,265,346,521,209,172,165,123
SMAD4_2*PDCD1LG2_2,SMAD4*PDCD1LG2,527,414,387,520,208,316,619,467,228,97,332,382,366,182,169,407,171
SMAD4_2*PDCD1LG2_3,SMAD4*PDCD1LG2,136,99,99,138,55,72,135,579,554,5070,6709,323,444,294,137,516,144
SMAD4_2*PLA2G2A_2,SMAD4*PLA2G2A,134,123,108,157,101,110,139,120,192,209,47,84,108,200,29,156,16
SMAD4_2*PLA2G2A_4,SMAD4*PLA2G2A,402,287,290,388,156,258,308,402,697,142,269,280,353,63,68,515,95
SMAD4_2*PLA2G2A_5,SMAD4*PLA2G2A,1934,1591,1386,2701,1092,1555,1221,421,136,254,483,321,392,55,75,559,190
SMAD4_2*PLA2R1_2,SMAD4*PLA2R1,337,298,308,468,186,150,251,922,672,1145,849,309,587,311,213,854,110
SMAD4_2*PLA2R1_3,SMAD4*PLA2R1,386,289,411,419,205,212,446,255,175,157,188,152,369,407,48,132,9
SMAD4_2*PLA2R1_4,SMAD4*PLA2R1,717,607,700,949,509,423,511,687,1000,374,309,432,554,324,159,455,101
SMAD4_2*TLR7_1,SMAD4*TLR7,71,55,67,78,28,43,94,391,230,5285,7633,239,352,239,131,202,63
SMAD4_2*TLR7_2,SMAD4*TLR7,41,53,32,19,6,51,59,206,186,191,45,77,122,4,79,96,84
SMAD4_2*TLR7_5,SMAD4*TLR7,277,261,185,310,231,178,499,461,398,415,694,323,423,1214,148,308,209
SMAD4_2*TNFSF15_1,SMAD4*TNFSF15,48,38,38,26,38,29,40,155,17,358,256,107,121,2585,3,247,149
SMAD4_2*TNFSF15_2,SMAD4*TNFSF15,254,195,214,391,148,188,193,947,570,319,5423,509,532,5806,207,555,126
SMAD4_2*TNFSF15_3,SMAD4*TNFSF15,861,809,625,755,475,496,606,590,725,183,347,392,545,483,204,546,227
SMAD4_3*BTLA_1,SMAD4*BTLA,389,362,328,455,316,406,336,585,128,1965,441,284,552,441,119,336,250
SMAD4_3*BTLA_2,SMAD4*BTLA,528,458,457,486,458,369,677,694,344,484,249,260,522,233,378,1425,386
SMAD4_3*BTLA_3,SMAD4*BTLA,176,139,144,165,134,196,161,811,1274,11712,4926,715,826,223,358,1533,632
SMAD4_3*CDH1_1,SMAD4*CDH1,198,174,223,158,142,153,157,495,513,209,733,364,436,280,92,575,200
SMAD4_3*CDH1_4,SMAD4*CDH1,199,187,176,161,158,138,254,1378,1063,13442,9065,868,2917,679,873,1542,621
SMAD4_3*CDH1_5,SMAD4*CDH1,1545,2187,1417,1938,920,1441,1092,1056,738,1222,846,674,1153,785,181,564,241
SMAD4_3*CX3CL1_3,SMAD4*CX3CL1,85,76,76,111,82,51,156,296,300,8295,4412,174,325,55,67,174,200
SMAD4_3*CX3CL1_4,SMAD4*CX3CL1,129,99,104,146,113,118,91,839,9916,6089,127,422,577,4930,245,567,161
SMAD4_3*CX3CL1_5,SMAD4*CX3CL1,329,297,269,214,210,234,381,503,799,244,791,367,567,289,411,866,204
SMAD4_3*CXCR2_2,SMAD4*CXCR2,1198,935,975,1200,504,644,1107,733,474,360,831,594,708,410,298,1786,473
SMAD4_3*CXCR2_4,SMAD4*CXCR2,292,301,287,229,247,343,611,184,221,77,181,167,204,477,268,702,206
SMAD4_3*CXCR2_5,SMAD4*CXCR2,875,1025,843,1446,696,1275,2555,535,287,268,398,277,599,349,286,1011,249
SMAD4_3*CXCR5_2,SMAD4*CXCR5,168,137,206,265,117,151,140,634,234,1419,8251,463,523,583,277,602,323
SMAD4_3*CXCR5_3,SMAD4*CXCR5,943,970,712,814,388,554,877,907,931,435,1034,638,734,318,492,1480,888
SMAD4_3*CXCR5_4,SMAD4*CXCR5,286,263,389,312,97,171,343,371,156,94,54,90,311,128,82,220,81
SMAD4_3*FCRL6_1,SMAD4*FCRL6,381,405,390,401,136,236,695,614,547,378,327,494,479,402,311,620,690
SMAD4_3*FCRL6_4,SMAD4*FCRL6,159,131,110,226,117,95,383,451,272,3858,3015,256,599,274,122,871,367
SMAD4_3*FCRL6_5,SMAD4*FCRL6,522,770,523,759,343,616,322,549,537,336,238,365,380,208,348,875,530
SMAD4_3*HGF_2,SMAD4*HGF,477,428,369,549,352,404,526,709,164,2059,13250,522,658,104,372,1014,626
SMAD4_3*HGF_4,SMAD4*HGF,901,1068,934,928,508,717,539,735,529,414,280,562,1580,309,284,1420,475
SMAD4_3*HGF_5,SMAD4*HGF,392,434,366,291,204,274,464,639,1843,471,403,387,677,498,435,1044,365
SMAD4_3*IL6_1,SMAD4*IL6,443,424,348,697,154,324,467,314,114,194,167,223,373,269,35,171,305
SMAD4_3*IL6_2,SMAD4*IL6,511,589,474,602,341,571,712,447,365,602,236,523,527,403,462,532,438
SMAD4_3*IL6_5,SMAD4*IL6,1484,1568,1598,1709,1294,4850,1982,433,271,145,426,314,429,203,233,1042,391
SMAD4_3*MFAP5_1,SMAD4*MFAP5,89,86,87,154,56,96,64,634,413,11218,334,351,532,21938,171,933,353
SMAD4_3*MFAP5_3,SMAD4*MFAP5,605,556,449,460,277,456,301,303,82,69,227,232,263,183,131,992,118
SMAD4_3*MFAP5_5,SMAD4*MFAP5,514,477,479,348,199,470,393,687,400,300,1161,392,931,424,333,535,683
SMAD4_3*MPEG1_1,SMAD4*MPEG1,881,705,735,778,688,797,804,510,609,579,416,259,577,250,393,1299,369
SMAD4_3*MPEG1_4,SMAD4*MPEG1,843,681,611,1145,721,931,836,184,149,32,69,172,170,7,46,246,49
SMAD4_3*MPEG1_5,SMAD4*MPEG1,629,521,629,475,269,591,545,336,71,243,295,175,273,11,218,733,369
SMAD4_3*MUC16_1,SMAD4*MUC16,390,425,357,473,274,420,265,975,1067,651,5990,607,812,486,298,691,541
SMAD4_3*MUC16_2,SMAD4*MUC16,748,794,683,1078,595,666,920,380,336,183,1041,437,483,117,67,94,254
SMAD4_3*MUC16_5,SMAD4*MUC16,998,1101,1119,1201,710,927,743,752,912,441,567,546,651,408,407,1221,805
SMAD4_3*MYSM1_2,SMAD4*MYSM1,823,782,762,1401,580,793,938,667,330,584,296,616,857,7063,164,391,338
SMAD4_3*MYSM1_4,SMAD4*MYSM1,1038,819,751,904,999,566,497,709,287,531,517,378,1834,198,530,1875,797
SMAD4_3*MYSM1_5,SMAD4*MYSM1,553,558,601,650,422,689,944,1042,544,303,344,482,572,3914,448,851,549
SMAD4_3*NT_17,SMAD4*NT,740,631,588,1111,481,915,977,544,227,285,123,249,371,46,60,247,103
SMAD4_3*NT_18,SMAD4*NT,1229,1182,1018,1437,693,1213,2164,273,264,87,98,282,172,26,188,467,98
SMAD4_3*NT_20,SMAD4*NT,1211,1009,1167,1603,1107,1204,711,348,178,189,278,222,251,196,392,264,567
SMAD4_3*NT_25,SMAD4*NT,1421,1206,1185,1698,911,1166,1205,631,1071,638,453,544,618,310,281,1134,269
SMAD4_3*NT_26,SMAD4*NT,214,204,203,255,143,161,202,1161,797,6215,1023,6099,1037,2294,301,1442,712
SMAD4_3*NT_33,SMAD4*NT,922,969,614,1086,641,827,890,594,711,213,345,231,450,355,562,2094,633
SMAD4_3*NT_39,SMAD4*NT,648,872,552,605,425,558,511,931,815,1178,1599,1000,1170,773,586,1471,734
SMAD4_3*NT_57,SMAD4*NT,461,427,390,466,187,385,419,724,273,357,176,338,533,346,94,713,387
SMAD4_3*NT_6,SMAD4*NT,1364,1711,1021,1189,522,742,1439,886,332,948,535,286,540,107,331,371,345
SMAD4_3*PDCD1LG2_1,SMAD4*PDCD1LG2,490,426,498,560,410,533,425,1248,1484,2902,2999,622,867,344,593,1611,679
SMAD4_3*PDCD1LG2_2,SMAD4*PDCD1LG2,895,1172,850,717,851,961,3197,448,417,201,386,326,343,383,190,1157,338
SMAD4_3*PDCD1LG2_3,SMAD4*PDCD1LG2,1249,1285,1166,1029,1021,1127,1735,637,1054,321,411,433,486,34,194,1058,454
SMAD4_3*PLA2G2A_2,SMAD4*PLA2G2A,282,260,341,238,184,192,327,184,13,13,276,147,146,199,72,35,115
SMAD4_3*PLA2G2A_4,SMAD4*PLA2G2A,284,276,306,353,90,182,342,493,889,317,359,311,371,20,163,211,196
SMAD4_3*PLA2G2A_5,SMAD4*PLA2G2A,487,534,561,735,513,329,564,391,375,81,6511,397,371,110,103,518,143
SMAD4_3*PLA2R1_2,SMAD4*PLA2R1,1421,1195,1091,1353,1016,1115,1348,1364,794,1087,1552,761,994,346,530,2451,1214
SMAD4_3*PLA2R1_3,SMAD4*PLA2R1,112,256,111,89,32,92,144,264,254,653,449,150,238,63,151,33,152
SMAD4_3*PLA2R1_4,SMAD4*PLA2R1,1380,1510,1456,1961,604,1119,9580,497,338,396,255,289,391,239,319,1307,467
SMAD4_3*TLR7_1,SMAD4*TLR7,309,359,306,359,172,378,325,570,333,267,789,619,549,13473,290,1761,628
SMAD4_3*TLR7_2,SMAD4*TLR7,826,749,817,1721,397,651,731,706,829,308,386,434,382,98,100,280,222
SMAD4_3*TLR7_5,SMAD4*TLR7,629,696,650,709,638,556,428,240,70,126,56,102,366,4326,136,216,161
SMAD4_3*TNFSF15_1,SMAD4*TNFSF15,574,490,482,668,267,299,551,360,188,3488,114,213,246,23,272,627,540
SMAD4_3*TNFSF15_2,SMAD4*TNFSF15,977,770,890,1634,936,849,1025,1072,1520,1623,763,818,979,5690,488,1463,602
SMAD4_3*TNFSF15_3,SMAD4*TNFSF15,1085,1023,1335,1600,896,803,1770,428,52,464,214,359,453,155,363,1605,706
SMAD4_4*BTLA_1,SMAD4*BTLA,623,528,529,814,429,502,499,1169,1440,475,1762,738,1048,14062,218,508,184
SMAD4_4*BTLA_2,SMAD4*BTLA,2090,1633,1429,1812,821,1235,1736,731,267,434,358,395,685,234,230,793,116
SMAD4_4*BTLA_3,SMAD4*BTLA,369,418,343,424,249,282,464,626,808,7127,308,423,529,472,147,273,155
SMAD4_4*CDH1_1,SMAD4*CDH1,163,137,131,173,108,118,107,1044,916,7939,791,454,781,1781,184,304,107
SMAD4_4*CDH1_4,SMAD4*CDH1,696,580,559,873,490,443,623,1537,1188,25944,953,803,1068,406,284,873,488
SMAD4_4*CDH1_5,SMAD4*CDH1,1221,1165,977,1386,741,1163,1722,1305,1971,925,564,827,945,503,359,477,323
SMAD4_4*CX3CL1_3,SMAD4*CX3CL1,820,534,539,959,247,529,720,349,570,87,120,233,243,124,155,170,93
SMAD4_4*CX3CL1_4,SMAD4*CX3CL1,814,698,565,830,449,606,800,688,1130,508,455,869,616,204,132,250,302
SMAD4_4*CX3CL1_5,SMAD4*CX3CL1,744,594,654,943,333,595,636,1120,1176,6497,547,843,991,443,344,1068,553
SMAD4_4*CXCR2_2,SMAD4*CXCR2,694,637,575,1146,298,596,609,1027,1195,347,2466,772,835,800,222,732,262
SMAD4_4*CXCR2_4,SMAD4*CXCR2,698,719,542,1063,476,515,634,439,211,78,164,308,239,349,98,350,196
SMAD4_4*CXCR2_5,SMAD4*CXCR2,593,517,534,724,441,428,659,922,1012,7702,566,607,693,204,271,163,249
SMAD4_4*CXCR5_2,SMAD4*CXCR5,1190,858,1102,1594,744,838,1146,584,1092,252,467,412,435,231,200,373,178
SMAD4_4*CXCR5_3,SMAD4*CXCR5,315,279,300,300,156,250,338,1230,1062,4520,4902,677,777,747,399,1081,440
SMAD4_4*CXCR5_4,SMAD4*CXCR5,298,307,263,259,104,259,214,467,790,293,1187,333,416,273,213,406,91
SMAD4_4*FCRL6_1,SMAD4*FCRL6,282,285,295,386,218,251,304,870,461,1465,3122,491,777,7584,168,504,250
SMAD4_4*FCRL6_4,SMAD4*FCRL6,389,340,339,376,185,261,279,589,997,306,3940,380,503,352,148,872,356
SMAD4_4*FCRL6_5,SMAD4*FCRL6,1971,827,941,1012,483,866,948,553,259,3630,334,448,500,286,168,910,232
SMAD4_4*HGF_2,SMAD4*HGF,938,801,1482,1008,519,662,1108,1286,659,2281,2459,603,860,559,211,506,261
SMAD4_4*HGF_4,SMAD4*HGF,1396,1214,1438,1333,693,1203,1256,914,922,601,888,583,983,823,292,404,222
SMAD4_4*HGF_5,SMAD4*HGF,1005,819,916,1091,381,697,2881,1015,417,4394,2431,743,774,223,187,445,401
SMAD4_4*IL6_1,SMAD4*IL6,569,491,490,736,169,526,439,868,709,455,689,482,690,464,96,311,163
SMAD4_4*IL6_2,SMAD4*IL6,672,578,652,722,454,604,790,1181,581,302,966,595,762,862,358,546,337
SMAD4_4*IL6_5,SMAD4*IL6,1088,1009,1096,1555,536,953,1185,854,627,269,659,827,848,751,146,700,223
SMAD4_4*MFAP5_1,SMAD4*MFAP5,346,306,267,403,200,187,285,676,360,553,9903,449,836,6329,212,216,274
SMAD4_4*MFAP5_3,SMAD4*MFAP5,562,430,458,642,261,334,556,640,947,2890,322,401,482,318,206,597,228
SMAD4_4*MFAP5_5,SMAD4*MFAP5,261,214,220,261,158,224,367,959,489,19655,591,660,749,1687,109,225,248
SMAD4_4*MPEG1_1,SMAD4*MPEG1,2184,1774,1775,2334,1291,1204,1918,1279,1376,719,890,796,1261,1255,156,696,341
SMAD4_4*MPEG1_4,SMAD4*MPEG1,391,283,346,527,231,194,344,352,138,244,154,245,246,80,88,111,55
SMAD4_4*MPEG1_5,SMAD4*MPEG1,409,363,354,432,318,386,532,882,915,1139,6466,555,779,205,214,713,325
SMAD4_4*MUC16_1,SMAD4*MUC16,1508,1567,1393,1680,980,1307,1390,1325,948,852,1012,809,1217,996,75,815,253
SMAD4_4*MUC16_2,SMAD4*MUC16,220,180,168,353,87,134,238,1133,1157,13774,15251,763,1036,593,225,913,302
SMAD4_4*MUC16_5,SMAD4*MUC16,636,547,481,737,288,930,672,966,712,602,16231,787,932,383,287,891,246
SMAD4_4*MYSM1_2,SMAD4*MYSM1,1113,915,748,1177,712,702,1042,945,953,1062,551,567,822,331,107,431,347
SMAD4_4*MYSM1_4,SMAD4*MYSM1,1927,1596,1278,1640,1186,1121,1371,595,101,373,419,526,601,148,165,781,233
SMAD4_4*MYSM1_5,SMAD4*MYSM1,504,530,495,520,241,439,525,737,1396,621,1551,599,730,364,234,392,364
SMAD4_4*NT_17,SMAD4*NT,746,619,656,738,434,549,529,668,539,553,828,632,561,290,107,218,30
SMAD4_4*NT_18,SMAD4*NT,1258,1061,937,1450,625,840,1045,786,452,486,286,491,750,200,145,232,221
SMAD4_4*NT_20,SMAD4*NT,1286,1111,942,1708,721,708,971,1071,592,618,417,500,661,322,300,647,261
SMAD4_4*NT_25,SMAD4*NT,2141,1801,1893,2849,1058,1368,2190,1305,822,679,972,741,1094,521,197,380,381
SMAD4_4*NT_26,SMAD4*NT,277,280,226,300,247,241,249,852,2522,503,1026,610,688,15175,248,585,345
SMAD4_4*NT_33,SMAD4*NT,1684,1450,1222,1700,848,1198,1865,1183,1193,696,737,921,1232,528,224,782,556
SMAD4_4*NT_39,SMAD4*NT,1172,1165,1015,1504,917,901,934,1256,1690,1276,8691,954,1062,411,436,707,363
SMAD4_4*NT_57,SMAD4*NT,949,564,452,629,380,422,713,1040,607,1694,310,439,512,256,218,701,307
SMAD4_4*NT_6,SMAD4*NT,2506,2086,2230,3795,1315,1937,2273,1034,499,508,940,914,855,636,158,587,237
SMAD4_4*PDCD1LG2_1,SMAD4*PDCD1LG2,1805,1656,1626,2295,1057,1226,2130,1609,1114,1133,1203,1162,1424,401,583,1296,602
SMAD4_4*PDCD1LG2_2,SMAD4*PDCD1LG2,534,437,439,593,271,330,476,932,860,686,873,556,854,6646,165,349,249
SMAD4_4*PDCD1LG2_3,SMAD4*PDCD1LG2,1365,1197,1058,1732,929,992,1435,1119,1296,535,747,3158,1115,253,203,565,229
SMAD4_4*PLA2G2A_2,SMAD4*PLA2G2A,708,516,546,554,276,520,472,486,619,401,254,296,425,235,127,281,122
SMAD4_4*PLA2G2A_4,SMAD4*PLA2G2A,1437,1124,1220,1144,876,795,1395,700,877,539,495,603,477,53,169,364,132
SMAD4_4*PLA2G2A_5,SMAD4*PLA2G2A,1946,1557,1470,1536,1075,1071,2036,773,849,512,239,518,780,307,101,133,196
SMAD4_4*PLA2R1_2,SMAD4*PLA2R1,915,753,766,1173,419,633,701,1894,2047,1081,4302,1381,1433,5503,327,1585,248
SMAD4_4*PLA2R1_3,SMAD4*PLA2R1,1291,1059,929,1271,1352,801,1034,788,593,306,705,627,1247,609,119,216,107
SMAD4_4*PLA2R1_4,SMAD4*PLA2R1,1088,894,857,1270,669,919,993,1060,861,605,662,905,851,1173,222,862,193
SMAD4_4*TLR7_1,SMAD4*TLR7,502,473,404,471,438,364,489,858,1065,924,1232,747,981,12887,188,656,490
SMAD4_4*TLR7_2,SMAD4*TLR7,291,251,266,325,177,232,258,329,129,143,202,330,410,3631,57,213,259
SMAD4_4*TLR7_5,SMAD4*TLR7,822,789,650,821,663,659,779,765,1018,1839,499,425,711,316,276,665,163
SMAD4_4*TNFSF15_1,SMAD4*TNFSF15,441,423,443,541,288,423,121,500,144,270,427,255,223,115,145,511,198
SMAD4_4*TNFSF15_2,SMAD4*TNFSF15,1082,914,873,1208,673,966,1375,1020,1039,731,1977,814,975,156,323,1216,396
SMAD4_4*TNFSF15_3,SMAD4*TNFSF15,1254,1065,921,1187,530,1002,1196,1659,1882,2820,839,1187,1269,696,454,1116,653
SOX10_1*BTLA_1,SOX10*BTLA,1203,993,918,1215,560,1089,1118,470,215,339,108,424,323,201,131,596,177
SOX10_1*BTLA_2,SOX10*BTLA,1099,1014,902,1231,554,832,922,952,627,903,605,1176,857,643,187,246,172
SOX10_1*BTLA_3,SOX10*BTLA,168,136,161,189,90,103,155,240,16,1006,5192,181,266,95,67,140,99
SOX10_1*CDH1_1,SOX10*CDH1,600,522,1143,648,341,650,475,402,566,147,391,242,426,292,91,603,236
SOX10_1*CDH1_4,SOX10*CDH1,1334,941,935,1940,773,937,1550,680,61,276,500,394,468,474,213,837,389
SOX10_1*CDH1_5,SOX10*CDH1,279,273,235,354,169,218,784,763,1169,3498,16604,594,850,199,248,669,352
SOX10_1*CX3CL1_3,SOX10*CX3CL1,210,126,162,204,55,155,133,206,50,1279,383,150,207,79,128,118,71
SOX10_1*CX3CL1_4,SOX10*CX3CL1,359,251,231,339,168,262,186,546,531,6172,179,397,353,438,45,490,135
SOX10_1*CX3CL1_5,SOX10*CX3CL1,648,560,474,1267,653,466,776,655,824,4345,422,513,689,373,214,866,323
SOX10_1*CXCR2_2,SOX10*CXCR2,192,144,190,248,87,165,159,929,221,444,10928,482,613,11293,310,615,311
SOX10_1*CXCR2_4,SOX10*CXCR2,1188,979,888,2127,1346,946,1008,341,10,125,83,161,190,84,37,118,183
SOX10_1*CXCR2_5,SOX10*CXCR2,323,276,234,376,259,284,392,226,228,225,101,130,264,113,242,68,136
SOX10_1*CXCR5_2,SOX10*CXCR5,559,525,481,852,255,368,622,275,327,44,32,169,180,123,46,20,209
SOX10_1*CXCR5_3,SOX10*CXCR5,763,757,718,758,426,446,607,663,785,287,626,440,540,283,308,576,481
SOX10_1*CXCR5_4,SOX10*CXCR5,1112,994,712,846,740,655,465,440,132,278,231,262,340,371,163,186,138
SOX10_1*FCRL6_1,SOX10*FCRL6,642,568,500,592,306,581,729,498,890,128,424,397,501,246,142,596,138
SOX10_1*FCRL6_4,SOX10*FCRL6,677,491,506,936,433,491,571,462,466,268,553,322,292,271,198,433,187
SOX10_1*FCRL6_5,SOX10*FCRL6,708,574,695,669,508,400,741,266,79,379,206,189,289,15,106,380,86
SOX10_1*HGF_2,SOX10*HGF,519,443,514,572,345,450,707,927,1178,546,365,1402,661,725,167,697,556
SOX10_1*HGF_4,SOX10*HGF,236,265,210,245,151,162,154,527,373,530,1068,939,551,447,320,488,284
SOX10_1*HGF_5,SOX10*HGF,574,527,523,843,223,514,450,761,591,525,331,327,422,299,264,443,357
SOX10_1*IL6_1,SOX10*IL6,223,243,183,291,126,206,169,401,83,4041,525,593,676,27748,49,988,181
SOX10_1*IL6_2,SOX10*IL6,255,230,193,318,169,206,201,260,5118,110,171,124,247,121,165,334,251
SOX10_1*IL6_5,SOX10*IL6,598,449,441,727,382,498,569,639,401,1535,356,403,454,299,210,557,503
SOX10_1*MFAP5_1,SOX10*MFAP5,221,174,186,187,130,175,208,288,127,133,155,191,176,92,89,174,139
SOX10_1*MFAP5_3,SOX10*MFAP5,360,284,331,475,189,203,230,400,350,329,210,187,337,147,150,157,73
SOX10_1*MFAP5_5,SOX10*MFAP5,658,647,650,869,342,422,681,450,315,189,2085,312,402,233,160,365,102
SOX10_1*MPEG1_1,SOX10*MPEG1,157,136,129,180,136,121,164,1071,475,9499,737,378,540,614,185,982,265
SOX10_1*MPEG1_4,SOX10*MPEG1,161,114,113,104,30,72,140,205,29,170,16,130,134,92,17,430,53
SOX10_1*MPEG1_5,SOX10*MPEG1,442,358,393,507,225,281,368,586,1091,241,8624,580,473,291,240,346,271
SOX10_1*MUC16_1,SOX10*MUC16,1218,1234,1309,1564,876,1251,2183,389,158,224,124,306,321,42,267,371,140
SOX10_1*MUC16_2,SOX10*MUC16,617,515,583,618,342,427,424,474,788,120,272,317,397,122,169,559,220
SOX10_1*MUC16_5,SOX10*MUC16,610,393,337,474,423,458,653,499,221,469,1381,389,423,643,133,276,253
SOX10_1*MYSM1_2,SOX10*MYSM1,351,294,269,379,221,290,1016,777,429,3035,486,547,706,2547,306,373,308
SOX10_1*MYSM1_4,SOX10*MYSM1,195,197,174,221,120,182,171,445,567,599,635,260,315,113,165,249,161
SOX10_1*MYSM1_5,SOX10*MYSM1,284,244,239,262,77,186,995,426,680,191,212,263,317,121,143,431,317
SOX10_1*NT_17,SOX10*NT,1746,1391,1215,3980,1464,2482,1589,346,293,57,139,184,274,66,106,363,31
SOX10_1*NT_18,SOX10*NT,303,355,284,408,84,302,346,517,371,500,1377,287,333,111,106,425,129
SOX10_1*NT_20,SOX10*NT,164,127,79,102,84,128,178,130,6,6,9,127,110,396,90,731,123
SOX10_1*NT_25,SOX10*NT,584,537,515,717,420,472,490,739,464,592,262,576,591,329,95,221,211
SOX10_1*NT_26,SOX10*NT,343,357,237,405,251,212,416,453,314,3154,399,266,361,318,179,368,119
SOX10_1*NT_33,SOX10*NT,574,472,407,605,148,463,612,663,466,364,420,402,538,150,200,884,335
SOX10_1*NT_39,SOX10*NT,397,294,339,751,164,289,559,741,685,398,3761,425,593,412,289,1092,344
SOX10_1*NT_57,SOX10*NT,334,327,401,327,261,361,256,475,384,372,345,351,327,311,236,297,194
SOX10_1*NT_6,SOX10*NT,149,108,123,203,76,80,148,617,830,12381,5320,358,537,383,124,498,184
SOX10_1*PDCD1LG2_1,SOX10*PDCD1LG2,767,855,681,909,446,490,351,961,521,305,1818,351,538,263,289,585,293
SOX10_1*PDCD1LG2_2,SOX10*PDCD1LG2,717,695,601,1155,312,751,822,637,413,212,472,339,510,341,129,390,110
SOX10_1*PDCD1LG2_3,SOX10*PDCD1LG2,418,390,372,393,248,382,641,581,686,326,165,276,329,323,122,264,143
SOX10_1*PLA2G2A_2,SOX10*PLA2G2A,339,297,197,454,259,289,505,222,254,91,217,148,192,95,161,328,156
SOX10_1*PLA2G2A_4,SOX10*PLA2G2A,346,254,394,529,133,200,253,529,479,658,312,281,378,26,34,342,182
SOX10_1*PLA2G2A_5,SOX10*PLA2G2A,931,386,287,408,262,432,374,202,81,226,62,199,192,2299,35,670,181
SOX10_1*PLA2R1_2,SOX10*PLA2R1,2457,1859,2172,2626,1226,1821,3290,1250,549,609,448,676,776,111,302,635,429
SOX10_1*PLA2R1_3,SOX10*PLA2R1,749,584,599,761,321,1550,808,432,585,570,395,360,471,341,96,221,148
SOX10_1*PLA2R1_4,SOX10*PLA2R1,621,421,380,669,201,494,543,724,889,574,200,405,448,141,217,514,234
SOX10_1*TLR7_1,SOX10*TLR7,102,106,68,131,48,82,76,458,214,737,5691,2010,466,214,175,446,98
SOX10_1*TLR7_2,SOX10*TLR7,65,54,40,109,37,39,55,175,288,141,2461,150,171,144,149,139,21
SOX10_1*TLR7_5,SOX10*TLR7,432,334,257,318,174,231,290,375,244,8095,195,191,262,85,140,99,210
SOX10_1*TNFSF15_1,SOX10*TNFSF15,505,387,398,529,173,506,376,285,649,124,180,260,328,160,67,345,53
SOX10_1*TNFSF15_2,SOX10*TNFSF15,563,516,767,570,248,593,439,450,231,446,522,339,436,382,407,811,202
SOX10_1*TNFSF15_3,SOX10*TNFSF15,287,349,257,379,256,188,436,418,183,9330,498,156,342,290,188,642,318
SOX10_4*BTLA_1,SOX10*BTLA,168,205,159,153,84,136,168,540,347,1299,642,262,365,198,127,436,229
SOX10_4*BTLA_2,SOX10*BTLA,988,941,838,1009,798,860,997,1477,1569,8514,494,747,1081,192,417,1417,365
SOX10_4*BTLA_3,SOX10*BTLA,290,505,211,341,165,237,218,642,623,3957,5476,382,505,85,264,1007,412
SOX10_4*CDH1_1,SOX10*CDH1,204,198,186,267,150,164,260,817,803,10516,554,429,713,842,264,582,268
SOX10_4*CDH1_4,SOX10*CDH1,385,210,195,294,181,368,387,1075,575,10364,2790,593,676,174,252,391,337
SOX10_4*CDH1_5,SOX10*CDH1,759,625,586,668,318,457,663,819,457,676,1547,524,675,295,379,959,303
SOX10_4*CX3CL1_3,SOX10*CX3CL1,755,335,365,436,130,363,328,250,65,270,192,110,176,29,124,464,143
SOX10_4*CX3CL1_4,SOX10*CX3CL1,54,61,40,63,41,40,26,835,1289,44716,364,519,628,20367,151,281,174
SOX10_4*CX3CL1_5,SOX10*CX3CL1,1151,826,902,1028,410,2816,1034,1242,607,294,231,336,459,878,152,533,314
SOX10_4*CXCR2_2,SOX10*CXCR2,183,162,153,229,92,185,169,666,510,2517,2862,645,729,6552,227,740,502
SOX10_4*CXCR2_4,SOX10*CXCR2,320,197,196,253,196,253,226,120,7,152,45,65,84,22,79,209,145
SOX10_4*CXCR2_5,SOX10*CXCR2,188,242,134,186,168,187,271,327,193,265,145,188,201,181,240,423,350
SOX10_4*CXCR5_2,SOX10*CXCR5,135,97,94,135,129,97,84,562,126,7154,289,153,299,653,77,328,195
SOX10_4*CXCR5_3,SOX10*CXCR5,630,565,469,674,369,412,496,827,419,306,6032,531,604,333,537,1633,631
SOX10_4*CXCR5_4,SOX10*CXCR5,1474,1773,1221,1428,659,993,6179,511,86,446,594,298,427,108,208,1032,223
SOX10_4*FCRL6_1,SOX10*FCRL6,2542,2477,2503,3430,1397,2489,3949,1092,138,410,457,500,650,68,412,396,408
SOX10_4*FCRL6_4,SOX10*FCRL6,382,432,339,381,239,294,719,637,424,282,393,252,287,241,316,588,507
SOX10_4*FCRL6_5,SOX10*FCRL6,756,687,781,985,619,716,475,719,943,202,376,378,751,125,252,386,339
SOX10_4*HGF_2,SOX10*HGF,601,742,609,755,282,606,686,627,652,317,1868,456,530,349,288,1146,580
SOX10_4*HGF_4,SOX10*HGF,477,434,425,626,337,540,485,1037,834,3505,691,399,683,343,258,749,248
SOX10_4*HGF_5,SOX10*HGF,283,235,239,281,130,194,211,1056,746,645,583,4324,821,742,418,1071,478
SOX10_4*IL6_1,SOX10*IL6,505,433,320,258,194,454,330,110,5,8,101,85,81,12,48,294,28
SOX10_4*IL6_2,SOX10*IL6,253,319,280,275,656,218,177,620,733,1468,656,454,597,8201,308,1064,431
SOX10_4*IL6_5,SOX10*IL6,781,765,588,983,403,609,560,1553,777,802,679,597,682,441,383,567,476
SOX10_4*MFAP5_1,SOX10*MFAP5,286,213,212,215,109,163,239,186,264,132,87,147,179,202,72,195,68
SOX10_4*MFAP5_3,SOX10*MFAP5,466,366,386,280,150,315,675,786,148,352,293,1359,520,87,164,872,140
SOX10_4*MFAP5_5,SOX10*MFAP5,650,890,614,653,480,506,403,646,519,423,1221,476,482,689,207,764,440
SOX10_4*MPEG1_1,SOX10*MPEG1,525,674,350,395,432,349,510,985,1294,712,852,607,702,296,425,1181,563
SOX10_4*MPEG1_4,SOX10*MPEG1,386,272,395,429,221,262,403,376,860,85,1349,247,301,167,104,194,166
SOX10_4*MPEG1_5,SOX10*MPEG1,248,264,267,248,154,293,297,592,303,1987,2252,537,606,613,338,891,447
SOX10_4*MUC16_1,SOX10*MUC16,976,845,790,1011,816,1022,883,907,780,826,840,745,850,279,314,776,214
SOX10_4*MUC16_2,SOX10*MUC16,406,361,354,514,140,377,597,531,274,223,3270,493,463,262,248,645,103
SOX10_4*MUC16_5,SOX10*MUC16,385,368,313,485,139,348,458,540,349,372,973,391,537,1243,185,827,492
SOX10_4*MYSM1_2,SOX10*MYSM1,666,637,569,613,395,748,486,351,150,58,239,250,276,206,228,210,120
SOX10_4*MYSM1_4,SOX10*MYSM1,1758,1636,1614,1716,599,1527,1736,1664,1259,693,604,756,1014,186,276,689,228
SOX10_4*MYSM1_5,SOX10*MYSM1,247,242,224,228,132,210,279,931,1017,1273,5047,546,669,184,232,682,203
SOX10_4*NT_17,SOX10*NT,495,470,530,614,207,534,825,542,719,158,632,286,497,223,129,315,183
SOX10_4*NT_18,SOX10*NT,1242,1104,1127,1232,798,921,1727,647,1033,234,258,540,622,471,73,804,258
SOX10_4*NT_20,SOX10*NT,146,169,176,130,68,155,99,239,288,71,315,154,215,22,127,313,63
SOX10_4*NT_25,SOX10*NT,2827,2323,2694,3147,2138,2387,2834,876,639,586,583,750,799,100,246,313,437
SOX10_4*NT_26,SOX10*NT,118,109,94,121,60,98,76,676,216,2034,1668,233,339,51,181,516,109
SOX10_4*NT_33,SOX10*NT,824,828,762,1301,765,743,785,972,696,1265,504,5275,841,322,640,879,774
SOX10_4*NT_39,SOX10*NT,1186,955,1019,1318,470,822,1417,1228,892,4051,862,692,748,212,476,920,743
SOX10_4*NT_57,SOX10*NT,493,402,429,580,111,1345,577,453,430,206,1571,395,395,340,261,907,386
SOX10_4*NT_6,SOX10*NT,479,435,413,412,306,390,337,753,327,1277,3136,742,701,283,253,1039,346
SOX10_4*PDCD1LG2_1,SOX10*PDCD1LG2,1174,768,666,892,466,962,971,916,1138,396,5776,1092,1154,251,235,1205,663
SOX10_4*PDCD1LG2_2,SOX10*PDCD1LG2,3818,634,842,713,331,748,866,541,543,2260,3215,298,494,295,154,306,434
SOX10_4*PDCD1LG2_3,SOX10*PDCD1LG2,683,626,524,813,315,686,604,1200,857,516,282,381,536,445,163,360,546
SOX10_4*PLA2G2A_2,SOX10*PLA2G2A,216,111,134,103,48,64,126,460,262,429,4737,278,491,168,275,313,355
SOX10_4*PLA2G2A_4,SOX10*PLA2G2A,521,446,565,670,417,585,1106,632,224,650,429,248,341,319,86,548,149
SOX10_4*PLA2G2A_5,SOX10*PLA2G2A,195,165,157,189,98,175,138,1057,990,1032,468,532,627,19410,241,313,337
SOX10_4*PLA2R1_2,SOX10*PLA2R1,1541,1455,1099,1889,777,1479,1635,990,585,709,609,736,1741,447,411,1215,580
SOX10_4*PLA2R1_3,SOX10*PLA2R1,306,273,291,515,119,191,227,626,745,491,633,373,505,199,158,303,60
SOX10_4*PLA2R1_4,SOX10*PLA2R1,831,686,708,918,422,484,1051,546,415,196,429,270,481,19,176,361,207
SOX10_4*TLR7_1,SOX10*TLR7,150,195,165,199,59,165,178,782,774,3079,374,337,574,359,279,971,425
SOX10_4*TLR7_2,SOX10*TLR7,840,892,652,1130,723,12340,2208,347,52,145,7568,157,254,358,132,756,139
SOX10_4*TLR7_5,SOX10*TLR7,650,549,609,847,253,524,452,435,178,199,121,215,350,438,99,228,236
SOX10_4*TNFSF15_1,SOX10*TNFSF15,1002,482,426,814,225,470,1391,287,130,77,156,106,239,12,147,417,184
SOX10_4*TNFSF15_2,SOX10*TNFSF15,477,443,367,469,384,393,777,721,558,11055,500,399,611,118,345,1135,434
SOX10_4*TNFSF15_3,SOX10*TNFSF15,281,222,273,291,136,193,323,1317,906,7565,2894,6387,1039,2656,351,1757,576
SOX10_5*BTLA_1,SOX10*BTLA,271,244,210,302,118,212,257,671,526,1856,13090,513,610,448,266,1248,786
SOX10_5*BTLA_2,SOX10*BTLA,481,480,445,512,320,512,1480,536,485,262,257,314,334,147,272,1689,810
SOX10_5*BTLA_3,SOX10*BTLA,125,123,109,145,78,127,118,644,1369,314,5921,657,1767,14762,434,1106,646
SOX10_5*CDH1_1,SOX10*CDH1,174,183,141,133,112,210,95,815,455,852,273,285,372,190,230,762,281
SOX10_5*CDH1_4,SOX10*CDH1,1973,1920,1465,1778,1139,1286,1584,1055,1313,585,1814,746,984,107,850,2011,760
SOX10_5*CDH1_5,SOX10*CDH1,638,887,783,1016,453,481,454,902,440,296,323,431,584,381,285,693,434
SOX10_5*CX3CL1_3,SOX10*CX3CL1,638,491,535,389,187,731,591,234,137,48,78,133,149,9,136,155,77
SOX10_5*CX3CL1_4,SOX10*CX3CL1,1427,1776,1301,979,3008,1257,1400,652,694,247,507,439,516,458,217,1060,277
SOX10_5*CX3CL1_5,SOX10*CX3CL1,491,449,465,697,401,466,460,988,1259,8470,2396,649,1019,539,506,986,231
SOX10_5*CXCR2_2,SOX10*CXCR2,1302,1181,1016,1503,834,961,1307,814,1279,269,1135,507,597,531,945,1419,576
SOX10_5*CXCR2_4,SOX10*CXCR2,217,192,249,185,124,137,166,363,29,2379,603,265,333,51,154,301,245
SOX10_5*CXCR2_5,SOX10*CXCR2,313,284,378,504,254,451,265,602,374,493,572,288,348,108,417,684,473
SOX10_5*CXCR5_2,SOX10*CXCR5,834,483,447,589,296,418,446,861,600,545,8199,604,679,859,313,644,378
SOX10_5*CXCR5_3,SOX10*CXCR5,933,905,876,983,507,680,789,1421,829,761,818,884,1042,4225,908,1776,1500
SOX10_5*CXCR5_4,SOX10*CXCR5,235,200,219,195,142,204,337,313,260,913,611,393,299,196,95,476,105
SOX10_5*FCRL6_1,SOX10*FCRL6,530,459,558,609,336,422,525,714,236,479,807,374,592,1831,193,1186,359
SOX10_5*FCRL6_4,SOX10*FCRL6,592,517,571,823,636,466,339,692,898,275,525,387,407,87,329,825,575
SOX10_5*FCRL6_5,SOX10*FCRL6,156,90,191,148,61,95,209,314,442,84,88,218,258,160,159,342,115
SOX10_5*HGF_2,SOX10*HGF,203,216,230,254,128,224,270,2127,1339,4592,1546,675,777,4279,307,1032,830
SOX10_5*HGF_4,SOX10*HGF,177,195,170,217,149,175,171,1691,733,21295,727,572,664,348,418,325,574
SOX10_5*HGF_5,SOX10*HGF,488,474,633,381,152,699,367,688,873,860,135,416,388,294,300,671,447
SOX10_5*IL6_1,SOX10*IL6,205,160,143,161,137,138,119,411,131,464,1842,201,452,150,269,329,258
SOX10_5*IL6_2,SOX10*IL6,238,269,264,273,146,216,223,510,720,12725,268,366,426,526,130,722,347
SOX10_5*IL6_5,SOX10*IL6,528,368,398,492,243,331,330,1037,759,2324,574,462,632,253,291,919,461
SOX10_5*MFAP5_1,SOX10*MFAP5,520,309,373,347,245,376,445,366,720,117,1421,297,426,1015,177,1154,273
SOX10_5*MFAP5_3,SOX10*MFAP5,45,51,42,56,28,47,32,591,725,17673,472,396,1620,12604,358,1350,369
SOX10_5*MFAP5_5,SOX10*MFAP5,1126,1003,954,1037,758,981,1373,971,888,2950,422,600,928,223,407,1426,623
SOX10_5*MPEG1_1,SOX10*MPEG1,1189,1086,840,6296,705,808,1103,1089,460,3718,409,520,612,402,403,936,531
SOX10_5*MPEG1_4,SOX10*MPEG1,488,368,356,541,159,359,1505,452,317,151,1585,328,302,172,250,633,382
SOX10_5*MPEG1_5,SOX10*MPEG1,483,448,435,454,252,534,508,769,278,1631,460,445,747,6208,345,473,484
SOX10_5*MUC16_1,SOX10*MUC16,1170,1328,1275,1705,573,1232,1593,1297,712,425,2066,703,1010,483,404,1420,786
SOX10_5*MUC16_2,SOX10*MUC16,415,341,382,534,292,428,348,752,1078,791,613,501,612,435,484,1014,416
SOX10_5*MUC16_5,SOX10*MUC16,740,662,1243,827,460,564,805,903,465,627,3091,426,682,333,659,1223,461
SOX10_5*MYSM1_2,SOX10*MYSM1,263,284,214,235,211,234,308,737,500,419,443,866,516,4278,530,1882,651
SOX10_5*MYSM1_4,SOX10*MYSM1,66,76,67,70,36,63,43,664,718,4681,3064,618,732,30946,313,711,227
SOX10_5*MYSM1_5,SOX10*MYSM1,446,352,308,317,162,311,285,823,392,836,712,358,571,397,294,322,487
SOX10_5*NT_17,SOX10*NT,1662,1373,1271,1799,862,1396,1179,665,141,222,524,331,571,202,258,549,332
SOX10_5*NT_18,SOX10*NT,385,453,395,462,174,326,333,472,592,382,4992,284,383,188,183,417,520
SOX10_5*NT_20,SOX10*NT,278,366,203,145,43,139,348,352,295,172,369,284,407,103,245,553,301
SOX10_5*NT_25,SOX10*NT,312,279,268,315,156,295,316,888,11498,625,899,585,569,1205,440,1063,393
SOX10_5*NT_26,SOX10*NT,844,805,718,1010,663,709,840,1002,768,5204,531,590,1034,255,670,842,529
SOX10_5*NT_33,SOX10*NT,158,169,144,207,108,214,162,1072,580,12777,3276,493,769,301,657,1492,492
SOX10_5*NT_39,SOX10*NT,288,346,330,342,237,298,374,1430,1028,1164,1056,567,702,6983,873,1384,578
SOX10_5*NT_57,SOX10*NT,268,204,148,283,175,183,314,261,214,105,565,107,253,232,262,383,316
SOX10_5*NT_6,SOX10*NT,1642,1469,1324,1978,985,1096,5052,1110,447,3051,469,582,772,139,341,1036,418
SOX10_5*PDCD1LG2_1,SOX10*PDCD1LG2,1349,936,1012,1162,574,963,916,1766,1101,518,1001,784,871,578,857,1835,1048
SOX10_5*PDCD1LG2_2,SOX10*PDCD1LG2,412,320,310,348,300,373,350,491,1764,540,101,274,384,252,203,406,310
SOX10_5*PDCD1LG2_3,SOX10*PDCD1LG2,1194,1153,1180,1274,891,1001,794,888,301,639,398,356,672,251,374,1218,617
SOX10_5*PLA2G2A_2,SOX10*PLA2G2A,333,290,262,434,172,301,312,550,1655,276,134,240,326,33,161,910,370
SOX10_5*PLA2G2A_4,SOX10*PLA2G2A,771,817,2488,730,594,696,956,662,523,894,95,362,508,2030,357,778,250
SOX10_5*PLA2G2A_5,SOX10*PLA2G2A,105,84,57,79,86,109,69,992,852,52453,433,405,462,160,243,642,580
SOX10_5*PLA2R1_2,SOX10*PLA2R1,332,423,324,382,218,1543,242,1233,1220,6373,16058,760,799,937,671,1686,805
SOX10_5*PLA2R1_3,SOX10*PLA2R1,1147,1071,1400,1111,727,1188,945,700,76,400,45,340,448,12,107,120,234
SOX10_5*PLA2R1_4,SOX10*PLA2R1,1889,1806,1665,1801,1173,1784,22273,399,236,478,225,367,498,182,238,364,340
SOX10_5*TLR7_1,SOX10*TLR7,884,749,784,1067,684,1058,890,983,1035,674,881,442,803,254,318,939,328
SOX10_5*TLR7_2,SOX10*TLR7,127,120,128,118,84,284,89,487,178,2370,139,1670,336,1995,270,590,433
SOX10_5*TLR7_5,SOX10*TLR7,789,759,988,1221,479,745,756,547,649,169,678,352,442,187,297,970,232
SOX10_5*TNFSF15_1,SOX10*TNFSF15,323,567,248,439,170,360,519,301,143,74,134,135,254,870,201,1031,163
SOX10_5*TNFSF15_2,SOX10*TNFSF15,450,409,410,425,295,350,4013,950,678,5773,6518,599,747,833,441,1069,797
SOX10_5*TNFSF15_3,SOX10*TNFSF15,815,1024,734,940,429,959,5313,1293,1043,6687,675,699,966,993,500,1246,717
Stk11_1*BTLA_1,Stk11*BTLA,359,310,302,364,184,227,301,1315,699,22780,476,725,1036,735,341,1415,343
Stk11_1*BTLA_2,Stk11*BTLA,402,307,301,492,192,297,345,1254,738,544,11747,898,1086,10181,609,1224,818
Stk11_1*BTLA_3,Stk11*BTLA,474,356,382,481,230,330,370,1184,767,8467,4078,650,786,427,287,935,325
Stk11_1*CDH1_1,Stk11*CDH1,406,347,362,469,352,246,320,822,265,424,958,357,602,2553,394,1002,261
Stk11_1*CDH1_4,Stk11*CDH1,1011,781,747,1075,528,589,814,1672,3140,923,788,896,1319,1146,802,1376,548
Stk11_1*CDH1_5,Stk11*CDH1,473,315,342,543,293,342,456,1586,1514,1128,9802,667,840,316,526,1411,562
Stk11_1*CX3CL1_3,Stk11*CX3CL1,623,526,496,871,349,336,367,695,574,528,351,435,514,229,105,259,96
Stk11_1*CX3CL1_4,Stk11*CX3CL1,244,178,193,241,386,168,208,1162,676,7076,4395,783,863,8262,353,1219,346
Stk11_1*CX3CL1_5,Stk11*CX3CL1,187,139,171,223,138,149,113,1097,880,6631,997,593,907,16763,261,793,485
Stk11_1*CXCR2_2,Stk11*CXCR2,1652,1163,1107,1380,854,911,1392,912,243,1372,439,528,891,390,307,1075,338
Stk11_1*CXCR2_4,Stk11*CXCR2,718,197,246,505,266,160,292,540,970,300,245,707,243,68,183,270,170
Stk11_1*CXCR2_5,Stk11*CXCR2,616,503,489,929,412,359,465,773,350,375,4700,459,512,458,330,821,466
Stk11_1*CXCR5_2,Stk11*CXCR5,781,754,650,1614,662,609,840,536,660,257,578,363,421,154,248,319,125
Stk11_1*CXCR5_3,Stk11*CXCR5,461,343,283,480,209,306,384,1533,1811,6932,2623,1083,1598,37719,493,1429,754
Stk11_1*CXCR5_4,Stk11*CXCR5,71,56,57,56,43,48,71,721,804,38310,943,271,494,116,184,490,258
Stk11_1*FCRL6_1,Stk11*FCRL6,429,427,275,353,291,246,380,917,756,348,2653,627,749,2580,253,1145,306
Stk11_1*FCRL6_4,Stk11*FCRL6,522,440,427,550,235,355,550,688,1121,784,1441,336,453,118,206,1087,323
Stk11_1*FCRL6_5,Stk11*FCRL6,261,191,186,264,162,191,273,719,2650,5482,182,294,434,355,341,1002,371
Stk11_1*HGF_2,Stk11*HGF,961,973,644,1089,576,655,1112,1197,1226,997,2706,934,904,486,294,1112,458
Stk11_1*HGF_4,Stk11*HGF,242,194,156,229,181,137,239,1117,898,33744,1710,651,652,383,201,549,493
Stk11_1*HGF_5,Stk11*HGF,883,776,743,1189,681,612,625,1013,386,567,748,784,1025,21933,288,1084,683
Stk11_1*IL6_1,Stk11*IL6,599,463,412,710,291,370,446,659,444,521,1307,397,578,400,253,594,164
Stk11_1*IL6_2,Stk11*IL6,779,641,683,963,400,736,871,1015,903,5040,723,533,976,243,496,1037,743
Stk11_1*IL6_5,Stk11*IL6,772,469,454,585,306,551,599,909,1238,3660,1442,634,778,392,283,742,269
Stk11_1*MFAP5_1,Stk11*MFAP5,387,346,339,382,227,251,639,499,261,229,617,422,881,30527,198,725,207
Stk11_1*MFAP5_3,Stk11*MFAP5,231,149,148,273,124,123,186,619,698,781,238,421,608,5584,257,260,205
Stk11_1*MFAP5_5,Stk11*MFAP5,404,375,280,438,243,534,281,799,715,695,2281,597,767,3677,230,640,179
Stk11_1*MPEG1_1,Stk11*MPEG1,689,523,516,720,370,419,898,1290,754,672,867,781,1110,9992,302,930,197
Stk11_1*MPEG1_4,Stk11*MPEG1,376,360,274,290,190,321,369,232,207,277,205,168,275,253,21,51,28
Stk11_1*MPEG1_5,Stk11*MPEG1,953,833,679,1004,514,812,675,633,575,680,320,412,592,221,425,573,450
Stk11_1*MUC16_1,Stk11*MUC16,1015,838,950,1109,659,878,1224,2022,1450,6713,813,1048,1407,1305,469,966,362
Stk11_1*MUC16_2,Stk11*MUC16,557,440,466,731,337,448,477,978,458,389,2100,564,786,3683,303,1352,346
Stk11_1*MUC16_5,Stk11*MUC16,1039,932,846,1524,590,830,5438,1010,1309,981,943,716,825,6183,349,1513,764
Stk11_1*MYSM1_2,Stk11*MYSM1,418,330,294,436,257,264,220,774,895,272,2313,423,573,694,137,439,240
Stk11_1*MYSM1_4,Stk11*MYSM1,608,490,1083,670,205,367,570,1419,530,2094,321,487,599,586,468,1163,532
Stk11_1*MYSM1_5,Stk11*MYSM1,915,746,672,1031,339,501,556,782,294,3583,606,502,628,177,246,465,314
Stk11_1*NT_17,Stk11*NT,533,390,364,630,237,363,342,732,888,578,722,377,502,211,198,179,109
Stk11_1*NT_18,Stk11*NT,5336,921,1069,1462,871,832,1161,714,1267,268,487,364,679,275,214,671,369
Stk11_1*NT_20,Stk11*NT,480,378,339,404,208,259,329,666,451,583,662,562,653,6286,127,515,187
Stk11_1*NT_25,Stk11*NT,1044,883,915,1486,690,707,861,1272,1641,6125,592,683,924,680,308,1370,477
Stk11_1*NT_26,Stk11*NT,1394,846,1666,1174,430,771,771,599,618,518,445,474,629,1529,329,746,473
Stk11_1*NT_33,Stk11*NT,504,248,237,385,146,217,268,1317,1408,6028,9927,887,2723,738,498,2286,883
Stk11_1*NT_39,Stk11*NT,839,697,686,930,387,575,855,2223,1133,2275,3389,991,1329,690,666,2321,812
Stk11_1*NT_57,Stk11*NT,134,136,133,153,138,109,92,342,422,257,783,2272,324,30,144,241,234
Stk11_1*NT_6,Stk11*NT,1587,1120,1237,1566,619,924,1166,947,436,928,593,502,632,365,275,949,246
Stk11_1*PDCD1LG2_1,Stk11*PDCD1LG2,524,413,455,539,262,488,398,2198,1809,32087,1272,994,1932,865,771,1548,755
Stk11_1*PDCD1LG2_2,Stk11*PDCD1LG2,464,347,348,462,340,289,373,815,681,5772,1561,472,614,240,250,1380,255
Stk11_1*PDCD1LG2_3,Stk11*PDCD1LG2,542,467,444,607,322,422,526,1066,863,428,6551,899,1214,12029,394,959,307
Stk11_1*PLA2G2A_2,Stk11*PLA2G2A,357,298,327,439,260,239,249,403,39,1890,345,170,236,93,130,591,178
Stk11_1*PLA2G2A_4,Stk11*PLA2G2A,519,443,432,527,287,390,451,335,188,222,424,222,373,61,81,166,134
Stk11_1*PLA2G2A_5,Stk11*PLA2G2A,1315,503,470,664,313,405,581,949,1620,719,6700,738,943,393,189,386,258
Stk11_1*PLA2R1_2,Stk11*PLA2R1,1592,1351,1287,1635,942,1094,1209,1951,1749,2392,861,981,1317,751,691,1858,707
Stk11_1*PLA2R1_3,Stk11*PLA2R1,1110,678,709,882,653,489,651,534,632,598,210,365,554,125,56,393,51
Stk11_1*PLA2R1_4,Stk11*PLA2R1,534,445,423,969,245,363,515,972,2117,3799,3146,552,775,154,221,1522,380
Stk11_1*TLR7_1,Stk11*TLR7,610,468,440,585,365,471,552,723,673,424,637,372,592,287,227,875,268
Stk11_1*TLR7_2,Stk11*TLR7,862,561,489,1006,4162,589,797,236,236,118,365,297,178,118,57,235,178
Stk11_1*TLR7_5,Stk11*TLR7,450,366,352,667,193,317,383,873,144,1857,442,341,461,180,255,774,218
Stk11_1*TNFSF15_1,Stk11*TNFSF15,307,205,217,367,294,181,165,456,25,2056,117,169,245,338,201,590,267
Stk11_1*TNFSF15_2,Stk11*TNFSF15,753,569,542,831,467,487,676,833,1312,469,3044,636,766,358,397,1376,392
Stk11_1*TNFSF15_3,Stk11*TNFSF15,513,597,387,508,268,412,364,1128,908,524,8198,659,741,2036,452,816,345
Stk11_4*BTLA_1,Stk11*BTLA,733,630,549,1501,814,574,538,290,48,404,399,215,317,49,283,227,455
Stk11_4*BTLA_2,Stk11*BTLA,35,33,26,72,27,39,32,548,17899,461,383,239,380,680,193,285,316
Stk11_4*BTLA_3,Stk11*BTLA,1784,1917,1437,1676,1188,1942,46403,411,267,521,506,278,464,88,217,127,288
Stk11_4*CDH1_1,Stk11*CDH1,999,746,664,1070,569,2246,1064,301,71,436,101,214,1228,231,122,442,241
Stk11_4*CDH1_4,Stk11*CDH1,665,510,507,707,319,469,347,440,304,2719,436,341,308,84,294,650,326
Stk11_4*CDH1_5,Stk11*CDH1,354,334,211,326,134,375,433,340,829,2425,92,235,456,93,170,292,185
Stk11_4*CX3CL1_3,Stk11*CX3CL1,745,676,573,1292,284,705,1092,186,28,2,167,167,172,10,228,320,183
Stk11_4*CX3CL1_4,Stk11*CX3CL1,550,493,450,637,224,554,592,378,481,590,784,294,429,172,211,521,279
Stk11_4*CX3CL1_5,Stk11*CX3CL1,164,203,155,205,104,170,144,635,486,474,5268,384,465,3778,236,683,339
Stk11_4*CXCR2_2,Stk11*CXCR2,623,623,442,607,357,479,848,959,985,784,2112,498,793,241,319,1297,367
Stk11_4*CXCR2_4,Stk11*CXCR2,851,733,642,926,363,871,910,80,3,29,7,87,85,13,67,247,182
Stk11_4*CXCR2_5,Stk11*CXCR2,302,648,249,1880,217,165,219,291,748,98,783,167,228,181,291,100,366
Stk11_4*CXCR5_2,Stk11*CXCR5,1405,1592,1154,1450,965,1457,1521,234,12,67,95,195,168,8,163,157,136
Stk11_4*CXCR5_3,Stk11*CXCR5,128,113,125,103,146,121,126,356,549,1899,2772,171,335,122,100,448,113
Stk11_4*CXCR5_4,Stk11*CXCR5,267,330,310,366,310,219,240,179,11,78,2253,139,179,204,68,111,115
Stk11_4*FCRL6_1,Stk11*FCRL6,668,588,469,491,255,698,566,489,646,113,106,366,622,593,244,1509,401
Stk11_4*FCRL6_4,Stk11*FCRL6,360,292,292,430,284,298,256,251,669,123,106,317,219,45,224,670,100
Stk11_4*FCRL6_5,Stk11*FCRL6,785,567,594,996,383,566,1057,369,138,512,178,208,286,21,107,351,46
Stk11_4*HGF_2,Stk11*HGF,732,423,463,690,293,372,483,613,273,315,1244,502,947,3682,293,846,460
Stk11_4*HGF_4,Stk11*HGF,507,440,333,349,115,482,384,387,154,279,1237,337,337,59,169,237,453
Stk11_4*HGF_5,Stk11*HGF,581,613,472,836,311,573,425,364,100,110,311,170,310,220,163,301,188
Stk11_4*IL6_1,Stk11*IL6,633,1393,493,611,506,496,566,222,292,80,93,105,301,134,154,159,171
Stk11_4*IL6_2,Stk11*IL6,586,496,480,576,537,654,793,440,145,463,669,356,424,223,223,498,242
Stk11_4*IL6_5,Stk11*IL6,225,195,145,205,96,164,138,457,148,240,159,300,246,308,176,497,485
Stk11_4*MFAP5_1,Stk11*MFAP5,567,565,631,593,467,473,2654,302,20,204,134,126,209,66,56,139,221
Stk11_4*MFAP5_3,Stk11*MFAP5,775,701,634,911,494,2554,900,389,416,227,1207,239,384,296,238,304,222
Stk11_4*MFAP5_5,Stk11*MFAP5,537,522,464,1494,407,510,831,678,870,6577,354,410,503,172,229,827,150
Stk11_4*MPEG1_1,Stk11*MPEG1,287,217,252,322,252,247,2470,642,330,14467,101,276,291,153,349,751,736
Stk11_4*MPEG1_4,Stk11*MPEG1,482,468,493,878,506,410,382,200,19,27,4,182,225,11,152,363,65
Stk11_4*MPEG1_5,Stk11*MPEG1,60,104,55,172,36,49,65,196,365,146,512,121,233,435,56,511,275
Stk11_4*MUC16_1,Stk11*MUC16,1156,957,917,4846,599,1202,1702,1302,880,583,459,446,767,255,287,883,497
Stk11_4*MUC16_2,Stk11*MUC16,127,145,108,204,107,111,181,423,217,2339,333,306,4394,712,169,426,418
Stk11_4*MUC16_5,Stk11*MUC16,499,513,432,550,392,369,671,479,481,357,185,336,341,148,319,650,560
Stk11_4*MYSM1_2,Stk11*MYSM1,648,604,474,644,327,1195,582,423,383,34,327,183,248,137,69,636,294
Stk11_4*MYSM1_4,Stk11*MYSM1,275,303,276,267,231,234,183,386,116,948,2810,303,346,140,263,468,194
Stk11_4*MYSM1_5,Stk11*MYSM1,239,180,241,498,149,239,239,389,270,1895,748,282,291,322,259,232,337
Stk11_4*NT_17,Stk11*NT,295,260,879,453,143,201,258,458,236,14944,121,226,211,56,288,752,133
Stk11_4*NT_18,Stk11*NT,266,239,242,254,116,254,265,434,278,255,1009,321,386,75,150,658,132
Stk11_4*NT_20,Stk11*NT,354,479,301,448,296,297,306,260,300,172,115,166,171,29,114,143,78
Stk11_4*NT_25,Stk11*NT,236,255,191,262,207,288,129,406,327,145,1581,302,325,70,112,242,210
Stk11_4*NT_26,Stk11*NT,467,638,477,750,319,518,500,711,341,220,270,356,337,439,326,674,301
Stk11_4*NT_33,Stk11*NT,922,935,978,1240,511,1048,1055,595,144,2546,562,423,481,120,717,1405,557
Stk11_4*NT_39,Stk11*NT,946,1335,920,1311,638,802,1237,731,967,662,566,458,639,201,257,876,576
Stk11_4*NT_57,Stk11*NT,200,174,210,170,205,149,352,227,313,179,182,156,345,72,128,226,217
Stk11_4*NT_6,Stk11*NT,129,129,166,193,40,114,86,354,212,320,245,267,244,147,262,666,339
Stk11_4*PDCD1LG2_1,Stk11*PDCD1LG2,938,888,960,1270,679,783,1339,619,434,573,917,965,1194,57864,448,1188,515
Stk11_4*PDCD1LG2_2,Stk11*PDCD1LG2,236,194,180,272,67,155,145,453,299,3284,266,257,242,73,300,662,335
Stk11_4*PDCD1LG2_3,Stk11*PDCD1LG2,581,538,523,569,284,643,587,433,26,240,369,421,629,14821,232,363,72
Stk11_4*PLA2G2A_2,Stk11*PLA2G2A,159,110,133,133,13,67,167,257,102,197,129,186,121,11,54,277,359
Stk11_4*PLA2G2A_4,Stk11*PLA2G2A,410,366,376,492,253,530,346,549,452,111,304,382,388,691,252,751,388
Stk11_4*PLA2G2A_5,Stk11*PLA2G2A,164,193,144,215,103,212,259,329,857,538,1563,291,311,43,40,232,105
Stk11_4*PLA2R1_2,Stk11*PLA2R1,1668,1454,1467,1612,748,1063,1949,643,400,448,780,482,471,234,243,532,352
Stk11_4*PLA2R1_3,Stk11*PLA2R1,1135,996,938,1606,749,999,1204,619,713,254,710,560,740,551,55,491,294
Stk11_4*PLA2R1_4,Stk11*PLA2R1,686,661,790,953,578,5096,503,790,211,357,252,187,499,249,266,250,333
Stk11_4*TLR7_1,Stk11*TLR7,293,244,187,289,141,172,247,299,163,413,194,218,295,344,133,68,160
Stk11_4*TLR7_2,Stk11*TLR7,205,147,140,226,101,162,316,222,62,116,993,147,233,46,18,193,182
Stk11_4*TLR7_5,Stk11*TLR7,225,258,229,282,224,200,172,261,394,148,74,225,324,2324,174,296,163
Stk11_4*TNFSF15_1,Stk11*TNFSF15,837,720,684,825,650,656,535,236,222,3,115,123,178,114,166,560,210
Stk11_4*TNFSF15_2,Stk11*TNFSF15,196,153,163,175,93,136,146,653,580,1352,5534,325,512,104,353,539,313
Stk11_4*TNFSF15_3,Stk11*TNFSF15,579,540,356,524,256,325,545,684,629,456,138,385,1717,497,358,1096,410
Stk11_5*BTLA_1,Stk11*BTLA,1145,1460,1059,1676,724,1006,3259,2167,946,4616,1532,1242,1330,7187,943,1552,776
Stk11_5*BTLA_2,Stk11*BTLA,776,932,665,635,500,651,770,1755,1460,2099,3765,921,1592,1197,537,1522,1156
Stk11_5*BTLA_3,Stk11*BTLA,691,732,549,655,416,599,786,2175,1168,1815,10983,1277,1826,4846,970,2574,1151
Stk11_5*CDH1_1,Stk11*CDH1,430,481,390,469,378,863,612,1218,1074,17322,706,790,1092,659,255,1124,576
Stk11_5*CDH1_4,Stk11*CDH1,1876,1690,1563,1814,1161,1331,1662,2843,1779,5867,1536,1859,2240,3006,736,2563,1081
Stk11_5*CDH1_5,Stk11*CDH1,492,481,408,418,368,364,381,2052,1107,4657,6124,1339,1696,12112,601,677,937
Stk11_5*CX3CL1_3,Stk11*CX3CL1,465,470,391,663,317,403,527,1093,958,9760,486,519,659,389,417,724,795
Stk11_5*CX3CL1_4,Stk11*CX3CL1,1942,1601,1505,2453,1402,1358,2338,1490,966,957,1328,777,1022,733,394,1363,725
Stk11_5*CX3CL1_5,Stk11*CX3CL1,2426,2273,2456,2562,1591,2147,3286,2590,1761,1822,1574,1224,1784,1017,649,1770,988
Stk11_5*CXCR2_2,Stk11*CXCR2,1834,1922,1719,1882,1381,1954,2259,1695,1773,1040,3107,819,952,279,641,1878,586
Stk11_5*CXCR2_4,Stk11*CXCR2,1381,1310,1178,1634,839,918,1704,712,569,204,302,496,608,318,222,457,333
Stk11_5*CXCR2_5,Stk11*CXCR2,285,300,300,366,156,241,273,1070,1047,2261,7028,464,681,698,459,835,622
Stk11_5*CXCR5_2,Stk11*CXCR5,550,537,502,896,446,513,577,1151,1520,1885,822,826,999,8534,290,1361,349
Stk11_5*CXCR5_3,Stk11*CXCR5,848,878,725,932,611,763,735,3011,2007,5524,1779,8984,2222,5797,1367,3481,1709
Stk11_5*CXCR5_4,Stk11*CXCR5,436,424,469,448,486,500,463,1003,913,6801,504,998,796,371,445,683,359
Stk11_5*FCRL6_1,Stk11*FCRL6,867,809,830,827,617,565,1053,1652,1516,957,1574,1159,1651,961,780,1987,1050
Stk11_5*FCRL6_4,Stk11*FCRL6,1122,863,1256,1158,601,935,1320,964,616,844,538,638,708,365,573,1029,556
Stk11_5*FCRL6_5,Stk11*FCRL6,533,718,439,656,187,554,373,931,343,532,1306,491,720,527,406,779,703
Stk11_5*HGF_2,Stk11*HGF,680,597,600,711,313,513,608,2546,1516,10333,9551,1840,1910,1374,1009,1824,1381
Stk11_5*HGF_4,Stk11*HGF,2313,2311,2345,2964,1917,2149,2702,2176,1013,2457,2592,1186,1899,686,673,1680,1201
Stk11_5*HGF_5,Stk11*HGF,1399,1320,3164,1820,1070,1433,1294,1102,936,817,654,1149,1133,678,968,2173,1087
Stk11_5*IL6_1,Stk11*IL6,556,500,460,636,418,421,605,1435,13356,1148,1139,836,4846,1347,362,1302,686
Stk11_5*IL6_2,Stk11*IL6,293,297,277,317,234,248,401,1402,705,17295,1179,1021,2138,16204,462,1118,1220
Stk11_5*IL6_5,Stk11*IL6,790,824,683,769,473,992,929,2065,2416,6245,5178,1383,2664,2809,860,2086,1490
Stk11_5*MFAP5_1,Stk11*MFAP5,475,440,385,558,286,302,671,1145,805,11576,544,610,1002,1005,497,962,797
Stk11_5*MFAP5_3,Stk11*MFAP5,980,914,692,1509,621,1093,2878,1218,786,2840,1209,498,650,362,527,672,643
Stk11_5*MFAP5_5,Stk11*MFAP5,827,861,757,814,520,818,720,2138,985,1534,6374,903,1462,836,634,1384,892
Stk11_5*MPEG1_1,Stk11*MPEG1,2504,2774,2220,3242,1718,3517,2623,2121,1896,2067,1124,1329,1707,682,943,1329,847
Stk11_5*MPEG1_4,Stk11*MPEG1,142,132,124,251,77,112,283,706,176,5922,290,359,399,3325,134,271,213
Stk11_5*MPEG1_5,Stk11*MPEG1,708,641,841,851,502,679,1099,1135,593,691,1089,673,971,751,367,897,781
Stk11_5*MUC16_1,Stk11*MUC16,1146,1461,1108,1115,845,1002,1225,1856,1678,771,5505,1403,1610,1107,620,1430,732
Stk11_5*MUC16_2,Stk11*MUC16,624,658,622,676,442,652,753,2010,1935,4443,1439,1145,2067,6284,459,1765,580
Stk11_5*MUC16_5,Stk11*MUC16,676,655,666,775,462,561,639,1938,2241,4849,11382,1367,1362,487,715,1959,987
Stk11_5*MYSM1_2,Stk11*MYSM1,576,586,539,641,487,610,967,1541,3218,15223,737,714,1092,200,824,1304,780
Stk11_5*MYSM1_4,Stk11*MYSM1,1392,1391,1261,1559,1025,1005,4806,989,1318,733,7415,659,950,259,477,1888,575
Stk11_5*MYSM1_5,Stk11*MYSM1,843,902,781,1030,381,808,1041,1510,1550,711,1168,924,1127,2804,588,513,490
Stk11_5*NT_17,Stk11*NT,369,312,331,458,235,324,347,1351,908,6412,874,5208,847,1034,273,550,657
Stk11_5*NT_18,Stk11*NT,553,486,478,682,351,528,673,1388,1377,10665,7300,828,1151,447,402,1053,824
Stk11_5*NT_20,Stk11*NT,414,385,371,469,168,360,322,630,465,307,4125,434,544,210,162,405,132
Stk11_5*NT_25,Stk11*NT,1695,1741,1991,2098,887,1414,2676,1920,1697,826,2191,1212,1647,4605,848,1665,1333
Stk11_5*NT_26,Stk11*NT,940,1225,825,1041,366,784,797,1188,2020,798,2519,915,911,363,654,1664,787
Stk11_5*NT_33,Stk11*NT,1660,2049,1289,1801,1088,1396,1480,1462,1139,824,945,1099,1689,2491,1139,2386,1424
Stk11_5*NT_39,Stk11*NT,421,418,414,406,235,367,439,1868,1829,10735,1064,2464,1803,15177,650,1913,785
Stk11_5*NT_57,Stk11*NT,187,196,180,189,88,195,158,1305,818,6974,1110,483,812,744,643,991,663
Stk11_5*NT_6,Stk11*NT,1204,1120,1025,1046,796,1100,818,1620,735,6127,564,866,1197,565,653,1914,1018
Stk11_5*PDCD1LG2_1,Stk11*PDCD1LG2,1967,2181,1862,2321,1348,1689,1890,4311,4147,1701,25056,2306,2823,1630,1213,3697,2132
Stk11_5*PDCD1LG2_2,Stk11*PDCD1LG2,1633,1382,1592,1503,619,1299,1456,1131,1072,714,735,620,921,266,326,668,665
Stk11_5*PDCD1LG2_3,Stk11*PDCD1LG2,610,613,536,596,429,470,811,1514,1686,1380,687,5368,1151,980,509,1422,654
Stk11_5*PLA2G2A_2,Stk11*PLA2G2A,503,420,366,530,269,474,516,1062,478,5009,512,680,713,6188,230,477,581
Stk11_5*PLA2G2A_4,Stk11*PLA2G2A,664,606,555,835,447,490,513,1869,1030,562,677,1002,1324,23256,461,772,627
Stk11_5*PLA2G2A_5,Stk11*PLA2G2A,613,523,514,505,414,459,667,1588,939,4727,1264,9914,1210,523,409,1534,575
Stk11_5*PLA2R1_2,Stk11*PLA2R1,1076,919,954,1097,597,908,1398,2786,1640,13133,9684,1440,2098,1276,766,2164,1551
Stk11_5*PLA2R1_3,Stk11*PLA2R1,1640,1890,1624,1791,1198,2648,2178,1349,522,1008,762,839,911,316,180,690,208
Stk11_5*PLA2R1_4,Stk11*PLA2R1,1671,1738,1584,1485,994,1425,2053,2190,1545,1708,766,1325,1312,758,449,2059,771
Stk11_5*TLR7_1,Stk11*TLR7,620,677,502,619,559,942,582,1944,2365,12680,1584,973,1310,652,356,1262,554
Stk11_5*TLR7_2,Stk11*TLR7,1119,668,603,781,360,636,799,1187,574,640,503,677,804,790,499,903,288
Stk11_5*TLR7_5,Stk11*TLR7,769,864,756,840,630,701,809,725,497,361,744,507,785,323,372,659,311
Stk11_5*TNFSF15_1,Stk11*TNFSF15,1386,1008,956,1397,699,797,878,830,1022,198,352,384,663,556,330,821,311
Stk11_5*TNFSF15_2,Stk11*TNFSF15,1637,1553,6498,1556,1177,1688,2261,2094,1550,719,1442,3091,1206,1041,642,1845,1189
Stk11_5*TNFSF15_3,Stk11*TNFSF15,686,676,555,720,463,639,793,2098,1804,17015,1293,1120,1371,943,856,1026,783
TGFBR2_1*BTLA_1,TGFBR2*BTLA,879,881,809,983,438,792,1027,941,987,480,480,445,694,631,400,502,495
TGFBR2_1*BTLA_2,TGFBR2*BTLA,926,989,928,984,748,799,915,635,373,752,413,338,454,29,169,847,157
TGFBR2_1*BTLA_3,TGFBR2*BTLA,395,366,469,458,292,292,534,516,583,173,425,4372,460,271,185,519,331
TGFBR2_1*CDH1_1,TGFBR2*CDH1,1353,1342,1161,1632,667,941,2551,808,842,580,433,676,706,319,132,667,316
TGFBR2_1*CDH1_4,TGFBR2*CDH1,1594,1499,1465,1249,768,1270,1373,1793,1531,1199,1334,1132,1382,693,674,2501,1056
TGFBR2_1*CDH1_5,TGFBR2*CDH1,689,677,557,799,215,528,539,1232,948,447,4123,881,1021,493,256,414,604
TGFBR2_1*CX3CL1_3,TGFBR2*CX3CL1,538,596,420,874,261,365,404,325,33,56,99,203,314,227,120,173,63
TGFBR2_1*CX3CL1_4,TGFBR2*CX3CL1,1542,1916,1524,1932,1067,1371,4846,780,884,475,274,570,602,343,448,808,433
TGFBR2_1*CX3CL1_5,TGFBR2*CX3CL1,1742,1450,1442,2052,1246,1141,2077,688,565,287,333,483,758,732,340,998,419
TGFBR2_1*CXCR2_2,TGFBR2*CXCR2,714,744,624,990,386,553,694,1123,1105,11716,1030,628,783,232,205,750,179
TGFBR2_1*CXCR2_4,TGFBR2*CXCR2,186,170,168,192,124,178,182,304,475,90,246,101,179,84,119,105,155
TGFBR2_1*CXCR2_5,TGFBR2*CXCR2,487,416,380,563,193,318,443,875,669,1809,683,502,676,1965,275,743,393
TGFBR2_1*CXCR5_2,TGFBR2*CXCR5,811,614,513,894,276,398,700,387,286,486,166,271,464,187,252,686,254
TGFBR2_1*CXCR5_3,TGFBR2*CXCR5,741,613,604,777,400,486,594,1431,857,2088,622,765,998,2636,548,1778,495
TGFBR2_1*CXCR5_4,TGFBR2*CXCR5,252,286,269,399,136,255,411,437,290,943,383,547,691,21977,124,373,165
TGFBR2_1*FCRL6_1,TGFBR2*FCRL6,1831,1783,1530,2035,1086,1347,2098,731,205,243,325,847,621,189,178,752,490
TGFBR2_1*FCRL6_4,TGFBR2*FCRL6,223,193,182,378,69,196,156,826,543,386,5611,350,582,382,383,1090,156
TGFBR2_1*FCRL6_5,TGFBR2*FCRL6,505,387,283,552,302,349,408,423,419,236,6178,265,372,35,259,95,412
TGFBR2_1*HGF_2,TGFBR2*HGF,435,375,367,465,217,502,402,1416,1385,927,4403,1084,1199,21082,404,1503,443
TGFBR2_1*HGF_4,TGFBR2*HGF,1084,1609,880,1153,622,768,807,1060,1088,7154,401,746,898,557,210,397,131
TGFBR2_1*HGF_5,TGFBR2*HGF,1195,996,785,1886,700,749,1139,679,598,366,640,373,651,326,251,568,336
TGFBR2_1*IL6_1,TGFBR2*IL6,1105,963,1174,1365,630,1037,1183,772,341,404,343,513,619,519,149,420,116
TGFBR2_1*IL6_2,TGFBR2*IL6,629,610,763,829,478,510,627,809,613,3839,321,497,635,452,306,977,384
TGFBR2_1*IL6_5,TGFBR2*IL6,1169,1102,1280,1206,1351,856,1240,736,525,553,536,717,683,424,185,452,417
TGFBR2_1*MFAP5_1,TGFBR2*MFAP5,231,218,291,199,183,178,266,564,1227,2229,422,239,290,104,201,429,102
TGFBR2_1*MFAP5_3,TGFBR2*MFAP5,629,700,449,603,303,224,494,515,292,95,162,334,415,123,164,386,159
TGFBR2_1*MFAP5_5,TGFBR2*MFAP5,664,690,541,883,321,707,533,710,289,312,612,533,797,6287,257,518,300
TGFBR2_1*MPEG1_1,TGFBR2*MPEG1,953,925,850,1086,808,541,685,868,721,654,535,359,724,181,125,763,403
TGFBR2_1*MPEG1_4,TGFBR2*MPEG1,133,90,100,100,79,148,55,224,278,125,113,122,151,104,30,55,181
TGFBR2_1*MPEG1_5,TGFBR2*MPEG1,667,572,547,795,394,710,764,623,516,347,611,356,584,136,355,875,375
TGFBR2_1*MUC16_1,TGFBR2*MUC16,379,346,341,408,155,305,368,1327,1309,6024,838,1328,769,469,324,413,396
TGFBR2_1*MUC16_2,TGFBR2*MUC16,857,848,663,779,3172,742,963,692,245,1202,3806,370,528,61,206,537,422
TGFBR2_1*MUC16_5,TGFBR2*MUC16,362,333,289,442,245,255,311,1023,881,1683,1025,729,959,15786,359,1429,363
TGFBR2_1*MYSM1_2,TGFBR2*MYSM1,347,304,245,416,231,305,349,823,1033,732,512,521,596,3760,480,708,283
TGFBR2_1*MYSM1_4,TGFBR2*MYSM1,205,205,206,249,184,178,241,878,559,13422,775,579,607,215,452,385,505
TGFBR2_1*MYSM1_5,TGFBR2*MYSM1,1530,1143,1371,1377,874,1381,1541,716,804,316,548,525,791,130,269,460,323
TGFBR2_1*NT_17,TGFBR2*NT,842,853,759,1050,530,710,651,775,634,422,456,512,648,410,108,483,135
TGFBR2_1*NT_18,TGFBR2*NT,494,402,342,426,153,430,436,736,598,566,407,518,633,309,159,349,148
TGFBR2_1*NT_20,TGFBR2*NT,890,872,753,821,764,682,840,244,63,78,233,135,202,12,174,759,97
TGFBR2_1*NT_25,TGFBR2*NT,1174,1121,1115,1517,1139,1088,5117,1134,485,7141,530,556,873,444,261,322,645
TGFBR2_1*NT_26,TGFBR2*NT,574,526,510,614,330,505,737,882,443,566,529,626,665,6723,364,898,408
TGFBR2_1*NT_33,TGFBR2*NT,1056,963,824,1657,492,680,1325,954,944,352,692,1942,930,812,446,1059,362
TGFBR2_1*NT_39,TGFBR2*NT,321,283,282,343,207,273,319,927,747,3471,6546,523,723,255,256,1052,625
TGFBR2_1*NT_57,TGFBR2*NT,177,154,142,159,113,150,154,746,1273,1280,758,3328,492,314,251,499,251
TGFBR2_1*NT_6,TGFBR2*NT,1132,993,1626,1208,613,804,1091,726,309,2518,289,459,529,357,313,700,279
TGFBR2_1*PDCD1LG2_1,TGFBR2*PDCD1LG2,583,490,473,842,330,531,537,1328,985,1372,1191,896,888,2595,565,1791,585
TGFBR2_1*PDCD1LG2_2,TGFBR2*PDCD1LG2,1192,1130,1156,1282,694,1164,1371,938,302,672,378,514,593,628,231,444,469
TGFBR2_1*PDCD1LG2_3,TGFBR2*PDCD1LG2,364,329,320,336,196,274,329,767,648,528,411,540,614,3296,314,788,523
TGFBR2_1*PLA2G2A_2,TGFBR2*PLA2G2A,406,331,403,437,291,239,288,598,741,359,5585,379,520,138,386,730,244
TGFBR2_1*PLA2G2A_4,TGFBR2*PLA2G2A,1509,1539,1471,1622,839,1231,11600,576,607,273,545,512,605,301,179,506,113
TGFBR2_1*PLA2G2A_5,TGFBR2*PLA2G2A,901,848,736,862,292,875,659,548,167,205,393,505,465,393,278,147,190
TGFBR2_1*PLA2R1_2,TGFBR2*PLA2R1,942,897,1205,1122,556,687,945,1132,1089,554,2883,710,966,390,336,776,573
TGFBR2_1*PLA2R1_3,TGFBR2*PLA2R1,2258,1810,1608,1977,1340,1492,2268,471,617,97,432,416,499,108,166,452,185
TGFBR2_1*PLA2R1_4,TGFBR2*PLA2R1,1044,952,1122,1479,972,832,2875,883,512,4250,1218,665,632,189,231,458,342
TGFBR2_1*TLR7_1,TGFBR2*TLR7,3011,2382,1793,2636,1644,4646,2097,1194,738,1108,726,686,954,349,422,1529,895
TGFBR2_1*TLR7_2,TGFBR2*TLR7,492,434,369,563,423,262,585,485,299,1656,395,238,381,144,129,804,353
TGFBR2_1*TLR7_5,TGFBR2*TLR7,722,741,954,691,426,615,510,416,45,324,135,399,854,429,252,267,247
TGFBR2_1*TNFSF15_1,TGFBR2*TNFSF15,327,283,316,271,160,372,349,360,478,647,131,210,309,262,77,281,158
TGFBR2_1*TNFSF15_2,TGFBR2*TNFSF15,903,686,775,865,425,665,944,1022,1029,656,820,566,833,883,361,735,665
TGFBR2_1*TNFSF15_3,TGFBR2*TNFSF15,1135,1018,926,1367,645,817,1108,1113,1436,2046,444,715,845,386,255,844,454
TGFBR2_3*BTLA_1,TGFBR2*BTLA,1376,1554,1158,1699,616,1170,1436,1500,765,2122,5480,856,1236,419,835,1859,1406
TGFBR2_3*BTLA_2,TGFBR2*BTLA,955,996,824,905,609,953,1032,2019,4498,1209,1931,1519,1774,13300,817,3641,1123
TGFBR2_3*BTLA_3,TGFBR2*BTLA,2268,1910,2694,2135,1400,1644,2205,1264,1393,352,904,939,1151,886,511,1675,1087
TGFBR2_3*CDH1_1,TGFBR2*CDH1,1120,1160,962,1135,812,867,1075,1518,1117,850,1958,1298,1403,5265,796,2309,823
TGFBR2_3*CDH1_4,TGFBR2*CDH1,1999,1930,1820,2261,967,1525,5062,2970,2994,2186,1648,1943,2687,16756,1302,3300,1985
TGFBR2_3*CDH1_5,TGFBR2*CDH1,1136,1286,1310,1473,850,1168,1319,3367,2235,2988,5436,1628,2242,2773,995,2614,1208
TGFBR2_3*CX3CL1_3,TGFBR2*CX3CL1,786,910,704,1334,209,685,825,1030,644,830,553,514,834,209,285,648,416
TGFBR2_3*CX3CL1_4,TGFBR2*CX3CL1,2037,2130,1884,2390,1341,1887,2309,2107,1008,6891,898,1192,1702,569,693,2394,735
TGFBR2_3*CX3CL1_5,TGFBR2*CX3CL1,2123,2128,2129,2294,1422,1787,2604,2134,3887,2908,973,3346,1863,945,645,1092,1135
TGFBR2_3*CXCR2_2,TGFBR2*CXCR2,1113,1231,1167,1276,613,957,1034,2099,2672,5193,5858,1553,3019,913,603,1385,634
TGFBR2_3*CXCR2_4,TGFBR2*CXCR2,144,124,122,163,92,116,124,1151,732,447,18831,2700,667,1252,488,1042,552
TGFBR2_3*CXCR2_5,TGFBR2*CXCR2,2299,2305,2144,2879,1841,2206,2489,1662,1597,608,1130,1020,1051,216,736,1947,854
TGFBR2_3*CXCR5_2,TGFBR2*CXCR5,646,572,552,634,482,434,683,1131,1187,531,6065,745,963,191,498,1321,175
TGFBR2_3*CXCR5_3,TGFBR2*CXCR5,678,689,608,861,496,678,811,2927,1810,17989,6100,2009,5590,9983,1611,3537,2104
TGFBR2_3*CXCR5_4,TGFBR2*CXCR5,1097,1176,1152,1291,971,1123,1047,1006,515,612,1456,340,715,409,343,395,260
TGFBR2_3*FCRL6_1,TGFBR2*FCRL6,1440,1659,1552,2016,1237,1502,2342,2662,1677,4338,1600,1281,1839,1218,694,2565,1161
TGFBR2_3*FCRL6_4,TGFBR2*FCRL6,2397,2558,6987,2486,1903,1810,3505,1240,620,729,857,705,1053,380,952,1439,1131
TGFBR2_3*FCRL6_5,TGFBR2*FCRL6,700,632,571,731,501,633,807,1529,942,828,7603,679,832,395,461,1877,851
TGFBR2_3*HGF_2,TGFBR2*HGF,3051,3350,2890,5128,2334,2550,6058,2534,6013,1192,3261,1689,1974,980,1171,3138,1817
TGFBR2_3*HGF_4,TGFBR2*HGF,2507,2578,2111,3058,1160,2075,3234,1830,1281,634,940,1127,1554,1089,520,1570,690
TGFBR2_3*HGF_5,TGFBR2*HGF,2307,2837,2127,2744,1371,1825,3053,2093,1786,1027,1438,1023,1349,424,946,2249,1297
TGFBR2_3*IL6_1,TGFBR2*IL6,1546,1759,1414,1775,914,1416,1671,1422,1188,1422,669,1068,1097,1371,646,1350,975
TGFBR2_3*IL6_2,TGFBR2*IL6,679,854,853,911,517,800,666,1996,1792,2587,26388,1194,1541,411,973,3032,1347
TGFBR2_3*IL6_5,TGFBR2*IL6,1195,1224,1059,1209,616,880,1404,2260,1211,1472,2154,1752,2367,17660,1047,2269,1274
TGFBR2_3*MFAP5_1,TGFBR2*MFAP5,1016,793,814,915,545,673,1090,842,849,2223,1486,818,726,439,386,896,798
TGFBR2_3*MFAP5_3,TGFBR2*MFAP5,1597,1690,1495,2207,929,1265,1529,1296,1188,3313,1033,833,1108,704,1088,1673,1032
TGFBR2_3*MFAP5_5,TGFBR2*MFAP5,1487,1272,1165,1673,718,1306,1671,2215,1335,2191,4287,1583,1523,1114,624,2037,1160
TGFBR2_3*MPEG1_1,TGFBR2*MPEG1,1053,972,935,1050,539,991,1110,2492,2618,1457,2158,2069,2910,70588,848,2111,1226
TGFBR2_3*MPEG1_4,TGFBR2*MPEG1,1041,1186,876,1450,1058,1096,1248,903,508,429,397,611,701,1791,342,529,633
TGFBR2_3*MPEG1_5,TGFBR2*MPEG1,1855,1911,1689,1728,1219,1373,1778,1667,1211,1181,6959,1127,1275,440,662,1260,1572
TGFBR2_3*MUC16_1,TGFBR2*MUC16,2078,2224,2395,2295,1503,2008,2417,2453,1990,1626,2463,1708,3830,1015,1127,1204,950
TGFBR2_3*MUC16_2,TGFBR2*MUC16,1156,1255,1121,1896,625,1176,1178,2371,711,1102,2064,1681,1717,26843,921,2478,967
TGFBR2_3*MUC16_5,TGFBR2*MUC16,1801,1980,1607,2150,1476,1499,2286,2250,1978,3065,3604,1493,1766,670,847,2900,1317
TGFBR2_3*MYSM1_2,TGFBR2*MYSM1,2139,2098,1998,2552,1702,2013,2776,1644,1479,1223,4540,982,1400,489,715,1097,992
TGFBR2_3*MYSM1_4,TGFBR2*MYSM1,1536,1500,1387,1758,989,1399,2185,2024,1209,3087,7195,1681,2024,860,1128,3110,1518
TGFBR2_3*MYSM1_5,TGFBR2*MYSM1,1107,1230,1115,1224,698,724,1070,1516,1041,8782,698,1020,1117,703,771,1182,812
TGFBR2_3*NT_17,TGFBR2*NT,505,526,440,597,284,437,350,1643,1639,4737,3912,1030,947,529,607,851,718
TGFBR2_3*NT_18,TGFBR2*NT,2152,2114,1987,2728,1390,1684,2248,2028,1651,4916,707,3384,1672,578,569,1355,666
TGFBR2_3*NT_20,TGFBR2*NT,982,925,987,1178,696,885,862,1105,1035,903,2282,691,923,331,294,908,451
TGFBR2_3*NT_25,TGFBR2*NT,2363,2681,2839,3314,1742,2273,2866,1775,1244,803,1158,1007,1466,624,485,3336,864
TGFBR2_3*NT_26,TGFBR2*NT,490,517,641,522,329,509,508,1546,1106,5284,657,4757,1695,13897,786,2023,1079
TGFBR2_3*NT_33,TGFBR2*NT,1221,1407,1172,2092,1071,1200,1520,2400,2018,5161,3042,1347,1809,778,991,2595,1389
TGFBR2_3*NT_39,TGFBR2*NT,1610,1875,1404,2000,916,1347,2788,3232,2541,18066,3564,3937,2292,1167,1436,3432,1655
TGFBR2_3*NT_57,TGFBR2*NT,1051,976,831,3043,565,893,879,1325,1108,1298,558,843,798,546,310,762,810
TGFBR2_3*NT_6,TGFBR2*NT,1779,1964,1609,2005,1132,1513,2010,2135,1282,1916,5142,1333,1746,1204,1146,2272,857
TGFBR2_3*PDCD1LG2_1,TGFBR2*PDCD1LG2,3440,3438,3057,4037,2043,2966,5791,3294,4152,8082,2173,2349,3174,1320,1633,4186,1794
TGFBR2_3*PDCD1LG2_2,TGFBR2*PDCD1LG2,676,719,638,720,386,621,734,1909,1509,16606,1093,1080,1315,2072,355,1671,1047
TGFBR2_3*PDCD1LG2_3,TGFBR2*PDCD1LG2,626,624,642,791,240,548,684,1589,900,1545,1870,1158,1261,15618,841,2196,950
TGFBR2_3*PLA2G2A_2,TGFBR2*PLA2G2A,1130,964,1066,2454,771,917,1314,748,868,212,781,379,531,318,315,675,456
TGFBR2_3*PLA2G2A_4,TGFBR2*PLA2G2A,824,918,851,1098,441,792,2409,1097,1022,698,1499,1017,1364,34579,462,915,1077
TGFBR2_3*PLA2G2A_5,TGFBR2*PLA2G2A,1577,1995,1581,1770,1012,1654,2473,1418,896,518,1529,643,1171,1214,396,863,231
TGFBR2_3*PLA2R1_2,TGFBR2*PLA2R1,751,689,661,785,415,620,791,3174,2966,5661,7946,2941,2712,34357,1550,2603,1898
TGFBR2_3*PLA2R1_3,TGFBR2*PLA2R1,811,892,816,1227,536,775,821,1242,1104,751,734,768,953,9673,304,839,294
TGFBR2_3*PLA2R1_4,TGFBR2*PLA2R1,496,480,456,611,349,499,763,2542,1946,12093,15601,3839,1977,1883,1076,2320,1209
TGFBR2_3*TLR7_1,TGFBR2*TLR7,1193,1222,1103,1319,1412,1273,1584,1896,1154,23575,2636,1100,1478,662,1242,2293,1046
TGFBR2_3*TLR7_2,TGFBR2*TLR7,302,223,223,323,108,164,273,662,6997,392,142,343,596,383,230,397,466
TGFBR2_3*TLR7_5,TGFBR2*TLR7,1384,1285,1498,2126,811,1415,1418,1073,530,1136,1366,1318,656,349,392,1674,1248
TGFBR2_3*TNFSF15_1,TGFBR2*TNFSF15,467,548,520,706,266,515,452,911,234,10076,432,477,640,47,448,2560,645
TGFBR2_3*TNFSF15_2,TGFBR2*TNFSF15,1365,1288,1258,1502,2176,1477,1229,2562,1417,21730,4912,1701,2030,827,1534,1544,1814
TGFBR2_3*TNFSF15_3,TGFBR2*TNFSF15,1192,1259,1018,1327,623,1571,1531,2929,2957,6810,4800,2227,1983,1527,1287,3187,1391
TGFBR2_5*BTLA_1,TGFBR2*BTLA,560,524,422,577,330,381,555,1842,2204,1868,10844,1101,1473,3130,461,324,328
TGFBR2_5*BTLA_2,TGFBR2*BTLA,1761,1575,1755,2675,811,1695,1854,1252,1513,992,464,845,980,373,252,775,138
TGFBR2_5*BTLA_3,TGFBR2*BTLA,1075,931,820,1067,701,826,1098,1473,487,1047,4719,986,1142,706,276,1136,384
TGFBR2_5*CDH1_1,TGFBR2*CDH1,1154,1066,946,1229,783,1028,1013,1684,1233,1264,1817,1158,1473,949,287,1082,493
TGFBR2_5*CDH1_4,TGFBR2*CDH1,1650,1370,1331,1968,1048,1120,1144,2590,1767,1211,1447,1662,1904,9930,477,1230,441
TGFBR2_5*CDH1_5,TGFBR2*CDH1,2554,2482,2342,2927,1930,2203,2236,2134,1995,1239,1299,1587,1418,553,342,1181,497
TGFBR2_5*CX3CL1_3,TGFBR2*CX3CL1,513,617,329,521,242,317,733,632,594,5275,630,430,486,264,121,607,120
TGFBR2_5*CX3CL1_4,TGFBR2*CX3CL1,1406,1194,1045,1394,891,996,1286,1333,794,1209,1271,790,1186,534,306,617,507
TGFBR2_5*CX3CL1_5,TGFBR2*CX3CL1,1961,1734,1856,2365,1039,1578,1879,1748,1887,1151,1180,1077,1545,664,468,1462,717
TGFBR2_5*CXCR2_2,TGFBR2*CXCR2,419,418,378,458,271,325,498,1823,11860,16212,863,942,1471,579,190,848,221
TGFBR2_5*CXCR2_4,TGFBR2*CXCR2,587,532,460,603,218,316,596,532,391,337,250,297,443,283,230,394,96
TGFBR2_5*CXCR2_5,TGFBR2*CXCR2,1411,1306,1168,1929,925,1183,1566,1248,1927,795,742,669,935,681,272,949,229
TGFBR2_5*CXCR5_2,TGFBR2*CXCR5,646,634,598,639,432,425,744,790,483,457,488,438,521,387,61,535,260
TGFBR2_5*CXCR5_3,TGFBR2*CXCR5,1310,1172,1163,1511,876,1049,1343,2104,1940,2023,7426,1233,1580,601,363,569,551
TGFBR2_5*CXCR5_4,TGFBR2*CXCR5,494,431,389,439,263,411,371,427,461,147,195,269,330,257,124,111,95
TGFBR2_5*FCRL6_1,TGFBR2*FCRL6,1539,1501,1292,1834,947,1129,1803,1920,2616,3429,1228,1325,2513,893,402,1023,556
TGFBR2_5*FCRL6_4,TGFBR2*FCRL6,246,306,198,328,172,181,228,1001,1314,20940,505,3653,679,504,156,536,335
TGFBR2_5*FCRL6_5,TGFBR2*FCRL6,1165,988,953,1200,797,1836,2194,934,1010,398,715,611,766,713,461,694,365
TGFBR2_5*HGF_2,TGFBR2*HGF,1798,1531,1713,2081,979,1420,1614,1893,2007,1671,1968,1380,2611,1006,316,1335,294
TGFBR2_5*HGF_4,TGFBR2*HGF,706,627,654,828,396,476,777,1943,1198,1009,15635,1415,1495,2634,286,331,211
TGFBR2_5*HGF_5,TGFBR2*HGF,1838,1592,1383,2037,1080,1114,2011,1509,1285,777,918,1005,1179,635,204,697,337
TGFBR2_5*IL6_1,TGFBR2*IL6,1128,965,827,1195,602,844,1089,794,690,491,569,570,633,259,201,286,183
TGFBR2_5*IL6_2,TGFBR2*IL6,976,838,944,1039,537,702,768,1767,1910,3187,1329,1328,1658,11969,489,1200,675
TGFBR2_5*IL6_5,TGFBR2*IL6,1699,1388,1358,2125,908,1299,1971,1997,1410,1088,6277,1310,1662,774,368,1590,247
TGFBR2_5*MFAP5_1,TGFBR2*MFAP5,1680,1384,1252,1849,694,1047,2588,849,647,714,437,614,728,534,179,618,267
TGFBR2_5*MFAP5_3,TGFBR2*MFAP5,2897,2499,2522,3402,1608,2335,2014,1428,1013,667,792,776,1083,264,181,278,161
TGFBR2_5*MFAP5_5,TGFBR2*MFAP5,2461,2264,2226,2653,1182,1993,2796,1650,973,809,1052,1012,1610,589,202,445,230
TGFBR2_5*MPEG1_1,TGFBR2*MPEG1,504,451,419,629,392,371,544,2175,2256,50952,1029,1022,1536,1133,153,276,227
TGFBR2_5*MPEG1_4,TGFBR2*MPEG1,1019,853,876,1201,574,580,777,550,421,485,297,299,410,168,91,286,41
TGFBR2_5*MPEG1_5,TGFBR2*MPEG1,1109,852,954,1189,791,834,935,1229,1384,1838,5348,962,1004,510,327,736,380
TGFBR2_5*MUC16_1,TGFBR2*MUC16,2295,2093,2177,2443,1409,2064,1967,2187,1182,1212,2797,1505,1738,1336,185,690,240
TGFBR2_5*MUC16_2,TGFBR2*MUC16,816,730,663,986,657,775,733,2098,2188,1458,1153,1393,1764,16302,428,922,518
TGFBR2_5*MUC16_5,TGFBR2*MUC16,3147,2977,2902,3595,1782,2516,3148,1846,1050,1338,841,1243,1410,803,459,1581,437
TGFBR2_5*MYSM1_2,TGFBR2*MYSM1,1572,1422,1614,1963,909,1137,1736,1316,2202,817,709,942,1080,351,133,194,136
TGFBR2_5*MYSM1_4,TGFBR2*MYSM1,1137,1113,990,1614,752,1142,1097,2544,1540,5586,2530,1541,1912,2423,518,1328,718
TGFBR2_5*MYSM1_5,TGFBR2*MYSM1,2383,1959,1991,3378,1017,1791,2683,1044,908,1003,536,670,975,404,213,536,406
TGFBR2_5*NT_17,TGFBR2*NT,570,484,489,717,297,382,385,778,793,543,867,504,666,615,74,490,68
TGFBR2_5*NT_18,TGFBR2*NT,1573,1286,1137,1567,923,1074,1422,1547,1123,722,1149,775,1099,1101,68,195,182
TGFBR2_5*NT_20,TGFBR2*NT,1389,1084,916,2639,568,737,1233,704,317,427,462,344,576,512,104,266,156
TGFBR2_5*NT_25,TGFBR2*NT,3364,3099,2820,3733,1967,2154,3039,1583,1929,703,1057,1091,1453,545,292,611,251
TGFBR2_5*NT_26,TGFBR2*NT,1710,1432,1446,1964,974,1444,1653,1030,576,630,1345,652,1036,506,210,726,295
TGFBR2_5*NT_33,TGFBR2*NT,2152,1998,1782,2419,1221,1497,1731,1786,1164,2492,1024,989,1431,725,188,411,206
TGFBR2_5*NT_39,TGFBR2*NT,875,789,786,907,603,625,837,3818,2266,31517,7698,1534,1921,1398,665,1772,554
TGFBR2_5*NT_57,TGFBR2*NT,1703,1460,1339,2296,1340,1851,1656,826,689,679,422,498,633,112,146,763,51
TGFBR2_5*NT_6,TGFBR2*NT,2724,2460,2233,4108,2026,2367,2321,2051,2029,1494,1440,1472,1667,1282,221,918,141
TGFBR2_5*PDCD1LG2_1,TGFBR2*PDCD1LG2,2172,1900,1636,2361,1395,1551,1961,2383,2886,1953,1312,2378,2127,4824,755,1550,825
TGFBR2_5*PDCD1LG2_2,TGFBR2*PDCD1LG2,719,570,618,849,481,661,687,1183,716,1650,6280,803,901,523,236,747,117
TGFBR2_5*PDCD1LG2_3,TGFBR2*PDCD1LG2,3315,2849,2449,4123,1979,2677,9397,1300,1033,467,864,923,1023,887,376,491,131
TGFBR2_5*PLA2G2A_2,TGFBR2*PLA2G2A,975,807,853,1270,600,895,804,733,448,215,313,287,496,609,197,564,169
TGFBR2_5*PLA2G2A_4,TGFBR2*PLA2G2A,746,661,606,682,366,545,721,1370,1370,1831,1948,1155,1412,605,329,763,284
TGFBR2_5*PLA2G2A_5,TGFBR2*PLA2G2A,1565,1367,979,1343,729,1059,1171,1030,1033,577,477,727,967,547,76,64,215
TGFBR2_5*PLA2R1_2,TGFBR2*PLA2R1,3325,2962,3068,4364,1993,2791,3732,2423,1842,1571,1997,2531,2009,746,370,1102,905
TGFBR2_5*PLA2R1_3,TGFBR2*PLA2R1,1327,1113,1243,1396,459,1143,1409,1182,862,751,1025,824,1055,648,122,143,203
TGFBR2_5*PLA2R1_4,TGFBR2*PLA2R1,1664,1407,1435,1708,839,1439,1939,1715,2741,1272,1299,1126,1324,361,458,902,464
TGFBR2_5*TLR7_1,TGFBR2*TLR7,1887,1515,1371,1983,1290,1244,2020,1215,1029,936,811,794,1164,502,133,1733,492
TGFBR2_5*TLR7_2,TGFBR2*TLR7,1321,976,1146,1574,538,896,1111,1143,1019,552,2608,758,908,219,59,625,149
TGFBR2_5*TLR7_5,TGFBR2*TLR7,1716,1527,1582,2351,1140,1727,1967,1194,628,693,945,957,1107,904,151,893,276
TGFBR2_5*TNFSF15_1,TGFBR2*TNFSF15,671,563,552,718,471,599,559,574,465,459,413,377,501,414,170,304,221
TGFBR2_5*TNFSF15_2,TGFBR2*TNFSF15,2707,2154,2378,2513,1277,2074,2772,1838,1341,984,1551,1529,1659,1023,374,1287,425
TGFBR2_5*TNFSF15_3,TGFBR2*TNFSF15,2808,2216,2668,2931,2040,2282,4464,1726,1328,1029,996,1115,1332,734,247,392,714
TSC2_1*BTLA_1,TSC2*BTLA,900,616,618,753,299,803,820,796,1237,457,281,388,733,273,241,606,543
TSC2_1*BTLA_2,TSC2*BTLA,349,578,304,522,358,298,430,901,734,94,385,257,359,464,193,513,202
TSC2_1*BTLA_3,TSC2*BTLA,147,159,149,189,149,103,114,718,782,5068,773,623,929,26701,293,1297,159
TSC2_1*CDH1_1,TSC2*CDH1,609,765,689,738,409,782,666,851,1302,468,915,582,805,277,248,281,144
TSC2_1*CDH1_4,TSC2*CDH1,949,622,608,728,609,663,781,969,796,1501,541,655,743,1004,260,1157,178
TSC2_1*CDH1_5,TSC2*CDH1,845,714,596,901,299,667,704,594,783,415,870,433,650,288,244,873,460
TSC2_1*CX3CL1_3,TSC2*CX3CL1,135,109,124,142,87,63,256,571,383,23235,101,163,263,377,111,353,380
TSC2_1*CX3CL1_4,TSC2*CX3CL1,581,594,507,589,288,534,570,603,167,206,469,334,525,470,76,305,239
TSC2_1*CX3CL1_5,TSC2*CX3CL1,315,274,282,380,265,265,294,861,1223,2686,12873,651,796,511,368,410,695
TSC2_1*CXCR2_2,TSC2*CXCR2,883,791,919,1025,559,591,776,747,292,263,437,522,739,744,148,398,490
TSC2_1*CXCR2_4,TSC2*CXCR2,217,179,71,241,133,130,215,181,379,76,135,212,248,74,83,701,73
TSC2_1*CXCR2_5,TSC2*CXCR2,494,559,606,599,348,534,815,481,330,347,724,265,418,240,188,394,345
TSC2_1*CXCR5_2,TSC2*CXCR5,328,207,211,294,165,165,301,450,513,313,140,241,236,214,73,289,128
TSC2_1*CXCR5_3,TSC2*CXCR5,497,414,420,441,306,409,628,1207,1084,15515,1340,469,935,353,570,2076,740
TSC2_1*CXCR5_4,TSC2*CXCR5,23,20,13,27,14,10,23,540,372,36158,335,283,350,10770,49,200,146
TSC2_1*FCRL6_1,TSC2*FCRL6,921,816,754,1215,595,1101,1115,513,311,523,382,483,623,134,191,572,593
TSC2_1*FCRL6_4,TSC2*FCRL6,68,69,60,78,66,36,87,554,537,23655,321,363,331,288,149,755,509
TSC2_1*FCRL6_5,TSC2*FCRL6,340,324,417,810,171,350,328,385,270,481,2374,195,303,176,163,748,474
TSC2_1*HGF_2,TSC2*HGF,813,795,665,946,425,658,754,767,328,2674,597,636,688,335,404,846,387
TSC2_1*HGF_4,TSC2*HGF,971,846,758,912,609,789,1211,755,483,1502,558,679,797,537,237,1185,426
TSC2_1*HGF_5,TSC2*HGF,278,283,203,335,107,257,231,486,1174,644,2465,334,532,269,190,816,303
TSC2_1*IL6_1,TSC2*IL6,131,159,119,137,76,122,103,370,727,88,423,148,231,421,164,675,157
TSC2_1*IL6_2,TSC2*IL6,268,360,274,290,196,239,284,538,122,681,234,296,415,2889,319,590,346
TSC2_1*IL6_5,TSC2*IL6,691,635,525,612,486,628,990,1141,728,12118,439,604,769,274,477,1232,586
TSC2_1*MFAP5_1,TSC2*MFAP5,421,317,510,616,301,290,442,594,390,217,183,293,419,210,249,281,332
TSC2_1*MFAP5_3,TSC2*MFAP5,73,63,56,47,27,47,52,509,491,2121,384,266,449,3913,314,1036,209
TSC2_1*MFAP5_5,TSC2*MFAP5,832,954,603,988,535,845,1441,798,870,2179,538,507,727,146,379,683,360
TSC2_1*MPEG1_1,TSC2*MPEG1,918,1099,932,1036,554,789,853,730,1678,404,500,434,646,359,270,609,309
TSC2_1*MPEG1_4,TSC2*MPEG1,832,719,707,1390,579,631,608,205,79,271,299,176,236,120,51,13,40
TSC2_1*MPEG1_5,TSC2*MPEG1,960,624,714,826,385,621,685,952,684,394,179,518,702,304,352,1318,537
TSC2_1*MUC16_1,TSC2*MUC16,589,657,635,922,531,473,661,1616,1186,11457,377,672,1028,366,230,900,345
TSC2_1*MUC16_2,TSC2*MUC16,273,322,203,278,199,257,756,1253,986,20590,706,792,708,379,333,1251,516
TSC2_1*MUC16_5,TSC2*MUC16,1760,1630,1406,1937,1082,2117,1849,1146,539,413,524,616,845,170,389,1147,217
TSC2_1*MYSM1_2,TSC2*MYSM1,1128,1109,840,1047,577,1183,1575,586,82,566,511,343,482,76,183,489,156
TSC2_1*MYSM1_4,TSC2*MYSM1,1560,962,736,1032,650,587,682,601,526,776,7633,408,558,77,290,705,284
TSC2_1*MYSM1_5,TSC2*MYSM1,1133,907,898,1400,580,1184,749,647,373,238,99,286,562,281,120,164,255
TSC2_1*NT_17,TSC2*NT,772,770,673,747,600,750,971,709,793,239,338,449,414,409,91,212,205
TSC2_1*NT_18,TSC2*NT,1214,979,984,1260,678,827,1086,748,326,234,421,576,636,229,273,726,308
TSC2_1*NT_20,TSC2*NT,2206,2063,1859,3105,1369,2623,2283,1060,568,422,397,457,710,182,159,215,187
TSC2_1*NT_25,TSC2*NT,626,554,471,700,397,518,496,1207,1250,599,954,577,671,3311,478,667,564
TSC2_1*NT_26,TSC2*NT,614,483,557,893,417,473,586,866,571,729,3226,682,819,625,182,660,196
TSC2_1*NT_33,TSC2*NT,494,442,437,485,336,388,427,1187,357,647,636,630,696,4934,277,1079,465
TSC2_1*NT_39,TSC2*NT,727,639,741,726,437,606,720,999,470,676,5003,606,733,332,484,1273,769
TSC2_1*NT_57,TSC2*NT,372,340,266,427,225,465,377,465,141,114,228,284,421,9573,91,296,167
TSC2_1*NT_6,TSC2*NT,262,233,216,264,193,274,310,856,869,30722,445,494,482,311,250,75,260
TSC2_1*PDCD1LG2_1,TSC2*PDCD1LG2,2106,1963,3632,2670,1392,1961,6377,1887,2841,1291,1490,1072,1462,863,840,1828,1056
TSC2_1*PDCD1LG2_2,TSC2*PDCD1LG2,2050,1899,1924,2242,1428,1345,1931,855,640,908,493,471,854,32,114,350,305
TSC2_1*PDCD1LG2_3,TSC2*PDCD1LG2,958,787,762,1058,673,641,1128,843,635,1056,363,437,641,849,287,923,569
TSC2_1*PLA2G2A_2,TSC2*PLA2G2A,593,392,378,691,403,534,346,464,243,200,1215,260,305,113,300,838,443
TSC2_1*PLA2G2A_4,TSC2*PLA2G2A,261,253,270,261,97,208,190,332,343,290,126,196,294,36,152,405,273
TSC2_1*PLA2G2A_5,TSC2*PLA2G2A,319,311,229,285,224,282,320,404,161,348,545,211,1186,268,132,742,108
TSC2_1*PLA2R1_2,TSC2*PLA2R1,528,505,522,475,231,603,506,1079,816,10201,886,601,693,551,221,1228,467
TSC2_1*PLA2R1_3,TSC2*PLA2R1,511,523,641,622,331,434,339,629,141,297,145,293,392,311,21,439,159
TSC2_1*PLA2R1_4,TSC2*PLA2R1,2014,1609,1643,1378,848,2042,2214,825,241,392,635,560,679,88,260,996,238
TSC2_1*TLR7_1,TSC2*TLR7,1456,1599,1238,1935,1080,1430,2162,802,569,391,639,635,764,141,385,738,544
TSC2_1*TLR7_2,TSC2*TLR7,221,236,246,276,91,122,254,176,288,129,311,196,269,60,108,722,140
TSC2_1*TLR7_5,TSC2*TLR7,258,216,191,285,220,237,315,523,584,746,228,250,266,757,206,288,237
TSC2_1*TNFSF15_1,TSC2*TNFSF15,614,709,510,811,350,592,652,504,19,164,150,202,343,257,82,643,126
TSC2_1*TNFSF15_2,TSC2*TNFSF15,652,629,619,681,524,619,676,1080,467,1611,2663,1070,1005,417,504,820,476
TSC2_1*TNFSF15_3,TSC2*TNFSF15,839,1154,950,943,742,708,489,860,126,330,730,1025,1682,54409,330,1381,260
TSC2_2*BTLA_1,TSC2*BTLA,372,257,345,456,209,237,283,516,555,14604,261,288,376,219,175,856,375
TSC2_2*BTLA_2,TSC2*BTLA,775,729,705,1145,633,617,637,973,792,1244,728,633,829,527,287,509,226
TSC2_2*BTLA_3,TSC2*BTLA,140,115,87,114,53,106,157,665,541,4509,163,260,293,283,116,277,340
TSC2_2*CDH1_1,TSC2*CDH1,668,614,638,666,322,583,6138,737,513,283,315,382,512,462,164,687,171
TSC2_2*CDH1_4,TSC2*CDH1,482,405,384,473,91,397,320,776,724,505,492,466,509,488,333,860,175
TSC2_2*CDH1_5,TSC2*CDH1,556,557,481,647,251,454,570,574,678,142,9182,564,617,726,176,270,70
TSC2_2*CX3CL1_3,TSC2*CX3CL1,216,194,204,173,55,226,272,270,347,88,340,153,236,17,12,58,186
TSC2_2*CX3CL1_4,TSC2*CX3CL1,152,173,162,153,127,117,136,490,155,726,3896,325,530,9081,215,499,266
TSC2_2*CX3CL1_5,TSC2*CX3CL1,264,219,221,241,163,207,174,530,475,913,3480,433,578,495,152,211,360
TSC2_2*CXCR2_2,TSC2*CXCR2,2081,1031,987,1137,788,585,1067,846,895,887,662,537,617,350,324,265,251
TSC2_2*CXCR2_4,TSC2*CXCR2,277,261,222,322,116,183,227,370,170,4807,170,246,304,34,106,285,214
TSC2_2*CXCR2_5,TSC2*CXCR2,746,659,629,979,279,608,797,721,483,360,275,495,477,214,293,692,500
TSC2_2*CXCR5_2,TSC2*CXCR5,681,637,506,1130,418,367,761,279,134,171,95,145,203,76,27,106,58
TSC2_2*CXCR5_3,TSC2*CXCR5,1600,3700,1562,1760,869,1257,3323,1107,677,761,698,653,806,537,483,561,318
TSC2_2*CXCR5_4,TSC2*CXCR5,198,141,119,222,148,128,147,613,548,6887,196,289,403,24,91,648,164
TSC2_2*FCRL6_1,TSC2*FCRL6,435,436,369,505,145,464,374,1020,540,546,689,545,979,244,262,808,212
TSC2_2*FCRL6_4,TSC2*FCRL6,308,320,220,378,93,305,315,562,156,714,234,230,258,71,138,489,215
TSC2_2*FCRL6_5,TSC2*FCRL6,952,791,925,1305,440,830,982,418,139,285,121,247,331,129,143,381,221
TSC2_2*HGF_2,TSC2*HGF,1246,924,1037,1092,582,1052,1382,788,277,260,2687,1179,485,114,193,646,367
TSC2_2*HGF_4,TSC2*HGF,1328,1150,1154,1394,640,1143,1189,927,390,399,889,669,698,209,141,840,230
TSC2_2*HGF_5,TSC2*HGF,838,1086,819,965,953,677,925,779,493,439,1639,410,514,111,149,490,314
TSC2_2*IL6_1,TSC2*IL6,700,785,597,735,711,820,812,466,249,296,349,317,331,328,60,221,37
TSC2_2*IL6_2,TSC2*IL6,397,423,265,474,262,280,348,746,445,3235,559,587,1121,213,345,739,299
TSC2_2*IL6_5,TSC2*IL6,774,678,655,1099,455,793,685,630,592,1194,1342,373,566,348,201,745,182
TSC2_2*MFAP5_1,TSC2*MFAP5,103,107,71,101,44,115,174,311,522,8862,876,207,253,78,112,581,169
TSC2_2*MFAP5_3,TSC2*MFAP5,433,321,317,351,317,324,315,374,310,386,549,159,369,121,152,215,161
TSC2_2*MFAP5_5,TSC2*MFAP5,623,671,631,726,152,503,585,571,378,558,270,408,507,256,59,510,239
TSC2_2*MPEG1_1,TSC2*MPEG1,234,279,186,212,47,187,361,821,604,490,826,283,398,228,50,409,189
TSC2_2*MPEG1_4,TSC2*MPEG1,59,62,57,54,57,55,60,116,625,128,154,115,114,102,16,144,76
TSC2_2*MPEG1_5,TSC2*MPEG1,785,677,812,1117,363,693,983,586,788,2166,147,289,469,65,221,577,388
TSC2_2*MUC16_1,TSC2*MUC16,508,420,373,543,319,370,476,680,846,486,643,362,510,527,186,441,138
TSC2_2*MUC16_2,TSC2*MUC16,477,481,426,698,172,457,529,396,746,228,290,297,484,633,278,621,225
TSC2_2*MUC16_5,TSC2*MUC16,1302,1096,1171,1418,1435,991,1095,858,527,430,216,532,506,220,391,799,320
TSC2_2*MYSM1_2,TSC2*MYSM1,474,432,442,582,283,399,290,584,452,138,600,833,788,39604,260,1117,29
TSC2_2*MYSM1_4,TSC2*MYSM1,136,130,121,167,162,106,94,705,932,239,5387,1249,676,9135,329,903,640
TSC2_2*MYSM1_5,TSC2*MYSM1,641,576,559,702,524,429,844,410,261,247,167,369,381,150,122,500,204
TSC2_2*NT_17,TSC2*NT,707,572,523,827,558,678,525,460,384,150,305,809,420,66,40,115,143
TSC2_2*NT_18,TSC2*NT,521,654,480,619,397,388,388,401,294,225,354,184,386,236,60,246,90
TSC2_2*NT_20,TSC2*NT,165,128,134,222,27,135,216,254,471,96,6713,123,182,57,216,61,143
TSC2_2*NT_25,TSC2*NT,1701,1488,1410,2585,824,1012,1334,1199,821,752,586,945,1180,639,234,844,370
TSC2_2*NT_26,TSC2*NT,436,363,422,621,314,382,385,668,151,504,940,600,887,29774,378,601,451
TSC2_2*NT_33,TSC2*NT,1182,1101,1097,1188,792,1060,1021,1032,927,834,517,589,1036,529,334,611,564
TSC2_2*NT_39,TSC2*NT,1138,1045,873,1141,560,860,1142,1361,772,562,168,516,493,479,504,1045,472
TSC2_2*NT_57,TSC2*NT,782,1111,628,1060,472,861,683,504,441,317,377,277,325,245,40,530,41
TSC2_2*NT_6,TSC2*NT,852,778,759,742,626,479,604,735,645,642,567,677,714,219,101,670,132
TSC2_2*PDCD1LG2_1,TSC2*PDCD1LG2,1454,1183,1140,1348,936,973,1153,890,965,600,451,756,1075,852,292,774,448
TSC2_2*PDCD1LG2_2,TSC2*PDCD1LG2,373,371,306,285,267,313,104,411,56,285,163,314,407,64,67,577,138
TSC2_2*PDCD1LG2_3,TSC2*PDCD1LG2,1597,1391,1424,1476,1610,1149,1994,702,1026,363,375,309,613,256,275,351,312
TSC2_2*PLA2G2A_2,TSC2*PLA2G2A,991,648,519,734,408,944,823,385,505,152,144,131,215,26,166,570,113
TSC2_2*PLA2G2A_4,TSC2*PLA2G2A,1540,1423,1447,2062,1350,1139,1960,703,203,646,405,566,723,342,225,626,163
TSC2_2*PLA2G2A_5,TSC2*PLA2G2A,906,847,748,921,406,856,1062,404,197,166,498,337,403,350,65,155,185
TSC2_2*PLA2R1_2,TSC2*PLA2R1,196,189,193,222,136,207,197,1252,1457,25275,9785,698,927,737,353,1096,477
TSC2_2*PLA2R1_3,TSC2*PLA2R1,570,689,573,639,429,658,708,507,800,180,325,258,462,235,46,144,95
TSC2_2*PLA2R1_4,TSC2*PLA2R1,1077,1007,1008,1486,787,875,1240,793,473,2777,1698,638,748,81,328,537,344
TSC2_2*TLR7_1,TSC2*TLR7,637,590,539,617,495,555,416,757,649,541,589,445,596,451,109,985,324
TSC2_2*TLR7_2,TSC2*TLR7,261,242,190,236,86,214,233,343,372,303,524,272,318,22,118,220,186
TSC2_2*TLR7_5,TSC2*TLR7,790,722,463,607,602,641,1147,444,211,131,223,257,436,40,205,208,325
TSC2_2*TNFSF15_1,TSC2*TNFSF15,1285,1221,1319,1731,679,718,2404,240,11,11,291,183,394,13,77,311,167
TSC2_2*TNFSF15_2,TSC2*TNFSF15,1114,920,926,1006,748,999,1087,866,562,478,470,613,593,256,267,1146,428
TSC2_2*TNFSF15_3,TSC2*TNFSF15,299,299,228,281,194,247,213,926,824,11387,681,545,716,435,407,1263,700
TSC2_5*BTLA_1,TSC2*BTLA,328,345,326,429,243,323,297,1376,1806,3794,2697,2180,1210,9872,564,1269,697
TSC2_5*BTLA_2,TSC2*BTLA,187,183,210,245,125,197,141,1564,1442,20415,3884,1121,1484,49755,753,1685,1055
TSC2_5*BTLA_3,TSC2*BTLA,846,789,746,930,500,828,753,1274,834,1245,702,825,1079,8800,543,992,674
TSC2_5*CDH1_1,TSC2*CDH1,1208,1195,949,1322,639,942,1576,1565,1089,2011,1039,859,1410,1166,528,757,684
TSC2_5*CDH1_4,TSC2*CDH1,812,760,795,1050,465,1504,665,2629,1720,12029,13676,1917,2101,12275,1273,3484,1559
TSC2_5*CDH1_5,TSC2*CDH1,892,806,697,1030,569,638,771,2801,1964,5298,1076,3924,1816,886,738,2738,1037
TSC2_5*CX3CL1_3,TSC2*CX3CL1,436,418,334,300,94,558,405,712,787,182,373,311,505,192,158,619,238
TSC2_5*CX3CL1_4,TSC2*CX3CL1,650,621,535,1087,443,473,2453,1126,1435,3354,3973,911,1163,2103,414,1392,629
TSC2_5*CX3CL1_5,TSC2*CX3CL1,2145,1689,1536,2021,1116,1774,2871,1715,1909,3767,694,1030,1507,648,775,3227,1137
TSC2_5*CXCR2_2,TSC2*CXCR2,555,486,407,512,269,431,754,1506,1545,10826,2607,1020,1504,3018,474,881,739
TSC2_5*CXCR2_4,TSC2*CXCR2,937,856,777,1192,461,613,1250,537,392,186,370,520,467,259,280,1247,548
TSC2_5*CXCR2_5,TSC2*CXCR2,451,484,539,645,303,460,523,1380,1078,6972,848,745,844,492,677,2055,609
TSC2_5*CXCR5_2,TSC2*CXCR5,1140,966,986,1254,733,829,1045,1273,350,276,11014,826,965,753,294,1641,299
TSC2_5*CXCR5_3,TSC2*CXCR5,1627,1629,1517,2105,940,1489,1386,2319,5316,1675,1926,1603,1803,1299,974,3867,1565
TSC2_5*CXCR5_4,TSC2*CXCR5,521,591,559,586,344,598,657,664,761,267,2270,385,484,65,195,220,366
TSC2_5*FCRL6_1,TSC2*FCRL6,567,573,670,1397,401,589,645,1393,908,3027,2191,1172,1239,9122,617,1220,1025
TSC2_5*FCRL6_4,TSC2*FCRL6,539,560,585,652,349,2765,1149,542,901,5772,355,393,531,457,384,1298,402
TSC2_5*FCRL6_5,TSC2*FCRL6,668,619,699,857,343,643,991,1416,1191,832,1057,987,1315,19323,489,2157,849
TSC2_5*HGF_2,TSC2*HGF,749,750,627,833,695,690,599,2403,4004,6645,10507,1355,1937,1658,911,2331,1241
TSC2_5*HGF_4,TSC2*HGF,662,574,602,774,370,546,936,1790,1592,10326,5668,1624,1212,443,918,2117,823
TSC2_5*HGF_5,TSC2*HGF,568,547,499,573,255,540,341,1218,1082,1611,1148,1633,993,564,377,1927,1086
TSC2_5*IL6_1,TSC2*IL6,1645,1257,1068,979,707,1015,1343,928,285,3054,368,575,759,492,207,737,321
TSC2_5*IL6_2,TSC2*IL6,526,503,561,601,428,436,449,1518,1591,842,3649,1035,1655,32722,1018,1677,1156
TSC2_5*IL6_5,TSC2*IL6,916,733,745,833,456,725,960,1988,1664,1483,868,2356,1515,7518,723,1429,1163
TSC2_5*MFAP5_1,TSC2*MFAP5,655,546,523,656,453,589,503,1172,861,467,743,517,560,388,415,1498,1122
TSC2_5*MFAP5_3,TSC2*MFAP5,453,457,369,627,250,340,521,1456,890,802,9958,1056,1226,5206,720,1978,1105
TSC2_5*MFAP5_5,TSC2*MFAP5,803,763,648,774,515,675,801,2080,2732,3763,4906,1103,1472,691,721,1059,751
TSC2_5*MPEG1_1,TSC2*MPEG1,2007,1976,1741,2075,1526,1751,2148,1714,682,703,498,1003,1092,315,390,1096,511
TSC2_5*MPEG1_4,TSC2*MPEG1,235,248,178,291,96,101,234,250,390,13,4969,167,846,207,43,239,186
TSC2_5*MPEG1_5,TSC2*MPEG1,1523,1319,1559,2010,1221,1228,1578,1535,1569,2883,2434,1082,1260,526,766,1755,1205
TSC2_5*MUC16_1,TSC2*MUC16,1715,1753,1791,2008,1264,1311,2418,1840,1161,7972,1251,1204,1586,773,636,1822,796
TSC2_5*MUC16_2,TSC2*MUC16,2407,2321,2262,2748,1546,2134,3461,1701,848,1186,1620,1186,1616,470,924,2561,962
TSC2_5*MUC16_5,TSC2*MUC16,481,466,464,672,323,397,434,2101,35892,1217,10314,1311,1602,791,748,2351,808
TSC2_5*MYSM1_2,TSC2*MYSM1,1319,1233,1468,1738,957,1245,1472,1342,953,821,593,873,1136,434,425,2168,1252
TSC2_5*MYSM1_4,TSC2*MYSM1,208,215,213,327,121,178,256,1680,1584,9699,8424,2241,1445,7216,910,1902,1264
TSC2_5*MYSM1_5,TSC2*MYSM1,420,386,355,521,207,465,300,1348,4867,745,1567,1259,1761,76192,273,1970,766
TSC2_5*NT_17,TSC2*NT,2666,2453,2281,3014,1560,2060,2900,1386,396,699,767,859,925,700,466,1290,382
TSC2_5*NT_18,TSC2*NT,1920,1746,1593,1854,944,1734,1757,1262,1379,586,944,947,1230,507,228,1065,397
TSC2_5*NT_20,TSC2*NT,1081,1171,867,968,478,958,1008,737,853,363,932,572,641,264,449,974,671
TSC2_5*NT_25,TSC2*NT,534,507,420,567,328,433,542,2780,1904,25939,16565,1258,1594,821,608,2416,1075
TSC2_5*NT_26,TSC2*NT,877,761,676,1128,613,599,546,1825,1317,1986,6989,839,1186,708,861,2336,1039
TSC2_5*NT_33,TSC2*NT,680,644,637,998,433,620,1193,2035,1399,6651,2654,1813,2303,74592,1162,3397,1843
TSC2_5*NT_39,TSC2*NT,2845,2899,2980,3593,1413,2369,2668,3045,2307,1420,3702,1729,2601,1096,1366,2766,1121
TSC2_5*NT_57,TSC2*NT,338,335,357,428,224,329,365,750,1057,4853,9517,665,752,373,324,865,522
TSC2_5*NT_6,TSC2*NT,1109,940,947,1339,702,1319,1006,1768,1079,3389,3917,1277,1638,8277,825,888,1065
TSC2_5*PDCD1LG2_1,TSC2*PDCD1LG2,1433,1256,1205,1535,1089,1266,1229,2681,1704,8411,8817,1601,2197,1669,1548,4307,1990
TSC2_5*PDCD1LG2_2,TSC2*PDCD1LG2,24168,20041,22370,25454,14564,19081,19666,268132,222787,156846,174312,182656,253945,115570,753,2504,1001
TSC2_5*PDCD1LG2_3,TSC2*PDCD1LG2,1480,1138,1255,1804,699,2476,1275,1266,1467,1891,1150,737,1103,376,919,1796,1001
TSC2_5*PLA2G2A_2,TSC2*PLA2G2A,494,358,371,474,200,334,609,714,379,861,4380,406,568,308,492,1454,524
TSC2_5*PLA2G2A_4,TSC2*PLA2G2A,1077,983,962,1183,616,940,1139,1047,587,422,795,828,677,487,326,499,435
TSC2_5*PLA2G2A_5,TSC2*PLA2G2A,528,447,415,556,349,471,504,1731,1069,10120,3036,1149,1206,640,681,1348,641
TSC2_5*PLA2R1_2,TSC2*PLA2R1,1595,1618,1650,2374,1395,1448,2220,3047,2345,2841,5133,3416,2169,2579,763,2823,1637
TSC2_5*PLA2R1_3,TSC2*PLA2R1,1093,1094,1047,1346,739,1023,708,1099,710,632,845,1075,1335,31997,200,459,384
TSC2_5*PLA2R1_4,TSC2*PLA2R1,1589,1379,1195,1777,1187,1327,9610,1617,1163,15961,2874,1122,1203,488,647,2156,897
TSC2_5*TLR7_1,TSC2*TLR7,690,664,640,838,254,691,655,1721,1878,8510,1092,807,1272,370,662,2769,873
TSC2_5*TLR7_2,TSC2*TLR7,671,693,773,794,694,551,670,738,1120,766,296,472,547,247,127,464,454
TSC2_5*TLR7_5,TSC2*TLR7,336,307,317,383,225,296,282,1164,2919,870,884,853,971,13008,620,861,758
TSC2_5*TNFSF15_1,TSC2*TNFSF15,351,455,310,489,164,288,405,996,890,7803,1484,616,755,179,818,1623,890
TSC2_5*TNFSF15_2,TSC2*TNFSF15,989,807,823,1245,1321,763,1295,2192,1625,10657,3500,1499,1853,8610,991,2675,1386
TSC2_5*TNFSF15_3,TSC2*TNFSF15,320,309,282,337,301,333,249,2388,1914,53076,2575,1122,1393,425,972,2014,1305
