sgRNA,gene,Cell_1,Cell_2,Cell_3,WT_1,WT_2,WT_3,WT_4,WT_5,Depleted_1,Depleted_2,Depleted_3
APC_1*BTLA_1,APC*BTLA,90,257,40,221,209,115,231,192,26,13926,16566
APC_1*BTLA_2,APC*BTLA,88,41,140,30,55,4,98,65,0,3,31
APC_1*BTLA_3,APC*BTLA,60,165,30,15,44,14,59,51,0,1,62
APC_1*CDH1_1,APC*CDH1,127,176,130,2183,2732,1847,1893,1601,15038,603836,483410
APC_1*CDH1_3,APC*CDH1,0,0,0,10,20,14,22,14,0,0,4
APC_1*CDH1_4,APC*CDH1,133,318,272,111,121,5144,153,151,0,12,63
APC_1*CDH1_5,APC*CDH1,113,307,124,80,75,54,107,71,0,0,82
APC_1*CX3CL1_3,APC*CX3CL1,12,124,21,12,19,0,43,38,0,3,27
APC_1*CX3CL1_4,APC*CX3CL1,98,393,88,104,73,26,96,82,0,0,51
APC_1*CX3CL1_5,APC*CX3CL1,112,298,162,102933,292,211,309,261,0,85,251
APC_1*CXCR2_2,APC*CXCR2,154,200,102,106,178,95,171,171,21,19882,12807
APC_1*CXCR2_4,APC*CXCR2,23,39,115,14,42,46,72,54,0,1,20
APC_1*CXCR2_5,APC*CXCR2,49,416,35,55,96,43,96,93,0,2,53
APC_1*CXCR5_2,APC*CXCR5,52,501,72,127,106,2809,97,60,0,4,21
APC_1*CXCR5_3,APC*CXCR5,203,431,172,29804,134,61,177,119,0,20,138
APC_1*CXCR5_4,APC*CXCR5,23,237,32,48,6551,2644,2907,74,0,7,64
APC_1*FCRL6_1,APC*FCRL6,35,209,104,81,68,17,90,96,0,0,71
APC_1*FCRL6_4,APC*FCRL6,28,255,79,52,58,4,70,49,0,2,39
APC_1*FCRL6_5,APC*FCRL6,28,352,63,62,1259,3974,4081,65,0,11,62
APC_1*HGF_2,APC*HGF,113,657,252,1306,167,114,302,142,0,3,75
APC_1*HGF_4,APC*HGF,52,127,128,17562,2132,1844,1462,1124,4117,180445,302533
APC_1*HGF_5,APC*HGF,67,60,54,73,79,41,93,81,0,6,51
APC_1*IL6_1,APC*IL6,21,118,50,83,31,17,76,74,0,0,31
APC_1*IL6_2,APC*IL6,79,173,31,533,59,18,111,54,0,846,45
APC_1*IL6_5,APC*IL6,74,292,101,91,42246,6764,143,130,0,41,85
APC_1*MFAP5_1,APC*MFAP5,67,308,102,136,32737,20514,119,122,0,45,84
APC_1*MFAP5_3,APC*MFAP5,66,394,137,511,658,428,688,4641,1525,254,455
APC_1*MFAP5_5,APC*MFAP5,40,78,53,90,79,58,226,137,0,0,90
APC_1*MPEG1_1,APC*MPEG1,53,206,30,141,157,75,188,137,33,25922,13901
APC_1*MPEG1_4,APC*MPEG1,39,4,43,28,24,1,46,44,0,0,41
APC_1*MPEG1_5,APC*MPEG1,72,663,149,1081,119,59,146,123,0,3,78
APC_1*MUC16_1,APC*MUC16,60,366,98,72,127,34,161,124,0,3,131
APC_1*MUC16_2,APC*MUC16,67,444,62,62,99,40,110,75,0,2,52
APC_1*MUC16_5,APC*MUC16,110,525,135,69,107,48,126,99,0,2,83
APC_1*MYSM1_2,APC*MYSM1,75,148,68,170,73,48,96,61,0,0,25
APC_1*MYSM1_4,APC*MYSM1,242,961,232,32031,1451,1762,7646,891,3747,242882,279304
APC_1*MYSM1_5,APC*MYSM1,53,538,105,39,38,4,76,58,0,1,33
APC_1*NT_17,APC*NT,25,25,16,36,66,25,114,88,0,3,57
APC_1*NT_18,APC*NT,86,240,16,133,52,57,111,55,0,1,22
APC_1*NT_20,APC*NT,29,204,60,112,38,44,141,70,0,3,41
APC_1*NT_25,APC*NT,55,53,70,56,79,71,93,67,0,3,89
APC_1*NT_26,APC*NT,130,299,94,112,7455,4973,85,83,0,12,57
APC_1*NT_33,APC*NT,119,327,154,22076,131,79,120,129,0,20,83
APC_1*NT_39,APC*NT,69,314,156,1184,114,107,179,128,0,4,64
APC_1*NT_57,APC*NT,9,63,10,1026,552739,100506,879,677,8,519,789
APC_1*NT_6,APC*NT,32,12,78,123,88,43,140,82,0,9,64
APC_1*PDCD1LG2_1,APC*PDCD1LG2,196,659,251,739,123,121,209,148,0,4,104
APC_1*PDCD1LG2_2,APC*PDCD1LG2,112,259,36,130,62,303,107,65,0,1,28
APC_1*PDCD1LG2_3,APC*PDCD1LG2,93,173,94,1371,201,115,225,213,0,7,112
APC_1*PLA2G2A_2,APC*PLA2G2A,54,142,72,11,60,23,64,33,0,2,19
APC_1*PLA2G2A_4,APC*PLA2G2A,153,342,77,664674,1325,4076,848,746,95,4509,13573
APC_1*PLA2G2A_5,APC*PLA2G2A,77,159,67,851,102,61,119,99,0,2,152
APC_1*PLA2R1_2,APC*PLA2R1,227,831,183,131,227,75,295,216,0,0,85
APC_1*PLA2R1_3,APC*PLA2R1,32,7,9,21,34,7,58,50,0,0,17
APC_1*PLA2R1_4,APC*PLA2R1,45,489,16,53,91,46,123,90,0,1,63
APC_1*TLR7_1,APC*TLR7,126,333,93,102,74,41,110,74,0,6,35
APC_1*TLR7_2,APC*TLR7,39,154,39,457,51,52,98,74,0,1,54
APC_1*TLR7_5,APC*TLR7,23,206,96,14,36,27,55,49,0,0,19
APC_1*TNFSF15_1,APC*TNFSF15,11,161,16,18,25,6,63,36,0,1,27
APC_1*TNFSF15_2,APC*TNFSF15,83,127,94,55,66,71,91,61,0,4,87
APC_1*TNFSF15_3,APC*TNFSF15,171,576,116,94,147,125,244,163,23,25874,8000
APC_4*BTLA_1,APC*BTLA,124,236,127,186,166,73,43467,110,0,35,145
APC_4*BTLA_2,APC*BTLA,94,378,8,497,213932,30934,492,396,201,43698,22267
APC_4*BTLA_3,APC*BTLA,80,617,68,154,5896,226,136,97,3,2676,3859
APC_4*CDH1_1,APC*CDH1,23,205,42,82,74,35,7409,52,0,12,44
APC_4*CDH1_3,APC*CDH1,0,0,0,7,11,4,21,5,0,0,3
APC_4*CDH1_4,APC*CDH1,109,295,126,256,127,73,186,170,0,3,114
APC_4*CDH1_5,APC*CDH1,37,335,65,121,79,84,5733,72,0,8,30
APC_4*CX3CL1_3,APC*CX3CL1,51,343,54,1459,2340,1157,2423,1748,0,19,1276
APC_4*CX3CL1_4,APC*CX3CL1,102,391,115,355,2811,265,24210,138,0,30,90
APC_4*CX3CL1_5,APC*CX3CL1,94,372,50,196,172,50,254,224,0,6,174
APC_4*CXCR2_2,APC*CXCR2,108,214,103,82,142,17,7365,119,0,4,119
APC_4*CXCR2_4,APC*CXCR2,17,227,38,170,227,245,265,1731,211,73,156
APC_4*CXCR2_5,APC*CXCR2,165,255,208,151,71,117,105,92,0,2,124
APC_4*CXCR5_2,APC*CXCR5,25,48,44,127,84,43,97,69,0,1,86
APC_4*CXCR5_3,APC*CXCR5,124,279,184,186,117,83,179,174,3,3,122
APC_4*CXCR5_4,APC*CXCR5,28,124,94,165,198,91,237,61597,0,35,97
APC_4*FCRL6_1,APC*FCRL6,83,397,93,85,79,19,115,99,0,3,67
APC_4*FCRL6_4,APC*FCRL6,108,40,55,1,27,30,52,28,0,0,33
APC_4*FCRL6_5,APC*FCRL6,78,153,22,53,59,5,67,72,0,0,60
APC_4*HGF_2,APC*HGF,72,255,63,53,117,32,150,329,13,15,126
APC_4*HGF_4,APC*HGF,46,207,59,20,76,29,79,59,0,0,46
APC_4*HGF_5,APC*HGF,98,119,117,82,112,84,158,97,0,0,53
APC_4*IL6_1,APC*IL6,48,0,24,39,50,36,56,67,0,0,40
APC_4*IL6_2,APC*IL6,103,318,247,61,103,41,105,97,6,8170,3819
APC_4*IL6_5,APC*IL6,167,366,154,624,137,1767,158,157,0,3,75
APC_4*MFAP5_1,APC*MFAP5,39,621,53,99,25902,6321,107,77,0,20,103
APC_4*MFAP5_3,APC*MFAP5,42,95,38,16,31,648,28,37,0,0,23
APC_4*MFAP5_5,APC*MFAP5,68,177,37,77,61,13,121,82,0,0,43
APC_4*MPEG1_1,APC*MPEG1,36,101,89,64,51,24,98,84,0,0,47
APC_4*MPEG1_4,APC*MPEG1,2,0,39,4,12,0,19,9,0,0,12
APC_4*MPEG1_5,APC*MPEG1,52,320,125,77,109,45,138,102,0,0,122
APC_4*MUC16_1,APC*MUC16,59,83,142,2280,127210,45345,398,331,1,151,327
APC_4*MUC16_2,APC*MUC16,72,232,162,27,104,93,97,66,0,1,50
APC_4*MUC16_5,APC*MUC16,100,115,93,164,339,241,215,191,78,33259,42701
APC_4*MYSM1_2,APC*MYSM1,48,180,67,65,110,5984,98,103,0,8,124
APC_4*MYSM1_4,APC*MYSM1,47,144,44,14376,84,71,5883,63,0,17,80
APC_4*MYSM1_5,APC*MYSM1,56,230,99,115,94,71,141,138,0,1,101
APC_4*NT_17,APC*NT,33,118,20,22,94,25,240,109,0,2,61
APC_4*NT_18,APC*NT,81,58,58,174,245,128,310,1410,201,76,220
APC_4*NT_20,APC*NT,44,446,138,47,44,29,86,57,0,0,46
APC_4*NT_25,APC*NT,52,280,49,75,138,59,190,125,0,1,81
APC_4*NT_26,APC*NT,97,314,220,8399,7005,3421,12084,9257,2,99,6050
APC_4*NT_33,APC*NT,111,175,69,1493,83,14,127,107,0,1,51
APC_4*NT_39,APC*NT,44,401,40,54,85,26,142,138,0,0,83
APC_4*NT_57,APC*NT,30,177,12,57,35,21,44,41,0,0,41
APC_4*NT_6,APC*NT,9,235,95,118,118,73,152,124,0,1,66
APC_4*PDCD1LG2_1,APC*PDCD1LG2,80,238,80,52,101,103,168,124,0,4,89
APC_4*PDCD1LG2_2,APC*PDCD1LG2,29,22,57,71,72,13,60,56,0,1,30
APC_4*PDCD1LG2_3,APC*PDCD1LG2,74,157,6,93,145,75,166,112,9,2398,17322
APC_4*PLA2G2A_2,APC*PLA2G2A,52,147,76,21,43,7,102,52,0,0,42
APC_4*PLA2G2A_4,APC*PLA2G2A,33,123,50,47,56,69,84,59,0,1,74
APC_4*PLA2G2A_5,APC*PLA2G2A,153,303,50,23,121,48,147,98,0,0,58
APC_4*PLA2R1_2,APC*PLA2R1,74,241,57,177,122,37,173,150,0,4,109
APC_4*PLA2R1_3,APC*PLA2R1,21,0,0,58,24,62,69,46,0,1,42
APC_4*PLA2R1_4,APC*PLA2R1,122,224,142,426,320,185,4904,249,94,20892,47443
APC_4*TLR7_1,APC*TLR7,114,276,82,115,125,99,134,135,0,0,75
APC_4*TLR7_2,APC*TLR7,28,100,20,17,34,19,58,62,0,3,63
APC_4*TLR7_5,APC*TLR7,89,231,122,49,7436,667,56,61,0,10,27
APC_4*TNFSF15_1,APC*TNFSF15,168,219,59,13,22,17,34,28,0,0,27
APC_4*TNFSF15_2,APC*TNFSF15,117,283,102,106,162,75,175,125,6,2719,10292
APC_4*TNFSF15_3,APC*TNFSF15,117,185,77,2340,4364,16240,218,140,0,26,94
APC_5*BTLA_1,APC*BTLA,95,166,124,191,70492,9826,205,177,0,49,104
APC_5*BTLA_2,APC*BTLA,197,697,166,69,120,90,136,127,0,1,85
APC_5*BTLA_3,APC*BTLA,305,211,176,131,106,23,99,109,0,1,102
APC_5*CDH1_1,APC*CDH1,63,385,83,13,62,9,99,97,0,1,29
APC_5*CDH1_3,APC*CDH1,0,0,0,5,12,5,25,12,0,0,9
APC_5*CDH1_4,APC*CDH1,306,1359,530,159,218,23,246,222,0,4,140
APC_5*CDH1_5,APC*CDH1,130,632,159,124,174,163,188,172,0,2,194
APC_5*CX3CL1_3,APC*CX3CL1,203,270,28,29,109,2,86,60,0,1,55
APC_5*CX3CL1_4,APC*CX3CL1,105,416,288,65,107,59,126,109,0,2,60
APC_5*CX3CL1_5,APC*CX3CL1,314,1163,230,2138,3058,1799,29125,4177,134,58,2694
APC_5*CXCR2_2,APC*CXCR2,279,723,425,204,248,103,233,207,30,39816,7920
APC_5*CXCR2_4,APC*CXCR2,69,10,153,109,82,30,69,70,0,1,61
APC_5*CXCR2_5,APC*CXCR2,87,492,114,61,77,3,69,47,0,2,30
APC_5*CXCR5_2,APC*CXCR5,74,224,196,95,54,33,78,67,0,1,50
APC_5*CXCR5_3,APC*CXCR5,123,545,588,1927,68509,46261,5365,465,30,104,244
APC_5*CXCR5_4,APC*CXCR5,35,431,110,82,81,33,68,129,5,9,51
APC_5*FCRL6_1,APC*FCRL6,252,531,74,63,123,76,151,115,0,1,27
APC_5*FCRL6_4,APC*FCRL6,90,119,106,58,34,7,31,29,0,0,40
APC_5*FCRL6_5,APC*FCRL6,122,614,152,949,101,21,103,83,0,0,84
APC_5*HGF_2,APC*HGF,238,388,233,26408,171,218,202,203,0,22,117
APC_5*HGF_4,APC*HGF,252,265,36,164,116,89,193,132,0,2,118
APC_5*HGF_5,APC*HGF,228,494,125,95,173,66,5556,134,2,712,6501
APC_5*IL6_1,APC*IL6,51,297,148,73,100,39,83,70,0,3,44
APC_5*IL6_2,APC*IL6,70,373,170,25,77,55,77,70,2,3788,1099
APC_5*IL6_5,APC*IL6,92,579,205,1616,535,288,21859,395,190,45232,55010
APC_5*MFAP5_1,APC*MFAP5,12,62,201,10,38,39,3781,21,0,2,29
APC_5*MFAP5_3,APC*MFAP5,153,166,82,503,586,412,412,382,640,150970,63529
APC_5*MFAP5_5,APC*MFAP5,169,318,96,423,102,27,10781,101,0,10,88
APC_5*MPEG1_1,APC*MPEG1,64,191,50,45,58,4,73,76,0,1,39
APC_5*MPEG1_4,APC*MPEG1,58,30,48,13,33,1,57,42,0,0,35
APC_5*MPEG1_5,APC*MPEG1,264,257,406,2957,93,115,198,121,0,2,87
APC_5*MUC16_1,APC*MUC16,125,224,97,5319,198,121,226,184,0,6,168
APC_5*MUC16_2,APC*MUC16,50,758,352,142,161,12514,209,222,0,18,165
APC_5*MUC16_5,APC*MUC16,179,591,322,55,88,310,140,107,0,5,119
APC_5*MYSM1_2,APC*MYSM1,106,140,169,1638,103,2,109,95,0,4,65
APC_5*MYSM1_4,APC*MYSM1,297,478,117,428,509,427,586,3297,731,164,369
APC_5*MYSM1_5,APC*MYSM1,170,257,64,48,107,44,94,165,0,0,64
APC_5*NT_17,APC*NT,119,824,221,466,89,13,147,118,0,1,68
APC_5*NT_18,APC*NT,138,125,182,410,107,3,141,137,0,2,100
APC_5*NT_20,APC*NT,7,186,25,169,64,28,112,93,0,0,89
APC_5*NT_25,APC*NT,175,226,136,7584,181,43,230,8894,0,13,108
APC_5*NT_26,APC*NT,193,213,247,144,1842,17,128,181,0,3,86
APC_5*NT_33,APC*NT,323,1838,204,205,166,96,167,343,8,7,138
APC_5*NT_39,APC*NT,293,1252,346,890,184,185,2464,212,0,4,131
APC_5*NT_57,APC*NT,152,205,248,141,89,28,106,93,0,2,36
APC_5*NT_6,APC*NT,75,135,199,1480,2025,1199,2466,2005,0,20,1472
APC_5*PDCD1LG2_1,APC*PDCD1LG2,326,751,428,99969,559,296,99288,398,1,163,413
APC_5*PDCD1LG2_2,APC*PDCD1LG2,102,214,87,66,73,2,119,104,0,2,46
APC_5*PDCD1LG2_3,APC*PDCD1LG2,63,246,113,79,142,37,114,112,0,2,91
APC_5*PLA2G2A_2,APC*PLA2G2A,0,160,8,35,63,30,104,81,0,1,69
APC_5*PLA2G2A_4,APC*PLA2G2A,64,8,285,86,75,98,117,122,0,0,71
APC_5*PLA2G2A_5,APC*PLA2G2A,104,441,226,160,9582,1664,165,151,0,9,199
APC_5*PLA2R1_2,APC*PLA2R1,420,1789,556,340,209,125,3574,240,0,4,158
APC_5*PLA2R1_3,APC*PLA2R1,7,68,63,88,61,29,99,73,0,1,49
APC_5*PLA2R1_4,APC*PLA2R1,196,470,325,338556,741,503,35380,450,3,270,507
APC_5*TLR7_1,APC*TLR7,82,159,68,593594,23634,18247,744,665,5,427,648
APC_5*TLR7_2,APC*TLR7,54,397,89,40,56,18,54,40,0,2579,35
APC_5*TLR7_5,APC*TLR7,214,458,429,55,99,64,130,134,0,3,113
APC_5*TNFSF15_1,APC*TNFSF15,155,447,270,10685,123,62,14501,85,0,22,72
APC_5*TNFSF15_2,APC*TNFSF15,98,405,85,1351,124,273,164,118,0,1,104
APC_5*TNFSF15_3,APC*TNFSF15,209,1090,279,137,137,58,161,193,0,2,122
BRCA1_2*BTLA_1,BRCA1*BTLA,165,450,83,59,106,84,116,93,0,0,96
BRCA1_2*BTLA_2,BRCA1*BTLA,114,340,219,71183,250,1405,5697,204,0,67,226
BRCA1_2*BTLA_3,BRCA1*BTLA,127,561,86,1059,230,39,122,127,1,3857,134
BRCA1_2*CDH1_1,BRCA1*CDH1,72,306,32,6,14,2,67,54,0,2,38
BRCA1_2*CDH1_3,BRCA1*CDH1,0,0,0,7,10,3,9,3,0,2,4
BRCA1_2*CDH1_4,BRCA1*CDH1,218,622,197,57808,237024,56460,606,457,3,267,509
BRCA1_2*CDH1_5,BRCA1*CDH1,134,360,243,825,326,207,3694,265,192,47035,54331
BRCA1_2*CX3CL1_3,BRCA1*CX3CL1,30,49,56,24,35,2,39,28,0,0,9
BRCA1_2*CX3CL1_4,BRCA1*CX3CL1,244,261,158,13,128,32,135,96,0,0,81
BRCA1_2*CX3CL1_5,BRCA1*CX3CL1,227,506,269,187,166,46,225,153,0,0,170
BRCA1_2*CXCR2_2,BRCA1*CXCR2,166,162,207,34,83,68,154,103,0,1,60
BRCA1_2*CXCR2_4,BRCA1*CXCR2,20,63,38,51,32,0,32,20,0,0,20
BRCA1_2*CXCR2_5,BRCA1*CXCR2,38,383,161,211,237,158,263,80281,0,65,149
BRCA1_2*CXCR5_2,BRCA1*CXCR5,134,162,22,65,55,61,5524,44,0,10,24
BRCA1_2*CXCR5_3,BRCA1*CXCR5,124,1044,249,148,126,31,175,146,0,3,106
BRCA1_2*CXCR5_4,BRCA1*CXCR5,9,18,115,28,27,2,35,44,0,2,26
BRCA1_2*FCRL6_1,BRCA1*FCRL6,29,97,218,60,76,42,84,89,0,1,140
BRCA1_2*FCRL6_4,BRCA1*FCRL6,106,465,153,50,52,5,83,47,0,0,13
BRCA1_2*FCRL6_5,BRCA1*FCRL6,137,257,136,238,8397,1657,79,83,0,8,30
BRCA1_2*HGF_2,BRCA1*HGF,90,86,72,23,51,69,100,68,0,0,79
BRCA1_2*HGF_4,BRCA1*HGF,12,149,63,29098,200,122,233,213,0,23,649
BRCA1_2*HGF_5,BRCA1*HGF,90,260,101,18,83,156,82,77,0,0,36
BRCA1_2*IL6_1,BRCA1*IL6,50,88,57,668,43,28,38,45,0,3,20
BRCA1_2*IL6_2,BRCA1*IL6,127,148,137,31,35,4,103,38,0,1,25
BRCA1_2*IL6_5,BRCA1*IL6,153,214,44,51,100,7,131,100,0,1,76
BRCA1_2*MFAP5_1,BRCA1*MFAP5,0,172,130,30,8706,24,63,41,0,9,72
BRCA1_2*MFAP5_3,BRCA1*MFAP5,21,416,192,65,118,30,140,418,21,18,88
BRCA1_2*MFAP5_5,BRCA1*MFAP5,27,301,155,103,133,52,148,130,0,0,91
BRCA1_2*MPEG1_1,BRCA1*MPEG1,59,273,22,248,331,171,364,95516,0,69,166
BRCA1_2*MPEG1_4,BRCA1*MPEG1,14,0,67,10,21,0,32,15,0,0,20
BRCA1_2*MPEG1_5,BRCA1*MPEG1,37,470,253,219,255,96,61801,150,0,67,134
BRCA1_2*MUC16_1,BRCA1*MUC16,107,180,230,143,160,143,150,149,0,3,126
BRCA1_2*MUC16_2,BRCA1*MUC16,82,288,137,117,128,42,122,103,3,1294,6288
BRCA1_2*MUC16_5,BRCA1*MUC16,124,243,62,115,135,57,169,675,49,26,89
BRCA1_2*MYSM1_2,BRCA1*MYSM1,51,163,107,52,68,78,94,94,0,0,17
BRCA1_2*MYSM1_4,BRCA1*MYSM1,177,373,311,85,6494,3869,127,81,0,11,56
BRCA1_2*MYSM1_5,BRCA1*MYSM1,16,792,128,47472,132,84,152,115,0,38,95
BRCA1_2*NT_17,BRCA1*NT,11,37,26,81,69,171,129,82,0,0,50
BRCA1_2*NT_18,BRCA1*NT,65,148,146,52,74,69,116,132,0,1,95
BRCA1_2*NT_20,BRCA1*NT,73,19,13,61,70,27,56,400,18,16,41
BRCA1_2*NT_25,BRCA1*NT,66,347,9,35,91,12,73,77,0,1,86
BRCA1_2*NT_26,BRCA1*NT,232,134,184,1443,138,33,168,134,1,12351,106
BRCA1_2*NT_33,BRCA1*NT,63,141,216,338,119,38,8729,122,0,6,73
BRCA1_2*NT_39,BRCA1*NT,74,246,102,46,75,115,97,106,0,1,61
BRCA1_2*NT_57,BRCA1*NT,43,174,236,104,95,19,151,134,0,2,172
BRCA1_2*NT_6,BRCA1*NT,210,322,209,98,158,93,195,173,0,2,48
BRCA1_2*PDCD1LG2_1,BRCA1*PDCD1LG2,240,958,391,122,156,80,3597,141,0,6,136
BRCA1_2*PDCD1LG2_2,BRCA1*PDCD1LG2,64,19,153,81,11759,3518,93,49,0,9,79
BRCA1_2*PDCD1LG2_3,BRCA1*PDCD1LG2,53,229,82,305,41668,73798,335,250,3,1717,250
BRCA1_2*PLA2G2A_2,BRCA1*PLA2G2A,83,282,55,446,511,333,156930,320,76,15272,15843
BRCA1_2*PLA2G2A_4,BRCA1*PLA2G2A,171,442,83,185,186,95,159,155,47,29590,17199
BRCA1_2*PLA2G2A_5,BRCA1*PLA2G2A,54,203,27,40,50,0,91,69,0,0,62
BRCA1_2*PLA2R1_2,BRCA1*PLA2R1,207,542,147,76,171,67,242,203,0,6,117
BRCA1_2*PLA2R1_3,BRCA1*PLA2R1,3,57,66,131,156,203,227,989,97,51,125
BRCA1_2*PLA2R1_4,BRCA1*PLA2R1,82,403,257,61,69,13,94,82,0,0,42
BRCA1_2*TLR7_1,BRCA1*TLR7,247,399,147,51,94,273,141,87,0,14,38
BRCA1_2*TLR7_2,BRCA1*TLR7,34,91,12,117,55,36,71,61,0,0,29
BRCA1_2*TLR7_5,BRCA1*TLR7,117,225,230,186,222,120,53866,108,0,56,136
BRCA1_2*TNFSF15_1,BRCA1*TNFSF15,62,115,110,107,85,49,99,71,0,1,67
BRCA1_2*TNFSF15_2,BRCA1*TNFSF15,155,407,310,25,100,24,141,124,0,2,70
BRCA1_2*TNFSF15_3,BRCA1*TNFSF15,126,424,178,13,74,101,104,105,0,100,105
BRCA1_3*BTLA_1,BRCA1*BTLA,233,813,692,7933,360,2611,12616,384,0,23,218
BRCA1_3*BTLA_2,BRCA1*BTLA,614,1165,824,802,357,43,392,308,0,4,231
BRCA1_3*BTLA_3,BRCA1*BTLA,265,426,274,19285,462,237,454,2187,412,128,324
BRCA1_3*CDH1_1,BRCA1*CDH1,371,704,379,298,1033,178,10467,2356,169,61,270
BRCA1_3*CDH1_3,BRCA1*CDH1,0,0,0,13,12,8,30,13,0,0,7
BRCA1_3*CDH1_4,BRCA1*CDH1,578,1598,512,498,638,214,764,519,57,21432,33314
BRCA1_3*CDH1_5,BRCA1*CDH1,523,952,457,240,283,3336,330,343,0,6,218
BRCA1_3*CX3CL1_3,BRCA1*CX3CL1,106,393,146,630,301684,34111,533,394,2,249,480
BRCA1_3*CX3CL1_4,BRCA1*CX3CL1,224,679,311,524,166,118,173,185,0,3,170
BRCA1_3*CX3CL1_5,BRCA1*CX3CL1,646,1485,795,328,321,59,535,315,0,5,279
BRCA1_3*CXCR2_2,BRCA1*CXCR2,338,1248,374,703,234122,85496,6214,642,3,292,682
BRCA1_3*CXCR2_4,BRCA1*CXCR2,130,580,247,98,90,32,169,151,0,0,176
BRCA1_3*CXCR2_5,BRCA1*CXCR2,391,1185,723,2757,344,424,991,408,36,19225,16908
BRCA1_3*CXCR5_2,BRCA1*CXCR5,446,651,241,941,88030,33623,373,481,22,118,241
BRCA1_3*CXCR5_3,BRCA1*CXCR5,520,1449,962,480,370,989,372,359,0,7,277
BRCA1_3*CXCR5_4,BRCA1*CXCR5,73,283,279,82,87,16,95,108,0,1,30
BRCA1_3*FCRL6_1,BRCA1*FCRL6,459,1160,372,408,505,332,576,2525,587,129,476
BRCA1_3*FCRL6_4,BRCA1*FCRL6,462,1101,364,736,722,530,882,116323,1133,266,469
BRCA1_3*FCRL6_5,BRCA1*FCRL6,314,1129,527,110,235,103,393,309,6,4366,5847
BRCA1_3*HGF_2,BRCA1*HGF,376,1330,529,3466,139347,55596,651,573,49,7484,13174
BRCA1_3*HGF_4,BRCA1*HGF,283,759,283,39403,326,160,359,295,0,39,184
BRCA1_3*HGF_5,BRCA1*HGF,318,1403,458,676,220,62,255,181,0,1,157
BRCA1_3*IL6_1,BRCA1*IL6,187,32,161,53,119,97,173,323,14,9,93
BRCA1_3*IL6_2,BRCA1*IL6,467,859,489,6061,14286,7114,325,286,0,31,275
BRCA1_3*IL6_5,BRCA1*IL6,356,1231,499,333,487,234,431,375,51,10250,45621
BRCA1_3*MFAP5_1,BRCA1*MFAP5,278,668,275,625,489,88,432,191,1,11654,144
BRCA1_3*MFAP5_3,BRCA1*MFAP5,225,274,260,4766,161,87,203,191,0,10,143
BRCA1_3*MFAP5_5,BRCA1*MFAP5,239,1216,658,247,210,49,1366,201,0,6,151
BRCA1_3*MPEG1_1,BRCA1*MPEG1,419,674,478,69942,390,360,404,370,0,43,301
BRCA1_3*MPEG1_4,BRCA1*MPEG1,88,583,257,762,575,20,157,155,0,2,113
BRCA1_3*MPEG1_5,BRCA1*MPEG1,223,537,284,1005,182,70,233,203,0,4,119
BRCA1_3*MUC16_1,BRCA1*MUC16,287,648,443,230,419,238,462,1046,135,39,689
BRCA1_3*MUC16_2,BRCA1*MUC16,366,923,441,198,278,41,1437,345,0,1,216
BRCA1_3*MUC16_5,BRCA1*MUC16,523,2416,839,822,606,318,10514,517,71,23093,37586
BRCA1_3*MYSM1_2,BRCA1*MYSM1,133,734,406,636,155,85,160,202,0,1,113
BRCA1_3*MYSM1_4,BRCA1*MYSM1,278,1085,456,211,270,298,230,218,63,49705,17152
BRCA1_3*MYSM1_5,BRCA1*MYSM1,356,681,508,198,243,54,257,229,0,6,153
BRCA1_3*NT_17,BRCA1*NT,155,467,204,232,285,201,335,314,44,30505,19285
BRCA1_3*NT_18,BRCA1*NT,187,406,225,542,236,182,307,275,0,1,177
BRCA1_3*NT_20,BRCA1*NT,156,385,200,55,88,153,101,101,0,2,30
BRCA1_3*NT_25,BRCA1*NT,308,930,371,138829,638,408,634,598,13,3829,3884
BRCA1_3*NT_26,BRCA1*NT,587,989,839,1305,625,9712,631,517,114,50662,22689
BRCA1_3*NT_33,BRCA1*NT,271,947,537,16053,212,219,239,270,8,23,114
BRCA1_3*NT_39,BRCA1*NT,514,830,562,956,344,199,459,448,0,3,337
BRCA1_3*NT_57,BRCA1*NT,211,606,459,140155,410,169,267,228,1,94,227
BRCA1_3*NT_6,BRCA1*NT,352,285,588,208,194,78,381,570,0,10,152
BRCA1_3*PDCD1LG2_1,BRCA1*PDCD1LG2,628,1285,786,666,788,956,106508,982,81,143,622
BRCA1_3*PDCD1LG2_2,BRCA1*PDCD1LG2,160,280,234,58,168,154,180,176,0,3,98
BRCA1_3*PDCD1LG2_3,BRCA1*PDCD1LG2,254,1020,329,124,257,54,377,359,0,3,127
BRCA1_3*PLA2G2A_2,BRCA1*PLA2G2A,105,743,276,81,105,88,143,198,0,3,160
BRCA1_3*PLA2G2A_4,BRCA1*PLA2G2A,150,1189,245,485766,1282,920,1211,3860,2002,491,948
BRCA1_3*PLA2G2A_5,BRCA1*PLA2G2A,210,534,380,1216,515,378,547,2199,379,111,299
BRCA1_3*PLA2R1_2,BRCA1*PLA2R1,654,1791,612,514,696,750,14407,487,1,2128,361
BRCA1_3*PLA2R1_3,BRCA1*PLA2R1,72,522,118,128,184,139,229,326,0,1,177
BRCA1_3*PLA2R1_4,BRCA1*PLA2R1,330,1183,385,1227,6174,877,13832,594445,9,520,1029
BRCA1_3*TLR7_1,BRCA1*TLR7,402,1187,506,23999,326,441,350,458,0,15,279
BRCA1_3*TLR7_2,BRCA1*TLR7,192,521,247,119,192,115,233,174,0,1,134
BRCA1_3*TLR7_5,BRCA1*TLR7,149,770,264,59121,226,95,12503,192,0,43,170
BRCA1_3*TNFSF15_1,BRCA1*TNFSF15,255,228,193,31135,166,63,175,138,0,31,137
BRCA1_3*TNFSF15_2,BRCA1*TNFSF15,373,1188,488,377,19260,40717,589,498,0,65,332
BRCA1_3*TNFSF15_3,BRCA1*TNFSF15,282,1318,439,710,697,435,17409,238087,2,240,518
BRCA1_5*BTLA_1,BRCA1*BTLA,353,1161,510,1061,478,375,24946,478,77,32327,22370
BRCA1_5*BTLA_2,BRCA1*BTLA,684,1699,634,22631,672,342,407,359,0,36,1786
BRCA1_5*BTLA_3,BRCA1*BTLA,553,942,505,15277,118818,17654,455,843,116,130,294
BRCA1_5*CDH1_1,BRCA1*CDH1,232,494,486,64429,300,126,341,236,0,49,219
BRCA1_5*CDH1_3,BRCA1*CDH1,0,0,0,29,55,30,69,39,0,2,42
BRCA1_5*CDH1_4,BRCA1*CDH1,809,2231,1458,5014,578,1742,2602,472,27,12592,16315
BRCA1_5*CDH1_5,BRCA1*CDH1,495,1689,705,1837,1820,2733,1537,3737,466922,211429,192368
BRCA1_5*CX3CL1_3,BRCA1*CX3CL1,178,422,197,470,563,337,86034,1701,19557,13983,18448
BRCA1_5*CX3CL1_4,BRCA1*CX3CL1,492,679,389,602,401,53,349,212,0,6,173
BRCA1_5*CX3CL1_5,BRCA1*CX3CL1,475,1451,645,313,352,427,343,285,0,7,231
BRCA1_5*CXCR2_2,BRCA1*CXCR2,326,1358,355,1593,1551,1065,2676,3256,378059,185184,162335
BRCA1_5*CXCR2_4,BRCA1*CXCR2,174,736,349,95,75,85,175,152,0,3,68
BRCA1_5*CXCR2_5,BRCA1*CXCR2,555,1147,793,118817,465,970,405,320,1,104,268
BRCA1_5*CXCR5_2,BRCA1*CXCR5,241,1050,285,137,8265,12510,247,376,15,27,151
BRCA1_5*CXCR5_3,BRCA1*CXCR5,779,1836,806,72807,391,256,504,336,0,58,240
BRCA1_5*CXCR5_4,BRCA1*CXCR5,168,330,163,92,119,262,124,115,1,14,7207
BRCA1_5*FCRL6_1,BRCA1*FCRL6,299,947,737,461,261,151,377,298,0,6,202
BRCA1_5*FCRL6_4,BRCA1*FCRL6,263,1170,566,208,131,84,187,272,9,10,139
BRCA1_5*FCRL6_5,BRCA1*FCRL6,432,1557,289,14954,81375,6320,1877,446,281,43593,58757
BRCA1_5*HGF_2,BRCA1*HGF,758,1681,772,208457,615,497,604,535,23,150,442
BRCA1_5*HGF_4,BRCA1*HGF,435,1478,500,5957,529,335,520,410,83,11621,58156
BRCA1_5*HGF_5,BRCA1*HGF,415,999,630,74832,1228,2785,195469,3877,1563,429,739
BRCA1_5*IL6_1,BRCA1*IL6,190,412,288,1814,128,77,210,160,0,4,137
BRCA1_5*IL6_2,BRCA1*IL6,448,1373,399,14669,306,387,311,297,0,16,233
BRCA1_5*IL6_5,BRCA1*IL6,673,2195,1225,27407,1814,2057,1468,1718,111760,274152,199098
BRCA1_5*MFAP5_1,BRCA1*MFAP5,371,1196,553,173,184,92,244,475,31,26,117
BRCA1_5*MFAP5_3,BRCA1*MFAP5,396,515,317,1517,1862,1245,4442,1284,5504,437292,208425
BRCA1_5*MFAP5_5,BRCA1*MFAP5,545,1436,597,361582,1078,775,88361,854,430,4112,759
BRCA1_5*MPEG1_1,BRCA1*MPEG1,514,1276,434,553,209,130,312,245,0,7,237
BRCA1_5*MPEG1_4,BRCA1*MPEG1,163,467,52,2833,141,44,131,492,37,23,90
BRCA1_5*MPEG1_5,BRCA1*MPEG1,433,1389,613,1112,1344,944,1664,73139,4687,498,839
BRCA1_5*MUC16_1,BRCA1*MUC16,616,2022,675,83021,927,3346,874,664,409,51560,92846
BRCA1_5*MUC16_2,BRCA1*MUC16,245,1128,583,49320,408,188,404,34142,0,71,284
BRCA1_5*MUC16_5,BRCA1*MUC16,388,1757,955,19184,284,268,392,319,0,21,277
BRCA1_5*MYSM1_2,BRCA1*MYSM1,496,1002,347,17886,245,139,300,277,8,9333,2972
BRCA1_5*MYSM1_4,BRCA1*MYSM1,310,1472,550,34589,2176,1485,44335,1331,4414,83176,604476
BRCA1_5*MYSM1_5,BRCA1*MYSM1,538,1033,596,398,244,85,9503,275,0,9,198
BRCA1_5*NT_17,BRCA1*NT,256,515,395,1547,233,115,262,196,0,3,195
BRCA1_5*NT_18,BRCA1*NT,205,1353,532,630,134848,48321,612,1367,281,195,479
BRCA1_5*NT_20,BRCA1*NT,384,497,355,540,161,4019,188,315,17,30,152
BRCA1_5*NT_25,BRCA1*NT,922,1099,698,7185,653,940,555,980,72,44,375
BRCA1_5*NT_26,BRCA1*NT,520,1686,1103,111,304,212,387,318,0,10,253
BRCA1_5*NT_33,BRCA1*NT,646,2050,518,125,326,87,281,222,0,4,206
BRCA1_5*NT_39,BRCA1*NT,1037,2114,1096,9458,434,412,8429,444,0,23,437
BRCA1_5*NT_57,BRCA1*NT,376,1147,507,5083,1858505,344075,2745,2240,82,1690,2707
BRCA1_5*NT_6,BRCA1*NT,458,1734,975,142749,1638,1009,1344,1254,48685,98685,223561
BRCA1_5*PDCD1LG2_1,BRCA1*PDCD1LG2,730,1469,855,524314,118938,41216,1410,1471,213,530,1149
BRCA1_5*PDCD1LG2_2,BRCA1*PDCD1LG2,423,707,353,4182,413,182,465,1509,227,85,264
BRCA1_5*PDCD1LG2_3,BRCA1*PDCD1LG2,464,2314,808,49081,346,484,396,382,0,37,288
BRCA1_5*PLA2G2A_2,BRCA1*PLA2G2A,228,515,276,107,114,126,156,127,0,8,30
BRCA1_5*PLA2G2A_4,BRCA1*PLA2G2A,436,953,299,1584,1235,732,1288,427072,2895,1886,4714
BRCA1_5*PLA2G2A_5,BRCA1*PLA2G2A,432,671,708,37766,1580193,248591,2390,2525,1574,1435,6253
BRCA1_5*PLA2R1_2,BRCA1*PLA2R1,846,2354,1455,42137,3496,2443,1147234,2013,50,1308,2371
BRCA1_5*PLA2R1_3,BRCA1*PLA2R1,95,623,183,514,196,80,211,209,0,3,128
BRCA1_5*PLA2R1_4,BRCA1*PLA2R1,553,1530,688,331116,2361,1610,369348,365341,25,889,1647
BRCA1_5*TLR7_1,BRCA1*TLR7,342,508,559,200,202,907,270,226,0,9,115
BRCA1_5*TLR7_2,BRCA1*TLR7,429,638,261,66,16260,112,146,117,0,9,145
BRCA1_5*TLR7_5,BRCA1*TLR7,369,1231,760,3275,290,153,321,324,832,14071,13922
BRCA1_5*TNFSF15_1,BRCA1*TNFSF15,389,943,471,93429,462,314,84820,350,1,160,360
BRCA1_5*TNFSF15_2,BRCA1*TNFSF15,520,651,576,123594,354,176,366,375,8,82,279
BRCA1_5*TNFSF15_3,BRCA1*TNFSF15,293,1067,186,774,202,114,256,217,0,5,198
BRCA2_1*BTLA_1,BRCA2*BTLA,602,761,279,2597,8454,568,1009,353927,16,6939,705
BRCA2_1*BTLA_2,BRCA2*BTLA,309,1329,279,345,198,123,336,375,0,4,156
BRCA2_1*BTLA_3,BRCA2*BTLA,269,712,350,718,893,547,743,649,677,62600,154939
BRCA2_1*CDH1_1,BRCA2*CDH1,248,738,400,249,120,48,244,191,0,3,192
BRCA2_1*CDH1_3,BRCA2*CDH1,0,0,0,20,17,9,33,16,0,0,5
BRCA2_1*CDH1_4,BRCA2*CDH1,723,2650,992,295664,907,587,18412,722,2,232,497
BRCA2_1*CDH1_5,BRCA2*CDH1,325,1097,266,205,10434,12180,360,349,0,15,168
BRCA2_1*CX3CL1_3,BRCA2*CX3CL1,225,334,111,2513,80,14,149,118,0,5,96
BRCA2_1*CX3CL1_4,BRCA2*CX3CL1,322,576,377,146,250,82,271,3940,2,510,4517
BRCA2_1*CX3CL1_5,BRCA2*CX3CL1,418,1288,518,82159,458,181,506,457,0,85,329
BRCA2_1*CXCR2_2,BRCA2*CXCR2,414,460,369,4177,230,148,444,270,0,7,150
BRCA2_1*CXCR2_4,BRCA2*CXCR2,156,470,171,110,85,113,118,130,0,2,46
BRCA2_1*CXCR2_5,BRCA2*CXCR2,92,278,385,105,229,126,270,202,0,6,153
BRCA2_1*CXCR5_2,BRCA2*CXCR5,336,679,256,223,269,118,299,809,64,23,191
BRCA2_1*CXCR5_3,BRCA2*CXCR5,578,1899,522,3094,574,276,7328,448,72,18332,34754
BRCA2_1*CXCR5_4,BRCA2*CXCR5,201,182,131,2603,150,110,142,121,0,1,76
BRCA2_1*FCRL6_1,BRCA2*FCRL6,326,767,496,1435,937,561,18145,619,543,66671,106610
BRCA2_1*FCRL6_4,BRCA2*FCRL6,466,577,274,225,221,165,210,225,13,4102,20636
BRCA2_1*FCRL6_5,BRCA2*FCRL6,244,400,366,3389,106194,32824,388,388,10,118,241
BRCA2_1*HGF_2,BRCA2*HGF,264,816,341,292,294,24,1028,290,0,2,287
BRCA2_1*HGF_4,BRCA2*HGF,462,501,411,174,446,154,443,394,0,9,292
BRCA2_1*HGF_5,BRCA2*HGF,270,538,236,143,304,524,245,227,0,5,160
BRCA2_1*IL6_1,BRCA2*IL6,192,213,149,841,170,36,1463,499,42,36,138
BRCA2_1*IL6_2,BRCA2*IL6,382,1090,336,30008,243,78,6017,270,0,27,285
BRCA2_1*IL6_5,BRCA2*IL6,359,643,420,1192,168093,31804,20211,119345,1410,82205,144217
BRCA2_1*MFAP5_1,BRCA2*MFAP5,104,701,407,181,232,108,247,192,60,34577,21392
BRCA2_1*MFAP5_3,BRCA2*MFAP5,234,933,259,27367,810,470,693,537,582,66313,116999
BRCA2_1*MFAP5_5,BRCA2*MFAP5,187,705,201,226,255,198,327,334,0,1,233
BRCA2_1*MPEG1_1,BRCA2*MPEG1,177,677,144,108,240,199,296,202,0,3,116
BRCA2_1*MPEG1_4,BRCA2*MPEG1,41,253,49,509,604,456,712,240401,1,197,464
BRCA2_1*MPEG1_5,BRCA2*MPEG1,404,924,395,564,527,207,19682,980,9772,17568,23152
BRCA2_1*MUC16_1,BRCA2*MUC16,329,524,287,227,366,308,416,425,0,4,252
BRCA2_1*MUC16_2,BRCA2*MUC16,264,1378,597,15867,239,903,272,288,0,15,165
BRCA2_1*MUC16_5,BRCA2*MUC16,496,979,405,316,242,186,355,262,0,3,203
BRCA2_1*MYSM1_2,BRCA2*MYSM1,223,1202,429,1026,502,1517,28291,1245,9415,5256,24849
BRCA2_1*MYSM1_4,BRCA2*MYSM1,290,886,309,9154,326,175,79522,302,0,51,265
BRCA2_1*MYSM1_5,BRCA2*MYSM1,251,643,281,632,296,163,350,1260,149,59,223
BRCA2_1*NT_17,BRCA2*NT,174,219,141,578,700,508,827,4598,1352,225,491
BRCA2_1*NT_18,BRCA2*NT,155,196,128,252,359,1532,392,1216,141,58,300
BRCA2_1*NT_20,BRCA2*NT,129,283,150,40,86,40,161,126,0,1,90
BRCA2_1*NT_25,BRCA2*NT,292,640,227,327,323,62,400,378,0,7,233
BRCA2_1*NT_26,BRCA2*NT,266,983,607,193,361,2008,15312,363,0,22,264
BRCA2_1*NT_33,BRCA2*NT,311,1192,450,121,300,200,506,332,0,7,319
BRCA2_1*NT_39,BRCA2*NT,406,1308,522,532,462,578,27310,914,83,76,365
BRCA2_1*NT_57,BRCA2*NT,222,318,156,124,115,44,215,164,0,5,147
BRCA2_1*NT_6,BRCA2*NT,190,871,263,247,242,86,331,292,0,13,114
BRCA2_1*PDCD1LG2_1,BRCA2*PDCD1LG2,439,1641,723,277449,1212,759,1112,986,1021,136868,74356
BRCA2_1*PDCD1LG2_2,BRCA2*PDCD1LG2,395,1385,265,34552,304,193,432,514,1,2921,275
BRCA2_1*PDCD1LG2_3,BRCA2*PDCD1LG2,244,1169,483,14561,309,269,364,267,0,25,177
BRCA2_1*PLA2G2A_2,BRCA2*PLA2G2A,116,887,89,35611,129,103,171,105,0,23,100
BRCA2_1*PLA2G2A_4,BRCA2*PLA2G2A,234,603,315,42247,7234,327,2004,326,103,16875,53179
BRCA2_1*PLA2G2A_5,BRCA2*PLA2G2A,117,411,320,232,229,5083,304,197,0,9,182
BRCA2_1*PLA2R1_2,BRCA2*PLA2R1,363,683,538,1467,316,253,446,346,0,12,304
BRCA2_1*PLA2R1_3,BRCA2*PLA2R1,78,206,84,4788,155,62,256,175,0,2,94
BRCA2_1*PLA2R1_4,BRCA2*PLA2R1,225,773,282,470,203657,15195,519,409,15,5964,1855
BRCA2_1*TLR7_1,BRCA2*TLR7,419,451,267,77932,2392,1544,1844,1485,9219,437131,367609
BRCA2_1*TLR7_2,BRCA2*TLR7,132,326,70,91,58,36,114,1122,0,3,39
BRCA2_1*TLR7_5,BRCA2*TLR7,254,1011,313,2528,159,52,232,133,0,6,637
BRCA2_1*TNFSF15_1,BRCA2*TNFSF15,289,504,231,74,97,786,166,182,0,1,101
BRCA2_1*TNFSF15_2,BRCA2*TNFSF15,269,460,665,262,276,138,352,263,1,880,1431
BRCA2_1*TNFSF15_3,BRCA2*TNFSF15,335,1475,769,869,175169,61890,7520,561,2,186,546
BRCA2_3*BTLA_1,BRCA2*BTLA,231,585,475,290,192,101,1757,172,0,6,159
BRCA2_3*BTLA_2,BRCA2*BTLA,331,265,414,362,498,310,478,420,383,130761,40059
BRCA2_3*BTLA_3,BRCA2*BTLA,159,635,262,1301,1182,723,749,789,17972,257607,163316
BRCA2_3*CDH1_1,BRCA2*CDH1,247,682,174,543,124,76,148,152,0,1,111
BRCA2_3*CDH1_3,BRCA2*CDH1,0,0,0,6,26,8,7,14,0,0,15
BRCA2_3*CDH1_4,BRCA2*CDH1,400,980,599,20022,214,169,331,239,0,16,181
BRCA2_3*CDH1_5,BRCA2*CDH1,302,1034,408,1446,230,137,32845,222,0,39,208
BRCA2_3*CX3CL1_3,BRCA2*CX3CL1,82,102,68,216,250,1062,268,223,164,70966,29234
BRCA2_3*CX3CL1_4,BRCA2*CX3CL1,184,568,186,195302,473,357,404,966,210,195,392
BRCA2_3*CX3CL1_5,BRCA2*CX3CL1,270,1395,384,413,526,215,512,2381,512,146,298
BRCA2_3*CXCR2_2,BRCA2*CXCR2,257,202,131,58652,244,6029,271,278,0,54,175
BRCA2_3*CXCR2_4,BRCA2*CXCR2,58,554,157,55,67,2,80,102,0,0,108
BRCA2_3*CXCR2_5,BRCA2*CXCR2,251,820,128,5218,104,48,117,90,0,5,86
BRCA2_3*CXCR5_2,BRCA2*CXCR5,193,585,247,2254,152,160,142,157,0,0,94
BRCA2_3*CXCR5_3,BRCA2*CXCR5,340,961,290,175,1865,5183,198,261,1,1902,125
BRCA2_3*CXCR5_4,BRCA2*CXCR5,49,176,115,1060,1470,897,904,875,3578,332903,193855
BRCA2_3*FCRL6_1,BRCA2*FCRL6,166,669,147,95,170,169,154,1301,0,1,59
BRCA2_3*FCRL6_4,BRCA2*FCRL6,88,97,43,12,34,1,23,20,0,1,25
BRCA2_3*FCRL6_5,BRCA2*FCRL6,217,650,261,49,61,6,72,66,0,0,78
BRCA2_3*HGF_2,BRCA2*HGF,357,650,523,1003,600,2462,266,199,9,2879,15396
BRCA2_3*HGF_4,BRCA2*HGF,319,175,213,88,199,237,218,182,0,6,141
BRCA2_3*HGF_5,BRCA2*HGF,125,1222,547,52,111,84,171,130,0,3,52
BRCA2_3*IL6_1,BRCA2*IL6,194,373,120,228,123,14,139,85,0,0,69
BRCA2_3*IL6_2,BRCA2*IL6,180,662,241,49,84,9,109,103,0,2,46
BRCA2_3*IL6_5,BRCA2*IL6,158,475,320,2770,133,167,104,98,0,1,64
BRCA2_3*MFAP5_1,BRCA2*MFAP5,99,454,356,196,48402,17145,3019,114,0,39,141
BRCA2_3*MFAP5_3,BRCA2*MFAP5,281,353,505,110,100,45,117,115,0,3,117
BRCA2_3*MFAP5_5,BRCA2*MFAP5,169,853,230,45,64,90,62,80,0,0,58
BRCA2_3*MPEG1_1,BRCA2*MPEG1,226,638,681,184,2044,7470,224,170,0,16,161
BRCA2_3*MPEG1_4,BRCA2*MPEG1,149,76,24,51,61,23,53,39,0,0,15
BRCA2_3*MPEG1_5,BRCA2*MPEG1,154,522,132,593,168,23,176,177,0,1,151
BRCA2_3*MUC16_1,BRCA2*MUC16,508,616,200,523,149,63,168,181,0,5,93
BRCA2_3*MUC16_2,BRCA2*MUC16,271,560,382,87,164,111,172,214,9,8941,6139
BRCA2_3*MUC16_5,BRCA2*MUC16,209,1166,469,104,155,45,2013,152,4,1808,7813
BRCA2_3*MYSM1_2,BRCA2*MYSM1,121,344,232,46,81,56,107,78,0,0,31
BRCA2_3*MYSM1_4,BRCA2*MYSM1,293,305,264,53,80,75,75,78,0,3,20
BRCA2_3*MYSM1_5,BRCA2*MYSM1,333,1172,343,202,148,105,207,4340,0,7,100
BRCA2_3*NT_17,BRCA2*NT,144,322,78,32,69,34,67,75,0,0,12
BRCA2_3*NT_18,BRCA2*NT,348,619,119,118,131,120,136,154,0,3,113
BRCA2_3*NT_20,BRCA2*NT,136,334,298,72,119,164,180,147,0,3,85
BRCA2_3*NT_25,BRCA2*NT,324,813,518,158434,1164,689,1060,5410,2722,401,813
BRCA2_3*NT_26,BRCA2*NT,147,855,195,409,126,31,186,165,0,1,101
BRCA2_3*NT_33,BRCA2*NT,337,756,569,761,119,53,196,165,0,0,90
BRCA2_3*NT_39,BRCA2*NT,331,1459,559,7418,163,64,242,207,0,9,106
BRCA2_3*NT_57,BRCA2*NT,220,818,171,33,47,10,61,65,0,0,19
BRCA2_3*NT_6,BRCA2*NT,455,1002,270,316,411,241,517,2216,373,104,296
BRCA2_3*PDCD1LG2_1,BRCA2*PDCD1LG2,536,1249,539,1338,166276,37324,677,1218,16272,33387,32139
BRCA2_3*PDCD1LG2_2,BRCA2*PDCD1LG2,179,900,281,38,126,39,147,146,0,3,50
BRCA2_3*PDCD1LG2_3,BRCA2*PDCD1LG2,114,877,130,23,68,38,70,73,0,0,38
BRCA2_3*PLA2G2A_2,BRCA2*PLA2G2A,101,307,70,16,42,37,37,31,0,0,5
BRCA2_3*PLA2G2A_4,BRCA2*PLA2G2A,301,440,117,158,135,43,184,528,48,30,153
BRCA2_3*PLA2G2A_5,BRCA2*PLA2G2A,229,373,329,235,250,150,54589,181,0,55,185
BRCA2_3*PLA2R1_2,BRCA2*PLA2R1,321,930,178,251,222,1514,295,242,0,8,200
BRCA2_3*PLA2R1_3,BRCA2*PLA2R1,57,336,106,107,112,50,116,118,0,0,102
BRCA2_3*PLA2R1_4,BRCA2*PLA2R1,206,829,340,18584,17681,2786,2565,114348,59,6195,29529
BRCA2_3*TLR7_1,BRCA2*TLR7,267,537,235,19376,170,121,171,181,0,15,80
BRCA2_3*TLR7_2,BRCA2*TLR7,294,328,94,6972,111,32,84,95,0,5,28
BRCA2_3*TLR7_5,BRCA2*TLR7,97,476,151,67,33,5,32,32,0,0,32
BRCA2_3*TNFSF15_1,BRCA2*TNFSF15,104,175,208,38,33,23,70,37,0,2,17
BRCA2_3*TNFSF15_2,BRCA2*TNFSF15,341,580,330,929,181,1309,204,227,0,5,167
BRCA2_3*TNFSF15_3,BRCA2*TNFSF15,346,518,352,501,182,53,188,177,0,8,120
BRCA2_4*BTLA_1,BRCA2*BTLA,481,992,504,208,350,108,1542,291,0,3,193
BRCA2_4*BTLA_2,BRCA2*BTLA,512,1057,487,882,98753,23809,11254,417,1,110,349
BRCA2_4*BTLA_3,BRCA2*BTLA,327,978,422,217,313,110,553,365,0,4,193
BRCA2_4*CDH1_1,BRCA2*CDH1,370,946,501,291,347,165,409,36512,18,6320,16507
BRCA2_4*CDH1_3,BRCA2*CDH1,0,0,0,41,91,54,152,104,0,6,56
BRCA2_4*CDH1_4,BRCA2*CDH1,953,2611,895,25221,84407,50784,4422,57850,111416,86601,63282
BRCA2_4*CDH1_5,BRCA2*CDH1,492,1365,622,496,615,580,43275,877,5476,10752,24959
BRCA2_4*CX3CL1_3,BRCA2*CX3CL1,64,408,298,158,93,221,185,109,0,3,67
BRCA2_4*CX3CL1_4,BRCA2*CX3CL1,502,895,677,922,271,171,299,239,6,1871,12751
BRCA2_4*CX3CL1_5,BRCA2*CX3CL1,472,1155,486,1268,1352,1006,1177,939,1961,189041,171394
BRCA2_4*CXCR2_2,BRCA2*CXCR2,307,1170,475,1565,435,129,585,446,2,896,6654
BRCA2_4*CXCR2_4,BRCA2*CXCR2,235,559,145,837,285,143,301,1240,339,675,134
BRCA2_4*CXCR2_5,BRCA2*CXCR2,632,1080,295,5486,291,73,380,511,0,13,152
BRCA2_4*CXCR5_2,BRCA2*CXCR5,390,845,263,17272,588,365,119348,368,18,835,18271
BRCA2_4*CXCR5_3,BRCA2*CXCR5,1041,2923,1163,7173,2220,1387,1943,4662,626358,244124,188479
BRCA2_4*CXCR5_4,BRCA2*CXCR5,148,339,233,297,219,85,211,200,3,11,153
BRCA2_4*FCRL6_1,BRCA2*FCRL6,338,845,319,121252,474,509,535,463,1,85,313
BRCA2_4*FCRL6_4,BRCA2*FCRL6,387,1113,588,199501,337723,109723,8406,804,8,460,869
BRCA2_4*FCRL6_5,BRCA2*FCRL6,332,1237,329,136,191,60,219,175,0,3,138
BRCA2_4*HGF_2,BRCA2*HGF,447,1260,396,287947,81217,70989,153697,1109,9,476,995
BRCA2_4*HGF_4,BRCA2*HGF,322,2134,439,103217,78421,48805,24077,29549,194,308,750
BRCA2_4*HGF_5,BRCA2*HGF,530,1270,515,90010,399,215,552,430,0,64,269
BRCA2_4*IL6_1,BRCA2*IL6,305,943,440,69308,349,293,380,307,0,42,227
BRCA2_4*IL6_2,BRCA2*IL6,580,1706,498,3380,15819,1274,5819,215,0,23,293
BRCA2_4*IL6_5,BRCA2*IL6,670,1563,718,1043,485,327,10790,563,5,1656,8581
BRCA2_4*MFAP5_1,BRCA2*MFAP5,154,852,308,165971,1972,1483,1450,1436,38984,203847,321530
BRCA2_4*MFAP5_3,BRCA2*MFAP5,399,902,403,10644,243,205,277,247,1,1496,233
BRCA2_4*MFAP5_5,BRCA2*MFAP5,307,1478,361,5062,396,103,502,525,16,16,319
BRCA2_4*MPEG1_1,BRCA2*MPEG1,360,855,366,782,11187,19435,578,415,0,34,381
BRCA2_4*MPEG1_4,BRCA2*MPEG1,65,199,69,30,76,21,99,79,0,0,35
BRCA2_4*MPEG1_5,BRCA2*MPEG1,386,1342,309,2847,472,302,31349,1452,885,4220,296
BRCA2_4*MUC16_1,BRCA2*MUC16,224,496,391,877,356146,34222,1080,827,93,17025,9829
BRCA2_4*MUC16_2,BRCA2*MUC16,653,1441,714,107062,506,245,1814,532,5,2200,1513
BRCA2_4*MUC16_5,BRCA2*MUC16,742,1589,817,23961,385,175,530,446,0,20,307
BRCA2_4*MYSM1_2,BRCA2*MYSM1,316,855,345,257,345,97,397,276,8,3423,14768
BRCA2_4*MYSM1_4,BRCA2*MYSM1,631,1917,1034,34005,2396,954,1397,8716,158107,17122,28101
BRCA2_4*MYSM1_5,BRCA2*MYSM1,316,1405,541,279,331,463,437,310,6,2305,12530
BRCA2_4*NT_17,BRCA2*NT,53,235,247,257,450,260,564,1219,142,51,357
BRCA2_4*NT_18,BRCA2*NT,321,976,433,76478,1054,263,525,345,0,58,303
BRCA2_4*NT_20,BRCA2*NT,197,973,229,370,4516,123,25021,237,0,22,187
BRCA2_4*NT_25,BRCA2*NT,450,774,426,72571,753,457,878,677,69,12882,32462
BRCA2_4*NT_26,BRCA2*NT,457,1704,455,229,338,117,2011,290,0,2,299
BRCA2_4*NT_33,BRCA2*NT,784,2520,788,972,854,547,122692,745,225,27495,53035
BRCA2_4*NT_39,BRCA2*NT,778,2156,550,1879,736,536,865,7535,84,28287,29342
BRCA2_4*NT_57,BRCA2*NT,229,805,258,675,134,46,198,151,0,10,92
BRCA2_4*NT_6,BRCA2*NT,273,522,296,108682,75743,77695,1036,3702,356,54821,34001
BRCA2_4*PDCD1LG2_1,BRCA2*PDCD1LG2,819,2591,963,154095,865,618,1058,1523,11505,15728,24464
BRCA2_4*PDCD1LG2_2,BRCA2*PDCD1LG2,253,1288,420,17250,456,623,19536,351,58,23471,18585
BRCA2_4*PDCD1LG2_3,BRCA2*PDCD1LG2,324,1127,323,5859,88396,24640,735,726,213,47992,40949
BRCA2_4*PLA2G2A_2,BRCA2*PLA2G2A,295,1182,300,101,162,62,359,353,1180,4683,10942
BRCA2_4*PLA2G2A_4,BRCA2*PLA2G2A,266,704,232,1741,2016,1295,8647,2123,189212,178548,353464
BRCA2_4*PLA2G2A_5,BRCA2*PLA2G2A,241,908,240,188532,561,288,9787,451,7,153,403
BRCA2_4*PLA2R1_2,BRCA2*PLA2R1,789,1768,464,121396,1388540,188540,3104,2354,2704,74018,86800
BRCA2_4*PLA2R1_3,BRCA2*PLA2R1,266,284,102,72,217,114,223,183,0,1,143
BRCA2_4*PLA2R1_4,BRCA2*PLA2R1,327,1354,427,18837,10214,7146,32970,5163,2108,339,668
BRCA2_4*TLR7_1,BRCA2*TLR7,450,1108,689,1050,429,241,459,1494,1137,3157,391
BRCA2_4*TLR7_2,BRCA2*TLR7,343,1123,187,465,662,395,650,250135,2,214,431
BRCA2_4*TLR7_5,BRCA2*TLR7,502,2041,559,660,257,96,392,400,353,2841,2505
BRCA2_4*TNFSF15_1,BRCA2*TNFSF15,409,787,383,10214,165,110,245,300,4,4208,2778
BRCA2_4*TNFSF15_2,BRCA2*TNFSF15,526,1723,688,2111,478,418,63760,466,0,67,329
BRCA2_4*TNFSF15_3,BRCA2*TNFSF15,627,1858,734,1918,1401,877,4654,981,2262,237611,154501
CALML3_1*BTLA_1,CALML3*BTLA,213,713,157,190,8999,4857,166,134,0,9,121
CALML3_1*BTLA_2,CALML3*BTLA,213,982,151,168,236,89,237,156,0,0,170
CALML3_1*BTLA_3,CALML3*BTLA,97,234,139,122,56,22,118,77,0,3,51
CALML3_1*CDH1_1,CALML3*CDH1,79,242,263,76,88,82,78,66,0,2,58
CALML3_1*CDH1_3,CALML3*CDH1,0,0,0,17,31,14,30,12,0,0,16
CALML3_1*CDH1_4,CALML3*CDH1,412,859,335,887,238,154,347,240,17,7560,17910
CALML3_1*CDH1_5,CALML3*CDH1,243,1202,251,246,184,480,189,204,0,9,181
CALML3_1*CX3CL1_3,CALML3*CX3CL1,33,101,69,48,23,1,52,38,0,0,34
CALML3_1*CX3CL1_4,CALML3*CX3CL1,314,725,160,139,210,96,19315,168,0,25,142
CALML3_1*CX3CL1_5,CALML3*CX3CL1,169,490,144,1860,200,15,237,288,0,6,187
CALML3_1*CXCR2_2,CALML3*CXCR2,245,488,225,546,652,437,721,4067,38565,7619,14526
CALML3_1*CXCR2_4,CALML3*CXCR2,120,220,179,67,46,13,70,35,0,1,38
CALML3_1*CXCR2_5,CALML3*CXCR2,83,448,168,86,102,24,153,112,0,2,106
CALML3_1*CXCR5_2,CALML3*CXCR5,42,115,64,46,57,6,99,99,0,2,76
CALML3_1*CXCR5_3,CALML3*CXCR5,390,1241,518,1848,394,274,353,269,47,15402,35047
CALML3_1*CXCR5_4,CALML3*CXCR5,58,261,50,56,53,15,75,55,0,1,68
CALML3_1*FCRL6_1,CALML3*FCRL6,202,510,354,22212,658,422,79216,437,321,49504,57350
CALML3_1*FCRL6_4,CALML3*FCRL6,301,654,250,59,123,72,154,142,0,1,112
CALML3_1*FCRL6_5,CALML3*FCRL6,149,701,190,97,99,60,156,102,0,0,63
CALML3_1*HGF_2,CALML3*HGF,130,644,248,193636,486,291,392,335,1,155,298
CALML3_1*HGF_4,CALML3*HGF,147,927,354,141,221,78,244,215,0,0,128
CALML3_1*HGF_5,CALML3*HGF,87,1020,119,271,279,240,63467,227,0,60,234
CALML3_1*IL6_1,CALML3*IL6,135,198,97,22505,189,222,186,147,0,17,85
CALML3_1*IL6_2,CALML3*IL6,236,679,107,1008,98,19,114,80,0,2,89
CALML3_1*IL6_5,CALML3*IL6,124,545,322,78,161,75,201,134,0,1,94
CALML3_1*MFAP5_1,CALML3*MFAP5,283,468,207,108845,307,245,1097,688,0,100,150
CALML3_1*MFAP5_3,CALML3*MFAP5,95,177,94,945,310,240,3158,1833,1160,2385,171
CALML3_1*MFAP5_5,CALML3*MFAP5,322,346,122,26118,268,129,229,206,47,21016,20051
CALML3_1*MPEG1_1,CALML3*MPEG1,209,457,164,169,157,495,183,157,1,12,9515
CALML3_1*MPEG1_4,CALML3*MPEG1,71,309,194,43,40,7,51,63,0,0,29
CALML3_1*MPEG1_5,CALML3*MPEG1,85,370,232,49,75,17,155,111,0,2,82
CALML3_1*MUC16_1,CALML3*MUC16,178,211,223,138,178,131,196,186,13,11389,8599
CALML3_1*MUC16_2,CALML3*MUC16,260,745,147,5159,83235,82613,439,847,143,175,368
CALML3_1*MUC16_5,CALML3*MUC16,413,627,446,245,672,2173,264,247,6,16710,1176
CALML3_1*MYSM1_2,CALML3*MYSM1,49,236,108,134,88,13,115,86,0,2,169
CALML3_1*MYSM1_4,CALML3*MYSM1,365,931,226,204,15551,43755,249,20325,0,74,182
CALML3_1*MYSM1_5,CALML3*MYSM1,281,755,180,86796,5561,9770,1492,9112,62125,6788,8210
CALML3_1*NT_17,CALML3*NT,108,369,84,67,119,115,152,139,0,0,77
CALML3_1*NT_18,CALML3*NT,106,210,122,169,236,207,235,235,38,24855,15628
CALML3_1*NT_20,CALML3*NT,113,132,172,51,66,37,109,61,0,1,19
CALML3_1*NT_25,CALML3*NT,221,582,214,80017,4965,173,292,245,0,47,199
CALML3_1*NT_26,CALML3*NT,40,377,150,164,124,65,7742,150,0,14,94
CALML3_1*NT_33,CALML3*NT,197,893,191,132,139,50,147,273,0,7,75
CALML3_1*NT_39,CALML3*NT,224,985,232,89963,349,2228,383,260,0,58,204
CALML3_1*NT_57,CALML3*NT,106,347,89,82,51,24,69,68,0,1,33
CALML3_1*NT_6,CALML3*NT,145,584,142,317,966,59,201,196,1,600,2410
CALML3_1*PDCD1LG2_1,CALML3*PDCD1LG2,393,1043,316,8500,628,206,471,56198,33,460,332
CALML3_1*PDCD1LG2_2,CALML3*PDCD1LG2,236,496,86,843,192,72,185,104,10,13968,5637
CALML3_1*PDCD1LG2_3,CALML3*PDCD1LG2,174,491,173,50,100,59,165,136,0,1,82
CALML3_1*PLA2G2A_2,CALML3*PLA2G2A,72,571,35,40,52,33,108,95,3,9,31
CALML3_1*PLA2G2A_4,CALML3*PLA2G2A,90,218,183,55,93,63,110,119,0,3,71
CALML3_1*PLA2G2A_5,CALML3*PLA2G2A,90,528,113,1712,140,114,168,127,0,2,78
CALML3_1*PLA2R1_2,CALML3*PLA2R1,233,886,334,154,1777,9069,320,282,0,11,238
CALML3_1*PLA2R1_3,CALML3*PLA2R1,51,55,39,56,76,40,65,46,0,0,13
CALML3_1*PLA2R1_4,CALML3*PLA2R1,132,782,131,64,2516,58,166,129,0,3,51
CALML3_1*TLR7_1,CALML3*TLR7,191,443,192,5876,6199,4406,2781575,3374,184,2459,4147
CALML3_1*TLR7_2,CALML3*TLR7,96,91,121,44,39,4,102,77,0,5,58
CALML3_1*TLR7_5,CALML3*TLR7,148,111,157,69,43,553,55,45,0,0,51
CALML3_1*TNFSF15_1,CALML3*TNFSF15,76,755,102,75,43,3,2428,56,0,4,42
CALML3_1*TNFSF15_2,CALML3*TNFSF15,262,681,363,4971,442,241,103128,252,1,92,260
CALML3_1*TNFSF15_3,CALML3*TNFSF15,324,640,416,807,186,951,235,411,0,5,161
CALML3_3*BTLA_1,CALML3*BTLA,80,355,157,118,146,102,174,150,21,22625,9745
CALML3_3*BTLA_2,CALML3*BTLA,121,333,67,468,633,450,629,4075,14661,1454,11381
CALML3_3*BTLA_3,CALML3*BTLA,58,84,57,31,49,4,924,50,0,2,58
CALML3_3*CDH1_1,CALML3*CDH1,38,250,88,81,67,26,98,77,0,0,24
CALML3_3*CDH1_3,CALML3*CDH1,0,0,0,5,10,7,21,12,0,0,7
CALML3_3*CDH1_4,CALML3*CDH1,239,1108,217,211,7968,840,12550,138,0,21,109
CALML3_3*CDH1_5,CALML3*CDH1,100,401,180,37923,166,57,215,163,0,18,65
CALML3_3*CX3CL1_3,CALML3*CX3CL1,57,107,76,34,32,2,51,38,0,0,15
CALML3_3*CX3CL1_4,CALML3*CX3CL1,55,205,65,60717,188,93,195,137,0,47,180
CALML3_3*CX3CL1_5,CALML3*CX3CL1,86,443,155,33843,209,165,199,146,0,23,337
CALML3_3*CXCR2_2,CALML3*CXCR2,91,374,200,248,300,1993,253,206,135,58640,29852
CALML3_3*CXCR2_4,CALML3*CXCR2,35,152,51,871,575522,47066,676,521,6,403,660
CALML3_3*CXCR2_5,CALML3*CXCR2,109,484,57,68,40,27,99,56,0,27,53
CALML3_3*CXCR5_2,CALML3*CXCR5,28,151,94,41,548,0,54,52,0,3,29
CALML3_3*CXCR5_3,CALML3*CXCR5,129,481,250,91,86,15,97,79,0,3,73
CALML3_3*CXCR5_4,CALML3*CXCR5,45,104,63,23000,76,38,2794,78,0,22,54
CALML3_3*FCRL6_1,CALML3*FCRL6,103,374,157,185,59686,20872,220,212,2,1172,504
CALML3_3*FCRL6_4,CALML3*FCRL6,86,247,229,10291,53,31,75,93,0,6,79
CALML3_3*FCRL6_5,CALML3*FCRL6,24,141,120,41,9532,271,82,55,0,7,47
CALML3_3*HGF_2,CALML3*HGF,97,689,222,241,286,458,281,203,111,43271,33150
CALML3_3*HGF_4,CALML3*HGF,47,138,93,57,112,97,145,113,0,0,49
CALML3_3*HGF_5,CALML3*HGF,147,483,90,65,96,16,119,114,0,2,70
CALML3_3*IL6_1,CALML3*IL6,52,247,41,29,53,40,85,82,0,0,32
CALML3_3*IL6_2,CALML3*IL6,117,522,164,198,68,106,92,79,0,2,49
CALML3_3*IL6_5,CALML3*IL6,139,386,63,109,123,64,145,100,0,0,66
CALML3_3*MFAP5_1,CALML3*MFAP5,67,232,62,24,39,0,78,47,0,0,59
CALML3_3*MFAP5_3,CALML3*MFAP5,107,377,68,121,20423,8416,1409,176,4,25,114
CALML3_3*MFAP5_5,CALML3*MFAP5,102,198,155,36,68,20,89,77,0,2,27
CALML3_3*MPEG1_1,CALML3*MPEG1,67,249,28,39,53,52,102,55,0,0,30
CALML3_3*MPEG1_4,CALML3*MPEG1,40,116,28,43,73,18,111,90,0,1,73
CALML3_3*MPEG1_5,CALML3*MPEG1,66,193,37,24577,117,44,132,71,0,20,64
CALML3_3*MUC16_1,CALML3*MUC16,51,239,55,75,70,88,117,64,0,0,48
CALML3_3*MUC16_2,CALML3*MUC16,206,245,36,101,70,42,128,102,0,2,88
CALML3_3*MUC16_5,CALML3*MUC16,141,468,146,283,437,1735,134833,13554,20,10868,3510
CALML3_3*MYSM1_2,CALML3*MYSM1,61,55,113,1020,1357,869,1330,10651,6710,575,846
CALML3_3*MYSM1_4,CALML3*MYSM1,241,938,346,36170,172,67,198,155,1,3938,107
CALML3_3*MYSM1_5,CALML3*MYSM1,57,77,86,136,189,125,23100,145,36,22268,10749
CALML3_3*NT_17,CALML3*NT,14,37,47,502,496,289,42815,139868,1,182,287
CALML3_3*NT_18,CALML3*NT,24,254,36,47,43,53,81,67,0,0,48
CALML3_3*NT_20,CALML3*NT,163,403,28,47,85,16,123,76,0,2411,95
CALML3_3*NT_25,CALML3*NT,101,502,88,265,268,180,265,234,57,34585,18176
CALML3_3*NT_26,CALML3*NT,107,683,166,233,253,135,240,601,6452,29450,11270
CALML3_3*NT_33,CALML3*NT,110,265,83,306,894,26,131,126,0,5,153
CALML3_3*NT_39,CALML3*NT,208,586,152,524,14263,3769,460,323,293,42729,85560
CALML3_3*NT_57,CALML3*NT,132,74,69,47,109,116,140,176,0,1,105
CALML3_3*NT_6,CALML3*NT,47,156,211,75,110,29,140,115,0,3,68
CALML3_3*PDCD1LG2_1,CALML3*PDCD1LG2,210,658,133,30294,166,84,228,156,0,30,96
CALML3_3*PDCD1LG2_2,CALML3*PDCD1LG2,110,204,37,70,66,30,113,62,0,0,25
CALML3_3*PDCD1LG2_3,CALML3*PDCD1LG2,95,326,64,81,70,59,7413,71,0,11,57
CALML3_3*PLA2G2A_2,CALML3*PLA2G2A,116,2,130,423,264252,20168,309,272,1,205,303
CALML3_3*PLA2G2A_4,CALML3*PLA2G2A,60,165,81,39,54,9,77,53,0,0,23
CALML3_3*PLA2G2A_5,CALML3*PLA2G2A,67,65,21,48,83,56,136,73,0,3,53
CALML3_3*PLA2R1_2,CALML3*PLA2R1,172,349,187,105,167,91,217,156,0,2,96
CALML3_3*PLA2R1_3,CALML3*PLA2R1,91,94,37,29,66,24,103,56,0,2,35
CALML3_3*PLA2R1_4,CALML3*PLA2R1,57,582,66,647,91,55,126,190,7,9,55
CALML3_3*TLR7_1,CALML3*TLR7,22,240,123,102,187,1,58,33,0,3,18
CALML3_3*TLR7_2,CALML3*TLR7,19,158,9,10,17,0,19,21,0,0,6
CALML3_3*TLR7_5,CALML3*TLR7,82,528,111,41,52,43,85,65,0,3,22
CALML3_3*TNFSF15_1,CALML3*TNFSF15,96,134,19,69,45095,1443,106,76,0,30,66
CALML3_3*TNFSF15_2,CALML3*TNFSF15,130,394,166,89129,283,267,4869,275,0,68,224
CALML3_3*TNFSF15_3,CALML3*TNFSF15,220,464,135,771,136,52,3514,174,6,16,97
CALML3_4*BTLA_1,CALML3*BTLA,189,516,227,1281,1343,819,1060,864,1403,92562,217135
CALML3_4*BTLA_2,CALML3*BTLA,339,843,174,173,283,151,373,243,0,1,217
CALML3_4*BTLA_3,CALML3*BTLA,306,900,315,50887,309,238,1576,345,0,44,263
CALML3_4*CDH1_1,CALML3*CDH1,152,279,177,119,191,140,249,208,0,4,190
CALML3_4*CDH1_3,CALML3*CDH1,0,0,0,2,21,19,44,13,0,0,14
CALML3_4*CDH1_4,CALML3*CDH1,575,1572,740,2141,322788,26163,30143,822,45,264,720
CALML3_4*CDH1_5,CALML3*CDH1,411,802,354,484,514,361,90747,435,1,74,397
CALML3_4*CX3CL1_3,CALML3*CX3CL1,182,969,233,131,169,59,228,502,70,319,118
CALML3_4*CX3CL1_4,CALML3*CX3CL1,228,981,261,3256,254,188,308,203,4,1161,8678
CALML3_4*CX3CL1_5,CALML3*CX3CL1,230,975,141,35957,401,273,427,373,0,23,301
CALML3_4*CXCR2_2,CALML3*CXCR2,294,548,319,1053,1164,667,8634,467148,5,357,780
CALML3_4*CXCR2_4,CALML3*CXCR2,147,397,191,140,195,111,226,698,70,30,243
CALML3_4*CXCR2_5,CALML3*CXCR2,312,353,335,5726,205,39,10249,247,0,21,88
CALML3_4*CXCR5_2,CALML3*CXCR5,250,797,221,206,279,5266,319,280,20,12731,15065
CALML3_4*CXCR5_3,CALML3*CXCR5,519,2343,457,28820,544,318,686,13726,196,138,394
CALML3_4*CXCR5_4,CALML3*CXCR5,114,342,138,715,163,969,114,107,0,5,95
CALML3_4*FCRL6_1,CALML3*FCRL6,280,587,357,335,350,261,477,18306,0,19,282
CALML3_4*FCRL6_4,CALML3*FCRL6,312,1114,283,944,128,94,238,163,0,4,183
CALML3_4*FCRL6_5,CALML3*FCRL6,214,1211,207,53,136,542,316,209,0,2,97
CALML3_4*HGF_2,CALML3*HGF,418,1077,445,12133,735,421,10119,413,0,23,521
CALML3_4*HGF_4,CALML3*HGF,250,1152,285,681,879,509,1148,3457,2145,194,2576
CALML3_4*HGF_5,CALML3*HGF,298,724,429,791,9459,10878,457,306,0,30,316
CALML3_4*IL6_1,CALML3*IL6,82,455,165,192,2760,5376,357,214,0,8,211
CALML3_4*IL6_2,CALML3*IL6,238,825,280,861,244097,21653,885,731,887,123004,71046
CALML3_4*IL6_5,CALML3*IL6,542,1792,463,1769,2795,2058,647,432,0,6,336
CALML3_4*MFAP5_1,CALML3*MFAP5,199,398,158,888,439,3493,4421,1145,22724,15855,46417
CALML3_4*MFAP5_3,CALML3*MFAP5,306,1557,292,59114,326,153,352,394,11,44,191
CALML3_4*MFAP5_5,CALML3*MFAP5,264,446,283,378,449,421,2956,1402,20896,14812,26211
CALML3_4*MPEG1_1,CALML3*MPEG1,203,703,268,341,255,109,385,395,0,6,222
CALML3_4*MPEG1_4,CALML3*MPEG1,99,225,46,319,353,195,362,219,154,47105,45792
CALML3_4*MPEG1_5,CALML3*MPEG1,323,1745,382,433,267,128,382,296,0,6,211
CALML3_4*MUC16_1,CALML3*MUC16,220,1140,348,932,509,356,631,448,3,4380,3271
CALML3_4*MUC16_2,CALML3*MUC16,362,822,144,40317,567,4850,588,1795,369,143,405
CALML3_4*MUC16_5,CALML3*MUC16,461,1331,294,2090,453,140,545,526,1304,8497,10430
CALML3_4*MYSM1_2,CALML3*MYSM1,245,457,246,192,11775,5153,242,252,0,13,192
CALML3_4*MYSM1_4,CALML3*MYSM1,420,1353,492,463,4489,2953,14071,226,0,22,364
CALML3_4*MYSM1_5,CALML3*MYSM1,218,731,306,312,299,1844,419,307,0,0,294
CALML3_4*NT_17,CALML3*NT,65,401,62,224,204,108,295,215,0,6,172
CALML3_4*NT_18,CALML3*NT,116,821,183,273,366,155,14571,333,0,20,221
CALML3_4*NT_20,CALML3*NT,136,517,215,176,229,828,273,352,13,13,210
CALML3_4*NT_25,CALML3*NT,336,1314,495,178474,1009,920,1068,2048,14750,10876,16133
CALML3_4*NT_26,CALML3*NT,243,1097,293,366,966,345,442,367,41,11722,33916
CALML3_4*NT_33,CALML3*NT,378,894,589,53385,10429,7596,60325,511,1,123,497
CALML3_4*NT_39,CALML3*NT,723,2344,678,111522,7353,4530,932,1046,122,104,659
CALML3_4*NT_57,CALML3*NT,273,934,110,153861,701,418,697,2079,545,213,430
CALML3_4*NT_6,CALML3*NT,321,1524,390,535,527,2024,643,1693,5529,4098,12058
CALML3_4*PDCD1LG2_1,CALML3*PDCD1LG2,917,2320,581,2536,513,240,4343,509,0,11,408
CALML3_4*PDCD1LG2_2,CALML3*PDCD1LG2,303,893,312,2013,266,1171,7415,261,13,11362,6842
CALML3_4*PDCD1LG2_3,CALML3*PDCD1LG2,256,1152,474,419,286,2035,3033,269,0,9,321
CALML3_4*PLA2G2A_2,CALML3*PLA2G2A,182,411,193,257001,476,296,412,318,3,186,1527
CALML3_4*PLA2G2A_4,CALML3*PLA2G2A,184,267,225,305,241,43,264,199,0,1,120
CALML3_4*PLA2G2A_5,CALML3*PLA2G2A,131,359,122,3769,344,235,511,469,11,14,209
CALML3_4*PLA2R1_2,CALML3*PLA2R1,399,2164,440,1181,459,564,720,606,19,12,398
CALML3_4*PLA2R1_3,CALML3*PLA2R1,98,333,105,1589,228,86,390,311,0,4,186
CALML3_4*PLA2R1_4,CALML3*PLA2R1,360,706,182,202,322,134,530,359,0,4,253
CALML3_4*TLR7_1,CALML3*TLR7,215,410,382,140,165,2738,257,210,0,6,183
CALML3_4*TLR7_2,CALML3*TLR7,96,158,131,143,115,66,211,267,14,8,98
CALML3_4*TLR7_5,CALML3*TLR7,219,613,335,8282,245,82,329,273,0,9,174
CALML3_4*TNFSF15_1,CALML3*TNFSF15,150,482,260,94,119,38,1414,183,0,2,94
CALML3_4*TNFSF15_2,CALML3*TNFSF15,542,1517,505,68473,911,1329,1063,2574,78836,35781,50151
CALML3_4*TNFSF15_3,CALML3*TNFSF15,338,472,283,2611,344,2659,526,342,0,13,299
CHEK2_1*BTLA_1,CHEK2*BTLA,300,441,190,197,275,2548,5592,368,46,24276,22665
CHEK2_1*BTLA_2,CHEK2*BTLA,229,679,349,13094,231,63,4026,211,0,15,180
CHEK2_1*BTLA_3,CHEK2*BTLA,134,597,80,112,150,31,186,157,0,5,57
CHEK2_1*CDH1_1,CHEK2*CDH1,246,737,428,20680,189,1306,244,213,0,625,152
CHEK2_1*CDH1_3,CHEK2*CDH1,0,0,0,8,19,9,34,9,0,0,3
CHEK2_1*CDH1_4,CHEK2*CDH1,563,1509,603,545,29090,20051,524,428,0,61,351
CHEK2_1*CDH1_5,CHEK2*CDH1,338,1114,301,4736,1623,1160,1808,11858,9103,654,1094
CHEK2_1*CX3CL1_3,CHEK2*CX3CL1,54,111,80,28,72,708,79,71,0,2,72
CHEK2_1*CX3CL1_4,CHEK2*CX3CL1,325,317,265,712,137,48,259,192,0,4,164
CHEK2_1*CX3CL1_5,CHEK2*CX3CL1,294,584,149,128257,517,311,376,303,1,103,306
CHEK2_1*CXCR2_2,CHEK2*CXCR2,188,738,150,153,169,89,276,269,0,2,118
CHEK2_1*CXCR2_4,CHEK2*CXCR2,27,97,131,110,75,43,66,66,0,1,63
CHEK2_1*CXCR2_5,CHEK2*CXCR2,241,523,121,50,147,1647,197,139,0,6,105
CHEK2_1*CXCR5_2,CHEK2*CXCR5,226,845,276,235234,1159,423,479,389,1,165,362
CHEK2_1*CXCR5_3,CHEK2*CXCR5,530,1427,436,24783,32457,7029,506,473,20,60,240
CHEK2_1*CXCR5_4,CHEK2*CXCR5,131,382,136,150,173,99,197,141,17,6858,22396
CHEK2_1*FCRL6_1,CHEK2*FCRL6,132,643,257,204,221,52,236,183,0,4,125
CHEK2_1*FCRL6_4,CHEK2*FCRL6,269,1089,307,565,189,170,253,18887,0,19,84
CHEK2_1*FCRL6_5,CHEK2*FCRL6,304,358,327,10242,34199,22064,5456,211,0,63,163
CHEK2_1*HGF_2,CHEK2*HGF,182,802,312,248,243,71,18292,223,1,1638,171
CHEK2_1*HGF_4,CHEK2*HGF,218,520,171,529,277,230,399,316,0,6,180
CHEK2_1*HGF_5,CHEK2*HGF,241,420,85,636,826,12884,616,518,806,92953,124093
CHEK2_1*IL6_1,CHEK2*IL6,20,670,143,2629,103,78,2504,136,0,4,67
CHEK2_1*IL6_2,CHEK2*IL6,131,444,444,195,11822,94,226,146,0,11,72
CHEK2_1*IL6_5,CHEK2*IL6,287,436,359,126,217,128,287,269,0,2,126
CHEK2_1*MFAP5_1,CHEK2*MFAP5,130,179,132,2378,147,101,128,98,0,3,42
CHEK2_1*MFAP5_3,CHEK2*MFAP5,131,703,166,150,231,110,322,675,53,26,147
CHEK2_1*MFAP5_5,CHEK2*MFAP5,221,693,144,7124,177,91,259,180,0,16,166
CHEK2_1*MPEG1_1,CHEK2*MPEG1,117,534,160,82,143,111,3008,203,0,4,103
CHEK2_1*MPEG1_4,CHEK2*MPEG1,76,312,21,67,81,44,109,81,0,736,73
CHEK2_1*MPEG1_5,CHEK2*MPEG1,157,258,97,162,25522,1819,166,211,0,11,94
CHEK2_1*MUC16_1,CHEK2*MUC16,146,497,195,46398,339,130,632,323,0,46,257
CHEK2_1*MUC16_2,CHEK2*MUC16,126,451,161,4732,219,1719,612,568,1,1787,119
CHEK2_1*MUC16_5,CHEK2*MUC16,311,1071,245,227,238,1783,330,247,0,4,132
CHEK2_1*MYSM1_2,CHEK2*MYSM1,220,642,402,210,9835,9162,305,274,10,1036,24642
CHEK2_1*MYSM1_4,CHEK2*MYSM1,393,816,343,149,242,18,405,152,0,2,61
CHEK2_1*MYSM1_5,CHEK2*MYSM1,147,457,229,16865,173,63,243,199,0,15,109
CHEK2_1*NT_17,CHEK2*NT,106,315,37,379,182,156,312,229,0,2,143
CHEK2_1*NT_18,CHEK2*NT,151,323,80,205,232,45,294,241,0,3,146
CHEK2_1*NT_20,CHEK2*NT,209,747,103,110,105,64,158,100,0,1,78
CHEK2_1*NT_25,CHEK2*NT,249,760,222,326,546,609,482,346,0,5,275
CHEK2_1*NT_26,CHEK2*NT,161,800,204,831,686,369,560,502,366,75190,66563
CHEK2_1*NT_33,CHEK2*NT,259,607,206,136,187,118,268,327,0,2,185
CHEK2_1*NT_39,CHEK2*NT,312,838,328,1153,1687,984,1277,1333,61825,198729,209886
CHEK2_1*NT_57,CHEK2*NT,102,564,86,2579,154,55,153,146,2,684,6084
CHEK2_1*NT_6,CHEK2*NT,190,391,170,214,491,202,423,313,0,4,195
CHEK2_1*PDCD1LG2_1,CHEK2*PDCD1LG2,483,1710,670,9864,26850,1766,62889,459,1,83,1679
CHEK2_1*PDCD1LG2_2,CHEK2*PDCD1LG2,197,649,136,23017,211,96,6067,209,0,15,106
CHEK2_1*PDCD1LG2_3,CHEK2*PDCD1LG2,192,1098,312,161,15230,30839,299,281,0,56,212
CHEK2_1*PLA2G2A_2,CHEK2*PLA2G2A,154,303,183,64,3657,89,124,62,0,5,105
CHEK2_1*PLA2G2A_4,CHEK2*PLA2G2A,57,498,126,212,188,4940,12841,228,1,2077,132
CHEK2_1*PLA2G2A_5,CHEK2*PLA2G2A,61,686,93,1995,122402,69959,635,478,81,6387,33684
CHEK2_1*PLA2R1_2,CHEK2*PLA2R1,338,1069,500,269,345,189,1229,340,0,8,275
CHEK2_1*PLA2R1_3,CHEK2*PLA2R1,22,358,33,74,149,63,106,71,0,2,56
CHEK2_1*PLA2R1_4,CHEK2*PLA2R1,198,675,389,531,168,89,271,207,0,2,148
CHEK2_1*TLR7_1,CHEK2*TLR7,389,801,382,297,233,317,3518,782,54,24,196
CHEK2_1*TLR7_2,CHEK2*TLR7,91,349,171,58,4327,259,1235,87,0,7,119
CHEK2_1*TLR7_5,CHEK2*TLR7,254,878,226,89077,1821,1174,643833,982,13,646,1150
CHEK2_1*TNFSF15_1,CHEK2*TNFSF15,77,218,67,22,78,25,76,47,0,0,103
CHEK2_1*TNFSF15_2,CHEK2*TNFSF15,328,885,266,531,203,280,373,208,0,5,136
CHEK2_1*TNFSF15_3,CHEK2*TNFSF15,410,558,359,285,7739,527,409,239,0,8,192
CHEK2_2*BTLA_1,CHEK2*BTLA,283,381,282,603,634,437,513,461,288,29564,116521
CHEK2_2*BTLA_2,CHEK2*BTLA,269,735,369,659,343,185,16907,324,0,16,183
CHEK2_2*BTLA_3,CHEK2*BTLA,85,348,39,41155,137,464,143,160,0,30,111
CHEK2_2*CDH1_1,CHEK2*CDH1,157,454,268,91,149,1429,199,156,0,2,100
CHEK2_2*CDH1_3,CHEK2*CDH1,0,0,0,18,26,24,39,25,0,0,28
CHEK2_2*CDH1_4,CHEK2*CDH1,291,1254,588,22820,38062,21520,916,3829,3262,1737,537
CHEK2_2*CDH1_5,CHEK2*CDH1,184,477,197,22664,171,47,211,192,0,22,199
CHEK2_2*CX3CL1_3,CHEK2*CX3CL1,35,0,105,38,163,1,51,28,0,0,27
CHEK2_2*CX3CL1_4,CHEK2*CX3CL1,199,786,522,360,223,108,164,217,7,17240,1577
CHEK2_2*CX3CL1_5,CHEK2*CX3CL1,478,1022,317,2402,206,58,271,217,0,4,124
CHEK2_2*CXCR2_2,CHEK2*CXCR2,275,537,489,21645,283,7317,294,211,0,29,204
CHEK2_2*CXCR2_4,CHEK2*CXCR2,70,345,63,20,78,30,68,72,0,1,68
CHEK2_2*CXCR2_5,CHEK2*CXCR2,125,241,298,338740,592,465,511,388,2,224,468
CHEK2_2*CXCR5_2,CHEK2*CXCR5,179,230,86,63,179,40,183,178,0,3,186
CHEK2_2*CXCR5_3,CHEK2*CXCR5,266,1288,639,13437,260491,102338,69112,711,8,1110,708
CHEK2_2*CXCR5_4,CHEK2*CXCR5,160,300,104,36,81,49,93,76,0,1,78
CHEK2_2*FCRL6_1,CHEK2*FCRL6,178,1046,347,283086,688,423,545,472,2,193,535
CHEK2_2*FCRL6_4,CHEK2*FCRL6,161,906,118,708,14761,21591,137,141,0,36,68
CHEK2_2*FCRL6_5,CHEK2*FCRL6,248,694,262,330,124,31,130,156,0,2,107
CHEK2_2*HGF_2,CHEK2*HGF,303,492,307,543,659,423,11786,484,437,108828,56887
CHEK2_2*HGF_4,CHEK2*HGF,112,399,198,138,2321,143,208,190,0,3,144
CHEK2_2*HGF_5,CHEK2*HGF,235,734,311,411,59694,65346,381,284,1,112,296
CHEK2_2*IL6_1,CHEK2*IL6,205,245,290,1478,79261,46440,13158,299,1,114,265
CHEK2_2*IL6_2,CHEK2*IL6,291,1396,362,401,168,18,166,175,0,0,155
CHEK2_2*IL6_5,CHEK2*IL6,466,663,248,24142,247,164,200,247,0,18,109
CHEK2_2*MFAP5_1,CHEK2*MFAP5,188,223,264,119,114,76,157,125,0,2,78
CHEK2_2*MFAP5_3,CHEK2*MFAP5,237,509,394,190,116,122,155,105,0,2,60
CHEK2_2*MFAP5_5,CHEK2*MFAP5,125,354,112,96,147,157,168,297,17,11,105
CHEK2_2*MPEG1_1,CHEK2*MPEG1,27,47,187,175,133,87,226,166,0,3,180
CHEK2_2*MPEG1_4,CHEK2*MPEG1,18,172,1,12820,32,17,60,47,0,7,29
CHEK2_2*MPEG1_5,CHEK2*MPEG1,175,744,341,136,114,15,196,130,0,2,133
CHEK2_2*MUC16_1,CHEK2*MUC16,137,83,202,1584,6463,389,185,177,0,7,139
CHEK2_2*MUC16_2,CHEK2*MUC16,303,621,259,1377,210,123,214,406,28,14,175
CHEK2_2*MUC16_5,CHEK2*MUC16,349,648,411,45466,445,345,575,2255,1038,701,415
CHEK2_2*MYSM1_2,CHEK2*MYSM1,105,209,182,172,107,84,124,112,0,1,37
CHEK2_2*MYSM1_4,CHEK2*MYSM1,280,592,273,61,111,82,109,98,0,4,74
CHEK2_2*MYSM1_5,CHEK2*MYSM1,173,432,199,77,149,102,172,174,0,3,141
CHEK2_2*NT_17,CHEK2*NT,38,87,9,68,88,34,139,84,0,0,173
CHEK2_2*NT_18,CHEK2*NT,109,138,131,122,184,64,250,234,0,1,162
CHEK2_2*NT_20,CHEK2*NT,39,138,111,42,76,2,83,48,0,0,25
CHEK2_2*NT_25,CHEK2*NT,138,740,193,2467,62038,238812,1186,2864,1319,500,944
CHEK2_2*NT_26,CHEK2*NT,184,345,134,107,167,17,141,189,0,5,90
CHEK2_2*NT_33,CHEK2*NT,215,357,182,170,211,89,264,199,0,1,150
CHEK2_2*NT_39,CHEK2*NT,427,872,449,504,166686,18320,574,468,1,122,390
CHEK2_2*NT_57,CHEK2*NT,80,443,150,168,142,39,187,369,20,9,96
CHEK2_2*NT_6,CHEK2*NT,231,55,296,319904,699,332,523,493,2,235,451
CHEK2_2*PDCD1LG2_1,CHEK2*PDCD1LG2,237,1130,434,816,338,355,385,315,0,5,1283
CHEK2_2*PDCD1LG2_2,CHEK2*PDCD1LG2,212,864,297,190,160,499,898,150,0,8,93
CHEK2_2*PDCD1LG2_3,CHEK2*PDCD1LG2,337,595,241,362,71893,63185,331,328,1,125,224
CHEK2_2*PLA2G2A_2,CHEK2*PLA2G2A,120,466,386,75,143,45,205,122,0,2,186
CHEK2_2*PLA2G2A_4,CHEK2*PLA2G2A,214,237,213,206,5015,5701,151,141,0,13,127
CHEK2_2*PLA2G2A_5,CHEK2*PLA2G2A,140,496,109,79,158,34,115,111,0,4,63
CHEK2_2*PLA2R1_2,CHEK2*PLA2R1,300,894,444,245,269,84,332,297,0,2,194
CHEK2_2*PLA2R1_3,CHEK2*PLA2R1,75,247,39,184,120,8,176,130,0,1,67
CHEK2_2*PLA2R1_4,CHEK2*PLA2R1,280,972,109,7092,326,245,313,287,83,29089,33228
CHEK2_2*TLR7_1,CHEK2*TLR7,287,904,145,111,124,37,218,140,0,6,63
CHEK2_2*TLR7_2,CHEK2*TLR7,60,75,127,10,50,14,67,45,0,0,49
CHEK2_2*TLR7_5,CHEK2*TLR7,256,768,179,24981,164,62,143,109,0,20,98
CHEK2_2*TNFSF15_1,CHEK2*TNFSF15,67,238,70,61,63,6,90,75,0,1,95
CHEK2_2*TNFSF15_2,CHEK2*TNFSF15,160,265,180,191,226,94,246,189,0,2,141
CHEK2_2*TNFSF15_3,CHEK2*TNFSF15,234,969,288,113925,1645,1009,1328,3248,400368,182783,186629
CHEK2_3*BTLA_1,CHEK2*BTLA,24,152,31,1474,67,20,60,39,0,0,17
CHEK2_3*BTLA_2,CHEK2*BTLA,46,97,44,38,60,31,90,63,0,0,32
CHEK2_3*BTLA_3,CHEK2*BTLA,59,96,95,93558,179,123,145,123,3,69,113
CHEK2_3*CDH1_1,CHEK2*CDH1,14,95,32,531,40,47,43,36,0,1,37
CHEK2_3*CDH1_3,CHEK2*CDH1,0,0,0,2,5,0,15,5,0,0,3
CHEK2_3*CDH1_4,CHEK2*CDH1,70,299,177,908,72,39,91,122,0,2,57
CHEK2_3*CDH1_5,CHEK2*CDH1,80,242,92,137,73,27,93,62,0,1,66
CHEK2_3*CX3CL1_3,CHEK2*CX3CL1,14,22,3,21,26,9,35,43,0,0,1
CHEK2_3*CX3CL1_4,CHEK2*CX3CL1,112,611,17,86,170,54,111,423,102,20,1628
CHEK2_3*CX3CL1_5,CHEK2*CX3CL1,57,162,54,404,395,1516,369,293,90,17288,61917
CHEK2_3*CXCR2_2,CHEK2*CXCR2,72,366,123,260,142,66,178,447,34,30,100
CHEK2_3*CXCR2_4,CHEK2*CXCR2,19,289,6,4,26,4,25,30,0,0,10
CHEK2_3*CXCR2_5,CHEK2*CXCR2,5,18,37,0,0,0,0,0,0,0,0
CHEK2_3*CXCR5_2,CHEK2*CXCR5,106,52,10,63,50,2,89,50,0,0,46
CHEK2_3*CXCR5_3,CHEK2*CXCR5,86,266,217,62,66,57,128,84,0,1,69
CHEK2_3*CXCR5_4,CHEK2*CXCR5,29,49,41,7,25,12,34,24,0,0,39
CHEK2_3*FCRL6_1,CHEK2*FCRL6,47,324,42,895,60,10,97,61,0,1,30
CHEK2_3*FCRL6_4,CHEK2*FCRL6,165,110,96,1335,81,66,11574,92,0,19,48
CHEK2_3*FCRL6_5,CHEK2*FCRL6,32,79,28,8,16,15,19,12,0,0,41
CHEK2_3*HGF_2,CHEK2*HGF,17,138,98,39,44,307,70,69,0,0,59
CHEK2_3*HGF_4,CHEK2*HGF,51,568,139,40825,204,1495,236,170,0,43,150
CHEK2_3*HGF_5,CHEK2*HGF,76,375,108,404,169453,32407,357,243,1,145,254
CHEK2_3*IL6_1,CHEK2*IL6,8,166,12,9,46,21,38,47,0,0,29
CHEK2_3*IL6_2,CHEK2*IL6,82,290,187,415463,1083,453,492,424,3,269,494
CHEK2_3*IL6_5,CHEK2*IL6,111,345,108,106,76,29,92,83,0,0,40
CHEK2_3*MFAP5_1,CHEK2*MFAP5,8,87,14,15,23,6,21,24,0,0,0
CHEK2_3*MFAP5_3,CHEK2*MFAP5,66,209,23,8896,69,61,51,66,0,7,17
CHEK2_3*MFAP5_5,CHEK2*MFAP5,88,342,90,1245,71,31,84,76,0,1,32
CHEK2_3*MPEG1_1,CHEK2*MPEG1,57,182,157,88,25390,6402,120,88,0,33,69
CHEK2_3*MPEG1_4,CHEK2*MPEG1,20,126,61,5,8,14,26,13,0,0,32
CHEK2_3*MPEG1_5,CHEK2*MPEG1,36,12,7,322,5976,7777,129,46,0,9,33
CHEK2_3*MUC16_1,CHEK2*MUC16,52,60,48,169,125,40,136,146,0,0,94
CHEK2_3*MUC16_2,CHEK2*MUC16,75,279,107,49,82,33,92,103,0,0,41
CHEK2_3*MUC16_5,CHEK2*MUC16,95,581,64,48,58,26,99,74,0,2,24
CHEK2_3*MYSM1_2,CHEK2*MYSM1,54,145,58,2,38,0,56,50,0,0,21
CHEK2_3*MYSM1_4,CHEK2*MYSM1,111,182,37,24,47,31,32,60,0,1,57
CHEK2_3*MYSM1_5,CHEK2*MYSM1,41,216,130,67,51,20,59,63,0,1,55
CHEK2_3*NT_17,CHEK2*NT,15,80,2,110,58,2837,1266,1358,1,8,65
CHEK2_3*NT_18,CHEK2*NT,33,69,6,125,29,2,59,57,0,1,47
CHEK2_3*NT_20,CHEK2*NT,76,257,136,46,26,40,59,25,0,0,1
CHEK2_3*NT_25,CHEK2*NT,68,240,34,14,82,2,51,67,0,1,52
CHEK2_3*NT_26,CHEK2*NT,98,171,57,97,68,22,99,73,0,3,32
CHEK2_3*NT_33,CHEK2*NT,26,322,135,50,105,87,139,100,0,2,58
CHEK2_3*NT_39,CHEK2*NT,51,177,29,84,67,27,6902,73,0,4,46
CHEK2_3*NT_57,CHEK2*NT,20,425,43,85,60,26,71,72,0,0,61
CHEK2_3*NT_6,CHEK2*NT,70,254,140,38,95,13,127,97,0,1,38
CHEK2_3*PDCD1LG2_1,CHEK2*PDCD1LG2,15,505,118,58,102,92,154,92,0,2,77
CHEK2_3*PDCD1LG2_2,CHEK2*PDCD1LG2,37,11,68,30,53,57,77,38,0,3,49
CHEK2_3*PDCD1LG2_3,CHEK2*PDCD1LG2,59,64,11,39,54,19,80,44,0,0,29
CHEK2_3*PLA2G2A_2,CHEK2*PLA2G2A,9,23,35,3,26,9,46,42,0,0,59
CHEK2_3*PLA2G2A_4,CHEK2*PLA2G2A,65,138,81,111549,236,116,162,158,0,81,155
CHEK2_3*PLA2G2A_5,CHEK2*PLA2G2A,47,259,82,163,43,29,80,63,0,0,47
CHEK2_3*PLA2R1_2,CHEK2*PLA2R1,185,228,207,101,126,101,186,134,0,0,82
CHEK2_3*PLA2R1_3,CHEK2*PLA2R1,24,158,54,14,46,17,67,56,0,0,45
CHEK2_3*PLA2R1_4,CHEK2*PLA2R1,79,64,91,24,68,55,102,78,0,0,40
CHEK2_3*TLR7_1,CHEK2*TLR7,69,304,204,83,42,429,59,71,0,0,51
CHEK2_3*TLR7_2,CHEK2*TLR7,51,53,4,7,11,7,26,18,0,1,4
CHEK2_3*TLR7_5,CHEK2*TLR7,40,251,88,648,1118,25,52,55,0,2,51
CHEK2_3*TNFSF15_1,CHEK2*TNFSF15,21,184,233,132,37,32,41,52,0,0,45
CHEK2_3*TNFSF15_2,CHEK2*TNFSF15,68,190,53,119,129,118,15930,80,0,12,59
CHEK2_3*TNFSF15_3,CHEK2*TNFSF15,73,207,178,66,56,46,60,46,0,0,34
CHIT1_2*BTLA_1,CHIT1*BTLA,445,1237,463,106,226,182,353,221,0,2,138
CHIT1_2*BTLA_2,CHIT1*BTLA,729,2054,591,132,25733,4679,380,341,0,39,299
CHIT1_2*BTLA_3,CHIT1*BTLA,669,804,510,278,275,272,1891,362,0,9,225
CHIT1_2*CDH1_1,CHIT1*CDH1,764,1688,585,1602,671938,123201,1289,76465,31,3699,1157
CHIT1_2*CDH1_3,CHIT1*CDH1,0,0,0,42,31,48,85,51,0,3,43
CHIT1_2*CDH1_4,CHIT1*CDH1,1150,3285,1100,222484,1072,858,915,1195,7939,51510,74373
CHIT1_2*CDH1_5,CHIT1*CDH1,480,2151,705,603,4661,532,5446,547,9,21,304
CHIT1_2*CX3CL1_3,CHIT1*CX3CL1,244,1213,441,4140,631,402,604,4318,1099,229,341
CHIT1_2*CX3CL1_4,CHIT1*CX3CL1,506,1623,658,812,1052,1070,861,752,1046,139511,120392
CHIT1_2*CX3CL1_5,CHIT1*CX3CL1,450,1502,605,742,466,218,9529,412,0,22,271
CHIT1_2*CXCR2_2,CHIT1*CXCR2,680,2685,908,1629,54930,36658,16379,698,95,41035,11351
CHIT1_2*CXCR2_4,CHIT1*CXCR2,198,557,249,137,206,162,41789,159,3,485,6952
CHIT1_2*CXCR2_5,CHIT1*CXCR2,372,1071,395,1454,668084,138190,13626,947,12,632,1045
CHIT1_2*CXCR5_2,CHIT1*CXCR5,166,350,334,131,175,196,238,188,0,7,161
CHIT1_2*CXCR5_3,CHIT1*CXCR5,866,2918,1517,121915,1149,732,6135,879,848,130016,79645
CHIT1_2*CXCR5_4,CHIT1*CXCR5,214,822,199,387,41703,29129,311,280,0,68,323
CHIT1_2*FCRL6_1,CHIT1*FCRL6,670,1378,578,413,593,360,4762,342,0,12,239
CHIT1_2*FCRL6_4,CHIT1*FCRL6,558,1290,810,2427,422,381,423,369,107,36622,50744
CHIT1_2*FCRL6_5,CHIT1*FCRL6,482,758,533,589,202,1402,220,191,1,4797,106
CHIT1_2*HGF_2,CHIT1*HGF,916,1525,784,8476,1453519,44943,2042,1571,363,25394,8984
CHIT1_2*HGF_4,CHIT1*HGF,532,1159,612,1638,1029,307,12557,565,4,2703,4282
CHIT1_2*HGF_5,CHIT1*HGF,449,1964,732,3127,308,164,329,290,0,8,117
CHIT1_2*IL6_1,CHIT1*IL6,229,647,278,1081,279,107,348,55536,0,46,239
CHIT1_2*IL6_2,CHIT1*IL6,522,1244,676,856,298,140,19336,264,0,23,203
CHIT1_2*IL6_5,CHIT1*IL6,584,1828,842,1487,247734,68737,280172,1146,288,15538,25240
CHIT1_2*MFAP5_1,CHIT1*MFAP5,384,1178,669,25256,536,108,713,2967,0,29,166
CHIT1_2*MFAP5_3,CHIT1*MFAP5,522,1180,983,572,167278,35811,656,51451,65,13490,10135
CHIT1_2*MFAP5_5,CHIT1*MFAP5,562,2078,483,1313,297,256,417,316,1,4529,187
CHIT1_2*MPEG1_1,CHIT1*MPEG1,498,1785,518,114030,343283,45794,63250,784,7,427,870
CHIT1_2*MPEG1_4,CHIT1*MPEG1,271,329,326,143,112,102,205,130,0,7,3283
CHIT1_2*MPEG1_5,CHIT1*MPEG1,620,1843,776,1014,10789,7267,1038,1525,102481,236760,113476
CHIT1_2*MUC16_1,CHIT1*MUC16,600,1482,862,9173,562,398,20637,950,3406,7936,8889
CHIT1_2*MUC16_2,CHIT1*MUC16,477,1035,490,18698,1202,835,971,773,1387,117396,172008
CHIT1_2*MUC16_5,CHIT1*MUC16,696,3664,1024,3596,622,285,30651,423,5,4911,1546
CHIT1_2*MYSM1_2,CHIT1*MYSM1,389,1311,203,229,321,189,13557,289,23,8156,18041
CHIT1_2*MYSM1_4,CHIT1*MYSM1,490,1317,665,193471,351953,71119,871,857,6,424,735
CHIT1_2*MYSM1_5,CHIT1*MYSM1,521,1589,1099,191,387,204,465,449,0,758,308
CHIT1_2*NT_17,CHIT1*NT,382,684,219,178,211,100,222,174,0,4,155
CHIT1_2*NT_18,CHIT1*NT,179,950,237,151,277,3009,335,265,0,10,207
CHIT1_2*NT_20,CHIT1*NT,430,834,352,650,12527,1682,34809,213808,63,235,601
CHIT1_2*NT_25,CHIT1*NT,472,1530,381,243,389,157,538,459,0,11,303
CHIT1_2*NT_26,CHIT1*NT,464,1171,507,2672,3340,2089,2472,2209,14226,649408,338651
CHIT1_2*NT_33,CHIT1*NT,994,2537,1227,113709,599,673,633,565,1,77,410
CHIT1_2*NT_39,CHIT1*NT,1290,3140,1041,74278,2043,2058,123694,5748,319384,104867,59370
CHIT1_2*NT_57,CHIT1*NT,380,1145,601,2641,430,183,55695,310,45,10698,16825
CHIT1_2*NT_6,CHIT1*NT,709,1769,1161,39785,5109,3358,3728,3282,39018,1045013,682524
CHIT1_2*PDCD1LG2_1,CHIT1*PDCD1LG2,1150,2733,1442,4101,816,1541,10277,54200,17,63,420
CHIT1_2*PDCD1LG2_2,CHIT1*PDCD1LG2,504,1201,542,193,225,175,290,259,0,1,215
CHIT1_2*PDCD1LG2_3,CHIT1*PDCD1LG2,509,1693,775,662,12732,91,413,399,0,8,233
CHIT1_2*PLA2G2A_2,CHIT1*PLA2G2A,360,785,410,144,193,202,7288,192,0,9,123
CHIT1_2*PLA2G2A_4,CHIT1*PLA2G2A,310,1598,560,417,268,11596,3285,345,0,18,286
CHIT1_2*PLA2G2A_5,CHIT1*PLA2G2A,389,973,264,4386,1353,1054,1561,9429,5624,519,914
CHIT1_2*PLA2R1_2,CHIT1*PLA2R1,1030,2498,1303,695,936,909,1030,51586,5757,14941,701
CHIT1_2*PLA2R1_3,CHIT1*PLA2R1,245,510,290,167,212,82,286,181,0,4,144
CHIT1_2*PLA2R1_4,CHIT1*PLA2R1,593,1976,752,220335,110285,145838,25620,87670,49,3057,5429
CHIT1_2*TLR7_1,CHIT1*TLR7,400,1425,621,28893,429,848,9624,1351,166,84,322
CHIT1_2*TLR7_2,CHIT1*TLR7,119,760,428,2269,202,4209,182,203,148,20337,15237
CHIT1_2*TLR7_5,CHIT1*TLR7,478,1252,490,13542,70365,36962,380,256,1,116,263
CHIT1_2*TNFSF15_1,CHIT1*TNFSF15,381,1250,644,70136,416,324,539,1668,279,152,236
CHIT1_2*TNFSF15_2,CHIT1*TNFSF15,836,2534,1246,6686,476,4999,611,408,0,22,246
CHIT1_2*TNFSF15_3,CHIT1*TNFSF15,558,1350,719,12285,384,3046,509,435,0,30,243
CHIT1_3*BTLA_1,CHIT1*BTLA,133,417,186,85,114,30,137,114,0,0,104
CHIT1_3*BTLA_2,CHIT1*BTLA,197,1003,270,725,121,100,129,119,0,1,183
CHIT1_3*BTLA_3,CHIT1*BTLA,253,300,329,181,273,211,32018,920,116,69,199
CHIT1_3*CDH1_1,CHIT1*CDH1,71,354,168,57,61,81,94,89,0,2,70
CHIT1_3*CDH1_3,CHIT1*CDH1,0,0,0,7,14,4,24,18,0,0,13
CHIT1_3*CDH1_4,CHIT1*CDH1,310,508,179,23539,230,206,297,184,0,18,161
CHIT1_3*CDH1_5,CHIT1*CDH1,283,375,461,111,119,131,146,161,34,8086,3691
CHIT1_3*CX3CL1_3,CHIT1*CX3CL1,90,169,99,171,199,146,165,144,68,30100,32134
CHIT1_3*CX3CL1_4,CHIT1*CX3CL1,61,434,150,38251,151,44,150,130,0,33,162
CHIT1_3*CX3CL1_5,CHIT1*CX3CL1,215,334,408,338,391,260,110468,327,1,117,272
CHIT1_3*CXCR2_2,CHIT1*CXCR2,240,649,231,2551,520980,25802,777,617,5,347,752
CHIT1_3*CXCR2_4,CHIT1*CXCR2,114,215,204,24,46,40,53,49,0,1,29
CHIT1_3*CXCR2_5,CHIT1*CXCR2,375,1389,467,619,9028,15659,10203,164,0,42,154
CHIT1_3*CXCR5_2,CHIT1*CXCR5,127,183,61,83,45,3,73,94,0,1,38
CHIT1_3*CXCR5_3,CHIT1*CXCR5,185,440,284,61,124,110,18926,137,0,15,169
CHIT1_3*CXCR5_4,CHIT1*CXCR5,45,105,128,41,13,23,25,24,0,0,16
CHIT1_3*FCRL6_1,CHIT1*FCRL6,290,625,87,995,136,93,153,227,0,0,93
CHIT1_3*FCRL6_4,CHIT1*FCRL6,151,592,252,101,102,359,122,108,0,1,61
CHIT1_3*FCRL6_5,CHIT1*FCRL6,167,149,221,476,48,965,72,61,0,1,17
CHIT1_3*HGF_2,CHIT1*HGF,234,863,191,198,30433,45924,237,206,0,76,232
CHIT1_3*HGF_4,CHIT1*HGF,100,140,115,20830,10839,3155,7346,162,0,46,141
CHIT1_3*HGF_5,CHIT1*HGF,124,544,284,3094,143,66,153,167,10,29829,1338
CHIT1_3*IL6_1,CHIT1*IL6,33,124,95,4803,42,45,111,42,0,2,36
CHIT1_3*IL6_2,CHIT1*IL6,319,642,235,1148,33519,30039,1413,9445,5463,526,850
CHIT1_3*IL6_5,CHIT1*IL6,134,773,186,3007,90,95,102,109,0,5,56
CHIT1_3*MFAP5_1,CHIT1*MFAP5,144,77,271,21,42,17,46,44,0,3,28
CHIT1_3*MFAP5_3,CHIT1*MFAP5,37,174,104,26,70,5,80,97,0,0,18
CHIT1_3*MFAP5_5,CHIT1*MFAP5,124,181,190,335,120576,25807,311,236,1,106,226
CHIT1_3*MPEG1_1,CHIT1*MPEG1,196,443,282,148646,340,230,263,219,0,103,184
CHIT1_3*MPEG1_4,CHIT1*MPEG1,63,397,211,155,243,153,265,1737,195,65,150
CHIT1_3*MPEG1_5,CHIT1*MPEG1,27,114,82,524,695,484,516,1508,101835,99444,98358
CHIT1_3*MUC16_1,CHIT1*MUC16,202,525,330,95,165,80,173,148,0,4,65
CHIT1_3*MUC16_2,CHIT1*MUC16,79,789,165,79,128,201,165,152,0,2,63
CHIT1_3*MUC16_5,CHIT1*MUC16,377,1572,572,116467,886,3554,2493,1152,149,133,364
CHIT1_3*MYSM1_2,CHIT1*MYSM1,114,253,194,21914,194,161,137,160,6,5185,4661
CHIT1_3*MYSM1_4,CHIT1*MYSM1,144,349,403,47,67,81,125,88,0,0,45
CHIT1_3*MYSM1_5,CHIT1*MYSM1,158,212,177,55,65,16,59,221,0,1,25
CHIT1_3*NT_17,CHIT1*NT,71,82,69,154,59,28,95,72,0,1,85
CHIT1_3*NT_18,CHIT1*NT,139,305,119,57,101,104,130,145,2,3,84
CHIT1_3*NT_20,CHIT1*NT,93,596,87,100,65,15,89,70,0,1,29
CHIT1_3*NT_25,CHIT1*NT,249,31,174,800,225,406,175,130,0,4,31
CHIT1_3*NT_26,CHIT1*NT,206,615,347,186,97,123,118,231,0,6,126
CHIT1_3*NT_33,CHIT1*NT,178,521,272,41,55,41,121,103,1,4989,62
CHIT1_3*NT_39,CHIT1*NT,198,727,307,435,171,601,193,244,0,8,109
CHIT1_3*NT_57,CHIT1*NT,201,868,262,143,66,64,95,75,0,2,66
CHIT1_3*NT_6,CHIT1*NT,193,130,150,206,178,77,202,154,0,4,96
CHIT1_3*PDCD1LG2_1,CHIT1*PDCD1LG2,351,813,507,702,141,67,155,391,120,4099,93
CHIT1_3*PDCD1LG2_2,CHIT1*PDCD1LG2,38,43,84,1064,122,84,94,133,0,1,47
CHIT1_3*PDCD1LG2_3,CHIT1*PDCD1LG2,167,559,443,104,90,33,119,122,0,0,46
CHIT1_3*PLA2G2A_2,CHIT1*PLA2G2A,118,99,188,47,36,2,68,44,0,0,7
CHIT1_3*PLA2G2A_4,CHIT1*PLA2G2A,134,518,213,94209,379,267,396,351,0,69,200
CHIT1_3*PLA2G2A_5,CHIT1*PLA2G2A,110,278,203,509,216,111,46572,153,0,59,201
CHIT1_3*PLA2R1_2,CHIT1*PLA2R1,210,436,272,4167,396,21114,494,1725,306,118,298
CHIT1_3*PLA2R1_3,CHIT1*PLA2R1,61,203,73,2146,97,26,82,303,13,14,77
CHIT1_3*PLA2R1_4,CHIT1*PLA2R1,283,850,150,61351,383,292,356,830,9034,25372,16590
CHIT1_3*TLR7_1,CHIT1*TLR7,184,501,346,256,81,65,131,128,0,4,73
CHIT1_3*TLR7_2,CHIT1*TLR7,115,244,78,334,376,216,396,2816,2459,3685,264
CHIT1_3*TLR7_5,CHIT1*TLR7,137,342,383,121,142,36,171,152,0,0,102
CHIT1_3*TNFSF15_1,CHIT1*TNFSF15,90,965,40,224,62,31,44,40,0,1,16
CHIT1_3*TNFSF15_2,CHIT1*TNFSF15,202,578,319,96,143,33,199,164,0,2,208
CHIT1_3*TNFSF15_3,CHIT1*TNFSF15,116,465,249,706,147,99,167,89,0,6,123
CHIT1_5*BTLA_1,CHIT1*BTLA,348,538,242,35481,263,79,196,157,0,30,138
CHIT1_5*BTLA_2,CHIT1*BTLA,273,624,524,328,346,699,389,28741,0,41,168
CHIT1_5*BTLA_3,CHIT1*BTLA,176,494,271,241,131,56,215,155,0,159,83
CHIT1_5*CDH1_1,CHIT1*CDH1,195,434,137,2682,207,26,331,254,0,11,155
CHIT1_5*CDH1_3,CHIT1*CDH1,0,0,0,17,17,21,34,23,0,2,20
CHIT1_5*CDH1_4,CHIT1*CDH1,443,1772,602,3366,3848,2635,1131648,4303,149239,63187,123032
CHIT1_5*CDH1_5,CHIT1*CDH1,326,402,321,6019,334,95,381,534,73,292,202
CHIT1_5*CX3CL1_3,CHIT1*CX3CL1,67,374,95,81,126,435,113,87,0,5,80
CHIT1_5*CX3CL1_4,CHIT1*CX3CL1,113,656,225,86,156,77,4435,194,0,900,162
CHIT1_5*CX3CL1_5,CHIT1*CX3CL1,369,619,188,196,221,64,252,190,0,6,156
CHIT1_5*CXCR2_2,CHIT1*CXCR2,237,479,460,219,340,153,352,992,81,38,239
CHIT1_5*CXCR2_4,CHIT1*CXCR2,94,145,72,84,37807,4154,114,89,0,32,100
CHIT1_5*CXCR2_5,CHIT1*CXCR2,171,199,172,118,142,127,172,116,0,9,125
CHIT1_5*CXCR5_2,CHIT1*CXCR5,159,679,271,117,154,55,202,198,0,4,145
CHIT1_5*CXCR5_3,CHIT1*CXCR5,479,995,608,737,635,297,599,578,88,11106,62076
CHIT1_5*CXCR5_4,CHIT1*CXCR5,72,249,153,47,83,62,108,109,0,5,86
CHIT1_5*FCRL6_1,CHIT1*FCRL6,337,1071,259,157,340,76,287,284,0,1,170
CHIT1_5*FCRL6_4,CHIT1*FCRL6,289,480,248,17628,264,88,271,35868,0,39,212
CHIT1_5*FCRL6_5,CHIT1*FCRL6,235,537,371,380,530,1058,146637,368,1,164,331
CHIT1_5*HGF_2,CHIT1*HGF,223,469,367,1353,308,155,258,272,0,2,512
CHIT1_5*HGF_4,CHIT1*HGF,231,935,231,458101,194233,141986,1592,1360,337,10039,39141
CHIT1_5*HGF_5,CHIT1*HGF,379,1167,449,589,221325,36296,43507,492,2,206,598
CHIT1_5*IL6_1,CHIT1*IL6,108,106,271,384,107,21,186,165,0,1,129
CHIT1_5*IL6_2,CHIT1*IL6,333,1119,551,5145,1093,640,999,4818,193230,41829,63680
CHIT1_5*IL6_5,CHIT1*IL6,200,651,302,177,284,190,376,334,3,18604,238
CHIT1_5*MFAP5_1,CHIT1*MFAP5,110,559,234,73,93,36,150,126,0,3,72
CHIT1_5*MFAP5_3,CHIT1*MFAP5,175,532,251,177,215,329,291,265,67,408,6994
CHIT1_5*MFAP5_5,CHIT1*MFAP5,312,981,513,151715,506,309,436,411,1,116,456
CHIT1_5*MPEG1_1,CHIT1*MPEG1,312,607,348,9154,280,373,297,255,1,2535,154
CHIT1_5*MPEG1_4,CHIT1*MPEG1,38,123,1,87,65,35,73,51,0,1,9
CHIT1_5*MPEG1_5,CHIT1*MPEG1,407,548,221,3303,127,47,226,181,0,7,127
CHIT1_5*MUC16_1,CHIT1*MUC16,172,744,222,781,245,102,365,281,0,4,193
CHIT1_5*MUC16_2,CHIT1*MUC16,178,688,411,166,179,54,202,182,0,4,96
CHIT1_5*MUC16_5,CHIT1*MUC16,468,937,503,567,223,337,281,295,0,12,136
CHIT1_5*MYSM1_2,CHIT1*MYSM1,121,500,98,309,174,60,180,194,0,1,313
CHIT1_5*MYSM1_4,CHIT1*MYSM1,226,763,240,500,720,451,500,506,523,91518,104578
CHIT1_5*MYSM1_5,CHIT1*MYSM1,306,160,213,954,1207,705,889,746,8742,213548,177457
CHIT1_5*NT_17,CHIT1*NT,83,359,146,149,228,159,267,203,0,2,139
CHIT1_5*NT_18,CHIT1*NT,106,784,89,67,172,70,259,180,0,2,97
CHIT1_5*NT_20,CHIT1*NT,111,644,208,73,126,383,109,159,0,3,139
CHIT1_5*NT_25,CHIT1*NT,230,1009,215,243,1089,18,350,335,0,12,235
CHIT1_5*NT_26,CHIT1*NT,226,1430,499,96579,580,231,530,485,0,83,338
CHIT1_5*NT_33,CHIT1*NT,225,643,372,320,67447,2744,290,298,0,62,309
CHIT1_5*NT_39,CHIT1*NT,464,711,638,296,374,4671,493,354,18,6764,21427
CHIT1_5*NT_57,CHIT1*NT,133,313,123,75,91,28,85,101,0,3,50
CHIT1_5*NT_6,CHIT1*NT,264,426,131,609,289,130,454,293,0,12,224
CHIT1_5*PDCD1LG2_1,CHIT1*PDCD1LG2,674,1125,1006,1126,347,138,425,378,0,6,216
CHIT1_5*PDCD1LG2_2,CHIT1*PDCD1LG2,356,731,249,93,163,166,223,169,2,12070,264
CHIT1_5*PDCD1LG2_3,CHIT1*PDCD1LG2,233,750,398,194,201,328,219,289,0,3,164
CHIT1_5*PLA2G2A_2,CHIT1*PLA2G2A,154,526,161,774,111,162,122,83,0,4,71
CHIT1_5*PLA2G2A_4,CHIT1*PLA2G2A,132,491,264,1479,200875,25991,15695,7712,5420,597,1040
CHIT1_5*PLA2G2A_5,CHIT1*PLA2G2A,234,458,129,110,102,83,163,132,0,3,87
CHIT1_5*PLA2R1_2,CHIT1*PLA2R1,355,812,304,465,383,180,405,452,0,467,247
CHIT1_5*PLA2R1_3,CHIT1*PLA2R1,107,75,73,60,128,103,155,134,0,1,75
CHIT1_5*PLA2R1_4,CHIT1*PLA2R1,191,368,422,278,191,69,254,188,0,1,111
CHIT1_5*TLR7_1,CHIT1*TLR7,282,1019,287,1628,1674,2235,21637,1057,3730,281335,217143
CHIT1_5*TLR7_2,CHIT1*TLR7,160,297,121,63,41,73,84,125,0,0,64
CHIT1_5*TLR7_5,CHIT1*TLR7,118,615,250,2280,14988,247,147,139,0,16,83
CHIT1_5*TNFSF15_1,CHIT1*TNFSF15,194,348,255,78637,201,86,184,129,0,60,103
CHIT1_5*TNFSF15_2,CHIT1*TNFSF15,309,1089,539,621,264,81,310,256,0,5,232
CHIT1_5*TNFSF15_3,CHIT1*TNFSF15,284,446,656,630,856,539,905,5365,1819,274,487
CLCA2_2*BTLA_1,CLCA2*BTLA,80,195,147,88,100,97,103,99,0,0,89
CLCA2_2*BTLA_2,CLCA2*BTLA,66,537,176,55,122,110,125,82,0,2,48
CLCA2_2*BTLA_3,CLCA2*BTLA,52,39,95,23,80,44,112,86,0,2,49
CLCA2_2*CDH1_1,CLCA2*CDH1,104,164,51,44,71,106,75,73,0,2,83
CLCA2_2*CDH1_3,CLCA2*CDH1,0,0,0,7,8,3,11,6,0,0,3
CLCA2_2*CDH1_4,CLCA2*CDH1,107,317,74,267,85868,23608,299,245,0,87,219
CLCA2_2*CDH1_5,CLCA2*CDH1,167,187,62,116,70,36,98,60,0,0,105
CLCA2_2*CX3CL1_3,CLCA2*CX3CL1,25,68,53,7,56,36,57,58,0,0,35
CLCA2_2*CX3CL1_4,CLCA2*CX3CL1,35,94,90,36313,141,533,119,81,0,25,76
CLCA2_2*CX3CL1_5,CLCA2*CX3CL1,243,505,133,202,249,182,221,170,56,12237,53750
CLCA2_2*CXCR2_2,CLCA2*CXCR2,102,63,144,33,110,32,163,141,0,1,139
CLCA2_2*CXCR2_4,CLCA2*CXCR2,58,206,31,109269,213,134,174,151,0,65,167
CLCA2_2*CXCR2_5,CLCA2*CXCR2,6,142,61,13,37,5,75,52,0,0,62
CLCA2_2*CXCR5_2,CLCA2*CXCR5,15,114,0,30046,207,99,214,1126,133,71,158
CLCA2_2*CXCR5_3,CLCA2*CXCR5,148,257,140,1050,187,85,158,129,0,1,69
CLCA2_2*CXCR5_4,CLCA2*CXCR5,14,81,81,54,46,11,47,54,0,2,25
CLCA2_2*FCRL6_1,CLCA2*FCRL6,65,112,32,113,83,12,106,87,0,1,62
CLCA2_2*FCRL6_4,CLCA2*FCRL6,205,266,95,148,62,42,93,74,0,1,28
CLCA2_2*FCRL6_5,CLCA2*FCRL6,104,120,55,158,61,17,88,81,0,1,50
CLCA2_2*HGF_2,CLCA2*HGF,108,338,70,176,241,146,8126,53300,0,58,135
CLCA2_2*HGF_4,CLCA2*HGF,108,336,150,808,171,36,275,193,0,2,93
CLCA2_2*HGF_5,CLCA2*HGF,60,283,73,426,185,88,235,152,0,5,104
CLCA2_2*IL6_1,CLCA2*IL6,14,140,47,19,78,27,88,57,0,1,33
CLCA2_2*IL6_2,CLCA2*IL6,86,257,137,6648,122,10851,125,90,0,22,81
CLCA2_2*IL6_5,CLCA2*IL6,81,397,51,31,96,177,129,86,0,6,49
CLCA2_2*MFAP5_1,CLCA2*MFAP5,128,321,119,484,537,364,631,183772,5792,17380,27803
CLCA2_2*MFAP5_3,CLCA2*MFAP5,95,63,34,50,63,35,83,85,0,0,29
CLCA2_2*MFAP5_5,CLCA2*MFAP5,110,42,103,51,85,58,118,84,0,1,59
CLCA2_2*MPEG1_1,CLCA2*MPEG1,115,331,74,36,135,38,155,102,0,1,31
CLCA2_2*MPEG1_4,CLCA2*MPEG1,0,2,5,4,25,5,27,11,0,0,3
CLCA2_2*MPEG1_5,CLCA2*MPEG1,26,105,43,11,109,1,102,64,0,0,72
CLCA2_2*MUC16_1,CLCA2*MUC16,55,331,100,259,338,227,381,1135,13585,13219,20755
CLCA2_2*MUC16_2,CLCA2*MUC16,56,59,51,44,89,35,88,62,0,0,97
CLCA2_2*MUC16_5,CLCA2*MUC16,99,365,105,53,80,51,147,119,0,1,80
CLCA2_2*MYSM1_2,CLCA2*MYSM1,50,204,95,52,98,28,130,9681,0,8,102
CLCA2_2*MYSM1_4,CLCA2*MYSM1,36,149,96,219,15346,180,119,161,0,14,70
CLCA2_2*MYSM1_5,CLCA2*MYSM1,58,58,114,133,77,22,147,122,0,1,91
CLCA2_2*NT_17,CLCA2*NT,8,226,27,57,79,47,93,94,0,5,66
CLCA2_2*NT_18,CLCA2*NT,73,128,20,130,73,13,97,96,0,1,55
CLCA2_2*NT_20,CLCA2*NT,30,65,21,66,65,20,59,49,0,0,28
CLCA2_2*NT_25,CLCA2*NT,57,158,63,73,88,6,109,101,0,3,82
CLCA2_2*NT_26,CLCA2*NT,67,234,50,53,60,12,167,77,0,1,37
CLCA2_2*NT_33,CLCA2*NT,67,145,124,63,64,53,144,85,0,1,91
CLCA2_2*NT_39,CLCA2*NT,252,299,87,337,149,38,238,137,0,1,148
CLCA2_2*NT_57,CLCA2*NT,28,31,42,0,0,0,0,0,0,0,0
CLCA2_2*NT_6,CLCA2*NT,61,268,15,114,120,62,163,132,0,0,143
CLCA2_2*PDCD1LG2_1,CLCA2*PDCD1LG2,151,296,156,587,202214,69252,527,439,2,246,462
CLCA2_2*PDCD1LG2_2,CLCA2*PDCD1LG2,101,192,55,253,328,815,3948,1750,281,95,225
CLCA2_2*PDCD1LG2_3,CLCA2*PDCD1LG2,78,287,97,108,114,52,180,89,0,2,80
CLCA2_2*PLA2G2A_2,CLCA2*PLA2G2A,57,206,132,31,62,10,86,78,0,3,31
CLCA2_2*PLA2G2A_4,CLCA2*PLA2G2A,83,284,73,20259,122,91,7113,76,0,17,67
CLCA2_2*PLA2G2A_5,CLCA2*PLA2G2A,9,89,12,88,45,20,89,54,0,2,60
CLCA2_2*PLA2R1_2,CLCA2*PLA2R1,53,390,123,61,139,114,170,121,0,0,92
CLCA2_2*PLA2R1_3,CLCA2*PLA2R1,5,50,0,18,34,9,39,36,0,0,30
CLCA2_2*PLA2R1_4,CLCA2*PLA2R1,138,283,95,54,91,88,141,116,0,1,62
CLCA2_2*TLR7_1,CLCA2*TLR7,122,426,48,678,751,505,9032,5618,2162,321,529
CLCA2_2*TLR7_2,CLCA2*TLR7,26,49,16,250,30,33,24,34,0,1,28
CLCA2_2*TLR7_5,CLCA2*TLR7,31,76,71,92275,156,117,161,125,0,63,106
CLCA2_2*TNFSF15_1,CLCA2*TNFSF15,100,280,41,25,22,42,48,51,0,1,19
CLCA2_2*TNFSF15_2,CLCA2*TNFSF15,150,271,96,74,81,35,126,98,0,2,102
CLCA2_2*TNFSF15_3,CLCA2*TNFSF15,79,375,135,428,124,61,167,386,14,14,57
CLCA2_3*BTLA_1,CLCA2*BTLA,116,160,108,47,52,4,75,93,0,3,25
CLCA2_3*BTLA_2,CLCA2*BTLA,172,357,124,87,61,9,102,60,0,2,50
CLCA2_3*BTLA_3,CLCA2*BTLA,110,463,216,3741,435,212,367,385,180,54752,45798
CLCA2_3*CDH1_1,CLCA2*CDH1,90,7,46,11959,368,205,292,229,237,69789,49867
CLCA2_3*CDH1_3,CLCA2*CDH1,0,0,0,4,4,0,11,0,0,0,4
CLCA2_3*CDH1_4,CLCA2*CDH1,180,450,385,174,96,100,175,128,0,1,114
CLCA2_3*CDH1_5,CLCA2*CDH1,132,586,150,311,26,7,62,81,0,1,35
CLCA2_3*CX3CL1_3,CLCA2*CX3CL1,22,38,88,26745,85,85,84,86,0,16,66
CLCA2_3*CX3CL1_4,CLCA2*CX3CL1,199,217,187,36,66,102,99,73,0,1,85
CLCA2_3*CX3CL1_5,CLCA2*CX3CL1,113,307,377,146,177,78,175,364,0,1,143
CLCA2_3*CXCR2_2,CLCA2*CXCR2,37,144,81,90,77,44,69,60,0,1,59
CLCA2_3*CXCR2_4,CLCA2*CXCR2,19,165,102,7188,59,39,69,55,2,1572,2767
CLCA2_3*CXCR2_5,CLCA2*CXCR2,134,120,123,15,28,4,47,33,0,0,19
CLCA2_3*CXCR5_2,CLCA2*CXCR5,27,239,23,86,67,70,91,64,0,1,51
CLCA2_3*CXCR5_3,CLCA2*CXCR5,244,582,245,81358,402,291,379,331,203,50963,43837
CLCA2_3*CXCR5_4,CLCA2*CXCR5,64,152,81,4,21,2,31,25,0,0,82
CLCA2_3*FCRL6_1,CLCA2*FCRL6,165,471,107,56,145,104,253,174,0,1,74
CLCA2_3*FCRL6_4,CLCA2*FCRL6,63,0,45,30497,289,180,276,112564,1,108,238
CLCA2_3*FCRL6_5,CLCA2*FCRL6,57,82,32,26,53,20,71,48,0,2,3
CLCA2_3*HGF_2,CLCA2*HGF,89,286,219,916,144,80,200,158,0,1,107
CLCA2_3*HGF_4,CLCA2*HGF,49,129,67,79,117,73,14339,127,0,24,104
CLCA2_3*HGF_5,CLCA2*HGF,142,702,75,27,49,10,75,80,0,0,17
CLCA2_3*IL6_1,CLCA2*IL6,35,119,79,132,71,89,80,76,0,0,74
CLCA2_3*IL6_2,CLCA2*IL6,315,280,191,1982,384,252,258,235,157,54923,43331
CLCA2_3*IL6_5,CLCA2*IL6,82,392,25,10,51,51,46,52,0,0,41
CLCA2_3*MFAP5_1,CLCA2*MFAP5,187,484,156,163,113,1418,132,132,3,2126,3665
CLCA2_3*MFAP5_3,CLCA2*MFAP5,22,95,108,129,177,123,173,65712,0,50,106
CLCA2_3*MFAP5_5,CLCA2*MFAP5,243,382,184,35,108,50,115,65,0,1,144
CLCA2_3*MPEG1_1,CLCA2*MPEG1,134,46,72,44,90,775,132,86,0,2,87
CLCA2_3*MPEG1_4,CLCA2*MPEG1,0,0,0,2,6,0,18,23,0,0,6
CLCA2_3*MPEG1_5,CLCA2*MPEG1,107,290,259,41,105,18,78,119,4,6661,3628
CLCA2_3*MUC16_1,CLCA2*MUC16,90,252,90,6332,151,49,133,132,0,9,132
CLCA2_3*MUC16_2,CLCA2*MUC16,210,536,211,458,112,77,153,154,0,1,92
CLCA2_3*MUC16_5,CLCA2*MUC16,37,58,284,827,73,25,70,91,0,3,26
CLCA2_3*MYSM1_2,CLCA2*MYSM1,34,194,133,42,49,63,64,111,0,0,66
CLCA2_3*MYSM1_4,CLCA2*MYSM1,80,194,199,64,59,4,67,64,0,0,46
CLCA2_3*MYSM1_5,CLCA2*MYSM1,95,199,51,143,85,14,126,76,0,0,17
CLCA2_3*NT_17,CLCA2*NT,0,70,34,42,71,32,50,56,0,0,43
CLCA2_3*NT_18,CLCA2*NT,15,211,32,69,92,20,132,91,0,1,65
CLCA2_3*NT_20,CLCA2*NT,8,46,51,46,81,25,9946,36,0,15,24
CLCA2_3*NT_25,CLCA2*NT,77,150,28,82,112,40,157,127,0,1,107
CLCA2_3*NT_26,CLCA2*NT,35,48,185,1387,92,20,103,96,0,3,48
CLCA2_3*NT_33,CLCA2*NT,98,403,241,67,156,55,137,93,0,2,31
CLCA2_3*NT_39,CLCA2*NT,22,366,207,71,125,5533,4423,121,0,18,101
CLCA2_3*NT_57,CLCA2*NT,86,388,182,86,45,84,81,82,0,1,73
CLCA2_3*NT_6,CLCA2*NT,208,91,145,99,87,56,139,107,0,1,37
CLCA2_3*PDCD1LG2_1,CLCA2*PDCD1LG2,177,322,204,44686,176,52,182,149,0,33,76
CLCA2_3*PDCD1LG2_2,CLCA2*PDCD1LG2,71,284,57,27,65,69,81,54,0,0,42
CLCA2_3*PDCD1LG2_3,CLCA2*PDCD1LG2,82,121,78,98,67,8,164,82,0,0,16
CLCA2_3*PLA2G2A_2,CLCA2*PLA2G2A,20,106,14,13,32,0,21,25,0,2,15
CLCA2_3*PLA2G2A_4,CLCA2*PLA2G2A,40,199,5,1638,187,3,47,41,0,3,63
CLCA2_3*PLA2G2A_5,CLCA2*PLA2G2A,71,111,24,222,38,54,49,37,0,2,24
CLCA2_3*PLA2R1_2,CLCA2*PLA2R1,152,729,234,75,110,88,134,142,0,0,107
CLCA2_3*PLA2R1_3,CLCA2*PLA2R1,56,256,116,18,55,5,43,39,0,1,36
CLCA2_3*PLA2R1_4,CLCA2*PLA2R1,111,351,196,17,44,1,102,70,0,0,23
CLCA2_3*TLR7_1,CLCA2*TLR7,157,406,224,68,55,48,93,84,0,2,48
CLCA2_3*TLR7_2,CLCA2*TLR7,23,40,36,15,12,0,26,16,0,0,17
CLCA2_3*TLR7_5,CLCA2*TLR7,71,155,108,55,42,20,44,47,0,0,30
CLCA2_3*TNFSF15_1,CLCA2*TNFSF15,2,129,30,2,26,0,12,7,0,0,1
CLCA2_3*TNFSF15_2,CLCA2*TNFSF15,110,293,163,71,112,10879,167,93,0,21,102
CLCA2_3*TNFSF15_3,CLCA2*TNFSF15,175,348,197,66,92,94,135,134,0,1,38
CLCA2_5*BTLA_1,CLCA2*BTLA,196,367,213,1481,498,207,511,407,67,22406,33318
CLCA2_5*BTLA_2,CLCA2*BTLA,416,978,307,14657,438,275,52424,371,0,76,272
CLCA2_5*BTLA_3,CLCA2*BTLA,339,749,220,1240,222,72,273,203,0,4,123
CLCA2_5*CDH1_1,CLCA2*CDH1,132,96,120,1087,143,35,190,167,0,4,98
CLCA2_5*CDH1_3,CLCA2*CDH1,0,0,0,13,19,12,25,22,0,0,10
CLCA2_5*CDH1_4,CLCA2*CDH1,234,495,313,30133,322,191,357,298,0,33,206
CLCA2_5*CDH1_5,CLCA2*CDH1,368,1589,295,423,82341,9933,523,348,0,76,358
CLCA2_5*CX3CL1_3,CLCA2*CX3CL1,62,156,45,526,106,46,195,112,0,2,73
CLCA2_5*CX3CL1_4,CLCA2*CX3CL1,225,819,203,3127,206,116,10345,264,0,15,187
CLCA2_5*CX3CL1_5,CLCA2*CX3CL1,370,1385,381,499,17603,12458,352,373,41,29344,11686
CLCA2_5*CXCR2_2,CLCA2*CXCR2,198,298,266,260,10952,35672,443,286,0,46,244
CLCA2_5*CXCR2_4,CLCA2*CXCR2,192,581,266,60,104,91,185,109,0,514,77
CLCA2_5*CXCR2_5,CLCA2*CXCR2,165,521,232,107,133,105,230,146,0,5,108
CLCA2_5*CXCR5_2,CLCA2*CXCR5,116,659,93,385,390,237,89934,286,0,84,319
CLCA2_5*CXCR5_3,CLCA2*CXCR5,430,1069,660,504,30926,23768,3788,462,42,17103,12841
CLCA2_5*CXCR5_4,CLCA2*CXCR5,140,601,213,81,84,5355,157,105,0,9,47
CLCA2_5*FCRL6_1,CLCA2*FCRL6,341,800,278,527,730,427,5842,3453,868,169,476
CLCA2_5*FCRL6_4,CLCA2*FCRL6,344,786,248,1275,213,87,26626,188,0,22,124
CLCA2_5*FCRL6_5,CLCA2*FCRL6,158,737,330,200,320,300,407,261,10,8820,8300
CLCA2_5*HGF_2,CLCA2*HGF,419,1097,468,35996,389,980,484,391,0,26,280
CLCA2_5*HGF_4,CLCA2*HGF,259,834,196,25293,311,157,342,338,0,19,207
CLCA2_5*HGF_5,CLCA2*HGF,210,453,203,213387,7351,382,692,447,1,155,395
CLCA2_5*IL6_1,CLCA2*IL6,101,147,197,99,5172,9830,187,156,0,16,99
CLCA2_5*IL6_2,CLCA2*IL6,232,766,184,162,34525,6601,197,166,0,156,117
CLCA2_5*IL6_5,CLCA2*IL6,448,768,275,408,73451,25599,552,399,1,86,365
CLCA2_5*MFAP5_1,CLCA2*MFAP5,274,791,116,119,188,99,157,134,0,2,105
CLCA2_5*MFAP5_3,CLCA2*MFAP5,153,211,276,198,218,115,33807,214,0,37,186
CLCA2_5*MFAP5_5,CLCA2*MFAP5,291,664,195,831,222,143,230,269,0,2,130
CLCA2_5*MPEG1_1,CLCA2*MPEG1,225,461,154,237,346,175,374,316,60,51201,15283
CLCA2_5*MPEG1_4,CLCA2*MPEG1,16,230,55,35,78,2,68,48,0,1,74
CLCA2_5*MPEG1_5,CLCA2*MPEG1,268,862,275,194,322,81,925,293,0,6,218
CLCA2_5*MUC16_1,CLCA2*MUC16,206,601,306,890,559,296,74365,396,16,2151,12941
CLCA2_5*MUC16_2,CLCA2*MUC16,255,908,333,165,253,49,328,254,0,3,182
CLCA2_5*MUC16_5,CLCA2*MUC16,343,1462,412,428,312,136,354,350,12,5308,14795
CLCA2_5*MYSM1_2,CLCA2*MYSM1,127,700,152,163140,431,885,428,458,1,122,393
CLCA2_5*MYSM1_4,CLCA2*MYSM1,408,1121,215,2050,3651,7571,8429,211,0,75,163
CLCA2_5*MYSM1_5,CLCA2*MYSM1,269,907,296,730,865,484,271574,604,3,242,572
CLCA2_5*NT_17,CLCA2*NT,54,287,44,1640,1973,1405,1401,1287,5950,423201,235408
CLCA2_5*NT_18,CLCA2*NT,104,312,188,177,162,122,250,182,0,4,100
CLCA2_5*NT_20,CLCA2*NT,101,98,176,255,138,65,195,202,1,2513,245
CLCA2_5*NT_25,CLCA2*NT,299,973,322,363,350,168,536,12879,0,14,260
CLCA2_5*NT_26,CLCA2*NT,313,665,118,348,537,300,8908,474,12,3834,16422
CLCA2_5*NT_33,CLCA2*NT,282,1019,402,795,7962,3783,367,576,48,118,163
CLCA2_5*NT_39,CLCA2*NT,537,1650,451,2897,408,2250,559,509,0,7,258
CLCA2_5*NT_57,CLCA2*NT,80,961,177,6747,149,305,191,181,0,392,87
CLCA2_5*NT_6,CLCA2*NT,212,664,285,14123,349,278,384,348,21,5612,24398
CLCA2_5*PDCD1LG2_1,CLCA2*PDCD1LG2,374,1675,730,322,419,4086,3722,430,0,421,340
CLCA2_5*PDCD1LG2_2,CLCA2*PDCD1LG2,229,254,121,1846,165,90,210,221,0,2,91
CLCA2_5*PDCD1LG2_3,CLCA2*PDCD1LG2,115,519,100,195416,399,280,438,314,1,119,310
CLCA2_5*PLA2G2A_2,CLCA2*PLA2G2A,248,720,341,131,95,555,178,153,0,2,75
CLCA2_5*PLA2G2A_4,CLCA2*PLA2G2A,137,589,196,566,827,500,596,480,841,137163,97489
CLCA2_5*PLA2G2A_5,CLCA2*PLA2G2A,202,454,280,24713,230,165,12602,271,0,28,212
CLCA2_5*PLA2R1_2,CLCA2*PLA2R1,274,1272,586,3346,325,161,476,322,0,8,252
CLCA2_5*PLA2R1_3,CLCA2*PLA2R1,44,171,31,1116,157,209,190,169,0,0,109
CLCA2_5*PLA2R1_4,CLCA2*PLA2R1,167,1291,327,43074,123375,175741,28236,4863,2748,559,1040
CLCA2_5*TLR7_1,CLCA2*TLR7,282,926,319,1513,218,111,292,255,0,5,234
CLCA2_5*TLR7_2,CLCA2*TLR7,72,157,55,38,125,47,151,185,6,6994,5511
CLCA2_5*TLR7_5,CLCA2*TLR7,235,1340,511,142,138,142,227,359,0,4,172
CLCA2_5*TNFSF15_1,CLCA2*TNFSF15,211,472,341,118,168,55,141,156,0,1,79
CLCA2_5*TNFSF15_2,CLCA2*TNFSF15,121,695,206,10659,912,603,757,675,1174,158144,117437
CLCA2_5*TNFSF15_3,CLCA2*TNFSF15,268,1176,252,212,311,186,345,300,0,8,219
KIT_1*BTLA_1,KIT*BTLA,110,445,317,83,270,101,285,255,0,2,197
KIT_1*BTLA_2,KIT*BTLA,137,843,470,1026,1341,819,955,900,2226,243409,176930
KIT_1*BTLA_3,KIT*BTLA,42,556,191,126,140,173,183,193,0,1,151
KIT_1*CDH1_1,KIT*CDH1,181,227,263,608,132,82,167,3996,0,8,107
KIT_1*CDH1_3,KIT*CDH1,0,0,0,4,14,6,48,9,0,0,4
KIT_1*CDH1_4,KIT*CDH1,350,1060,399,376,386,3044,632,362,0,3,253
KIT_1*CDH1_5,KIT*CDH1,283,383,334,101796,10150,4506,453,369,1,100,271
KIT_1*CX3CL1_3,KIT*CX3CL1,93,316,118,136,239,260,184,158,60,29890,25923
KIT_1*CX3CL1_4,KIT*CX3CL1,116,325,425,103,234,76,246,551,44,29,175
KIT_1*CX3CL1_5,KIT*CX3CL1,174,541,265,221,274,221,404,412,0,7,205
KIT_1*CXCR2_2,KIT*CXCR2,200,1048,389,1114,515940,131506,1051,756,7,456,785
KIT_1*CXCR2_4,KIT*CXCR2,59,309,15,33,104,79,85,88,3,1299,9355
KIT_1*CXCR2_5,KIT*CXCR2,145,402,182,101,193,63,178,181,0,4,169
KIT_1*CXCR5_2,KIT*CXCR5,46,77,109,135,292,158,341,265,0,2,248
KIT_1*CXCR5_3,KIT*CXCR5,380,1306,510,502,567,341,545,2077,394,105,433
KIT_1*CXCR5_4,KIT*CXCR5,24,330,50,65931,194,86,178,213,0,50,171
KIT_1*FCRL6_1,KIT*FCRL6,182,402,115,151,285,261,322,275,0,1,231
KIT_1*FCRL6_4,KIT*FCRL6,233,786,246,80,192,29,199,158,0,3,56
KIT_1*FCRL6_5,KIT*FCRL6,119,430,136,114,114,3,147,110,0,1,72
KIT_1*HGF_2,KIT*HGF,130,627,347,125,329,110,369,251,0,4,215
KIT_1*HGF_4,KIT*HGF,67,243,151,171,221,69,297,280,0,1,145
KIT_1*HGF_5,KIT*HGF,113,746,138,7116,723,404,684,552,480,57005,112908
KIT_1*IL6_1,KIT*IL6,95,130,92,89,88,112,122,125,0,1,66
KIT_1*IL6_2,KIT*IL6,391,860,495,2424,968,1347,811,1898,116742,128608,109632
KIT_1*IL6_5,KIT*IL6,270,522,316,30473,273,80,387,395,0,19,361
KIT_1*MFAP5_1,KIT*MFAP5,193,261,174,535,600,372,645,259612,1,203,327
KIT_1*MFAP5_3,KIT*MFAP5,138,95,279,146,197,825,210,249,5,7,149
KIT_1*MFAP5_5,KIT*MFAP5,81,303,35,222,125,110,200,272,0,1558,144
KIT_1*MPEG1_1,KIT*MPEG1,167,164,43,24657,225,71,372,275,0,14,160
KIT_1*MPEG1_4,KIT*MPEG1,0,2,0,67,21,7,50,53,0,1,41
KIT_1*MPEG1_5,KIT*MPEG1,269,594,299,117,225,65,306,240,0,7,186
KIT_1*MUC16_1,KIT*MUC16,149,81,148,10475,459,268,62843,422,0,57,287
KIT_1*MUC16_2,KIT*MUC16,180,226,369,288875,618,386,489,409,8,4366,464
KIT_1*MUC16_5,KIT*MUC16,275,373,281,298869,823,494,787,108925,3,259,657
KIT_1*MYSM1_2,KIT*MYSM1,231,737,129,494,564,390,545,164069,1,116,359
KIT_1*MYSM1_4,KIT*MYSM1,159,304,303,291,213,83,252,257,0,4,133
KIT_1*MYSM1_5,KIT*MYSM1,126,395,171,164,242,130,264,292,0,0,138
KIT_1*NT_17,KIT*NT,49,0,84,146,194,48,293,267,0,2,204
KIT_1*NT_18,KIT*NT,66,536,176,229,209,71,224,185,0,3,124
KIT_1*NT_20,KIT*NT,276,81,147,364,158,45,187,140,0,1,81
KIT_1*NT_25,KIT*NT,107,213,314,187,228,110,307,263,0,2,163
KIT_1*NT_26,KIT*NT,84,525,268,81,253,166,258,232,1,3652,271
KIT_1*NT_33,KIT*NT,237,578,406,234,253,142,304,295,0,5,216
KIT_1*NT_39,KIT*NT,204,497,300,201,7473,6454,384,340,0,18,218
KIT_1*NT_57,KIT*NT,159,93,176,2021,229,117,251,512,28,18,144
KIT_1*NT_6,KIT*NT,35,215,51,59677,345,185,382,331,0,55,271
KIT_1*PDCD1LG2_1,KIT*PDCD1LG2,355,329,496,1653,569,136,747,943,80,41,398
KIT_1*PDCD1LG2_2,KIT*PDCD1LG2,193,408,283,55698,285,331,278,247,0,44,185
KIT_1*PDCD1LG2_3,KIT*PDCD1LG2,69,276,255,234,241,212,307,222,0,2,159
KIT_1*PLA2G2A_2,KIT*PLA2G2A,87,158,224,81,143,36,216,245,4,1,56
KIT_1*PLA2G2A_4,KIT*PLA2G2A,229,187,269,86,225,99,195,206,0,1,147
KIT_1*PLA2G2A_5,KIT*PLA2G2A,153,297,56,104,203,22,310,266,0,9,233
KIT_1*PLA2R1_2,KIT*PLA2R1,154,606,344,185,360,129,381,266,0,4,237
KIT_1*PLA2R1_3,KIT*PLA2R1,16,47,40,745,163,111,177,185,0,3,116
KIT_1*PLA2R1_4,KIT*PLA2R1,393,535,412,255,249,54,295,255,0,524,214
KIT_1*TLR7_1,KIT*TLR7,79,581,231,94,175,1070,294,224,0,9,206
KIT_1*TLR7_2,KIT*TLR7,119,79,137,60,64,12,92,65,0,1,77
KIT_1*TLR7_5,KIT*TLR7,264,400,427,450,167,70,256,201,0,1,142
KIT_1*TNFSF15_1,KIT*TNFSF15,183,297,156,271,110,78,142,118,0,0,113
KIT_1*TNFSF15_2,KIT*TNFSF15,287,1042,241,272,355,87,329,263,0,4,237
KIT_1*TNFSF15_3,KIT*TNFSF15,473,1200,507,9496,408,196,475,670,7,12,269
KIT_2*BTLA_1,KIT*BTLA,154,177,142,304,81726,19822,11711,872,131,120,268
KIT_2*BTLA_2,KIT*BTLA,163,476,74,246,125,37,173,155,0,3,94
KIT_2*BTLA_3,KIT*BTLA,211,262,151,11887,128,58,155,132,0,10,72
KIT_2*CDH1_1,KIT*CDH1,67,66,81,64,44,3,55,44,0,0,37
KIT_2*CDH1_3,KIT*CDH1,0,0,0,18,27,19,20,30,0,0,21
KIT_2*CDH1_4,KIT*CDH1,142,478,172,650,184,142,209,192,0,6,155
KIT_2*CDH1_5,KIT*CDH1,13,320,182,180,279,179,222,183,111,35716,44029
KIT_2*CX3CL1_3,KIT*CX3CL1,52,58,112,256,43,2,61,47,0,0,11
KIT_2*CX3CL1_4,KIT*CX3CL1,164,626,203,11418,3559,6133,140,110,0,13,145
KIT_2*CX3CL1_5,KIT*CX3CL1,179,232,207,2068,141,22,140,133,0,3,82
KIT_2*CXCR2_2,KIT*CXCR2,93,349,214,356,9103,4747,286,265,87,25395,38772
KIT_2*CXCR2_4,KIT*CXCR2,91,239,37,52,48,23,48,35,0,1,7
KIT_2*CXCR2_5,KIT*CXCR2,153,251,47,76,68,74,77,70,0,9,33
KIT_2*CXCR5_2,KIT*CXCR5,0,177,105,32,45,1,45,32,0,1,35
KIT_2*CXCR5_3,KIT*CXCR5,232,879,339,87,174,73,216,155,0,3,170
KIT_2*CXCR5_4,KIT*CXCR5,54,135,25,13,23,3,59,56,0,2,65
KIT_2*FCRL6_1,KIT*FCRL6,173,284,228,633,98,86,168,129,0,4,119
KIT_2*FCRL6_4,KIT*FCRL6,109,219,99,3712,15954,1712,84,89,0,14,55
KIT_2*FCRL6_5,KIT*FCRL6,73,482,160,59,72,670,119,91,0,0,21
KIT_2*HGF_2,KIT*HGF,264,592,329,2270,168,4631,221,209,0,7,145
KIT_2*HGF_4,KIT*HGF,116,356,119,140,281,152,324,283,0,2,147
KIT_2*HGF_5,KIT*HGF,63,240,119,80043,237,116,219,166,0,56,145
KIT_2*IL6_1,KIT*IL6,51,108,37,43,19,2,30,37,0,1,14
KIT_2*IL6_2,KIT*IL6,224,526,293,60,72,36,74,61,0,1,51
KIT_2*IL6_5,KIT*IL6,201,681,238,2652,3105,2121,3159,1406921,1135,3558,24968
KIT_2*MFAP5_1,KIT*MFAP5,13,0,63,5,37,14,161,31,0,0,18
KIT_2*MFAP5_3,KIT*MFAP5,72,454,102,929,105,45,62,135,0,3,95
KIT_2*MFAP5_5,KIT*MFAP5,185,530,326,77,105,84,90,136,0,1,53
KIT_2*MPEG1_1,KIT*MPEG1,417,432,160,139,207,56,208,185,0,5,162
KIT_2*MPEG1_4,KIT*MPEG1,98,18,113,2769,3410,2285,1382806,1737,50,1318,2149
KIT_2*MPEG1_5,KIT*MPEG1,49,373,81,64,212,182,236,248,0,2,156
KIT_2*MUC16_1,KIT*MUC16,148,417,248,88,133,91,146,149,0,0,234
KIT_2*MUC16_2,KIT*MUC16,51,450,150,260,380,7035,19382,256,120,31400,36134
KIT_2*MUC16_5,KIT*MUC16,238,1109,258,149,152,9,733,156,0,3,103
KIT_2*MYSM1_2,KIT*MYSM1,24,570,222,91,38,7,97,74,0,1,42
KIT_2*MYSM1_4,KIT*MYSM1,306,328,260,311,91,70,3479,109,0,2,124
KIT_2*MYSM1_5,KIT*MYSM1,136,649,125,58,59,13,86,114,0,3,50
KIT_2*NT_17,KIT*NT,23,107,75,11,54,29,68,60,0,1,30
KIT_2*NT_18,KIT*NT,111,456,232,172,88,18,120,104,0,0,41
KIT_2*NT_20,KIT*NT,7,325,82,29,30,38,52,61,0,2,72
KIT_2*NT_25,KIT*NT,94,75,215,94,123,89,155,155,0,2,77
KIT_2*NT_26,KIT*NT,129,498,156,1219,103,99,170,178,0,7,105
KIT_2*NT_33,KIT*NT,235,225,91,729,74,28,105,93,0,7,62
KIT_2*NT_39,KIT*NT,132,519,333,122,129,21,185,132,0,0,87
KIT_2*NT_57,KIT*NT,46,172,72,303,20,2,38,45,0,2,29
KIT_2*NT_6,KIT*NT,138,403,205,70,132,46,122,102,0,8,111
KIT_2*PDCD1LG2_1,KIT*PDCD1LG2,346,839,332,384072,10801,33321,3171,2793,28613,737850,565892
KIT_2*PDCD1LG2_2,KIT*PDCD1LG2,103,277,124,42,61,14,78,47,0,3,29
KIT_2*PDCD1LG2_3,KIT*PDCD1LG2,208,624,147,140,254,184,170,169,1,5189,104
KIT_2*PLA2G2A_2,KIT*PLA2G2A,68,100,143,71,45,3,68,84,3,9,49
KIT_2*PLA2G2A_4,KIT*PLA2G2A,131,111,94,91,73,32,106,116,0,5,87
KIT_2*PLA2G2A_5,KIT*PLA2G2A,105,323,232,1871,134,47,218,97,0,7,36
KIT_2*PLA2R1_2,KIT*PLA2R1,185,1046,298,96,278,116,293,234,0,2,237
KIT_2*PLA2R1_3,KIT*PLA2R1,46,463,71,108,149,26,176,154,0,3,137
KIT_2*PLA2R1_4,KIT*PLA2R1,45,465,211,99,96,70,138,113,0,1,59
KIT_2*TLR7_1,KIT*TLR7,196,466,297,208,262,113,304,328,4,7061,1986
KIT_2*TLR7_2,KIT*TLR7,166,202,96,8026,81,8,64,56,0,12,15
KIT_2*TLR7_5,KIT*TLR7,84,123,69,5,31,48,41,68,0,0,22
KIT_2*TNFSF15_1,KIT*TNFSF15,112,291,332,46,79,29,69,66,0,4,25
KIT_2*TNFSF15_2,KIT*TNFSF15,182,320,302,2146,2587,1735,2647,19585,23597,1062,1669
KIT_2*TNFSF15_3,KIT*TNFSF15,254,632,354,235,139,395,6256,198,0,888,132
KIT_4*BTLA_1,KIT*BTLA,266,429,244,87,192,1222,288,206,0,5,156
KIT_4*BTLA_2,KIT*BTLA,212,272,499,493,215,128,272,223,0,1,109
KIT_4*BTLA_3,KIT*BTLA,421,653,287,5976,782,460,513,484,483,128388,59817
KIT_4*CDH1_1,KIT*CDH1,260,482,407,2614,106,260,157,117,0,8,106
KIT_4*CDH1_3,KIT*CDH1,0,0,0,21,10,13,30,11,0,1,15
KIT_4*CDH1_4,KIT*CDH1,651,1513,619,1509,270,69,410,362,0,7,175
KIT_4*CDH1_5,KIT*CDH1,499,1148,632,26127,402,137,470,416,20,32850,2004
KIT_4*CX3CL1_3,KIT*CX3CL1,356,397,283,741,595,374,588,416,438,101360,67312
KIT_4*CX3CL1_4,KIT*CX3CL1,376,925,533,155,175,72,168,143,0,1,153
KIT_4*CX3CL1_5,KIT*CX3CL1,489,1258,763,565,282,169,3432,323,0,5,231
KIT_4*CXCR2_2,KIT*CXCR2,305,276,370,49,250,392,170,189,0,4,140
KIT_4*CXCR2_4,KIT*CXCR2,67,201,85,21,90,56,67,80,0,1,39
KIT_4*CXCR2_5,KIT*CXCR2,188,740,190,114994,346,177,371,467,35,76,279
KIT_4*CXCR5_2,KIT*CXCR5,147,198,285,243,106,68,87,94,0,0,48
KIT_4*CXCR5_3,KIT*CXCR5,408,1086,605,581,724,1442,773,231067,2,173,485
KIT_4*CXCR5_4,KIT*CXCR5,114,35,123,5203,107,21,112,152,0,6,69
KIT_4*FCRL6_1,KIT*FCRL6,176,866,277,467,668,323,678,3710,1089,194,539
KIT_4*FCRL6_4,KIT*FCRL6,187,629,152,1036,211,1108,190,231,0,1,92
KIT_4*FCRL6_5,KIT*FCRL6,199,658,383,63327,228,187,270,196,0,59,208
KIT_4*HGF_2,KIT*HGF,157,823,158,642,237,158,295,189,0,4,162
KIT_4*HGF_4,KIT*HGF,173,497,187,211,264,172,8200,296,0,16,193
KIT_4*HGF_5,KIT*HGF,163,515,250,1784,193,100,254,218,0,3,205
KIT_4*IL6_1,KIT*IL6,244,222,64,60,119,42,140,106,0,1,84
KIT_4*IL6_2,KIT*IL6,556,1436,373,2649,421,341,443,1596,261,68,386
KIT_4*IL6_5,KIT*IL6,173,649,365,149,2204,118,316,941,75,37,183
KIT_4*MFAP5_1,KIT*MFAP5,628,1557,610,203,14469,24561,285,272,0,45,198
KIT_4*MFAP5_3,KIT*MFAP5,234,698,179,72,191,145,229,231,1,2736,178
KIT_4*MFAP5_5,KIT*MFAP5,165,486,410,163,284,321,319,757,60,34,214
KIT_4*MPEG1_1,KIT*MPEG1,166,566,208,298,266,88,269,250,0,2,101
KIT_4*MPEG1_4,KIT*MPEG1,62,133,32,27,64,59,103,69,0,1,58
KIT_4*MPEG1_5,KIT*MPEG1,377,911,641,239,284,299,32675,294,0,41,174
KIT_4*MUC16_1,KIT*MUC16,147,449,234,499,578,341,493,450,257,102004,34479
KIT_4*MUC16_2,KIT*MUC16,368,1213,592,26561,249,149,12849,257,0,29,178
KIT_4*MUC16_5,KIT*MUC16,394,1307,405,288,462,219,7264,388,61,16682,33811
KIT_4*MYSM1_2,KIT*MYSM1,204,675,317,94,174,81,202,176,0,0,80
KIT_4*MYSM1_4,KIT*MYSM1,459,737,569,3911,171,51,212,153,0,7,113
KIT_4*MYSM1_5,KIT*MYSM1,202,738,259,220,685,13245,255,274,0,23,131
KIT_4*NT_17,KIT*NT,65,234,41,31,111,14,167,154,0,0,84
KIT_4*NT_18,KIT*NT,72,231,78,716,180,89,191,186,0,4,2923
KIT_4*NT_20,KIT*NT,101,225,142,59,143,36,141,139,0,1,142
KIT_4*NT_25,KIT*NT,209,561,305,830,364,2379,45361,308,0,62,293
KIT_4*NT_26,KIT*NT,310,306,482,218,326,128,286,210,0,3,174
KIT_4*NT_33,KIT*NT,376,1302,474,491,304,303,372,528,0,7,207
KIT_4*NT_39,KIT*NT,332,1213,398,165,281,201,358,350,0,6,192
KIT_4*NT_57,KIT*NT,181,116,169,69,9707,4494,144,127,0,18,128
KIT_4*NT_6,KIT*NT,217,677,213,292,182,22,204,163,0,7,107
KIT_4*PDCD1LG2_1,KIT*PDCD1LG2,689,1090,615,51923,237952,111612,1131,1548,501,407,862
KIT_4*PDCD1LG2_2,KIT*PDCD1LG2,198,537,241,68239,230,140,249,209,0,49,161
KIT_4*PDCD1LG2_3,KIT*PDCD1LG2,167,576,264,923,220,105,189,192,16,13439,11738
KIT_4*PLA2G2A_2,KIT*PLA2G2A,117,264,205,161,88764,7647,225,186,0,56,179
KIT_4*PLA2G2A_4,KIT*PLA2G2A,283,791,242,775,142,1252,194,183,0,1,79
KIT_4*PLA2G2A_5,KIT*PLA2G2A,115,58,68,405,511,24499,126339,335,1,153,333
KIT_4*PLA2R1_2,KIT*PLA2R1,289,1064,451,206,294,199,300,246,0,2,151
KIT_4*PLA2R1_3,KIT*PLA2R1,46,87,97,109,148,42,134,123,0,0,85
KIT_4*PLA2R1_4,KIT*PLA2R1,386,864,476,394,279,179,3485,329,9,7550,7911
KIT_4*TLR7_1,KIT*TLR7,241,364,378,8260,239,111,222,195,0,261,158
KIT_4*TLR7_2,KIT*TLR7,90,218,62,17401,75,73,108,144,0,13,63
KIT_4*TLR7_5,KIT*TLR7,310,987,172,176,250,154,217,209,41,19546,22824
KIT_4*TNFSF15_1,KIT*TNFSF15,6,289,192,26,52,27,58,131,0,3,77
KIT_4*TNFSF15_2,KIT*TNFSF15,262,507,589,1564,654262,190165,4105,1106,15,672,1223
KIT_4*TNFSF15_3,KIT*TNFSF15,202,477,462,230,403,287,402,315,105,53059,31206
KRT15_2*BTLA_1,KRT15*BTLA,344,1016,315,3760,256,157,331,482,24,18,174
KRT15_2*BTLA_2,KRT15*BTLA,436,1732,712,84131,5109,507,4075,131815,150,22370,35481
KRT15_2*BTLA_3,KRT15*BTLA,337,479,215,104,207,76,190,142,0,3,125
KRT15_2*CDH1_1,KRT15*CDH1,260,688,217,274,409,187,428,2306,417,112,312
KRT15_2*CDH1_3,KRT15*CDH1,0,0,0,15,21,15,47,27,0,1,10
KRT15_2*CDH1_4,KRT15*CDH1,771,1726,667,1149,1283,843,1355,7845,11546,464,5840
KRT15_2*CDH1_5,KRT15*CDH1,447,1297,685,38846,458,341,54870,428,10,649,301
KRT15_2*CX3CL1_3,KRT15*CX3CL1,157,299,172,51545,161,70,141,113,0,34,122
KRT15_2*CX3CL1_4,KRT15*CX3CL1,169,802,350,46116,314,290,314,257,0,39,192
KRT15_2*CX3CL1_5,KRT15*CX3CL1,292,920,377,87558,411,283,470,427,2,3256,354
KRT15_2*CXCR2_2,KRT15*CXCR2,249,1143,404,472,160425,32298,524,415,1,123,383
KRT15_2*CXCR2_4,KRT15*CXCR2,184,786,255,48,91,36,129,87,0,2,33
KRT15_2*CXCR2_5,KRT15*CXCR2,439,1004,126,3306,4128,2749,2728,2590,30981,903051,637301
KRT15_2*CXCR5_2,KRT15*CXCR5,237,794,386,135,260,150,238,174,42,28228,17255
KRT15_2*CXCR5_3,KRT15*CXCR5,586,1438,379,175029,166498,20584,727,31164,3,299,652
KRT15_2*CXCR5_4,KRT15*CXCR5,95,640,225,5462,67,28,136,101,0,14,132
KRT15_2*FCRL6_1,KRT15*FCRL6,251,790,268,177,183,107,198,220,0,4,109
KRT15_2*FCRL6_4,KRT15*FCRL6,148,1183,453,862,330,249,293,238,135,57734,34573
KRT15_2*FCRL6_5,KRT15*FCRL6,495,751,410,376,481,115,222,190,12,10913,6459
KRT15_2*HGF_2,KRT15*HGF,431,1492,443,4588,324,412,442,422,0,6,172
KRT15_2*HGF_4,KRT15*HGF,216,591,224,135,237,328,466,356,0,8,303
KRT15_2*HGF_5,KRT15*HGF,356,778,257,132,143,51,240,177,0,5,152
KRT15_2*IL6_1,KRT15*IL6,159,287,67,286,107,472,126,79,0,3,117
KRT15_2*IL6_2,KRT15*IL6,271,604,370,889,509989,79319,846,641,6,427,793
KRT15_2*IL6_5,KRT15*IL6,355,1144,209,261,283,100,335,294,17,14913,7688
KRT15_2*MFAP5_1,KRT15*MFAP5,316,1111,384,87,155,61,131,134,0,1,93
KRT15_2*MFAP5_3,KRT15*MFAP5,325,839,564,1030,882,25,249,181,0,4,128
KRT15_2*MFAP5_5,KRT15*MFAP5,155,700,188,148,164,132,134,125,0,0,53
KRT15_2*MPEG1_1,KRT15*MPEG1,210,315,497,5623,3818,81,242,176,0,7,110
KRT15_2*MPEG1_4,KRT15*MPEG1,42,141,33,39,72,5,119,94,0,0,74
KRT15_2*MPEG1_5,KRT15*MPEG1,391,1559,244,751,373,6343,369,879,96,83,168
KRT15_2*MUC16_1,KRT15*MUC16,168,820,206,174,245,457,304,270,0,3,213
KRT15_2*MUC16_2,KRT15*MUC16,384,979,313,176,221,174,266,369,7,6,153
KRT15_2*MUC16_5,KRT15*MUC16,589,1673,693,318,366,157,505,414,1379,9667,18972
KRT15_2*MYSM1_2,KRT15*MYSM1,376,420,265,283,524,175,41494,198,0,36,170
KRT15_2*MYSM1_4,KRT15*MYSM1,657,1938,601,51377,220,1090,327,282,1,1346,263
KRT15_2*MYSM1_5,KRT15*MYSM1,340,912,344,339,418,195,3121,101753,1,376,263
KRT15_2*NT_17,KRT15*NT,178,395,210,112,283,94,284,259,0,4,179
KRT15_2*NT_18,KRT15*NT,143,487,133,108,137,995,224,225,0,5,121
KRT15_2*NT_20,KRT15*NT,177,276,266,116,129,13,142,131,0,4,79
KRT15_2*NT_25,KRT15*NT,334,1045,469,1021,282,3762,383,396,3,5,257
KRT15_2*NT_26,KRT15*NT,399,1499,384,5411,618,391,534,491,154,24408,68480
KRT15_2*NT_33,KRT15*NT,279,684,382,1358,1668,1031,10610,27436,3753,281079,212149
KRT15_2*NT_39,KRT15*NT,486,1218,652,697,330,229,3160,331,2,377,7053
KRT15_2*NT_57,KRT15*NT,382,206,150,116,1479,48,152,118,0,2,95
KRT15_2*NT_6,KRT15*NT,195,682,410,5064,249,135,323,276,0,9,162
KRT15_2*PDCD1LG2_1,KRT15*PDCD1LG2,668,3017,1051,287,536,314,660,501,27,12466,20799
KRT15_2*PDCD1LG2_2,KRT15*PDCD1LG2,415,869,484,251,247,190,375,904,85,40,207
KRT15_2*PDCD1LG2_3,KRT15*PDCD1LG2,292,639,283,190,197,938,14477,232,0,17,115
KRT15_2*PLA2G2A_2,KRT15*PLA2G2A,251,501,325,9196,164,61,1488,139,0,11,82
KRT15_2*PLA2G2A_4,KRT15*PLA2G2A,288,539,296,1012,321,45,285,297,0,4,223
KRT15_2*PLA2G2A_5,KRT15*PLA2G2A,241,422,225,317,162,71,190,162,0,0,158
KRT15_2*PLA2R1_2,KRT15*PLA2R1,429,1789,527,29623,438,204,506,875,65,47,292
KRT15_2*PLA2R1_3,KRT15*PLA2R1,55,708,162,88,137,45,155,140,0,1,121
KRT15_2*PLA2R1_4,KRT15*PLA2R1,553,1752,395,125,395,94,285,209,0,6,104
KRT15_2*TLR7_1,KRT15*TLR7,470,682,440,1290,289,5380,290,465,30,28,202
KRT15_2*TLR7_2,KRT15*TLR7,77,420,263,39,90,114,158,112,0,1,83
KRT15_2*TLR7_5,KRT15*TLR7,253,546,290,247,150,9,130,151,0,1,101
KRT15_2*TNFSF15_1,KRT15*TNFSF15,239,640,301,31567,247,151,251,195,106,50774,31223
KRT15_2*TNFSF15_2,KRT15*TNFSF15,363,1219,353,801,196,1276,250,145,0,4,104
KRT15_2*TNFSF15_3,KRT15*TNFSF15,630,1671,526,398,25321,34936,812,301,1,229,287
KRT15_3*BTLA_1,KRT15*BTLA,226,928,259,139,195,131,268,169,0,4,206
KRT15_3*BTLA_2,KRT15*BTLA,338,902,440,595,36980,8722,684,11611,1064,243,431
KRT15_3*BTLA_3,KRT15*BTLA,137,461,142,89,131,45,193,185,0,4,125
KRT15_3*CDH1_1,KRT15*CDH1,73,694,138,113,102,88,113,93,3,2360,4627
KRT15_3*CDH1_3,KRT15*CDH1,0,0,0,33,52,38,56,53,0,0,38
KRT15_3*CDH1_4,KRT15*CDH1,479,1755,393,2811,71814,26519,624,520,1,107,448
KRT15_3*CDH1_5,KRT15*CDH1,241,543,376,5642,247,193,302,190,0,11,119
KRT15_3*CX3CL1_3,KRT15*CX3CL1,99,103,237,116,152,62,165,132,0,0,93
KRT15_3*CX3CL1_4,KRT15*CX3CL1,140,538,169,251,220,140,30883,262,0,40,237
KRT15_3*CX3CL1_5,KRT15*CX3CL1,187,501,260,378,228,166,311,267,0,2,149
KRT15_3*CXCR2_2,KRT15*CXCR2,110,411,61,1215,227,89,358,778,61,35,190
KRT15_3*CXCR2_4,KRT15*CXCR2,95,249,65,27,61,37,142,100,0,3,55
KRT15_3*CXCR2_5,KRT15*CXCR2,114,104,325,65934,303,149,152,236,0,42,135
KRT15_3*CXCR5_2,KRT15*CXCR5,42,115,87,130,181,58,142,191,0,21,95
KRT15_3*CXCR5_3,KRT15*CXCR5,248,818,445,230,254,391,249,273,0,6,187
KRT15_3*CXCR5_4,KRT15*CXCR5,47,71,124,43,35,3,43,48,0,1,29
KRT15_3*FCRL6_1,KRT15*FCRL6,177,168,211,237,201,84,209,226,0,3,74
KRT15_3*FCRL6_4,KRT15*FCRL6,142,755,181,9359,112,49,118,105,0,4,75
KRT15_3*FCRL6_5,KRT15*FCRL6,106,488,61,196,246,173,60111,159,0,51,123
KRT15_3*HGF_2,KRT15*HGF,117,615,269,553,215,278,294,280,0,4,221
KRT15_3*HGF_4,KRT15*HGF,123,664,159,161,238,322,332,306,0,2,121
KRT15_3*HGF_5,KRT15*HGF,231,665,305,1485,868,10568,763,599,1024,104470,152404
KRT15_3*IL6_1,KRT15*IL6,108,367,67,39,99,42,160,137,0,3,84
KRT15_3*IL6_2,KRT15*IL6,217,386,384,135,229,917,269,457,0,1,138
KRT15_3*IL6_5,KRT15*IL6,216,189,225,434,147,124,180,160,0,4,71
KRT15_3*MFAP5_1,KRT15*MFAP5,109,268,55,95,77,6,220,109,0,2,68
KRT15_3*MFAP5_3,KRT15*MFAP5,141,148,155,156,156,37,114,140,0,1,128
KRT15_3*MFAP5_5,KRT15*MFAP5,167,436,86,90,160,66,192,147,0,1,95
KRT15_3*MPEG1_1,KRT15*MPEG1,139,588,94,2158,333,381,315,251,27,12077,20169
KRT15_3*MPEG1_4,KRT15*MPEG1,2,174,4,967,56,84,77,68,0,0,20
KRT15_3*MPEG1_5,KRT15*MPEG1,64,422,350,356682,693,425,1723,423,2,209,496
KRT15_3*MUC16_1,KRT15*MUC16,170,214,198,129,199,118,259,252,0,1,142
KRT15_3*MUC16_2,KRT15*MUC16,144,833,149,147,141,29,209,183,0,5,163
KRT15_3*MUC16_5,KRT15*MUC16,352,1206,377,37205,273,176,364,301,1,33,2216
KRT15_3*MYSM1_2,KRT15*MYSM1,143,414,190,251,178,80,210,156,0,0,103
KRT15_3*MYSM1_4,KRT15*MYSM1,238,398,172,165290,383,211,330,255,1,103,235
KRT15_3*MYSM1_5,KRT15*MYSM1,181,336,93,121,143,126,200,193,0,2,79
KRT15_3*NT_17,KRT15*NT,82,281,76,30,173,48,159,140,0,2,72
KRT15_3*NT_18,KRT15*NT,81,610,193,62,108,82,198,116,0,2,113
KRT15_3*NT_20,KRT15*NT,115,412,159,129,181,49,4069,136,0,7,103
KRT15_3*NT_25,KRT15*NT,92,361,123,460,23463,15307,504,475,152,71884,18712
KRT15_3*NT_26,KRT15*NT,157,477,225,192,208,137,245,217,0,0,73
KRT15_3*NT_33,KRT15*NT,276,549,456,684,266,89,300,236,0,6,221
KRT15_3*NT_39,KRT15*NT,90,925,415,12611,303,423,324,286,0,15,258
KRT15_3*NT_57,KRT15*NT,102,244,143,57,152,79,151,176,0,2,53
KRT15_3*NT_6,KRT15*NT,141,466,429,216,274,127,3174,576,2302,5549,9516
KRT15_3*PDCD1LG2_1,KRT15*PDCD1LG2,309,1370,569,559643,1245,2660,1003,980,5,430,785
KRT15_3*PDCD1LG2_2,KRT15*PDCD1LG2,76,327,183,129,134,72,176,131,0,2,56
KRT15_3*PDCD1LG2_3,KRT15*PDCD1LG2,252,179,192,84,153,964,219,172,0,4,113
KRT15_3*PLA2G2A_2,KRT15*PLA2G2A,45,398,62,42,41,35,69,109,0,1,91
KRT15_3*PLA2G2A_4,KRT15*PLA2G2A,81,307,126,89,151,43,5209,178,0,4,106
KRT15_3*PLA2G2A_5,KRT15*PLA2G2A,161,175,144,1189,129,106,167,135,0,3,100
KRT15_3*PLA2R1_2,KRT15*PLA2R1,448,984,386,1926,379,201,483,471,1,2876,543
KRT15_3*PLA2R1_3,KRT15*PLA2R1,75,254,42,1452,192,143,227,182,0,3,160
KRT15_3*PLA2R1_4,KRT15*PLA2R1,157,686,136,473,286,113,307,253,10,3303,17520
KRT15_3*TLR7_1,KRT15*TLR7,92,581,214,278,227,200,834,240,28,22161,11843
KRT15_3*TLR7_2,KRT15*TLR7,3,70,43,141,46,39,117,78,0,0,49
KRT15_3*TLR7_5,KRT15*TLR7,121,187,138,268,88,1032,145,139,0,2,101
KRT15_3*TNFSF15_1,KRT15*TNFSF15,136,234,106,125,225,145,23348,203,0,16,178
KRT15_3*TNFSF15_2,KRT15*TNFSF15,160,502,149,976,191,72,238,227,1,6925,184
KRT15_3*TNFSF15_3,KRT15*TNFSF15,353,712,230,115,12711,8385,280,224,1,26,3564
KRT15_5*BTLA_1,KRT15*BTLA,65,202,101,17,26,33,105,57,0,1,18
KRT15_5*BTLA_2,KRT15*BTLA,78,202,147,14,81,227,79,76,0,0,49
KRT15_5*BTLA_3,KRT15*BTLA,8,95,37,47,64,2,64,54,0,2,26
KRT15_5*CDH1_1,KRT15*CDH1,181,56,110,4628,84,38,99,95,0,3,70
KRT15_5*CDH1_3,KRT15*CDH1,0,0,0,4,8,4,25,10,0,0,6
KRT15_5*CDH1_4,KRT15*CDH1,239,594,250,210,199,119,263,1136,100,36,143
KRT15_5*CDH1_5,KRT15*CDH1,101,174,118,53,140,16,271,137,0,3,93
KRT15_5*CX3CL1_3,KRT15*CX3CL1,55,79,53,20,28,17,39,18,0,0,22
KRT15_5*CX3CL1_4,KRT15*CX3CL1,104,511,169,131,106,24,151,147,0,0,93
KRT15_5*CX3CL1_5,KRT15*CX3CL1,185,298,199,133,150,110,169,118,0,3,65
KRT15_5*CXCR2_2,KRT15*CXCR2,99,417,82,152,133,1094,133,108,0,4,60
KRT15_5*CXCR2_4,KRT15*CXCR2,12,155,0,4,16,54,17,23,0,0,10
KRT15_5*CXCR2_5,KRT15*CXCR2,116,1152,154,3298,87,41,152,87,0,4,98
KRT15_5*CXCR5_2,KRT15*CXCR5,22,297,95,55,37,99,79,71,0,3,27
KRT15_5*CXCR5_3,KRT15*CXCR5,363,852,332,1028,1256,806,938,807,2041,176855,190733
KRT15_5*CXCR5_4,KRT15*CXCR5,68,178,43,36,25,1,47,24,0,0,18
KRT15_5*FCRL6_1,KRT15*FCRL6,74,320,105,22,76,50,94,93,0,1,47
KRT15_5*FCRL6_4,KRT15*FCRL6,209,151,275,295,293,137,291,1306,125,53,123
KRT15_5*FCRL6_5,KRT15*FCRL6,118,441,116,85,57,49,96,68,0,1,56
KRT15_5*HGF_2,KRT15*HGF,247,648,104,123,125,100,199,147,0,1,152
KRT15_5*HGF_4,KRT15*HGF,107,602,122,90,177,69,318,200,0,0,219
KRT15_5*HGF_5,KRT15*HGF,84,248,86,62,44,15,41,29,0,1,3
KRT15_5*IL6_1,KRT15*IL6,37,133,70,26,35,81,49,57,0,0,29
KRT15_5*IL6_2,KRT15*IL6,37,182,88,6847,52,12,68,44,0,5,57
KRT15_5*IL6_5,KRT15*IL6,56,224,74,796,16871,1925,1536,416038,5,383,664
KRT15_5*MFAP5_1,KRT15*MFAP5,61,28,117,50,78,54,90,96,0,12,25
KRT15_5*MFAP5_3,KRT15*MFAP5,130,144,102,395929,715,525,506,446,3,309,431
KRT15_5*MFAP5_5,KRT15*MFAP5,104,135,153,78,95,26,117,127,1,5130,66
KRT15_5*MPEG1_1,KRT15*MPEG1,127,556,219,158,127,26,174,650,1,5988,91
KRT15_5*MPEG1_4,KRT15*MPEG1,37,129,174,70,104,58,112,109,0,0,70
KRT15_5*MPEG1_5,KRT15*MPEG1,139,268,63,46,85,138,92,78,0,0,41
KRT15_5*MUC16_1,KRT15*MUC16,78,117,316,195,81769,13789,275,232,0,65,233
KRT15_5*MUC16_2,KRT15*MUC16,199,47,146,550,677,440,744,4431,1461,270,410
KRT15_5*MUC16_5,KRT15*MUC16,200,549,249,34,98,54,131,102,0,2,50
KRT15_5*MYSM1_2,KRT15*MYSM1,60,76,15,67,66,15,84,83,0,0,60
KRT15_5*MYSM1_4,KRT15*MYSM1,178,268,239,1106,78,39,78,95,0,2,61
KRT15_5*MYSM1_5,KRT15*MYSM1,59,198,25,57,52,116,53,50,0,2,33
KRT15_5*NT_17,KRT15*NT,63,25,81,27,82,33,99,86,0,1,55
KRT15_5*NT_18,KRT15*NT,55,205,168,159,46849,5115,272,239,0,31,185
KRT15_5*NT_20,KRT15*NT,120,340,68,98,91,96,90,114,0,0,38
KRT15_5*NT_25,KRT15*NT,120,122,70,113,84,87,113,66,0,0,95
KRT15_5*NT_26,KRT15*NT,176,487,219,19840,165,76,161,149,0,18,102
KRT15_5*NT_33,KRT15*NT,192,458,152,105,139,22,149,109,0,503,86
KRT15_5*NT_39,KRT15*NT,128,950,171,104487,327,944,296,263,0,76,227
KRT15_5*NT_57,KRT15*NT,218,670,133,175,115,125,192,130,0,1,96
KRT15_5*NT_6,KRT15*NT,112,316,114,64,92,16,86,110,0,2,73
KRT15_5*PDCD1LG2_1,KRT15*PDCD1LG2,275,615,305,407,550,306,1211,424,299,57435,74415
KRT15_5*PDCD1LG2_2,KRT15*PDCD1LG2,100,23,47,193,226,733,71431,156,0,77,234
KRT15_5*PDCD1LG2_3,KRT15*PDCD1LG2,137,205,105,127557,305,245,275,236,1,115,209
KRT15_5*PLA2G2A_2,KRT15*PLA2G2A,64,78,186,72,46,80,103,89,0,2,54
KRT15_5*PLA2G2A_4,KRT15*PLA2G2A,37,160,68,29,38,37,47,47,0,0,18
KRT15_5*PLA2G2A_5,KRT15*PLA2G2A,55,270,166,53662,188,101,10131,163,0,45,166
KRT15_5*PLA2R1_2,KRT15*PLA2R1,173,775,269,70453,294,188,264,212,0,44,196
KRT15_5*PLA2R1_3,KRT15*PLA2R1,12,20,143,42,113,43,16942,104,0,11,66
KRT15_5*PLA2R1_4,KRT15*PLA2R1,72,432,45,54,112,27,167,120,0,0,57
KRT15_5*TLR7_1,KRT15*TLR7,108,710,117,146,78,110,78,63,0,2,25
KRT15_5*TLR7_2,KRT15*TLR7,30,36,42,10,28,2,25,34,0,1,21
KRT15_5*TLR7_5,KRT15*TLR7,41,203,160,24,37,19,99,46,0,2,51
KRT15_5*TNFSF15_1,KRT15*TNFSF15,156,401,208,97,48,34,78,106,0,2,65
KRT15_5*TNFSF15_2,KRT15*TNFSF15,178,614,299,81,116,7,102,92,0,0,69
KRT15_5*TNFSF15_3,KRT15*TNFSF15,134,819,169,77,109,114,126,330,19,17,62
NT_13*BTLA_1,NT*BTLA,348,1250,444,184,145,59,264,239,0,3,112
NT_13*BTLA_2,NT*BTLA,381,1811,370,16464,11864,10877,325,265,0,37,223
NT_13*BTLA_3,NT*BTLA,389,1024,265,453,798,295,380,511,4040,21088,16730
NT_13*CDH1_1,NT*CDH1,318,991,188,35733,282,280,310,234,14,5901,10920
NT_13*CDH1_3,NT*CDH1,0,0,0,16,19,14,34,13,0,1,19
NT_13*CDH1_4,NT*CDH1,614,1647,539,50361,104426,5570,779,3034,101,129,501
NT_13*CDH1_5,NT*CDH1,642,1660,373,80299,1157,882,1131,850,968,88924,136686
NT_13*CX3CL1_3,NT*CX3CL1,116,476,102,23383,105,66,134,114,0,28,50
NT_13*CX3CL1_4,NT*CX3CL1,238,1131,310,759,984,571,721,608,1019,131250,125346
NT_13*CX3CL1_5,NT*CX3CL1,443,2414,499,5687,25078,747,427,404,0,276,266
NT_13*CXCR2_2,NT*CXCR2,315,1435,248,417,273,854,361,247,0,3,174
NT_13*CXCR2_4,NT*CXCR2,210,901,258,68,112,1240,315,122,0,5,110
NT_13*CXCR2_5,NT*CXCR2,636,1982,552,2167,200285,21250,439,402,1,154,395
NT_13*CXCR5_2,NT*CXCR5,150,1532,180,37375,227,164,254,197,11,9533,3451
NT_13*CXCR5_3,NT*CXCR5,960,2164,671,1252,696,563,21546,483,195,52640,43043
NT_13*CXCR5_4,NT*CXCR5,241,879,158,820,87,86,157,114,0,2,100
NT_13*FCRL6_1,NT*FCRL6,410,2072,443,8641,455,948,516,1398,1893,3743,1018
NT_13*FCRL6_4,NT*FCRL6,411,1068,492,317,81529,26523,373,241,1,687,272
NT_13*FCRL6_5,NT*FCRL6,257,673,128,200127,436,467,388,297,1,141,340
NT_13*HGF_2,NT*HGF,511,1462,433,351,63289,3437,450,311,0,44,319
NT_13*HGF_4,NT*HGF,669,1675,403,502255,97638,11599,56144,1463,7427,127747,125167
NT_13*HGF_5,NT*HGF,487,1397,394,239,509,727,341,272,0,0,199
NT_13*IL6_1,NT*IL6,167,415,126,12764,318,1620,326,227,63,18948,32748
NT_13*IL6_2,NT*IL6,339,1045,308,6251,21131,6816,676,544,646,93772,102062
NT_13*IL6_5,NT*IL6,449,2245,293,628,19713,13496,757,475,291,53009,59795
NT_13*MFAP5_1,NT*MFAP5,118,412,129,835,64453,5897,215,157,0,38,161
NT_13*MFAP5_3,NT*MFAP5,348,1126,355,254,18818,8059,285,196,0,20,203
NT_13*MFAP5_5,NT*MFAP5,322,795,322,2563,495,925,494,781,16547,18049,51255
NT_13*MPEG1_1,NT*MPEG1,313,1055,571,1767,218,128,354,237,0,109,139
NT_13*MPEG1_4,NT*MPEG1,174,526,80,71,145,2876,15790,120,0,18,82
NT_13*MPEG1_5,NT*MPEG1,483,1624,478,152,233,1840,415,191,0,139,163
NT_13*MUC16_1,NT*MUC16,395,1489,339,2403,277,278,441,394,34,777,219
NT_13*MUC16_2,NT*MUC16,366,689,351,13143,218,94,362,231,0,15,212
NT_13*MUC16_5,NT*MUC16,489,2043,530,7168,594,255,22646,731,10065,20977,30198
NT_13*MYSM1_2,NT*MYSM1,238,623,221,850,185,63,2100,142,0,1,143
NT_13*MYSM1_4,NT*MYSM1,482,1318,441,86808,1141,3730,925,826,10761,53946,207224
NT_13*MYSM1_5,NT*MYSM1,394,1388,429,3592,689,479,3012,587,745,132067,107224
NT_13*NT_17,NT*NT,299,844,274,1038,225,108,296,259,11,10933,9736
NT_13*NT_18,NT*NT,438,1431,240,505,293,256,358,249,0,5,244
NT_13*NT_20,NT*NT,187,850,59,396,69,398,163,93,0,2034,77
NT_13*NT_25,NT*NT,531,1601,505,26259,478,217,518,734,2746,10171,6721
NT_13*NT_26,NT*NT,561,1644,763,366,240,5433,355,252,0,13,367
NT_13*NT_33,NT*NT,605,1658,752,15417,342,4075,2880,613,42,40,278
NT_13*NT_39,NT*NT,715,2160,853,417,429,284,4293,32565,24,18395,6622
NT_13*NT_57,NT*NT,292,1118,380,1306,185,84,279,282,0,3,196
NT_13*NT_6,NT*NT,485,1104,304,47899,390,157,13266,333,7,4408,2987
NT_13*PDCD1LG2_1,NT*PDCD1LG2,680,1744,628,5480,1536,1398,6742,331048,68306,24597,46931
NT_13*PDCD1LG2_2,NT*PDCD1LG2,407,1079,257,4678,9368,198,319,180,0,9,126
NT_13*PDCD1LG2_3,NT*PDCD1LG2,339,1010,401,14239,362,124,490,896,113,49,324
NT_13*PLA2G2A_2,NT*PLA2G2A,329,625,222,125,165,181,222,141,12,6821,13488
NT_13*PLA2G2A_4,NT*PLA2G2A,402,672,261,45703,20597,8299,302,228,0,63,215
NT_13*PLA2G2A_5,NT*PLA2G2A,440,1162,410,3399,593,359,1213,154937,18,2345,6728
NT_13*PLA2R1_2,NT*PLA2R1,766,2357,656,19412,475,626,4136,529,0,24,449
NT_13*PLA2R1_3,NT*PLA2R1,196,731,102,321,552,215,601,395,0,9,384
NT_13*PLA2R1_4,NT*PLA2R1,411,1345,299,542,607,462,567,443,198,30953,78600
NT_13*TLR7_1,NT*TLR7,596,1190,510,2282,2695,737,4002,4180,1264,235,463
NT_13*TLR7_2,NT*TLR7,113,171,119,241,118,103,187,128,0,2,103
NT_13*TLR7_5,NT*TLR7,251,737,195,14020,147,58,184,113,0,12,133
NT_13*TNFSF15_1,NT*TNFSF15,187,726,374,46077,670,622,23615,456,377,46780,95110
NT_13*TNFSF15_2,NT*TNFSF15,562,1591,595,503493,1979,1398,239347,1249,1753,48236,54791
NT_13*TNFSF15_3,NT*TNFSF15,423,2202,525,710,572,538,10801,434,17,27,322
NT_16*BTLA_1,NT*BTLA,173,445,310,84,204,88,242,210,0,1,107
NT_16*BTLA_2,NT*BTLA,207,770,583,246,60628,11706,318,298,0,51,218
NT_16*BTLA_3,NT*BTLA,33,155,82,73,152,10,167,175,0,2,80
NT_16*CDH1_1,NT*CDH1,223,382,168,113,127,150,134,144,0,1,174
NT_16*CDH1_3,NT*CDH1,0,0,0,22,44,7,66,54,0,0,39
NT_16*CDH1_4,NT*CDH1,319,803,222,73,147,23,156,178,0,1,95
NT_16*CDH1_5,NT*CDH1,485,1047,465,212,227,134,254,608,41,20,182
NT_16*CX3CL1_3,NT*CX3CL1,24,298,55,48,65,2,63,54,0,0,19
NT_16*CX3CL1_4,NT*CX3CL1,124,336,215,168,294,132,42771,216,0,41,210
NT_16*CX3CL1_5,NT*CX3CL1,219,760,359,123,171,52,204,184,0,2,105
NT_16*CXCR2_2,NT*CXCR2,37,79,76,92,100,87,175,112,0,0,142
NT_16*CXCR2_4,NT*CXCR2,84,60,112,31,38,71,61,47,0,3,60
NT_16*CXCR2_5,NT*CXCR2,155,770,123,35,100,93,132,114,0,0,78
NT_16*CXCR5_2,NT*CXCR5,82,190,71,36,81,2,100,84,0,0,80
NT_16*CXCR5_3,NT*CXCR5,196,315,424,131,160,248,339,186,0,1,219
NT_16*CXCR5_4,NT*CXCR5,70,170,42,47,67,5,68,38,0,1,20
NT_16*FCRL6_1,NT*FCRL6,52,267,288,318,54450,6087,212,385,20,46,117
NT_16*FCRL6_4,NT*FCRL6,126,404,68,109,68,60,98,90,0,0,62
NT_16*FCRL6_5,NT*FCRL6,157,239,319,5095,87,130,144,115,0,4,132
NT_16*HGF_2,NT*HGF,240,295,99,125,101,76,132,99,0,3,81
NT_16*HGF_4,NT*HGF,120,331,241,200,230,37,274,243,0,3,160
NT_16*HGF_5,NT*HGF,266,309,259,448,23652,45895,237,310,13,73,244
NT_16*IL6_1,NT*IL6,106,54,178,67,118,1,105,94,0,2,80
NT_16*IL6_2,NT*IL6,129,917,258,95,170,96,184,164,0,1,140
NT_16*IL6_5,NT*IL6,209,653,84,141,187,102,167,159,0,0,91
NT_16*MFAP5_1,NT*MFAP5,108,645,220,263,128,230,144,139,0,3,128
NT_16*MFAP5_3,NT*MFAP5,102,638,18,201,124,131,133,134,0,1,70
NT_16*MFAP5_5,NT*MFAP5,157,311,210,289,273,132,20133,347,23,30,195
NT_16*MPEG1_1,NT*MPEG1,99,398,232,97,97,3,95,94,0,0,84
NT_16*MPEG1_4,NT*MPEG1,19,151,0,18,23,2,37,45,0,0,22
NT_16*MPEG1_5,NT*MPEG1,84,782,40,58,136,1965,189,189,0,5,59
NT_16*MUC16_1,NT*MUC16,58,38,306,79,127,100,138,170,0,0,72
NT_16*MUC16_2,NT*MUC16,192,598,487,155,167,88,279,286,0,5,179
NT_16*MUC16_5,NT*MUC16,196,1009,441,191,221,27,273,254,1,11974,120
NT_16*MYSM1_2,NT*MYSM1,24,504,167,45,92,73,136,125,0,0,93
NT_16*MYSM1_4,NT*MYSM1,173,506,233,50,139,60,124,131,0,2,70
NT_16*MYSM1_5,NT*MYSM1,162,600,194,73,116,18,140,91,0,1,57
NT_16*NT_17,NT*NT,42,171,257,23,97,74,149,185,0,1,187
NT_16*NT_18,NT*NT,145,442,95,80,226,112,228,164,0,2,143
NT_16*NT_20,NT*NT,91,549,191,48,86,0,111,105,0,1,105
NT_16*NT_25,NT*NT,60,653,103,58,169,46,174,154,0,0,116
NT_16*NT_26,NT*NT,133,601,194,136,170,134,211,187,0,1,234
NT_16*NT_33,NT*NT,386,794,401,1488,241,202,303,241,2,58,25106
NT_16*NT_39,NT*NT,432,766,350,4973,281,118,359,20792,0,24,187
NT_16*NT_57,NT*NT,231,341,302,170,140,39,139,149,0,3,96
NT_16*NT_6,NT*NT,263,311,219,69,421,78,238,272,0,4,173
NT_16*PDCD1LG2_1,NT*PDCD1LG2,325,480,638,163,225,108,280,265,0,5,189
NT_16*PDCD1LG2_2,NT*PDCD1LG2,92,261,232,76,98,37,76,81,0,0,36
NT_16*PDCD1LG2_3,NT*PDCD1LG2,62,131,143,158,207,166,31478,225,0,30,98
NT_16*PLA2G2A_2,NT*PLA2G2A,90,13,49,53,267,5,53,65,0,1,65
NT_16*PLA2G2A_4,NT*PLA2G2A,162,2,100,11601,89,13,133,118,0,8,57
NT_16*PLA2G2A_5,NT*PLA2G2A,58,308,158,212,59788,2293,266,234,0,44,248
NT_16*PLA2R1_2,NT*PLA2R1,262,229,194,66,194,453,377,204,0,8,161
NT_16*PLA2R1_3,NT*PLA2R1,23,12,141,48,116,41,86,109,0,0,51
NT_16*PLA2R1_4,NT*PLA2R1,127,570,158,35383,394,203,383,291,1,36,8189
NT_16*TLR7_1,NT*TLR7,57,344,36,1042,202,113,185,194,0,1,138
NT_16*TLR7_2,NT*TLR7,35,16,21,3642,132,82,103,105,0,3,117
NT_16*TLR7_5,NT*TLR7,77,456,171,336,374,239,253,279,202,78647,43291
NT_16*TNFSF15_1,NT*TNFSF15,174,58,136,8165,97,142,107,86,5,2971,7120
NT_16*TNFSF15_2,NT*TNFSF15,157,576,366,118,254,130,309,11261,0,10,174
NT_16*TNFSF15_3,NT*TNFSF15,127,544,205,572,653,449,700,4897,1358,226,454
NT_2*BTLA_1,NT*BTLA,236,637,569,346,57590,55589,475,382,1,121,390
NT_2*BTLA_2,NT*BTLA,433,1408,835,404,484,255,487,692,1320,13216,18070
NT_2*BTLA_3,NT*BTLA,115,792,135,100,248,165,264,250,0,5,207
NT_2*CDH1_1,NT*CDH1,410,691,474,187,311,67,346,277,0,1146,171
NT_2*CDH1_3,NT*CDH1,0,0,0,17,24,12,52,19,0,0,10
NT_2*CDH1_4,NT*CDH1,685,1257,1059,4130,394,230,533,448,0,8,230
NT_2*CDH1_5,NT*CDH1,631,803,886,361276,1097,586,1048,72630,4,335,707
NT_2*CX3CL1_3,NT*CX3CL1,128,223,178,136,113,49,114,102,0,2,80
NT_2*CX3CL1_4,NT*CX3CL1,214,1286,481,2135,911102,161200,12952,2883,1514,921,1522
NT_2*CX3CL1_5,NT*CX3CL1,276,876,360,12954,1008,570,190484,803,6,2056,597
NT_2*CXCR2_2,NT*CXCR2,455,714,524,331,462,275,535,478,4,4740,2851
NT_2*CXCR2_4,NT*CXCR2,104,187,235,85,116,45,129,136,0,1,82
NT_2*CXCR2_5,NT*CXCR2,210,624,404,362,352,263,15120,341,0,26,198
NT_2*CXCR5_2,NT*CXCR5,128,666,282,123,303,90,248,243,0,0,136
NT_2*CXCR5_3,NT*CXCR5,851,1646,926,779,1094,896,38847,4528,37455,8078,14488
NT_2*CXCR5_4,NT*CXCR5,225,786,274,203,199,125,229,254,0,2,196
NT_2*FCRL6_1,NT*FCRL6,306,1359,600,1541,579,336,516,1106,83,33,335
NT_2*FCRL6_4,NT*FCRL6,316,653,336,1051,121,9,150,125,0,4,95
NT_2*FCRL6_5,NT*FCRL6,376,676,852,1057,209,114,280,268,0,4,163
NT_2*HGF_2,NT*HGF,452,1726,688,321,432,297,575,506,1,3250,391
NT_2*HGF_4,NT*HGF,337,945,455,464,520,191,562,550,0,5,299
NT_2*HGF_5,NT*HGF,159,509,176,249,323,191,351,348,757,37060,6752
NT_2*IL6_1,NT*IL6,121,754,101,77,131,34,152,126,0,1,84
NT_2*IL6_2,NT*IL6,801,2000,771,253,397,204,28932,396,0,25,327
NT_2*IL6_5,NT*IL6,837,1010,555,742,202428,20139,660,615,1,198,465
NT_2*MFAP5_1,NT*MFAP5,241,1474,730,155,330,146,347,255,0,3,203
NT_2*MFAP5_3,NT*MFAP5,538,601,286,20476,1122,992,766,698,745,112560,89703
NT_2*MFAP5_5,NT*MFAP5,343,540,285,305,589,233,365,328,0,5,155
NT_2*MPEG1_1,NT*MPEG1,322,1281,695,975,383,727,432,564,0,1,269
NT_2*MPEG1_4,NT*MPEG1,44,57,42,57,60,119,81,62,0,1,56
NT_2*MPEG1_5,NT*MPEG1,370,660,427,225,307,99,314,285,0,5,216
NT_2*MUC16_1,NT*MUC16,536,1064,393,702,469,182,468,467,0,8,446
NT_2*MUC16_2,NT*MUC16,429,857,452,515,284,50,316,369,0,6,374
NT_2*MUC16_5,NT*MUC16,403,506,494,209,329,166,383,342,0,5,236
NT_2*MYSM1_2,NT*MYSM1,114,478,203,111,202,111,210,209,0,3,214
NT_2*MYSM1_4,NT*MYSM1,359,698,432,1590,2023,1496,2250,17195,15071,803,1483
NT_2*MYSM1_5,NT*MYSM1,190,911,342,328,384,240,448,412,13,8262,12233
NT_2*NT_17,NT*NT,167,67,266,48848,380,122,466,393,0,43,204
NT_2*NT_18,NT*NT,170,84,197,409,405,82,441,390,0,4,226
NT_2*NT_20,NT*NT,257,832,317,64,183,44,206,192,0,3,184
NT_2*NT_25,NT*NT,353,1301,450,252,423,188,807,353,0,4,323
NT_2*NT_26,NT*NT,222,959,283,235,404,287,491,389,8,1317,17093
NT_2*NT_33,NT*NT,654,1668,448,462,311,289,392,418,0,3,340
NT_2*NT_39,NT*NT,406,1665,981,37725,476,2143,13440,608,0,42,424
NT_2*NT_57,NT*NT,336,382,472,153,179,68,241,254,0,2,196
NT_2*NT_6,NT*NT,404,656,684,330,25069,15824,512,462,0,44,412
NT_2*PDCD1LG2_1,NT*PDCD1LG2,681,1716,1224,652,712,510,891,48001,76,20306,34375
NT_2*PDCD1LG2_2,NT*PDCD1LG2,298,908,529,2186,265,72,284,311,0,5,215
NT_2*PDCD1LG2_3,NT*PDCD1LG2,251,1107,386,279,371,206,11953,476,0,14,267
NT_2*PLA2G2A_2,NT*PLA2G2A,414,1066,527,79,199,42,268,200,0,3,109
NT_2*PLA2G2A_4,NT*PLA2G2A,192,611,343,216,189,85,231,272,0,4,214
NT_2*PLA2G2A_5,NT*PLA2G2A,380,301,386,427,616,242,604,441,139,47582,38867
NT_2*PLA2R1_2,NT*PLA2R1,611,1179,661,523,507,241,625,574,0,9,278
NT_2*PLA2R1_3,NT*PLA2R1,103,632,82,208,239,162,360,269,0,0,150
NT_2*PLA2R1_4,NT*PLA2R1,201,558,289,514,26174,106135,562,473,1,151,465
NT_2*TLR7_1,NT*TLR7,308,1095,541,315,14210,8550,520,463,98,53176,21221
NT_2*TLR7_2,NT*TLR7,68,453,109,118,163,68,223,177,0,3,88
NT_2*TLR7_5,NT*TLR7,269,646,331,97,159,32,179,193,0,3,148
NT_2*TNFSF15_1,NT*TNFSF15,352,711,356,37231,468,204,430,1810,302,119,278
NT_2*TNFSF15_2,NT*TNFSF15,582,707,661,8714,114386,43258,726,559,1,130,502
NT_2*TNFSF15_3,NT*TNFSF15,685,871,601,935,340,223,447,463,0,7,335
NT_30*BTLA_1,NT*BTLA,110,451,71,124,130,71,200,184,0,2,145
NT_30*BTLA_2,NT*BTLA,96,266,250,381,215,83,206,219,0,2,164
NT_30*BTLA_3,NT*BTLA,149,306,107,122,150,172,239,165,0,1,193
NT_30*CDH1_1,NT*CDH1,230,630,129,102,184,49,240,232,0,1,128
NT_30*CDH1_3,NT*CDH1,0,0,0,7,15,4,39,10,0,1,4
NT_30*CDH1_4,NT*CDH1,354,746,258,1081,2672,283,538,1544,197,63,344
NT_30*CDH1_5,NT*CDH1,188,292,225,200,237,71,234,206,0,0,217
NT_30*CX3CL1_3,NT*CX3CL1,22,229,130,99,66,42,98,133,0,2,70
NT_30*CX3CL1_4,NT*CX3CL1,238,669,177,467,1725,1431,554,574,200,42960,59762
NT_30*CX3CL1_5,NT*CX3CL1,193,673,97,29907,33953,12291,8256,2603,17071,660597,413653
NT_30*CXCR2_2,NT*CXCR2,127,419,334,273,211,1421,313,243,0,3,178
NT_30*CXCR2_4,NT*CXCR2,22,256,59,99,110,94,152,13577,0,15,104
NT_30*CXCR2_5,NT*CXCR2,30,178,77,123,125,150,186,202,0,1,125
NT_30*CXCR5_2,NT*CXCR5,22,107,4,94,99,104,108,106,0,3,74
NT_30*CXCR5_3,NT*CXCR5,156,713,360,431,69950,50806,465,454,1,118,356
NT_30*CXCR5_4,NT*CXCR5,23,51,35,62,101,41,97,110,0,0,97
NT_30*FCRL6_1,NT*FCRL6,18,464,161,148,171,118,231,219,0,1,114
NT_30*FCRL6_4,NT*FCRL6,207,471,159,51,102,1915,123,122,0,0,43
NT_30*FCRL6_5,NT*FCRL6,147,261,115,27558,164,118,196,176,0,20,92
NT_30*HGF_2,NT*HGF,120,517,281,223,199,183,246,264,0,1,266
NT_30*HGF_4,NT*HGF,102,278,162,332,325,203,524,296,0,3,132
NT_30*HGF_5,NT*HGF,212,581,73,5355,549,174,297,246,0,12,216
NT_30*IL6_1,NT*IL6,63,46,13,76,83,56,129,129,0,2,87
NT_30*IL6_2,NT*IL6,189,327,271,66,90,78,196,177,0,1,151
NT_30*IL6_5,NT*IL6,161,589,155,236,183,188,281,239,0,2,127
NT_30*MFAP5_1,NT*MFAP5,63,254,53,44,65,28,122,87,0,0,113
NT_30*MFAP5_3,NT*MFAP5,90,292,128,86,153,211,162,152,0,4,118
NT_30*MFAP5_5,NT*MFAP5,111,287,133,166,177,63,303,247,0,1,150
NT_30*MPEG1_1,NT*MPEG1,58,353,106,169,301,164,342,665,38,15,230
NT_30*MPEG1_4,NT*MPEG1,59,190,0,20,39,1,53,29,0,0,8
NT_30*MPEG1_5,NT*MPEG1,126,336,118,5585,186,140,263,414,18,22,157
NT_30*MUC16_1,NT*MUC16,36,158,39,2903,2424,1289,445,309,2,8,1022
NT_30*MUC16_2,NT*MUC16,155,494,185,2393,292,32378,271,310,1,36,6262
NT_30*MUC16_5,NT*MUC16,164,425,74,117,170,94,254,202,0,2,149
NT_30*MYSM1_2,NT*MYSM1,41,254,86,132,108,175,120,135,0,1,89
NT_30*MYSM1_4,NT*MYSM1,239,680,383,1404,176,72,220,180,0,2,119
NT_30*MYSM1_5,NT*MYSM1,101,649,181,105,158,125,233,228,0,4,114
NT_30*NT_17,NT*NT,22,115,62,105,126,78,123,125,0,4,86
NT_30*NT_18,NT*NT,53,230,115,157,238,108,402,342,0,5,183
NT_30*NT_20,NT*NT,147,190,72,43,104,67,80,98,0,0,42
NT_30*NT_25,NT*NT,222,355,1388,295,263,118,360,355,0,2,187
NT_30*NT_26,NT*NT,167,102,147,120,198,52,231,235,0,2,186
NT_30*NT_33,NT*NT,173,379,148,92,192,126,210,225,0,6,112
NT_30*NT_39,NT*NT,311,1641,578,1593,540,192,695,585,0,7,382
NT_30*NT_57,NT*NT,110,417,25,27544,197,73,210,175,0,24,153
NT_30*NT_6,NT*NT,74,3,97,164,174,171,357,258,0,4,195
NT_30*PDCD1LG2_1,NT*PDCD1LG2,135,387,263,147,318,2372,429,319,0,6,207
NT_30*PDCD1LG2_2,NT*PDCD1LG2,88,278,187,3222,547,371,428,370,333,66498,87580
NT_30*PDCD1LG2_3,NT*PDCD1LG2,140,361,87,226,312,43,215,159,0,1,48
NT_30*PLA2G2A_2,NT*PLA2G2A,110,300,68,171,109,114,183,189,0,0,78
NT_30*PLA2G2A_4,NT*PLA2G2A,63,148,167,89,105,49,155,147,0,1,93
NT_30*PLA2G2A_5,NT*PLA2G2A,147,9,133,98,138,71,190,197,0,0,133
NT_30*PLA2R1_2,NT*PLA2R1,235,386,116,231,506,117,425,399,0,2,229
NT_30*PLA2R1_3,NT*PLA2R1,2,245,19,75,108,14,97,102,0,2,46
NT_30*PLA2R1_4,NT*PLA2R1,128,301,159,1215,170,59,222,197,0,1,160
NT_30*TLR7_1,NT*TLR7,227,889,239,507,4983,170,311,313,0,5,302
NT_30*TLR7_2,NT*TLR7,0,96,8,19,92,9,103,76,0,0,76
NT_30*TLR7_5,NT*TLR7,77,294,70,86,243,54,286,213,0,1,207
NT_30*TNFSF15_1,NT*TNFSF15,189,449,121,64,78,5,123,119,0,1,64
NT_30*TNFSF15_2,NT*TNFSF15,177,185,114,118,186,60,249,199,0,0,125
NT_30*TNFSF15_3,NT*TNFSF15,291,595,339,191,273,249,333,341,0,4,273
NT_43*BTLA_1,NT*BTLA,21,263,83,37901,182,119,210,126,0,26,121
NT_43*BTLA_2,NT*BTLA,100,273,152,211,142,25,217,120,0,2,142
NT_43*BTLA_3,NT*BTLA,172,475,125,215,3792,286,323,266,0,8,196
NT_43*CDH1_1,NT*CDH1,181,328,114,549,209,139,230,175,0,2,111
NT_43*CDH1_3,NT*CDH1,0,0,0,9,18,5,58,14,0,0,6
NT_43*CDH1_4,NT*CDH1,249,543,283,22951,581,338,590,466,224,53345,59337
NT_43*CDH1_5,NT*CDH1,84,524,188,295,332,167,366,332,42,18988,23128
NT_43*CX3CL1_3,NT*CX3CL1,8,190,63,5246,7866,3661,9138,6963,2,54,5388
NT_43*CX3CL1_4,NT*CX3CL1,56,321,207,58885,15474,5166,10818,8055,3,107,5830
NT_43*CX3CL1_5,NT*CX3CL1,193,232,324,336,205,97,251,209,0,1,123
NT_43*CXCR2_2,NT*CXCR2,123,526,176,770,382887,55240,865,859,3488,31748,7631
NT_43*CXCR2_4,NT*CXCR2,24,57,22,73,17543,664,124,122,0,21,115
NT_43*CXCR2_5,NT*CXCR2,89,58,124,50,56,25,118,120,0,5,101
NT_43*CXCR5_2,NT*CXCR5,18,474,128,146120,6134,3390,5283,4417,10,1112,5980
NT_43*CXCR5_3,NT*CXCR5,183,632,193,8709,898,456,730,631,943,153239,102196
NT_43*CXCR5_4,NT*CXCR5,44,112,149,63,84,99,118,96,0,1,53
NT_43*FCRL6_1,NT*FCRL6,241,630,258,208,254,114,9596,223,0,15,134
NT_43*FCRL6_4,NT*FCRL6,86,799,115,43,129,424,7328,127,0,13,76
NT_43*FCRL6_5,NT*FCRL6,87,379,86,86,88,61,95,129,0,0,65
NT_43*HGF_2,NT*HGF,288,752,275,10023,261,229,404,15738,57,39,270
NT_43*HGF_4,NT*HGF,136,626,283,167,170,47,1066,181,0,0,127
NT_43*HGF_5,NT*HGF,190,923,195,672,294687,58472,645,478,3,263,514
NT_43*IL6_1,NT*IL6,182,193,106,80,129,50,176,129,0,0,129
NT_43*IL6_2,NT*IL6,148,239,114,169,43048,6215,242,174,0,35,127
NT_43*IL6_5,NT*IL6,113,423,150,212,137,101,163,150,0,0,143
NT_43*MFAP5_1,NT*MFAP5,65,187,103,18,40,1,83,44,0,0,45
NT_43*MFAP5_3,NT*MFAP5,76,319,123,146,141,546,1277,110,0,4,139
NT_43*MFAP5_5,NT*MFAP5,92,232,92,107,147,71,225,192,0,2,76
NT_43*MPEG1_1,NT*MPEG1,219,694,123,201,215,127,20831,171,0,16,224
NT_43*MPEG1_4,NT*MPEG1,44,336,40,32,64,16,120,71,0,1,56
NT_43*MPEG1_5,NT*MPEG1,63,509,145,428,2189,628,244,424,35,22,168
NT_43*MUC16_1,NT*MUC16,105,159,141,521,557,482,659,3817,1176,345,411
NT_43*MUC16_2,NT*MUC16,152,330,139,19883,151,1327,171,141,0,16,144
NT_43*MUC16_5,NT*MUC16,312,284,269,181,223,88,264,335,274,5638,1417
NT_43*MYSM1_2,NT*MYSM1,113,466,125,48,122,39,147,142,0,1,95
NT_43*MYSM1_4,NT*MYSM1,158,387,198,121,128,33,213,350,15,11,126
NT_43*MYSM1_5,NT*MYSM1,120,381,67,3115,137,125,242,175,0,6,148
NT_43*NT_17,NT*NT,47,290,59,98,131,67,206,167,0,3,117
NT_43*NT_18,NT*NT,79,241,48,39,108,57,189,122,0,0,109
NT_43*NT_20,NT*NT,63,47,98,156,130,84,162,88,0,2,80
NT_43*NT_25,NT*NT,113,422,19,48581,299,162,317,287,0,43,252
NT_43*NT_26,NT*NT,106,601,164,139,214,29,204,164,0,2,171
NT_43*NT_33,NT*NT,221,376,266,151,178,1861,262,261,0,5,188
NT_43*NT_39,NT*NT,184,402,287,99,286,143,381,252,0,3,241
NT_43*NT_57,NT*NT,38,291,65,115,141,43,215,95,0,2,77
NT_43*NT_6,NT*NT,185,725,145,1223,1995,887,3826,2732,0,20,1793
NT_43*PDCD1LG2_1,NT*PDCD1LG2,189,658,352,370,339,125,442,308,24,16205,14646
NT_43*PDCD1LG2_2,NT*PDCD1LG2,131,571,117,163,251,153,245,185,8,1003,27922
NT_43*PDCD1LG2_3,NT*PDCD1LG2,98,415,139,170,199,103,1584,157,2,1274,2379
NT_43*PLA2G2A_2,NT*PLA2G2A,43,114,104,107,129,211,168,176,0,2,111
NT_43*PLA2G2A_4,NT*PLA2G2A,59,116,115,79,106,10,159,123,0,2,103
NT_43*PLA2G2A_5,NT*PLA2G2A,70,196,84,64,145,148,181,148,0,2,76
NT_43*PLA2R1_2,NT*PLA2R1,244,466,126,338,353,11594,9575,349,0,23,308
NT_43*PLA2R1_3,NT*PLA2R1,19,127,38,57,140,33,177,113,0,1,112
NT_43*PLA2R1_4,NT*PLA2R1,129,431,174,170,175,31,190,174,0,1,105
NT_43*TLR7_1,NT*TLR7,70,351,84,1076,178,99,285,219,0,1,134
NT_43*TLR7_2,NT*TLR7,65,96,56,24,26,28,77,61,0,0,35
NT_43*TLR7_5,NT*TLR7,136,289,100,132,155,57,31686,135,0,34,115
NT_43*TNFSF15_1,NT*TNFSF15,69,267,93,78,73,378,132,112,6,6445,6178
NT_43*TNFSF15_2,NT*TNFSF15,236,395,105,3731,242,193,480,238,0,5,185
NT_43*TNFSF15_3,NT*TNFSF15,169,509,155,148,245,95,285,273,0,0,152
NT_44*BTLA_1,NT*BTLA,151,349,399,120,240,200,9748,155,0,11,127
NT_44*BTLA_2,NT*BTLA,438,1309,342,122,284,311,399,344,0,6,309
NT_44*BTLA_3,NT*BTLA,285,800,69,15205,250293,173703,772,609,5,387,691
NT_44*CDH1_1,NT*CDH1,437,763,773,185,8180,15374,282,281,0,24,227
NT_44*CDH1_3,NT*CDH1,0,0,0,19,18,14,43,20,0,0,11
NT_44*CDH1_4,NT*CDH1,554,2446,715,462,13717,522,372,356,0,20,313
NT_44*CDH1_5,NT*CDH1,518,646,648,1595,205,109,252,273,0,5,195
NT_44*CX3CL1_3,NT*CX3CL1,186,280,55,357,414,416,457,2778,484,136,252
NT_44*CX3CL1_4,NT*CX3CL1,189,470,327,65,82,3,120,154,0,5,74
NT_44*CX3CL1_5,NT*CX3CL1,481,1800,562,307,345,134,388,409,0,12,214
NT_44*CXCR2_2,NT*CXCR2,284,743,176,177,220,45,276,252,1,5299,173
NT_44*CXCR2_4,NT*CXCR2,195,407,208,107,220,122,223,509,21,20,76
NT_44*CXCR2_5,NT*CXCR2,390,655,331,142,165,710,215,260,0,5,115
NT_44*CXCR5_2,NT*CXCR5,235,499,271,35,55,67,98,206,0,1,94
NT_44*CXCR5_3,NT*CXCR5,769,1713,906,602315,1390,1070,1116,974,55,2738,8737
NT_44*CXCR5_4,NT*CXCR5,159,232,297,63,116,90,107,131,0,3,131
NT_44*FCRL6_1,NT*FCRL6,330,1493,667,236,305,159,348,331,2,13945,206
NT_44*FCRL6_4,NT*FCRL6,77,707,299,45,113,9,92,75,0,2,49
NT_44*FCRL6_5,NT*FCRL6,200,1297,464,74,73,27,143,120,0,2,94
NT_44*HGF_2,NT*HGF,465,944,452,440,274,207,405,322,0,1,164
NT_44*HGF_4,NT*HGF,460,485,406,404,302,130,371,336,0,9,182
NT_44*HGF_5,NT*HGF,139,623,320,120,277,50,275,234,0,311,176
NT_44*IL6_1,NT*IL6,125,536,273,138,118,60,153,121,0,1,67
NT_44*IL6_2,NT*IL6,293,1637,237,115,169,176,229,198,0,0,183
NT_44*IL6_5,NT*IL6,342,310,528,277,363,141,426,1504,172,58,239
NT_44*MFAP5_1,NT*MFAP5,340,772,448,115932,352,276,381,305,0,96,200
NT_44*MFAP5_3,NT*MFAP5,432,720,225,164,219,43,241,179,0,1,171
NT_44*MFAP5_5,NT*MFAP5,303,1255,332,217,271,244,302,299,0,6,180
NT_44*MPEG1_1,NT*MPEG1,176,724,210,2685,3515,2261,2366,2037,15759,454537,556113
NT_44*MPEG1_4,NT*MPEG1,21,56,53,96,55,0,68,53,0,1,37
NT_44*MPEG1_5,NT*MPEG1,188,539,578,167,196,177,213,180,0,13,2115
NT_44*MUC16_1,NT*MUC16,153,512,292,1350,938,613,536,596,257,71807,56611
NT_44*MUC16_2,NT*MUC16,242,1095,612,284,290,200,269,302,0,2,176
NT_44*MUC16_5,NT*MUC16,480,1026,1132,192255,642,367,22244,516,1,161,421
NT_44*MYSM1_2,NT*MYSM1,385,557,218,157,182,77,196,295,0,2,198
NT_44*MYSM1_4,NT*MYSM1,418,1442,686,224810,453,324,468,426,3,1311,356
NT_44*MYSM1_5,NT*MYSM1,314,1029,597,151308,451,215,430,376,1,99,367
NT_44*NT_17,NT*NT,125,152,95,100,174,82,197,164,0,1,167
NT_44*NT_18,NT*NT,226,498,209,108,205,49,289,219,0,3,205
NT_44*NT_20,NT*NT,256,99,121,118,69,0,117,91,0,0,107
NT_44*NT_25,NT*NT,279,854,553,249,320,63,394,391,0,5,274
NT_44*NT_26,NT*NT,522,1287,572,18776,331,104,416,369,0,16,280
NT_44*NT_33,NT*NT,381,1114,606,31395,295,143,513,359,0,29,186
NT_44*NT_39,NT*NT,401,1321,950,521,646,412,740,2056,10761,2848,17898
NT_44*NT_57,NT*NT,283,679,146,214,193,70,209,25000,0,23,76
NT_44*NT_6,NT*NT,261,981,285,513,455,5865,46909,469,0,52,384
NT_44*PDCD1LG2_1,NT*PDCD1LG2,488,1558,992,44887,569514,150784,1520,1370,15,654,1401
NT_44*PDCD1LG2_2,NT*PDCD1LG2,503,1188,487,858,18480,377,324,289,8,4315,7894
NT_44*PDCD1LG2_3,NT*PDCD1LG2,340,535,83,154,154,142,189,190,0,3,160
NT_44*PLA2G2A_2,NT*PLA2G2A,195,1107,496,284,339,158,284,271,136,65385,28224
NT_44*PLA2G2A_4,NT*PLA2G2A,462,350,302,392,224,152,282,206,0,4,229
NT_44*PLA2G2A_5,NT*PLA2G2A,212,335,184,69,180,877,231,200,0,3,131
NT_44*PLA2R1_2,NT*PLA2R1,535,1636,758,655,560,204,636,532,0,6,459
NT_44*PLA2R1_3,NT*PLA2R1,83,231,46,38,115,31,121,139,0,4,100
NT_44*PLA2R1_4,NT*PLA2R1,213,997,331,152421,422,316,416,405,1,105,303
NT_44*TLR7_1,NT*TLR7,433,686,738,818656,3522,942,1104,1022,12,628,1117
NT_44*TLR7_2,NT*TLR7,152,877,68,136,128,65,130,129,29,27675,14793
NT_44*TLR7_5,NT*TLR7,296,1068,428,310,183,40,8412,275,0,8,128
NT_44*TNFSF15_1,NT*TNFSF15,400,800,243,135,154,65,191,691,42,24,95
NT_44*TNFSF15_2,NT*TNFSF15,307,1421,713,1604,296499,73121,1442,1258,3933,295674,180975
NT_44*TNFSF15_3,NT*TNFSF15,363,1359,769,147,261,92,359,352,0,8,213
NT_48*BTLA_1,NT*BTLA,797,1790,851,31100,60286,18659,592,508,1,102,374
NT_48*BTLA_2,NT*BTLA,613,1154,780,148213,455,219,430,468,2,113,2343
NT_48*BTLA_3,NT*BTLA,294,359,308,40596,399,6385,423,348,1,1973,311
NT_48*CDH1_1,NT*CDH1,510,1969,498,5853,366,87,343,281,11,7715,9238
NT_48*CDH1_3,NT*CDH1,0,0,0,27,72,31,129,38,0,2,23
NT_48*CDH1_4,NT*CDH1,1346,3191,1323,96173,275155,60877,48561,16169,40,1923,9426
NT_48*CDH1_5,NT*CDH1,865,2207,990,1141,116626,6175,2956,1035,558,44795,114094
NT_48*CX3CL1_3,NT*CX3CL1,220,580,92,283,427,281,395,299,147,54226,40092
NT_48*CX3CL1_4,NT*CX3CL1,530,1365,774,502,51706,8152,497,448,110,39186,30391
NT_48*CX3CL1_5,NT*CX3CL1,545,1785,1013,565,976,313,513,422,0,14,318
NT_48*CXCR2_2,NT*CXCR2,497,1174,471,1010,988,467,972,2740,2623,4131,559
NT_48*CXCR2_4,NT*CXCR2,277,903,376,944,1038,706,720,699,1566,179651,153262
NT_48*CXCR2_5,NT*CXCR2,249,2147,644,75316,1053393,275482,2073,2705,431,12780,23593
NT_48*CXCR5_2,NT*CXCR5,296,547,300,297,208,54,275,263,2,6681,504
NT_48*CXCR5_3,NT*CXCR5,1056,2303,1223,195504,825,2229,3543,931,17,3827,5402
NT_48*CXCR5_4,NT*CXCR5,143,458,281,92894,303,125,2112,284,0,75,192
NT_48*FCRL6_1,NT*FCRL6,725,1518,702,649,24095,66744,730,488,1,113,374
NT_48*FCRL6_4,NT*FCRL6,214,1654,374,329912,4780,504,43725,539,3,246,526
NT_48*FCRL6_5,NT*FCRL6,678,1865,1105,504602,18401,1049,14736,3501,26370,13347,10125
NT_48*HGF_2,NT*HGF,681,1999,639,1391,13196,867,490,461,583,829,19174
NT_48*HGF_4,NT*HGF,447,1528,563,530,639,255,3623,640,3,10486,475
NT_48*HGF_5,NT*HGF,421,1581,365,327,410,113,6017,444,19,19,257
NT_48*IL6_1,NT*IL6,310,356,256,92466,381,339,396,363,1,63,4458
NT_48*IL6_2,NT*IL6,627,1207,760,15798,1387,3980,572,58601,0,54,333
NT_48*IL6_5,NT*IL6,635,1871,581,908,1761,294,49831,472,1,42,1002
NT_48*MFAP5_1,NT*MFAP5,398,1420,559,328,463,405,9785,3416,0,592,179
NT_48*MFAP5_3,NT*MFAP5,241,684,582,259,308,66,7690,257,0,15,279
NT_48*MFAP5_5,NT*MFAP5,394,974,595,7836,386,137,406,355,0,8,346
NT_48*MPEG1_1,NT*MPEG1,542,1162,568,277,262,214,401,317,0,6,306
NT_48*MPEG1_4,NT*MPEG1,66,136,91,96,179,155,180,134,34,23504,17284
NT_48*MPEG1_5,NT*MPEG1,517,1599,588,14346,432,650,568,436,0,20,298
NT_48*MUC16_1,NT*MUC16,345,1568,356,309,1356,11456,762,470,0,17,279
NT_48*MUC16_2,NT*MUC16,483,1557,579,549,296,153,2361,306,0,6,229
NT_48*MUC16_5,NT*MUC16,760,1992,927,29645,44051,23234,75876,68880,63,501,48053
NT_48*MYSM1_2,NT*MYSM1,175,700,250,287,214,36,235,246,0,3,201
NT_48*MYSM1_4,NT*MYSM1,477,912,567,1556,322,208,409,382,0,5,271
NT_48*MYSM1_5,NT*MYSM1,574,1496,607,221,15450,10013,467,378,0,17,344
NT_48*NT_17,NT*NT,169,633,77,104,326,171,335,412,10,5158,11652
NT_48*NT_18,NT*NT,286,870,618,9584,276,146,502,312,0,17,254
NT_48*NT_20,NT*NT,229,492,182,100934,302,288,274,292,0,64,220
NT_48*NT_25,NT*NT,471,1773,505,3429,385,254,508,489,0,7,457
NT_48*NT_26,NT*NT,913,2290,930,3298,119511,62108,1971,1652,3,203,1341
NT_48*NT_33,NT*NT,1111,3114,1201,422,366,4453,671,620,18,20,370
NT_48*NT_39,NT*NT,992,2803,1212,12163,1624,677,1564,5848,2598,317,991
NT_48*NT_57,NT*NT,498,1785,432,166,161,109,255,262,0,4,99
NT_48*NT_6,NT*NT,422,1141,668,341,421,321,586,535,0,13,364
NT_48*PDCD1LG2_1,NT*PDCD1LG2,881,2337,1213,949,1143,653,16677,931,762,100411,119952
NT_48*PDCD1LG2_2,NT*PDCD1LG2,272,1247,421,689,337,170,16034,426,0,22,273
NT_48*PDCD1LG2_3,NT*PDCD1LG2,331,575,529,222753,569,318,629,485,1,160,394
NT_48*PLA2G2A_2,NT*PLA2G2A,203,667,199,231,112,109,142,90,2,3142,1890
NT_48*PLA2G2A_4,NT*PLA2G2A,300,995,569,862,850,12999,30273,386,0,36,265
NT_48*PLA2G2A_5,NT*PLA2G2A,208,728,296,528,734,459,583,484,617,87647,110309
NT_48*PLA2R1_2,NT*PLA2R1,456,2573,847,1315,759,392,903,1705,4229,2547,6392
NT_48*PLA2R1_3,NT*PLA2R1,221,758,158,196,298,102,321,307,0,5,97
NT_48*PLA2R1_4,NT*PLA2R1,525,2408,810,15143,460,101,3112,589,0,18,304
NT_48*TLR7_1,NT*TLR7,489,1316,621,172789,2150,1360,6648,1438,5019,317357,250077
NT_48*TLR7_2,NT*TLR7,122,455,292,5619,189,57,27459,287,0,24,134
NT_48*TLR7_5,NT*TLR7,164,179,437,98,143,119,204,170,0,2,105
NT_48*TNFSF15_1,NT*TNFSF15,502,915,387,402,182,84,197,167,6,5941,6203
NT_48*TNFSF15_2,NT*TNFSF15,561,1255,644,4612,37886,23237,11266,3012,38739,452670,1526553
NT_48*TNFSF15_3,NT*TNFSF15,683,1981,909,27186,500,257,548,486,0,29,227
NT_49*BTLA_1,NT*BTLA,585,1945,1044,6063,555,260,571,493,2,1900,2919
NT_49*BTLA_2,NT*BTLA,676,1740,849,1905,1325,736,955,883,1462,177485,128291
NT_49*BTLA_3,NT*BTLA,783,2203,539,1743,258,201,369,261,0,7,212
NT_49*CDH1_1,NT*CDH1,602,2070,781,839,457,196,16319,424,33,5966,34146
NT_49*CDH1_3,NT*CDH1,0,0,0,59,126,35,213,138,0,1,52
NT_49*CDH1_4,NT*CDH1,1377,2793,1248,488,676,22343,5205,712,0,48,534
NT_49*CDH1_5,NT*CDH1,662,1992,739,138717,4065,3036,578,483,1,126,484
NT_49*CX3CL1_3,NT*CX3CL1,389,299,411,365,453,214,460,2603,582,165,317
NT_49*CX3CL1_4,NT*CX3CL1,723,1113,902,1244,442,314,506,29120,0,26,360
NT_49*CX3CL1_5,NT*CX3CL1,766,2382,932,1381,949,456,766,722,0,15,494
NT_49*CXCR2_2,NT*CXCR2,780,1551,930,1858,46991,165794,925,1039,86,249,768
NT_49*CXCR2_4,NT*CXCR2,78,642,411,156,194,56,225,276,0,3,110
NT_49*CXCR2_5,NT*CXCR2,509,1107,777,654,837,491,690,519,316,32217,108747
NT_49*CXCR5_2,NT*CXCR5,441,1202,416,237,319,138,334,409,0,4,292
NT_49*CXCR5_3,NT*CXCR5,834,3146,1579,1321,1260,645,1184,3087,47710,10201,73247
NT_49*CXCR5_4,NT*CXCR5,234,428,262,168028,11767,13833,49744,326514,78,698,34489
NT_49*FCRL6_1,NT*FCRL6,1104,2008,923,464,552,256,51879,591,2,88,3107
NT_49*FCRL6_4,NT*FCRL6,608,1437,988,462,498,243,80409,468,1,99,334
NT_49*FCRL6_5,NT*FCRL6,694,1114,562,179017,541,422,553,488,39,5421,13993
NT_49*HGF_2,NT*HGF,818,1416,1233,18201,584,374,642,643,0,18,462
NT_49*HGF_4,NT*HGF,559,904,974,676,540,264,691,586,0,14,381
NT_49*HGF_5,NT*HGF,691,2670,602,4301,1103665,249175,3887,1896,37,1133,2055
NT_49*IL6_1,NT*IL6,501,1085,660,250,297,163,330,408,1,609,2735
NT_49*IL6_2,NT*IL6,680,1720,939,1526,701,6305,665,1280,20223,42190,34184
NT_49*IL6_5,NT*IL6,586,1213,1036,5079,494,239,560,597,0,11,325
NT_49*MFAP5_1,NT*MFAP5,400,1137,485,194,225,224,222,198,0,4,214
NT_49*MFAP5_3,NT*MFAP5,610,2585,948,346,272,169,364,351,0,7,210
NT_49*MFAP5_5,NT*MFAP5,542,864,716,12553,360,197,1468,388,1,3034,308
NT_49*MPEG1_1,NT*MPEG1,683,2293,1163,114265,331916,105030,79642,2029,6271,284262,196649
NT_49*MPEG1_4,NT*MPEG1,393,643,350,41,119,90,228,157,0,3,131
NT_49*MPEG1_5,NT*MPEG1,978,2361,821,400952,5448,925,1283,3058,5423,9748,903
NT_49*MUC16_1,NT*MUC16,724,2072,1171,18978,687,344,731,714,0,20,554
NT_49*MUC16_2,NT*MUC16,759,1747,925,445045,65371,45928,54323,52134,6315,946,35894
NT_49*MUC16_5,NT*MUC16,1022,3003,1236,18042,559,201,14547,574,0,25,415
NT_49*MYSM1_2,NT*MYSM1,446,1353,925,22747,308,212,356,302,0,13,244
NT_49*MYSM1_4,NT*MYSM1,683,1110,408,349,642,330,519,555,206,82031,40457
NT_49*MYSM1_5,NT*MYSM1,651,2713,649,319,383,240,572,487,0,4,306
NT_49*NT_17,NT*NT,363,991,432,17779,1395,757,1316,1391,0,25,977
NT_49*NT_18,NT*NT,782,1445,887,35729,412,200,481,431,0,38,348
NT_49*NT_20,NT*NT,433,1057,372,92,199,130,255,247,0,4,165
NT_49*NT_25,NT*NT,781,1674,611,18650,602,316,651,629,0,13,379
NT_49*NT_26,NT*NT,703,1429,846,1577,214414,114819,1561,3420,42728,12642,35873
NT_49*NT_33,NT*NT,1162,2657,1297,143370,2772,1684,2390,2023,7904,478860,237697
NT_49*NT_39,NT*NT,1008,3551,1582,2427,670,490,764,1145,1140,3643,7073
NT_49*NT_57,NT*NT,470,892,517,6331,2063,1359,1441,1344,4588,396761,176076
NT_49*NT_6,NT*NT,902,2367,1151,6137,16643,65232,828,828,1,111,652
NT_49*PDCD1LG2_1,NT*PDCD1LG2,1489,3006,1645,18278,4624,4291,49573,3064,24214,468956,608828
NT_49*PDCD1LG2_2,NT*PDCD1LG2,447,1142,620,97471,1336,250,482,383,1,76,386
NT_49*PDCD1LG2_3,NT*PDCD1LG2,575,1010,1174,170639,873,3225,1784,705,1,143,649
NT_49*PLA2G2A_2,NT*PLA2G2A,245,1038,208,172,252,261,237,240,0,11,166
NT_49*PLA2G2A_4,NT*PLA2G2A,427,1393,572,431,262,106,261,259,0,2,87
NT_49*PLA2G2A_5,NT*PLA2G2A,719,1728,634,3411,1095,620,956,875,777,83006,127765
NT_49*PLA2R1_2,NT*PLA2R1,993,2257,1381,79373,102536,17910,1175,1666,219,192,782
NT_49*PLA2R1_3,NT*PLA2R1,52,234,255,163,200,51,296,220,0,2,251
NT_49*PLA2R1_4,NT*PLA2R1,567,1676,1108,40753,2014,2824,1261,314800,41,1506,14942
NT_49*TLR7_1,NT*TLR7,688,1785,634,6947,2741,917,615,524,24,4828,25529
NT_49*TLR7_2,NT*TLR7,422,855,608,28597,191,118,308,246,0,19,175
NT_49*TLR7_5,NT*TLR7,498,1347,518,47116,478,297,424,372,189,68128,35997
NT_49*TNFSF15_1,NT*TNFSF15,460,1704,302,341086,151734,146032,1007,874,11,536,1022
NT_49*TNFSF15_2,NT*TNFSF15,976,3952,1884,2929,577,847,653,641,0,301,479
NT_49*TNFSF15_3,NT*TNFSF15,749,2113,835,995,545,193,643,535,0,6,369
NT_9*BTLA_1,NT*BTLA,233,153,452,43431,338,144,424,395,0,21,330
NT_9*BTLA_2,NT*BTLA,203,384,184,119,237,165,292,206,0,6,160
NT_9*BTLA_3,NT*BTLA,194,727,342,303,279,5199,306,280,0,14,217
NT_9*CDH1_1,NT*CDH1,341,765,169,9478,190,40,199,175,0,6,70
NT_9*CDH1_3,NT*CDH1,0,0,0,26,68,59,95,79,0,1,36
NT_9*CDH1_4,NT*CDH1,414,557,729,768,111287,41216,81882,656,2,202,543
NT_9*CDH1_5,NT*CDH1,238,401,175,134,248,63,238,255,0,2,193
NT_9*CX3CL1_3,NT*CX3CL1,43,205,86,35,83,27,119,96,0,0,87
NT_9*CX3CL1_4,NT*CX3CL1,370,547,322,231,239,772,326,219,0,939,152
NT_9*CX3CL1_5,NT*CX3CL1,313,811,402,543,620,581,634,550,128,35586,45386
NT_9*CXCR2_2,NT*CXCR2,184,351,153,496,9349,83974,560,457,30,3384,18938
NT_9*CXCR2_4,NT*CXCR2,79,66,107,41,73,26,86,82,0,4,37
NT_9*CXCR2_5,NT*CXCR2,88,393,266,78,129,36,263,245,0,4,215
NT_9*CXCR5_2,NT*CXCR5,122,421,143,80,125,152,135,163,0,5,104
NT_9*CXCR5_3,NT*CXCR5,424,405,465,10013,337,191,461,457,0,14,258
NT_9*CXCR5_4,NT*CXCR5,38,102,5,69,86,53,90,78,0,0,55
NT_9*FCRL6_1,NT*FCRL6,55,491,124,169,311,213,386,364,0,2,272
NT_9*FCRL6_4,NT*FCRL6,86,449,287,285,132,45,174,156,0,3,100
NT_9*FCRL6_5,NT*FCRL6,78,283,231,108,186,100,242,275,0,1,166
NT_9*HGF_2,NT*HGF,291,1127,391,248,370,189,560,369,0,8,395
NT_9*HGF_4,NT*HGF,81,375,132,147,370,292,409,383,0,0,226
NT_9*HGF_5,NT*HGF,61,465,329,88,255,112,287,398,0,2,200
NT_9*IL6_1,NT*IL6,68,37,143,49,116,21,185,192,0,0,111
NT_9*IL6_2,NT*IL6,388,365,383,276,196,7502,246,312,0,18,186
NT_9*IL6_5,NT*IL6,143,26,99,174,167,791,259,266,0,9,215
NT_9*MFAP5_1,NT*MFAP5,190,597,36,190,206,124,182,166,8,3559,13814
NT_9*MFAP5_3,NT*MFAP5,63,179,275,103,141,122,200,169,0,0,114
NT_9*MFAP5_5,NT*MFAP5,133,368,208,124,198,246,290,226,0,0,121
NT_9*MPEG1_1,NT*MPEG1,120,382,143,89,265,68,328,297,0,3,221
NT_9*MPEG1_4,NT*MPEG1,14,4,0,97,52,125,78,56,0,0,53
NT_9*MPEG1_5,NT*MPEG1,277,295,88,184,279,128,298,688,42,23,212
NT_9*MUC16_1,NT*MUC16,162,21,108,163,294,211,327,272,0,6,242
NT_9*MUC16_2,NT*MUC16,191,568,428,22132,789,480,712,591,477,50408,116242
NT_9*MUC16_5,NT*MUC16,385,711,312,8699,399,188,11992,367,0,22,283
NT_9*MYSM1_2,NT*MYSM1,120,359,312,117,186,101,197,187,0,2,116
NT_9*MYSM1_4,NT*MYSM1,212,777,412,740,238,188,211,219,2,181,13054
NT_9*MYSM1_5,NT*MYSM1,162,345,123,125,266,122,386,305,0,2,230
NT_9*NT_17,NT*NT,41,103,22,126,216,183,268,233,0,3,193
NT_9*NT_18,NT*NT,110,260,111,156,222,159,302,277,0,0,175
NT_9*NT_20,NT*NT,76,45,63,87,126,8206,139,136,0,10,121
NT_9*NT_25,NT*NT,147,256,84,45027,381,143,488,423,0,47,262
NT_9*NT_26,NT*NT,176,678,279,1381,2871,2395,1577,467686,8,521,1059
NT_9*NT_33,NT*NT,122,381,145,104,199,262,279,232,0,1,131
NT_9*NT_39,NT*NT,198,665,585,430,545,319,636,629,43,15926,25164
NT_9*NT_57,NT*NT,68,186,103,73,120,24,156,119,0,2,60
NT_9*NT_6,NT*NT,107,510,109,229,352,274,354,326,0,2,185
NT_9*PDCD1LG2_1,NT*PDCD1LG2,350,809,284,1409,157735,69834,819,746,49,194,584
NT_9*PDCD1LG2_2,NT*PDCD1LG2,159,473,200,207,166,171,335,310,0,1,211
NT_9*PDCD1LG2_3,NT*PDCD1LG2,53,151,286,639429,1262,875,922,944,6,434,876
NT_9*PLA2G2A_2,NT*PLA2G2A,83,307,142,68,158,80,164,155,0,1,189
NT_9*PLA2G2A_4,NT*PLA2G2A,288,278,148,1163,229,41,323,309,0,7,164
NT_9*PLA2G2A_5,NT*PLA2G2A,52,386,118,163,148,15,238,251,0,5,141
NT_9*PLA2R1_2,NT*PLA2R1,429,355,363,224,455,2049,552,503,0,6,304
NT_9*PLA2R1_3,NT*PLA2R1,0,5,8,91,118,45,174,177,0,1,135
NT_9*PLA2R1_4,NT*PLA2R1,226,709,429,296,247,229,367,349,0,2,242
NT_9*TLR7_1,NT*TLR7,193,191,233,2590,250,69,301,300,0,4,229
NT_9*TLR7_2,NT*TLR7,107,433,115,137,255,43,240,169,0,1,131
NT_9*TLR7_5,NT*TLR7,47,527,66,171,139,39,153,154,0,4,84
NT_9*TNFSF15_1,NT*TNFSF15,89,268,267,130,109,112,135,111,0,1,56
NT_9*TNFSF15_2,NT*TNFSF15,248,308,256,3661,296,189,340,298,0,9,144
NT_9*TNFSF15_3,NT*TNFSF15,186,439,376,291,409,103,439,422,0,11,312
PTEN_1*BTLA_1,PTEN*BTLA,176,126,84,138527,266,197,211,202,0,100,140
PTEN_1*BTLA_2,PTEN*BTLA,261,506,177,59,102,28,112,79,0,2,37
PTEN_1*BTLA_3,PTEN*BTLA,87,307,131,91,62,17,75,106,0,2,90
PTEN_1*CDH1_1,PTEN*CDH1,83,278,110,134645,208672,110609,153541,162185,1087,292,21564
PTEN_1*CDH1_3,PTEN*CDH1,10,10,10,15672,27280,17110,22343,18574,15,664,45255
PTEN_1*CDH1_4,PTEN*CDH1,291,485,106,1665,186,18,190,267,0,0,131
PTEN_1*CDH1_5,PTEN*CDH1,28,233,76,53,64,17,59,60,0,2,71
PTEN_1*CX3CL1_3,PTEN*CX3CL1,88,149,45,406,472,328,340,275,0,0,25
PTEN_1*CX3CL1_4,PTEN*CX3CL1,70,228,221,22868,332288,104841,27240,22069,0,85,201
PTEN_1*CX3CL1_5,PTEN*CX3CL1,155,409,206,26795,32984,17150,39848,38715,9,64,4908
PTEN_1*CXCR2_2,PTEN*CXCR2,80,204,12,82,3736,1812,1426,5326,7,11,1711
PTEN_1*CXCR2_4,PTEN*CXCR2,100,360,61,74,63,42,81,60,0,2,39
PTEN_1*CXCR2_5,PTEN*CXCR2,23,110,115,62,55,11,78,35,0,3,400
PTEN_1*CXCR5_2,PTEN*CXCR5,91,95,145,2517,87,92,117,293,0,1,709
PTEN_1*CXCR5_3,PTEN*CXCR5,167,273,164,53,92,34,134,106,0,6,97
PTEN_1*CXCR5_4,PTEN*CXCR5,32,64,119,45320,54382,28815,57613,54040,73,449,35534
PTEN_1*FCRL6_1,PTEN*FCRL6,11,37,55,107,95,35,85,110,0,3,83
PTEN_1*FCRL6_4,PTEN*FCRL6,111,139,89,24,57,0,72,69,0,1,45
PTEN_1*FCRL6_5,PTEN*FCRL6,94,231,151,65,103,4,85,174,3,4,27
PTEN_1*HGF_2,PTEN*HGF,92,223,59,58,99,17,113,137,0,1,75
PTEN_1*HGF_4,PTEN*HGF,82,290,132,141,225,121,179,357,11,10,193
PTEN_1*HGF_5,PTEN*HGF,62,104,111,28,120,33,116,114,0,2,75
PTEN_1*IL6_1,PTEN*IL6,17,209,45,21,30,11,32,55,0,0,14
PTEN_1*IL6_2,PTEN*IL6,166,262,50,69,102,1549,4264,119,0,6,65
PTEN_1*IL6_5,PTEN*IL6,158,275,138,666,165,115,161,156,0,1,95
PTEN_1*MFAP5_1,PTEN*MFAP5,147,60,96,55,72,4,55,52,0,1,28
PTEN_1*MFAP5_3,PTEN*MFAP5,115,172,195,41,56,47,69,39,0,3,33
PTEN_1*MFAP5_5,PTEN*MFAP5,63,274,90,75,63,80,91,120,0,0,45
PTEN_1*MPEG1_1,PTEN*MPEG1,50,190,136,942996,1480,1125,1042,909,14,659,1118
PTEN_1*MPEG1_4,PTEN*MPEG1,0,0,5,1,42,16,48,40,0,0,6
PTEN_1*MPEG1_5,PTEN*MPEG1,154,707,217,107,110,719,137,116,0,7,77
PTEN_1*MUC16_1,PTEN*MUC16,94,276,31,57,106,30,121,118,0,5,72
PTEN_1*MUC16_2,PTEN*MUC16,84,485,223,104307,169999,86624,127530,126790,310,1238,92141
PTEN_1*MUC16_5,PTEN*MUC16,45,309,19,83,3819,12939,158,122,0,21,77
PTEN_1*MYSM1_2,PTEN*MYSM1,73,377,142,285,75,51,163,83,0,3,59
PTEN_1*MYSM1_4,PTEN*MYSM1,149,382,263,665,81,10,86,69,0,2,66
PTEN_1*MYSM1_5,PTEN*MYSM1,219,203,81,58,120,61,125,87,0,2,50
PTEN_1*NT_17,PTEN*NT,21,142,71,1025,520,14500,364,9499,65,127,7690
PTEN_1*NT_18,PTEN*NT,59,213,10,26,49,15,68,37,0,0,21
PTEN_1*NT_20,PTEN*NT,16,22,123,63,62,43,104,72,0,0,58
PTEN_1*NT_25,PTEN*NT,48,274,86,82,98,52,126,124,0,1,87
PTEN_1*NT_26,PTEN*NT,40,1312,43,52026,83039,38331,143588,179663,629,5100,96069
PTEN_1*NT_33,PTEN*NT,238,395,283,75,98,48,158,214,0,1,106
PTEN_1*NT_39,PTEN*NT,198,680,161,159,178,43,188,152,0,2,123
PTEN_1*NT_57,PTEN*NT,39,346,281,8,54,69,60,48,0,1,16
PTEN_1*NT_6,PTEN*NT,49,385,81,263,159,64,188,131,0,8,125
PTEN_1*PDCD1LG2_1,PTEN*PDCD1LG2,135,273,355,406,221,182,27219,258,0,37,143
PTEN_1*PDCD1LG2_2,PTEN*PDCD1LG2,41,2,72,57,64,32,79,69,0,1,17
PTEN_1*PDCD1LG2_3,PTEN*PDCD1LG2,42,73,132,76,82,47,72,96,0,6,99
PTEN_1*PLA2G2A_2,PTEN*PLA2G2A,39,29,75,42,76,73,104,67,0,1,36
PTEN_1*PLA2G2A_4,PTEN*PLA2G2A,136,81,42,47,59,5,77,64,0,3,50
PTEN_1*PLA2G2A_5,PTEN*PLA2G2A,125,191,174,234,318,224,281,248,74,11012,69970
PTEN_1*PLA2R1_2,PTEN*PLA2R1,138,458,187,161,103,92,157,124,0,2,56
PTEN_1*PLA2R1_3,PTEN*PLA2R1,16,107,41,389,58,78,39,55,0,0,41
PTEN_1*PLA2R1_4,PTEN*PLA2R1,204,627,204,35,113,14,96,82,0,2,83
PTEN_1*TLR7_1,PTEN*TLR7,174,446,193,69,96,77,120,114,0,10,106
PTEN_1*TLR7_2,PTEN*TLR7,18,148,26,2,12,2,18,17,0,0,0
PTEN_1*TLR7_5,PTEN*TLR7,175,458,172,457,603,364,402,387,550,145551,66751
PTEN_1*TNFSF15_1,PTEN*TNFSF15,46,239,116,12,34,86,54,33,0,2,12
PTEN_1*TNFSF15_2,PTEN*TNFSF15,65,229,195,161,120,71,162,126,0,2,141
PTEN_1*TNFSF15_3,PTEN*TNFSF15,37,280,120,1342,85,14,69,88,0,5,31
PTEN_3*BTLA_1,PTEN*BTLA,400,783,726,171,194,223,277,221,0,4,188
PTEN_3*BTLA_2,PTEN*BTLA,206,669,306,96860,286,141,270,206,0,72,220
PTEN_3*BTLA_3,PTEN*BTLA,287,763,169,4097,269,2667,39840,256,0,47,157
PTEN_3*CDH1_1,PTEN*CDH1,268,475,366,48149,77092,38694,69039,67040,5,146,10221
PTEN_3*CDH1_3,PTEN*CDH1,40,40,40,541498,417160,1255477,163690,987564,3971043,977725,3169490
PTEN_3*CDH1_4,PTEN*CDH1,245,776,873,1472,585,441,512,481,157,38254,50819
PTEN_3*CDH1_5,PTEN*CDH1,631,1100,764,6571,376,3625,25177,457,88,61,5560
PTEN_3*CX3CL1_3,PTEN*CX3CL1,195,178,182,23,97,21,119,91,0,9,6
PTEN_3*CX3CL1_4,PTEN*CX3CL1,283,735,419,86626,116219,50085,77638,76120,7,179,10388
PTEN_3*CX3CL1_5,PTEN*CX3CL1,203,586,271,226,204,58,293,277,0,15,130
PTEN_3*CXCR2_2,PTEN*CXCR2,91,149,271,32637,269,104,415,241,0,30,240
PTEN_3*CXCR2_4,PTEN*CXCR2,207,636,558,2262,117,48,114,126,0,11,83
PTEN_3*CXCR2_5,PTEN*CXCR2,233,297,203,209,155,178,189,171,0,21,183
PTEN_3*CXCR5_2,PTEN*CXCR5,205,569,296,515,225,1419,299,250,0,15,176
PTEN_3*CXCR5_3,PTEN*CXCR5,802,1510,722,219,340,317,6066,358,0,33,302
PTEN_3*CXCR5_4,PTEN*CXCR5,212,494,149,1779,199,27,370,196,0,10,81
PTEN_3*FCRL6_1,PTEN*FCRL6,347,541,302,6999,360,177,296,355,55,25279,24351
PTEN_3*FCRL6_4,PTEN*FCRL6,122,794,464,198,16749,52936,291,211,0,80,218
PTEN_3*FCRL6_5,PTEN*FCRL6,145,485,436,1208,176,17,221,150,0,4,123
PTEN_3*HGF_2,PTEN*HGF,245,915,314,4238,506,104,348,328,0,13,177
PTEN_3*HGF_4,PTEN*HGF,151,485,209,1025,57303,14373,104544,1537,3,187,858
PTEN_3*HGF_5,PTEN*HGF,328,1219,469,179,353,135,376,1011,93,47,221
PTEN_3*IL6_1,PTEN*IL6,87,376,238,67,98,26,117,100,0,3,53
PTEN_3*IL6_2,PTEN*IL6,394,524,583,323004,185926,38934,3070,717,5,401,664
PTEN_3*IL6_5,PTEN*IL6,256,153,154,197,273,182,290,292,0,8,177
PTEN_3*MFAP5_1,PTEN*MFAP5,229,362,247,104,14137,937,123,103,0,21,170
PTEN_3*MFAP5_3,PTEN*MFAP5,349,850,377,149,179,63,215,212,1,22,181
PTEN_3*MFAP5_5,PTEN*MFAP5,278,275,188,180,277,13096,279,273,0,11,251
PTEN_3*MPEG1_1,PTEN*MPEG1,338,448,261,197,208,63,246,213,0,12,108
PTEN_3*MPEG1_4,PTEN*MPEG1,30,279,52,8,53,4,103,76,0,0,66
PTEN_3*MPEG1_5,PTEN*MPEG1,278,512,147,111802,433,240,54711,336,1,171,250
PTEN_3*MUC16_1,PTEN*MUC16,138,230,312,130,282,184,220,217,0,8,168
PTEN_3*MUC16_2,PTEN*MUC16,138,1726,258,37990,576,339,674,331,0,36,172
PTEN_3*MUC16_5,PTEN*MUC16,422,1142,505,46194,72418,45964,120997,112223,464,6200,69340
PTEN_3*MYSM1_2,PTEN*MYSM1,296,140,324,88,194,187,13240,4668,25,836,1109
PTEN_3*MYSM1_4,PTEN*MYSM1,523,1518,496,214,174,67,197,183,0,15,188
PTEN_3*MYSM1_5,PTEN*MYSM1,355,985,312,1412,196,132,220,233,0,5,193
PTEN_3*NT_17,PTEN*NT,115,335,216,9780,3013,2082,1020,17605,87,498,7525
PTEN_3*NT_18,PTEN*NT,74,374,155,48,138,114,239,159,0,0,143
PTEN_3*NT_20,PTEN*NT,35,194,178,348,500,380,464,3482,725,156,319
PTEN_3*NT_25,PTEN*NT,228,764,303,68299,364,285,6277,310,0,63,273
PTEN_3*NT_26,PTEN*NT,272,562,332,79,313,150,693,300,0,13,116
PTEN_3*NT_33,PTEN*NT,376,743,452,95,229,130,359,248,0,22,183
PTEN_3*NT_39,PTEN*NT,417,418,478,69597,641321,249619,2120,5285,4424,1070,1760
PTEN_3*NT_57,PTEN*NT,139,37,196,99,138,47,124,238,0,11,84
PTEN_3*NT_6,PTEN*NT,185,550,309,109679,172855,75105,140818,135623,271,1179,89995
PTEN_3*PDCD1LG2_1,PTEN*PDCD1LG2,712,1169,840,31157,568,351,586,674,23,8668,16272
PTEN_3*PDCD1LG2_2,PTEN*PDCD1LG2,149,291,312,983,191,27,227,149,0,12,107
PTEN_3*PDCD1LG2_3,PTEN*PDCD1LG2,209,561,194,217,163,59,183,138,0,6,72
PTEN_3*PLA2G2A_2,PTEN*PLA2G2A,230,1044,175,909,1197,780,468636,674,7,455,743
PTEN_3*PLA2G2A_4,PTEN*PLA2G2A,102,506,229,947,465031,70476,35081,681,7,458,812
PTEN_3*PLA2G2A_5,PTEN*PLA2G2A,175,586,180,412,279,174,15734,211,0,35,116
PTEN_3*PLA2R1_2,PTEN*PLA2R1,272,1082,358,721,1096,476,210401,693,9,217,518
PTEN_3*PLA2R1_3,PTEN*PLA2R1,84,37,27,53,158,78,111,97,0,2,64
PTEN_3*PLA2R1_4,PTEN*PLA2R1,220,750,463,207,267,3815,28763,291,0,32,192
PTEN_3*TLR7_1,PTEN*TLR7,267,691,356,303,37617,60234,323,930,1,110,234
PTEN_3*TLR7_2,PTEN*TLR7,147,346,197,222,186,50,199,200,0,5,116
PTEN_3*TLR7_5,PTEN*TLR7,440,478,514,28238,13653,715,172,142,0,31,161
PTEN_3*TNFSF15_1,PTEN*TNFSF15,144,381,215,48,77,23,106,72,0,10,40
PTEN_3*TNFSF15_2,PTEN*TNFSF15,384,949,674,710,800,442,831,4299,1486,279,513
PTEN_3*TNFSF15_3,PTEN*TNFSF15,295,885,454,1786,404,3541,399,280,2,57,16309
PTEN_4*BTLA_1,PTEN*BTLA,138,254,173,15483,21936,52243,16751,48453,1638,3609,74239
PTEN_4*BTLA_2,PTEN*BTLA,249,731,366,235,403,4203,307,337,152,37826,55816
PTEN_4*BTLA_3,PTEN*BTLA,127,143,243,44188,25769,148706,27364,109095,7272,7854,115116
PTEN_4*CDH1_1,PTEN*CDH1,100,333,281,43772,204,47,189,155,0,28,126
PTEN_4*CDH1_3,PTEN*CDH1,0,0,0,12080752,17736153,8512986,13634177,13117368,42360114,1325480,1827044
PTEN_4*CDH1_4,PTEN*CDH1,111,627,231,2243,2356,1486,1561,1383,116648,5492263,5398507
PTEN_4*CDH1_5,PTEN*CDH1,151,603,556,785,812,491,615,528,11370,1178208,1848738
PTEN_4*CX3CL1_3,PTEN*CX3CL1,31,231,118,2,31,61,70,43,0,2,13
PTEN_4*CX3CL1_4,PTEN*CX3CL1,131,398,295,288,174,52,164,124,4,3692,4856
PTEN_4*CX3CL1_5,PTEN*CX3CL1,342,352,351,270215,1785,954,1496,1088,39,20839,12558
PTEN_4*CXCR2_2,PTEN*CXCR2,119,482,185,37731,33812,47662,19098,78175,12623,6840,112421
PTEN_4*CXCR2_4,PTEN*CXCR2,13,91,149,70,22,11,54,50,0,0,58
PTEN_4*CXCR2_5,PTEN*CXCR2,272,545,220,16929,13645,53313,11022,60127,11005,4638,55958
PTEN_4*CXCR5_2,PTEN*CXCR5,29,108,117,7381,13393,5643,16330,16583,734,1274,11233
PTEN_4*CXCR5_3,PTEN*CXCR5,231,557,516,168,145,52,199,153,0,9,119
PTEN_4*CXCR5_4,PTEN*CXCR5,24,312,64,9,19,10,22,23,0,1,16
PTEN_4*FCRL6_1,PTEN*FCRL6,196,215,151,116,219,25090,210,175,0,31,163
PTEN_4*FCRL6_4,PTEN*FCRL6,90,529,183,115,27126,16131,155,94,0,39,85
PTEN_4*FCRL6_5,PTEN*FCRL6,91,149,336,36,39,18,30,58,0,1,1
PTEN_4*HGF_2,PTEN*HGF,291,1186,382,149,273,2276,249,220,0,2,175
PTEN_4*HGF_4,PTEN*HGF,92,449,338,135,188,94,196,177,0,2,65
PTEN_4*HGF_5,PTEN*HGF,70,55,115,55,781,39,66,90,0,3,65
PTEN_4*IL6_1,PTEN*IL6,44,0,11,20,22,0,40,23,0,0,14
PTEN_4*IL6_2,PTEN*IL6,176,313,196,189,105,4152,114,117,0,12,117
PTEN_4*IL6_5,PTEN*IL6,210,180,161,98,169,17,171,215,0,2,92
PTEN_4*MFAP5_1,PTEN*MFAP5,208,2,251,42,54,2,44,35,0,4,40
PTEN_4*MFAP5_3,PTEN*MFAP5,101,269,53,30351,38558,102570,26781,131399,19625,7671,122106
PTEN_4*MFAP5_5,PTEN*MFAP5,98,330,153,92458,20736,180868,52185,115267,4212,3844,66804
PTEN_4*MPEG1_1,PTEN*MPEG1,112,169,225,331,332,182,345,267,49,28141,23384
PTEN_4*MPEG1_4,PTEN*MPEG1,25,106,31,19,30,3,30,56,0,0,9
PTEN_4*MPEG1_5,PTEN*MPEG1,85,262,170,13472,109,16,90,88,0,6,82
PTEN_4*MUC16_1,PTEN*MUC16,129,240,202,133,170,10,180,122,0,2,100
PTEN_4*MUC16_2,PTEN*MUC16,91,203,118,683,130934,183227,614,427,4,302,563
PTEN_4*MUC16_5,PTEN*MUC16,237,56,159,731,2866,27422,3070,9905,17,91,32634
PTEN_4*MYSM1_2,PTEN*MYSM1,41,224,356,15711,5421,28298,7483,31391,758,2194,19391
PTEN_4*MYSM1_4,PTEN*MYSM1,190,460,351,126,59,61,117,138,0,3,57
PTEN_4*MYSM1_5,PTEN*MYSM1,31,174,118,21015,8198,37946,11309,27499,1314,1419,27161
PTEN_4*NT_17,PTEN*NT,93,16,192,50483,31831,37125,32725,38672,821,6804,18156
PTEN_4*NT_18,PTEN*NT,123,520,252,812,133,25,109,141,0,0,96
PTEN_4*NT_20,PTEN*NT,102,139,212,72,49,27,81,66,0,1,30
PTEN_4*NT_25,PTEN*NT,112,257,123,180,110,63,119,148,0,3,63
PTEN_4*NT_26,PTEN*NT,168,545,276,378,182,42,16438,208,0,23,128
PTEN_4*NT_33,PTEN*NT,51,531,350,45,138,2367,115,144,0,10,120
PTEN_4*NT_39,PTEN*NT,399,621,341,1634,514326,218828,1291,1854,15,703,1209
PTEN_4*NT_57,PTEN*NT,104,182,197,804,999,646,1110,7374,3521,444,644
PTEN_4*NT_6,PTEN*NT,96,10,28,44,101,15,100,99,0,6,169
PTEN_4*PDCD1LG2_1,PTEN*PDCD1LG2,551,485,526,149,173,45,185,159,0,8,132
PTEN_4*PDCD1LG2_2,PTEN*PDCD1LG2,55,73,165,92,78,5,280,59,0,1,35
PTEN_4*PDCD1LG2_3,PTEN*PDCD1LG2,94,513,308,108,106,90,131,102,0,5,31
PTEN_4*PLA2G2A_2,PTEN*PLA2G2A,7,252,24,6,24,1,42,23,0,2,15
PTEN_4*PLA2G2A_4,PTEN*PLA2G2A,150,137,176,46,68,417,105,64,0,3,55
PTEN_4*PLA2G2A_5,PTEN*PLA2G2A,76,21,197,30,82,4,74,77,0,4,90
PTEN_4*PLA2R1_2,PTEN*PLA2R1,335,1461,420,293609,26261,200300,26763,88210,18646,88198,134882
PTEN_4*PLA2R1_3,PTEN*PLA2R1,43,87,18,9159,21129,129049,26173,104314,1828,1318,77641
PTEN_4*PLA2R1_4,PTEN*PLA2R1,19,209,328,144401,325,251,280,315,1,105,270
PTEN_4*TLR7_1,PTEN*TLR7,170,238,162,705,182,56,135,96,0,3,56
PTEN_4*TLR7_2,PTEN*TLR7,39,11,4,10,24,23,32,22,0,0,15
PTEN_4*TLR7_5,PTEN*TLR7,83,414,187,7557,16310,51668,6843,18587,410,1762,21438
PTEN_4*TNFSF15_1,PTEN*TNFSF15,43,386,171,63,63,12,75,77,0,3,67
PTEN_4*TNFSF15_2,PTEN*TNFSF15,160,853,151,38478,185,39,171,125,0,27,113
PTEN_4*TNFSF15_3,PTEN*TNFSF15,210,465,378,54,123,12,3599,149,0,5,38
RB1_1*BTLA_1,RB1*BTLA,120,339,106,46,105,4,107,81,0,2,71
RB1_1*BTLA_2,RB1*BTLA,173,608,224,1542,53,6,144,72,0,1,86
RB1_1*BTLA_3,RB1*BTLA,110,520,166,471,89,596,7416,83,0,6,94
RB1_1*CDH1_1,RB1*CDH1,109,317,103,48,89,76,115,123,0,3,62
RB1_1*CDH1_3,RB1*CDH1,0,0,0,9,8,11,30,12,0,0,12
RB1_1*CDH1_4,RB1*CDH1,316,572,293,102,167,73,245,158,0,2,149
RB1_1*CDH1_5,RB1*CDH1,195,737,290,151261,359,223,360,299,1,102,325
RB1_1*CX3CL1_3,RB1*CX3CL1,131,356,176,47,55,35,65,84,0,2,80
RB1_1*CX3CL1_4,RB1*CX3CL1,147,618,181,72,90,35,114,99,0,0,88
RB1_1*CX3CL1_5,RB1*CX3CL1,283,505,264,221,232,10317,247,191,0,19,140
RB1_1*CXCR2_2,RB1*CXCR2,147,524,116,41636,263,79,273,190,0,37,149
RB1_1*CXCR2_4,RB1*CXCR2,151,464,120,74,106,32,122,80,0,1,65
RB1_1*CXCR2_5,RB1*CXCR2,307,152,90,14574,145,127,150,422,32,43,83
RB1_1*CXCR5_2,RB1*CXCR5,58,417,132,65,120,114,143,108,0,1,103
RB1_1*CXCR5_3,RB1*CXCR5,277,1226,380,18265,372,199,428,1400,200,96,227
RB1_1*CXCR5_4,RB1*CXCR5,65,130,100,34991,1198,805,1225,7959,115593,18799,14071
RB1_1*FCRL6_1,RB1*FCRL6,218,745,272,112990,286,260,297,214,0,78,276
RB1_1*FCRL6_4,RB1*FCRL6,130,336,196,63,68,3,66,56,0,1,34
RB1_1*FCRL6_5,RB1*FCRL6,159,174,217,193,69,34,119,104,0,2,61
RB1_1*HGF_2,RB1*HGF,270,714,248,217,154,118,238,169,2,1991,4002
RB1_1*HGF_4,RB1*HGF,118,227,128,89,137,29,198,145,0,1,153
RB1_1*HGF_5,RB1*HGF,169,642,143,248,170,86,4382,163,0,5,92
RB1_1*IL6_1,RB1*IL6,43,256,29,107,63,8,101,71,0,0,66
RB1_1*IL6_2,RB1*IL6,103,698,270,1532,605,380,620,4038,1413,256,424
RB1_1*IL6_5,RB1*IL6,250,600,201,94,144,42,185,139,0,0,129
RB1_1*MFAP5_1,RB1*MFAP5,136,575,270,28,44,232,87,66,1,1,46
RB1_1*MFAP5_3,RB1*MFAP5,131,568,160,147,140,157,202,173,16,9865,15385
RB1_1*MFAP5_5,RB1*MFAP5,203,695,173,128,123,26,166,105,0,0,65
RB1_1*MPEG1_1,RB1*MPEG1,67,132,124,180,68,20,93,124,0,1,45
RB1_1*MPEG1_4,RB1*MPEG1,44,415,66,675,36,17,30,30,0,1,13
RB1_1*MPEG1_5,RB1*MPEG1,120,233,195,2478,424110,58680,647,527,5,379,642
RB1_1*MUC16_1,RB1*MUC16,97,277,65,76,122,85,260,149,0,1,67
RB1_1*MUC16_2,RB1*MUC16,153,903,186,4671,197,96,209,165,20,16493,10028
RB1_1*MUC16_5,RB1*MUC16,283,840,220,172238,394,259,356,293,1,104,243
RB1_1*MYSM1_2,RB1*MYSM1,83,179,156,231,89,17,104,84,0,1,121
RB1_1*MYSM1_4,RB1*MYSM1,105,677,298,3415,610,691,26132,252249,2,235,420
RB1_1*MYSM1_5,RB1*MYSM1,208,548,121,321,99,40,85,80,0,2,34
RB1_1*NT_17,RB1*NT,31,75,25,54,97,1,146,94,0,2,70
RB1_1*NT_18,RB1*NT,39,197,129,76,68,30,116,69,0,2,65
RB1_1*NT_20,RB1*NT,178,575,166,1101,1171,775,3052,548381,6,444,745
RB1_1*NT_25,RB1*NT,203,273,84,160,190,87,316,243,0,4,192
RB1_1*NT_26,RB1*NT,129,641,221,114,112,36,199,148,0,1,98
RB1_1*NT_33,RB1*NT,158,573,200,211,349,132,270,268,107,62682,18925
RB1_1*NT_39,RB1*NT,313,1200,436,188,198,38,305,245,0,5,191
RB1_1*NT_57,RB1*NT,133,253,138,951,72,62,101,86,0,5,52
RB1_1*NT_6,RB1*NT,168,587,422,134,163,143,264,166,0,0,99
RB1_1*PDCD1LG2_1,RB1*PDCD1LG2,274,991,478,147977,616,610,538,409,112,11265,47118
RB1_1*PDCD1LG2_2,RB1*PDCD1LG2,82,125,221,169,54755,12475,245,190,0,50,106
RB1_1*PDCD1LG2_3,RB1*PDCD1LG2,175,492,112,233,270,228,280,198,54,18016,31944
RB1_1*PLA2G2A_2,RB1*PLA2G2A,118,403,169,86,151,77,144,117,13,6263,15859
RB1_1*PLA2G2A_4,RB1*PLA2G2A,103,180,106,6231,77,35,105,63,0,4,68
RB1_1*PLA2G2A_5,RB1*PLA2G2A,137,866,90,961,104,2,133,59,0,3,57
RB1_1*PLA2R1_2,RB1*PLA2R1,264,667,191,173,214,79,1240,324,3,2812,2660
RB1_1*PLA2R1_3,RB1*PLA2R1,15,23,19,102,76,6,77,66,0,1,33
RB1_1*PLA2R1_4,RB1*PLA2R1,199,378,88,54971,252,163,10929,186,3,10934,211
RB1_1*TLR7_1,RB1*TLR7,194,374,188,180824,368,251,345,561,54,147,251
RB1_1*TLR7_2,RB1*TLR7,34,228,94,107,44,17,34,65,0,1,51
RB1_1*TLR7_5,RB1*TLR7,162,562,360,103,81,918,122,71,0,3,43
RB1_1*TNFSF15_1,RB1*TNFSF15,351,533,271,610,458,57,106,84,1,6837,102
RB1_1*TNFSF15_2,RB1*TNFSF15,243,777,258,122,152,41,221,154,0,2,134
RB1_1*TNFSF15_3,RB1*TNFSF15,196,514,377,709,683,426,694,5251,4485,3206,488
RB1_2*BTLA_1,RB1*BTLA,166,215,150,4995,182,77,176,160,0,2,98
RB1_2*BTLA_2,RB1*BTLA,281,522,287,960,207,153,228,221,0,4,101
RB1_2*BTLA_3,RB1*BTLA,174,885,234,143,172,61,215,160,2,22617,90
RB1_2*CDH1_1,RB1*CDH1,210,440,234,87,164,61,148,218,97,2273,4964
RB1_2*CDH1_3,RB1*CDH1,0,0,0,6,11,7,21,1,0,0,12
RB1_2*CDH1_4,RB1*CDH1,457,624,208,115038,372,228,485,308,1,82,277
RB1_2*CDH1_5,RB1*CDH1,141,429,205,6730,180,28,231,147,0,7,61
RB1_2*CX3CL1_3,RB1*CX3CL1,167,320,161,57,46,15,94,83,0,1,63
RB1_2*CX3CL1_4,RB1*CX3CL1,60,359,175,2277,93,64,112,133,0,6,32
RB1_2*CX3CL1_5,RB1*CX3CL1,190,493,314,519,624,386,677,2848,18043,6288,8287
RB1_2*CXCR2_2,RB1*CXCR2,265,446,409,281,527,160,576,432,0,13,298
RB1_2*CXCR2_4,RB1*CXCR2,104,354,82,34,58,15,56,98,0,4,38
RB1_2*CXCR2_5,RB1*CXCR2,213,544,303,62,125,87,178,122,0,2,186
RB1_2*CXCR5_2,RB1*CXCR5,48,150,160,49,4844,62,60,85,1,7164,235
RB1_2*CXCR5_3,RB1*CXCR5,289,750,430,1756,473,320,466,361,83,9894,65221
RB1_2*CXCR5_4,RB1*CXCR5,189,255,231,34027,138,79,135,124,0,22,68
RB1_2*FCRL6_1,RB1*FCRL6,107,579,87,171,176,39,167,156,0,1,163
RB1_2*FCRL6_4,RB1*FCRL6,127,236,217,2846,110,428,135,100,0,3,73
RB1_2*FCRL6_5,RB1*FCRL6,266,351,212,132178,71700,30663,395,384,1,191,360
RB1_2*HGF_2,RB1*HGF,128,608,273,195,227,130,221,218,0,7,166
RB1_2*HGF_4,RB1*HGF,153,198,268,119,127,67,207,169,0,4,119
RB1_2*HGF_5,RB1*HGF,215,493,123,425,544,394,622,3729,1303,232,632
RB1_2*IL6_1,RB1*IL6,26,460,96,7352,131,39,3025,149,0,13,87
RB1_2*IL6_2,RB1*IL6,256,397,335,324,120,98,200,142,0,3,127
RB1_2*IL6_5,RB1*IL6,259,837,295,244,240,184,27910,277,0,30,258
RB1_2*MFAP5_1,RB1*MFAP5,20,115,81,35,49,20,88,61,0,1,46
RB1_2*MFAP5_3,RB1*MFAP5,75,239,195,99,127,29,5565,139,0,13,111
RB1_2*MFAP5_5,RB1*MFAP5,215,646,214,331,308,217,383,1040,11729,13511,23614
RB1_2*MPEG1_1,RB1*MPEG1,130,247,146,150,172,16,263,175,0,1,131
RB1_2*MPEG1_4,RB1*MPEG1,76,120,70,8,30,16,47,47,0,0,13
RB1_2*MPEG1_5,RB1*MPEG1,241,382,88,233,130,10,140,93,0,3,206
RB1_2*MUC16_1,RB1*MUC16,308,443,195,138,227,62,212,201,0,3,196
RB1_2*MUC16_2,RB1*MUC16,292,635,360,150,169,72,196,194,0,0,181
RB1_2*MUC16_5,RB1*MUC16,163,556,276,82,130,112,150,168,0,3,125
RB1_2*MYSM1_2,RB1*MYSM1,97,221,92,143,178,69,201,548,83,462,100
RB1_2*MYSM1_4,RB1*MYSM1,274,803,357,7562,597,74,271,262,0,6,111
RB1_2*MYSM1_5,RB1*MYSM1,118,316,117,216,139,84,129,86,0,0,75
RB1_2*NT_17,RB1*NT,62,32,166,100,76,58,130,125,0,1,52
RB1_2*NT_18,RB1*NT,149,260,216,150,170,39,252,157,0,3,123
RB1_2*NT_20,RB1*NT,35,483,82,2153,89,5313,97,91,0,10,49
RB1_2*NT_25,RB1*NT,209,337,168,92,165,99,252,152,0,3,178
RB1_2*NT_26,RB1*NT,177,414,53,600,702,492,829,4635,1399,268,459
RB1_2*NT_33,RB1*NT,186,649,371,17644,201,891,266,197,0,16,131
RB1_2*NT_39,RB1*NT,317,606,289,333,271,199,349,483,22,15,283
RB1_2*NT_57,RB1*NT,45,42,141,83,59,2,63,50,0,1,50
RB1_2*NT_6,RB1*NT,274,499,189,198,180,145,308,238,0,2,215
RB1_2*PDCD1LG2_1,RB1*PDCD1LG2,444,1618,466,688,791,551,4234,4296,2993,1211,537
RB1_2*PDCD1LG2_2,RB1*PDCD1LG2,141,178,231,59,155,577,191,144,0,4,78
RB1_2*PDCD1LG2_3,RB1*PDCD1LG2,201,822,71,7171,241,96,172,140,0,3,106
RB1_2*PLA2G2A_2,RB1*PLA2G2A,112,277,180,81,169,107,5217,225,39,1627,79
RB1_2*PLA2G2A_4,RB1*PLA2G2A,104,357,55,273955,515,323,434,377,2,187,374
RB1_2*PLA2G2A_5,RB1*PLA2G2A,130,406,142,143,144,64,166,136,0,1,143
RB1_2*PLA2R1_2,RB1*PLA2R1,324,522,318,469,18738,18038,454,425,16,49,249
RB1_2*PLA2R1_3,RB1*PLA2R1,66,65,82,110,83,34,153,124,0,1,108
RB1_2*PLA2R1_4,RB1*PLA2R1,96,216,148,822,150,47,201,132,0,1,54
RB1_2*TLR7_1,RB1*TLR7,91,661,122,103,100,31,145,114,0,2,83
RB1_2*TLR7_2,RB1*TLR7,138,325,115,595,70,50,96,77,0,1,78
RB1_2*TLR7_5,RB1*TLR7,130,542,304,106,205,584,119,99,0,2,44
RB1_2*TNFSF15_1,RB1*TNFSF15,86,425,250,10739,110,610,116,73,0,8,71
RB1_2*TNFSF15_2,RB1*TNFSF15,126,1106,279,151,194,255,204,166,0,1,133
RB1_2*TNFSF15_3,RB1*TNFSF15,195,530,181,3277,13334,183,455,163,0,15,131
RB1_4*BTLA_1,RB1*BTLA,126,459,77,161,6858,6266,154,102,18,9750,11875
RB1_4*BTLA_2,RB1*BTLA,121,676,182,1438,58,7,74,50,0,3,57
RB1_4*BTLA_3,RB1*BTLA,145,585,182,71043,7774,158,179,135,0,50,124
RB1_4*CDH1_1,RB1*CDH1,112,484,101,34144,186,62,221,370,16,29,82
RB1_4*CDH1_3,RB1*CDH1,0,0,0,11,12,2,19,6,0,0,3
RB1_4*CDH1_4,RB1*CDH1,170,621,208,160,223,156,183,156,0,1,129
RB1_4*CDH1_5,RB1*CDH1,214,697,157,250,113,11,123,788,0,5,86
RB1_4*CX3CL1_3,RB1*CX3CL1,22,361,26,5498,22423,11970,98,77,0,33,82
RB1_4*CX3CL1_4,RB1*CX3CL1,134,253,177,23851,128,67,181,123,0,20,101
RB1_4*CX3CL1_5,RB1*CX3CL1,207,612,263,1801,3027,117,320,942,4352,12411,2339
RB1_4*CXCR2_2,RB1*CXCR2,116,543,110,148,412,66,187,106,15,10050,14232
RB1_4*CXCR2_4,RB1*CXCR2,45,250,71,55,32,38,51,41,0,0,32
RB1_4*CXCR2_5,RB1*CXCR2,104,446,50,56,63,356,73,62,0,3,36
RB1_4*CXCR5_2,RB1*CXCR5,57,62,22,1208,207,126,173,164,97,50414,29018
RB1_4*CXCR5_3,RB1*CXCR5,186,1168,208,98,1105,470,230,1270,1,5057,141
RB1_4*CXCR5_4,RB1*CXCR5,40,326,166,44,64,30,86,103,0,2,87
RB1_4*FCRL6_1,RB1*FCRL6,214,714,125,28078,122,40,206,150,0,16,135
RB1_4*FCRL6_4,RB1*FCRL6,116,320,100,186,200,143,275,114,46,14793,29421
RB1_4*FCRL6_5,RB1*FCRL6,89,174,226,34,72,3,66,63,0,0,30
RB1_4*HGF_2,RB1*HGF,258,551,179,63923,269,174,275,483,34,64,160
RB1_4*HGF_4,RB1*HGF,73,428,101,653,142,34,192,148,5,10444,1847
RB1_4*HGF_5,RB1*HGF,80,254,92,982,135,69,117,158,3,3,74
RB1_4*IL6_1,RB1*IL6,20,454,5,41,31,5,72,49,0,0,44
RB1_4*IL6_2,RB1*IL6,183,426,106,231,6473,11962,109,88,0,19,77
RB1_4*IL6_5,RB1*IL6,174,703,153,99,188,7357,4883,142,0,18,116
RB1_4*MFAP5_1,RB1*MFAP5,43,145,76,22,32,21,59,61,0,0,14
RB1_4*MFAP5_3,RB1*MFAP5,60,115,84,41,49,24,105,60,0,0,30
RB1_4*MFAP5_5,RB1*MFAP5,150,353,135,26087,126,53,164,235,10,34,100
RB1_4*MPEG1_1,RB1*MPEG1,148,171,116,55,97,1282,138,91,0,188,126
RB1_4*MPEG1_4,RB1*MPEG1,31,112,31,28,36,727,61,52,0,2,4
RB1_4*MPEG1_5,RB1*MPEG1,95,293,207,105,98,541,116,67,0,3,84
RB1_4*MUC16_1,RB1*MUC16,120,283,91,30398,189,118,209,14921,0,44,202
RB1_4*MUC16_2,RB1*MUC16,218,517,100,1361,2094,25583,480,458,597,83296,99239
RB1_4*MUC16_5,RB1*MUC16,265,962,208,674,183,5577,269,185,0,5,124
RB1_4*MYSM1_2,RB1*MYSM1,131,118,211,39,80,64,123,94,0,2406,54
RB1_4*MYSM1_4,RB1*MYSM1,155,528,103,470,153,103,118,87,16,11625,12444
RB1_4*MYSM1_5,RB1*MYSM1,120,434,167,105428,2831,415,274,177,0,70,182
RB1_4*NT_17,RB1*NT,15,152,11,93,85,63,146,88,0,1,63
RB1_4*NT_18,RB1*NT,77,266,62,111,98,45,140,84,0,1,53
RB1_4*NT_20,RB1*NT,79,118,84,135,55,45,97,61,0,0,82
RB1_4*NT_25,RB1*NT,165,588,76,189,273,114,292,290,0,1,268
RB1_4*NT_26,RB1*NT,75,664,140,543,97,94,1278,156,0,5,133
RB1_4*NT_33,RB1*NT,248,699,193,73,168,29,182,151,0,4,102
RB1_4*NT_39,RB1*NT,269,1187,274,541,608,323,554,1806,37546,19764,54099
RB1_4*NT_57,RB1*NT,83,323,136,710,97,6,92,89,0,536,50
RB1_4*NT_6,RB1*NT,157,427,79,55,96,19,6948,109,0,12,71
RB1_4*PDCD1LG2_1,RB1*PDCD1LG2,172,760,110,298,345,257,12566,26490,0,40,305
RB1_4*PDCD1LG2_2,RB1*PDCD1LG2,77,285,100,182,235,135,278,1186,11472,10857,14518
RB1_4*PDCD1LG2_3,RB1*PDCD1LG2,131,178,115,319,108,61,139,99,0,2,1115
RB1_4*PLA2G2A_2,RB1*PLA2G2A,75,432,33,5273,58,168,77,49,0,2,48
RB1_4*PLA2G2A_4,RB1*PLA2G2A,49,103,123,7560,467,289,513,3018,723,179,305
RB1_4*PLA2G2A_5,RB1*PLA2G2A,109,565,23,217,38938,20070,185,156,0,34,119
RB1_4*PLA2R1_2,RB1*PLA2R1,302,964,184,297,263,849,3039,228,0,7,982
RB1_4*PLA2R1_3,RB1*PLA2R1,61,88,86,88,71,12,93,93,0,0,40
RB1_4*PLA2R1_4,RB1*PLA2R1,155,1157,118,84,134,122,188,179,8,6464,8212
RB1_4*TLR7_1,RB1*TLR7,222,609,160,45739,3453,220,228,178,15,5326,14475
RB1_4*TLR7_2,RB1*TLR7,84,268,72,1628,61,45,84,42,0,3,47
RB1_4*TLR7_5,RB1*TLR7,151,406,65,1820,139,774,20186,85,0,22,75
RB1_4*TNFSF15_1,RB1*TNFSF15,231,311,85,1650,23559,7837,538,435,797,124578,96921
RB1_4*TNFSF15_2,RB1*TNFSF15,212,658,225,89,100,24,195,127,6,4,102
RB1_4*TNFSF15_3,RB1*TNFSF15,253,493,190,7006,155,87,232,142,0,11,134
SERPINB5_2*BTLA_1,SERPINB5*BTLA,227,526,189,30,82,36,117,97,0,2,56
SERPINB5_2*BTLA_2,SERPINB5*BTLA,158,888,234,80,130,26,131,106,0,0,95
SERPINB5_2*BTLA_3,SERPINB5*BTLA,32,197,53,34,65,67,106,102,0,2,82
SERPINB5_2*CDH1_1,SERPINB5*CDH1,52,295,161,47,37,7,68,33,0,2,23
SERPINB5_2*CDH1_3,SERPINB5*CDH1,0,0,0,4,8,4,23,10,0,1,9
SERPINB5_2*CDH1_4,SERPINB5*CDH1,200,181,87,344,524,427,388,307,300,52895,89175
SERPINB5_2*CDH1_5,SERPINB5*CDH1,185,631,232,14660,225,95,452,218,0,17,215
SERPINB5_2*CX3CL1_3,SERPINB5*CX3CL1,99,68,12,5,28,1,39,29,0,0,20
SERPINB5_2*CX3CL1_4,SERPINB5*CX3CL1,126,434,163,36,108,83,135,124,0,1,32
SERPINB5_2*CX3CL1_5,SERPINB5*CX3CL1,88,177,163,103,95,113,198,129,0,1,159
SERPINB5_2*CXCR2_2,SERPINB5*CXCR2,130,353,200,113,120,77,142,110,0,1,79
SERPINB5_2*CXCR2_4,SERPINB5*CXCR2,23,265,49,41,47,6,56,42,0,0,32
SERPINB5_2*CXCR2_5,SERPINB5*CXCR2,67,309,189,145,172,132,193,145,24,6540,28848
SERPINB5_2*CXCR5_2,SERPINB5*CXCR5,59,311,51,34,67,67,80,73,0,1,89
SERPINB5_2*CXCR5_3,SERPINB5*CXCR5,225,490,298,65,131,30,158,91,0,3,105
SERPINB5_2*CXCR5_4,SERPINB5*CXCR5,132,96,64,13,53,6,63,51,0,2,23
SERPINB5_2*FCRL6_1,SERPINB5*FCRL6,37,137,85,3394,114,68,128,82,0,6,54
SERPINB5_2*FCRL6_4,SERPINB5*FCRL6,45,797,112,29,56,22,67,72,0,0,54
SERPINB5_2*FCRL6_5,SERPINB5*FCRL6,2,113,59,352,78839,73913,259,220,1,139,230
SERPINB5_2*HGF_2,SERPINB5*HGF,92,434,280,58,104,28,96,83,0,1,73
SERPINB5_2*HGF_4,SERPINB5*HGF,73,33,35,7,97,11,168,106,0,2,127
SERPINB5_2*HGF_5,SERPINB5*HGF,219,96,57,21,60,9,86,68,0,1,31
SERPINB5_2*IL6_1,SERPINB5*IL6,37,79,18,27,32,28,49,35,0,0,19
SERPINB5_2*IL6_2,SERPINB5*IL6,69,300,136,62,42,16,64,43,0,3,34
SERPINB5_2*IL6_5,SERPINB5*IL6,120,147,268,61,69,65,89,145,0,0,20
SERPINB5_2*MFAP5_1,SERPINB5*MFAP5,76,389,206,89,65,34,78,115,9,7116,7359
SERPINB5_2*MFAP5_3,SERPINB5*MFAP5,44,60,2,27,29,17,49,41,0,1,31
SERPINB5_2*MFAP5_5,SERPINB5*MFAP5,94,458,30,93,133,73,15451,100,0,11,68
SERPINB5_2*MPEG1_1,SERPINB5*MPEG1,103,647,142,226,205,110,263,199,0,4,134
SERPINB5_2*MPEG1_4,SERPINB5*MPEG1,76,155,99,16,40,7,32,29,0,0,24
SERPINB5_2*MPEG1_5,SERPINB5*MPEG1,116,209,85,97,66,33,103,107,0,3,30
SERPINB5_2*MUC16_1,SERPINB5*MUC16,106,252,90,114,131,90,161,134,0,1,123
SERPINB5_2*MUC16_2,SERPINB5*MUC16,43,135,88,57,58,29,97,56,0,0,37
SERPINB5_2*MUC16_5,SERPINB5*MUC16,105,306,137,1078,113726,17265,248,220,0,101,198
SERPINB5_2*MYSM1_2,SERPINB5*MYSM1,32,109,185,21,45,15,64,32,0,0,30
SERPINB5_2*MYSM1_4,SERPINB5*MYSM1,330,396,281,37,83,4,96,85,0,0,60
SERPINB5_2*MYSM1_5,SERPINB5*MYSM1,174,406,158,1234,128,22,205,184,2,3,84
SERPINB5_2*NT_17,SERPINB5*NT,15,136,46,62,101,38,112,60,0,2,33
SERPINB5_2*NT_18,SERPINB5*NT,44,152,101,2,51,5,79,62,0,0,54
SERPINB5_2*NT_20,SERPINB5*NT,93,510,57,143,68,16,73,144,6,7,58
SERPINB5_2*NT_25,SERPINB5*NT,98,369,105,60,112,74,111,95,0,0,79
SERPINB5_2*NT_26,SERPINB5*NT,86,451,180,13767,117,1613,155,136,0,21,93
SERPINB5_2*NT_33,SERPINB5*NT,79,239,104,175,248,147,297,1599,206,87,176
SERPINB5_2*NT_39,SERPINB5*NT,249,467,128,387,121,37,125,161,0,3,102
SERPINB5_2*NT_57,SERPINB5*NT,18,0,0,54,34,0,33,26,0,0,20
SERPINB5_2*NT_6,SERPINB5*NT,98,602,113,186,259,126,290,81994,0,66,221
SERPINB5_2*PDCD1LG2_1,SERPINB5*PDCD1LG2,98,623,442,1111,164777,52475,672,543,311,41169,51261
SERPINB5_2*PDCD1LG2_2,SERPINB5*PDCD1LG2,148,222,134,331,96,9,151,80,0,0,51
SERPINB5_2*PDCD1LG2_3,SERPINB5*PDCD1LG2,68,376,97,225,86594,19764,7955,207,0,87,174
SERPINB5_2*PLA2G2A_2,SERPINB5*PLA2G2A,13,315,55,96,36,967,52,27,0,3,62
SERPINB5_2*PLA2G2A_4,SERPINB5*PLA2G2A,52,637,118,59,46,47,78,77,0,0,71
SERPINB5_2*PLA2G2A_5,SERPINB5*PLA2G2A,55,275,185,54518,189,110,212,136,0,38,125
SERPINB5_2*PLA2R1_2,SERPINB5*PLA2R1,204,668,160,114,195,51,208,200,0,9,133
SERPINB5_2*PLA2R1_3,SERPINB5*PLA2R1,56,1,27,35,38,6,61,41,0,0,19
SERPINB5_2*PLA2R1_4,SERPINB5*PLA2R1,202,317,173,113,97,34,188,186,0,2,126
SERPINB5_2*TLR7_1,SERPINB5*TLR7,146,356,164,377,64545,93566,310,241,2,146,1517
SERPINB5_2*TLR7_2,SERPINB5*TLR7,22,97,28,27,36,29,44,34,0,0,27
SERPINB5_2*TLR7_5,SERPINB5*TLR7,67,23,74,84,88,19,18884,89,0,15,79
SERPINB5_2*TNFSF15_1,SERPINB5*TNFSF15,101,396,84,48,88,79,104,87,0,0,43
SERPINB5_2*TNFSF15_2,SERPINB5*TNFSF15,108,565,51,71,182,74,16110,124,0,13,66
SERPINB5_2*TNFSF15_3,SERPINB5*TNFSF15,45,278,170,363,104250,60108,284,301,1,154,292
SERPINB5_4*BTLA_1,SERPINB5*BTLA,184,603,280,144,145,157,213,214,0,2,112
SERPINB5_4*BTLA_2,SERPINB5*BTLA,236,527,360,1011,172,3322,225,178,0,8,94
SERPINB5_4*BTLA_3,SERPINB5*BTLA,173,533,213,21124,143,35,142,137,0,16,66
SERPINB5_4*CDH1_1,SERPINB5*CDH1,64,179,114,477,99,17,96,82,0,0,49
SERPINB5_4*CDH1_3,SERPINB5*CDH1,0,0,0,12,17,8,21,15,0,0,13
SERPINB5_4*CDH1_4,SERPINB5*CDH1,339,1117,583,465851,946,682,779,778,4,359,654
SERPINB5_4*CDH1_5,SERPINB5*CDH1,235,601,222,172,249,173,259,189,0,3,106
SERPINB5_4*CX3CL1_3,SERPINB5*CX3CL1,172,198,133,15,83,7,98,90,0,3,49
SERPINB5_4*CX3CL1_4,SERPINB5*CX3CL1,203,550,327,197,259,128,235,145,0,0,172
SERPINB5_4*CX3CL1_5,SERPINB5*CX3CL1,212,1049,451,259,187,92,6971,238,0,203,194
SERPINB5_4*CXCR2_2,SERPINB5*CXCR2,287,532,269,137346,422,6817,6478,427,10,4346,2011
SERPINB5_4*CXCR2_4,SERPINB5*CXCR2,98,153,119,9,45,28,85,64,0,0,17
SERPINB5_4*CXCR2_5,SERPINB5*CXCR2,136,176,160,166249,462,334,60421,358,1,208,338
SERPINB5_4*CXCR5_2,SERPINB5*CXCR5,74,287,161,362,427,241,301,283,279,62249,62599
SERPINB5_4*CXCR5_3,SERPINB5*CXCR5,181,588,263,204,225,1598,292,213,0,4,186
SERPINB5_4*CXCR5_4,SERPINB5*CXCR5,105,335,85,48,55,6,58,64,0,2,50
SERPINB5_4*FCRL6_1,SERPINB5*FCRL6,189,224,234,620,189,98,204,198,0,2,162
SERPINB5_4*FCRL6_4,SERPINB5*FCRL6,206,559,127,68,93,43,131,89,0,1,87
SERPINB5_4*FCRL6_5,SERPINB5*FCRL6,74,209,195,45,80,71,95,62,0,1,74
SERPINB5_4*HGF_2,SERPINB5*HGF,166,509,115,17227,20578,5182,3362,211,0,39,198
SERPINB5_4*HGF_4,SERPINB5*HGF,48,143,142,186,152,58,188,172,0,2,71
SERPINB5_4*HGF_5,SERPINB5*HGF,91,283,185,50,103,5,102,110,0,1,79
SERPINB5_4*IL6_1,SERPINB5*IL6,72,182,153,54,116,29,137,103,0,2,63
SERPINB5_4*IL6_2,SERPINB5*IL6,152,815,193,160,212,1212,30581,143,0,33,138
SERPINB5_4*IL6_5,SERPINB5*IL6,200,342,113,1951,1116,2518,872,734,1400,136219,156836
SERPINB5_4*MFAP5_1,SERPINB5*MFAP5,256,726,283,135,6813,4388,136,129,0,13,116
SERPINB5_4*MFAP5_3,SERPINB5*MFAP5,219,411,410,64,114,10,156,272,0,1,67
SERPINB5_4*MFAP5_5,SERPINB5*MFAP5,84,887,166,1435,948,615,959,28397,5937,1615,725
SERPINB5_4*MPEG1_1,SERPINB5*MPEG1,216,482,111,42396,250,236,255,228,0,34,187
SERPINB5_4*MPEG1_4,SERPINB5*MPEG1,136,184,58,35,69,64,131,76,0,1,74
SERPINB5_4*MPEG1_5,SERPINB5*MPEG1,93,301,93,166,95,24,186,135,0,2,493
SERPINB5_4*MUC16_1,SERPINB5*MUC16,161,341,70,200,141,65,224,209,0,3,183
SERPINB5_4*MUC16_2,SERPINB5*MUC16,195,481,255,7915,184,159,200,160,0,9,104
SERPINB5_4*MUC16_5,SERPINB5*MUC16,228,387,198,318,221,132,4093,189,0,7,181
SERPINB5_4*MYSM1_2,SERPINB5*MYSM1,59,450,218,37,81,22,166,117,0,0,98
SERPINB5_4*MYSM1_4,SERPINB5*MYSM1,209,714,339,353,169,2130,153,153,0,4,50
SERPINB5_4*MYSM1_5,SERPINB5*MYSM1,134,564,99,116,117,115,180,168,0,4,157
SERPINB5_4*NT_17,SERPINB5*NT,67,111,5,60,928,135,122,93,0,4,58
SERPINB5_4*NT_18,SERPINB5*NT,61,412,131,86874,327,203,272,251,0,64,180
SERPINB5_4*NT_20,SERPINB5*NT,119,312,149,74,108,88,147,150,0,0,104
SERPINB5_4*NT_25,SERPINB5*NT,255,383,121,182,156,116,194,209,0,2,146
SERPINB5_4*NT_26,SERPINB5*NT,167,1271,139,109,195,95,219,192,0,5,207
SERPINB5_4*NT_33,SERPINB5*NT,192,630,303,402,842,308,421,342,151,28617,65241
SERPINB5_4*NT_39,SERPINB5*NT,250,850,250,182,254,128,317,385,5,7,246
SERPINB5_4*NT_57,SERPINB5*NT,11,225,33,544,78,10,93,64,0,1,28
SERPINB5_4*NT_6,SERPINB5*NT,123,683,168,425897,822,513,649,575,3,286,639
SERPINB5_4*PDCD1LG2_1,SERPINB5*PDCD1LG2,360,904,426,199,231,120,300,438,19,16,168
SERPINB5_4*PDCD1LG2_2,SERPINB5*PDCD1LG2,93,197,201,155,96,27,150,88,0,0,103
SERPINB5_4*PDCD1LG2_3,SERPINB5*PDCD1LG2,450,863,201,195,184,47,221,203,8,8111,5669
SERPINB5_4*PLA2G2A_2,SERPINB5*PLA2G2A,86,287,59,1741,2198,1432,2233,17409,18061,973,1388
SERPINB5_4*PLA2G2A_4,SERPINB5*PLA2G2A,127,376,103,131,25186,23358,323,195,0,44,172
SERPINB5_4*PLA2G2A_5,SERPINB5*PLA2G2A,211,317,222,63,153,48,275,165,0,0,126
SERPINB5_4*PLA2R1_2,SERPINB5*PLA2R1,231,644,348,255,27002,5162,382,251,0,24,190
SERPINB5_4*PLA2R1_3,SERPINB5*PLA2R1,172,237,90,108,120,47,146,127,0,0,140
SERPINB5_4*PLA2R1_4,SERPINB5*PLA2R1,364,728,230,224,199,158,230,204,0,2,97
SERPINB5_4*TLR7_1,SERPINB5*TLR7,217,465,227,710,417,152,36646,234,46,21229,16610
SERPINB5_4*TLR7_2,SERPINB5*TLR7,2,63,29,13,24,4,28,17,0,0,44
SERPINB5_4*TLR7_5,SERPINB5*TLR7,178,82,45,95,107,24,89,131,6,8081,5236
SERPINB5_4*TNFSF15_1,SERPINB5*TNFSF15,223,552,201,50,85,43,73,74,0,1,38
SERPINB5_4*TNFSF15_2,SERPINB5*TNFSF15,281,550,211,536,634,480,740,3770,1369,225,517
SERPINB5_4*TNFSF15_3,SERPINB5*TNFSF15,294,567,295,118,172,74,197,210,224,2465,7934
SERPINB5_5*BTLA_1,SERPINB5*BTLA,426,1712,613,15281,247,154,313,260,0,18,210
SERPINB5_5*BTLA_2,SERPINB5*BTLA,464,1464,516,3046,3855,280,333,322,3,9,242
SERPINB5_5*BTLA_3,SERPINB5*BTLA,259,883,422,592,233,1328,12253,271,0,19,1976
SERPINB5_5*CDH1_1,SERPINB5*CDH1,473,1325,495,1097,377,118,355,176,1,8,152
SERPINB5_5*CDH1_3,SERPINB5*CDH1,0,0,0,14,22,18,51,29,0,1,19
SERPINB5_5*CDH1_4,SERPINB5*CDH1,416,2037,734,4905,331,120,421,398,3,6,161
SERPINB5_5*CDH1_5,SERPINB5*CDH1,658,1644,736,12958,867,516,718,586,513,67679,111185
SERPINB5_5*CX3CL1_3,SERPINB5*CX3CL1,97,592,204,127,8289,6516,186,152,0,14,121
SERPINB5_5*CX3CL1_4,SERPINB5*CX3CL1,475,1355,496,11675,42407,14720,598,512,1,91,396
SERPINB5_5*CX3CL1_5,SERPINB5*CX3CL1,493,1256,588,1330,1083,689,218835,2735,1045,359,802
SERPINB5_5*CXCR2_2,SERPINB5*CXCR2,338,1181,822,134066,1835,1070,1938,10771,89184,18954,5378
SERPINB5_5*CXCR2_4,SERPINB5*CXCR2,99,606,98,115,8822,481,138,85,0,8,84
SERPINB5_5*CXCR2_5,SERPINB5*CXCR2,330,786,416,2375,1969,1208,1317,1188,6081,380090,290111
SERPINB5_5*CXCR5_2,SERPINB5*CXCR5,198,542,298,95,136,67,175,148,0,1,68
SERPINB5_5*CXCR5_3,SERPINB5*CXCR5,548,1824,826,2252,521909,91411,1244,1005,8,469,953
SERPINB5_5*CXCR5_4,SERPINB5*CXCR5,151,307,181,64,94,49,115,105,0,4,67
SERPINB5_5*FCRL6_1,SERPINB5*FCRL6,264,1085,311,199,341,179,315,296,0,7,174
SERPINB5_5*FCRL6_4,SERPINB5*FCRL6,444,836,474,2303,517,341,386,398,198,44323,70890
SERPINB5_5*FCRL6_5,SERPINB5*FCRL6,284,414,266,990,142,99,174,136,0,4,52
SERPINB5_5*HGF_2,SERPINB5*HGF,425,1735,775,1333,6451,5637,4399,2881,5931,2367,2943
SERPINB5_5*HGF_4,SERPINB5*HGF,244,452,255,333,483,201,458,353,24,7867,17696
SERPINB5_5*HGF_5,SERPINB5*HGF,286,594,285,2817,2497,44796,1519,3202,6703,385295,314597
SERPINB5_5*IL6_1,SERPINB5*IL6,271,850,161,111,100,49,128,127,0,0,55
SERPINB5_5*IL6_2,SERPINB5*IL6,353,973,405,35124,51551,27067,25725,17335,4353,13638,30757
SERPINB5_5*IL6_5,SERPINB5*IL6,640,1530,716,538,385,1058,461,354,21,14856,11403
SERPINB5_5*MFAP5_1,SERPINB5*MFAP5,226,352,350,658,151,2292,165,143,0,5,162
SERPINB5_5*MFAP5_3,SERPINB5*MFAP5,239,869,299,444,566,366,405,361,186,30481,76721
SERPINB5_5*MFAP5_5,SERPINB5*MFAP5,385,582,507,324,322,250,473,447,0,9,225
SERPINB5_5*MPEG1_1,SERPINB5*MPEG1,181,884,221,9334,293,149,391,301,0,307,274
SERPINB5_5*MPEG1_4,SERPINB5*MPEG1,69,308,195,119373,297,238,207,204,0,70,171
SERPINB5_5*MPEG1_5,SERPINB5*MPEG1,200,628,465,1735,302,96,335,732,49,31,147
SERPINB5_5*MUC16_1,SERPINB5*MUC16,325,364,344,263,323,148,370,272,0,7,116
SERPINB5_5*MUC16_2,SERPINB5*MUC16,643,1132,317,12109,11810,5713,280,303,0,31,168
SERPINB5_5*MUC16_5,SERPINB5*MUC16,537,2183,398,236,7388,630,320,299,0,736,211
SERPINB5_5*MYSM1_2,SERPINB5*MYSM1,339,1026,465,107,254,80,269,267,0,481,170
SERPINB5_5*MYSM1_4,SERPINB5*MYSM1,610,1204,515,611,182,45,218,189,0,9,96
SERPINB5_5*MYSM1_5,SERPINB5*MYSM1,358,919,216,16919,5426,148,278,252,1,1305,148
SERPINB5_5*NT_17,SERPINB5*NT,140,453,98,200,200,186,243,192,0,3,153
SERPINB5_5*NT_18,SERPINB5*NT,132,676,245,253,420,103,488,360,0,3,255
SERPINB5_5*NT_20,SERPINB5*NT,161,1095,168,95,197,140,266,227,1,599,1065
SERPINB5_5*NT_25,SERPINB5*NT,479,988,461,19184,41368,13164,670,544,12,6985,3535
SERPINB5_5*NT_26,SERPINB5*NT,234,1079,486,63789,470,236,17320,341,0,92,337
SERPINB5_5*NT_33,SERPINB5*NT,738,1839,438,60814,435,280,484,443,0,51,364
SERPINB5_5*NT_39,SERPINB5*NT,682,1327,765,1444,5937,564,590,476,2,50,16178
SERPINB5_5*NT_57,SERPINB5*NT,283,885,289,53301,17236,254,413,876,94,86,323
SERPINB5_5*NT_6,SERPINB5*NT,262,729,317,16437,269,141,389,298,0,13,267
SERPINB5_5*PDCD1LG2_1,SERPINB5*PDCD1LG2,649,2271,679,157123,775,394,13815,2682,1,137,561
SERPINB5_5*PDCD1LG2_2,SERPINB5*PDCD1LG2,344,924,418,793,336,203,324,221,53,23778,28939
SERPINB5_5*PDCD1LG2_3,SERPINB5*PDCD1LG2,260,768,390,157008,1596,910,8845,8210,5402,575,959
SERPINB5_5*PLA2G2A_2,SERPINB5*PLA2G2A,141,595,412,49,130,71,165,129,0,3,44
SERPINB5_5*PLA2G2A_4,SERPINB5*PLA2G2A,395,1046,273,23470,282649,42828,709,593,84,13403,12089
SERPINB5_5*PLA2G2A_5,SERPINB5*PLA2G2A,173,935,254,121,204,53,281,224,0,188,652
SERPINB5_5*PLA2R1_2,SERPINB5*PLA2R1,430,1551,596,132430,802,403,716,674,24,97,392
SERPINB5_5*PLA2R1_3,SERPINB5*PLA2R1,108,292,158,12909,168,168,247,161,0,11,100
SERPINB5_5*PLA2R1_4,SERPINB5*PLA2R1,622,1711,629,35236,9516,1129,609,557,170,36315,51402
SERPINB5_5*TLR7_1,SERPINB5*TLR7,521,841,501,344,358,214,67262,287,6,1429,4007
SERPINB5_5*TLR7_2,SERPINB5*TLR7,282,1054,101,1236,215,106,19023,213,98,4387,514
SERPINB5_5*TLR7_5,SERPINB5*TLR7,329,921,308,31043,291,109,286,150,0,27,660
SERPINB5_5*TNFSF15_1,SERPINB5*TNFSF15,163,755,279,69,107,2417,166,141,0,7,77
SERPINB5_5*TNFSF15_2,SERPINB5*TNFSF15,525,2032,783,1285,539,1433,4991,419,54,17484,29958
SERPINB5_5*TNFSF15_3,SERPINB5*TNFSF15,603,1456,655,30892,359,4473,497,356,0,30,263
SMAD4_2*BTLA_1,SMAD4*BTLA,104,134,166,364,82,61,109,59,0,3,74
SMAD4_2*BTLA_2,SMAD4*BTLA,86,503,128,56,85,12,72,64,0,1,39
SMAD4_2*BTLA_3,SMAD4*BTLA,206,804,206,93,85,81,109,111,0,1,97
SMAD4_2*CDH1_1,SMAD4*CDH1,115,57,94,1479,87,39,111,85,0,1,21
SMAD4_2*CDH1_3,SMAD4*CDH1,0,0,0,5,17,1,46,13,0,0,19
SMAD4_2*CDH1_4,SMAD4*CDH1,230,689,285,144,141,1433,229,138,0,2258,99
SMAD4_2*CDH1_5,SMAD4*CDH1,187,1099,175,67,99,43,160,176,0,1,74
SMAD4_2*CX3CL1_3,SMAD4*CX3CL1,181,223,10,3193,18,2,32,27,0,1,8
SMAD4_2*CX3CL1_4,SMAD4*CX3CL1,52,519,78,167,69,83,99,71,0,2,60
SMAD4_2*CX3CL1_5,SMAD4*CX3CL1,143,541,183,742,123,5,106,78,0,1,54
SMAD4_2*CXCR2_2,SMAD4*CXCR2,190,618,199,14678,130,48,136,111,0,11,108
SMAD4_2*CXCR2_4,SMAD4*CXCR2,32,325,6,16,36,8,48,42,0,1,24
SMAD4_2*CXCR2_5,SMAD4*CXCR2,53,85,111,83,40,22,68,45,0,1,73
SMAD4_2*CXCR5_2,SMAD4*CXCR5,31,10,37,28,35,1,44,21,0,2,21
SMAD4_2*CXCR5_3,SMAD4*CXCR5,87,580,223,185,89,113,131,98,0,2,66
SMAD4_2*CXCR5_4,SMAD4*CXCR5,58,116,88,81,60,11,65,47,0,0,41
SMAD4_2*FCRL6_1,SMAD4*FCRL6,137,344,140,79,55,30,86,65,0,2,58
SMAD4_2*FCRL6_4,SMAD4*FCRL6,231,620,269,121,150,11592,131,107,0,21,66
SMAD4_2*FCRL6_5,SMAD4*FCRL6,24,130,84,66,63,3342,73,63,0,7,39
SMAD4_2*HGF_2,SMAD4*HGF,104,509,226,233,121,31,138,131,0,1,103
SMAD4_2*HGF_4,SMAD4*HGF,79,92,84,1959,149,470,211,109,2,6,140
SMAD4_2*HGF_5,SMAD4*HGF,178,88,182,2462,82,21,129,109,0,2,76
SMAD4_2*IL6_1,SMAD4*IL6,34,162,35,801,51,11,74,66,0,0,22
SMAD4_2*IL6_2,SMAD4*IL6,134,118,108,3739,203,96,25069,165,34,17654,13516
SMAD4_2*IL6_5,SMAD4*IL6,91,535,112,66,147,52,5783,98,0,8,57
SMAD4_2*MFAP5_1,SMAD4*MFAP5,4,51,5,30,34,3,60,40,0,1,35
SMAD4_2*MFAP5_3,SMAD4*MFAP5,33,40,96,43,31,78,91,30,0,1,49
SMAD4_2*MFAP5_5,SMAD4*MFAP5,38,382,47,79,7523,6739,104,114,0,15,80
SMAD4_2*MPEG1_1,SMAD4*MPEG1,85,700,265,75,127,77,156,135,0,2,129
SMAD4_2*MPEG1_4,SMAD4*MPEG1,16,18,14,19,16,68,43,28,0,0,61
SMAD4_2*MPEG1_5,SMAD4*MPEG1,84,413,131,355,76,78,97,78,0,0,27
SMAD4_2*MUC16_1,SMAD4*MUC16,213,333,194,208,7392,121,217,209,6,4213,5546
SMAD4_2*MUC16_2,SMAD4*MUC16,147,733,261,60,93,13,104,96,0,1,59
SMAD4_2*MUC16_5,SMAD4*MUC16,315,741,225,246,90,17,123,113,0,1913,52
SMAD4_2*MYSM1_2,SMAD4*MYSM1,62,234,45,130289,234,139,213,182,0,93,203
SMAD4_2*MYSM1_4,SMAD4*MYSM1,212,246,139,155073,289,199,226,218,0,85,158
SMAD4_2*MYSM1_5,SMAD4*MYSM1,133,75,106,363,13669,2808,16313,126,0,16,94
SMAD4_2*NT_17,SMAD4*NT,164,218,169,348,315,217,243,249,100,43969,29375
SMAD4_2*NT_18,SMAD4*NT,21,333,121,491,113,21,76,83,0,0,103
SMAD4_2*NT_20,SMAD4*NT,85,313,90,289,345,244,324,244,129,23672,59435
SMAD4_2*NT_25,SMAD4*NT,130,263,163,801,88,55,145,107,0,0,110
SMAD4_2*NT_26,SMAD4*NT,93,556,103,40,79,63,88,84,0,0,78
SMAD4_2*NT_33,SMAD4*NT,230,707,301,556,145,70,240,213,0,0,108
SMAD4_2*NT_39,SMAD4*NT,141,629,168,4866,2179,7140,240,410,194,41,9198
SMAD4_2*NT_57,SMAD4*NT,123,495,130,38,47,1,96,40,0,0,37
SMAD4_2*NT_6,SMAD4*NT,111,126,69,997,148,22,146,157,0,4,117
SMAD4_2*PDCD1LG2_1,SMAD4*PDCD1LG2,172,165,123,292,358,231,319,238,124,33319,45489
SMAD4_2*PDCD1LG2_2,SMAD4*PDCD1LG2,169,407,171,74,76,54,117,78,0,0,35
SMAD4_2*PDCD1LG2_3,SMAD4*PDCD1LG2,137,516,144,1675,200,110,19479,365,19,32,100
SMAD4_2*PLA2G2A_2,SMAD4*PLA2G2A,29,156,16,17,28,36,31,16,0,1,30
SMAD4_2*PLA2G2A_4,SMAD4*PLA2G2A,68,515,95,22063,113,36,133,89,0,17,58
SMAD4_2*PLA2G2A_5,SMAD4*PLA2G2A,75,559,190,95,95,6,181,146,0,0,90
SMAD4_2*PLA2R1_2,SMAD4*PLA2R1,213,854,110,343,291,186,377,1503,223,96,221
SMAD4_2*PLA2R1_3,SMAD4*PLA2R1,48,132,9,12569,94,101,109,62,0,11,60
SMAD4_2*PLA2R1_4,SMAD4*PLA2R1,159,455,101,71,140,87,167,124,0,0,121
SMAD4_2*TLR7_1,SMAD4*TLR7,131,202,63,1750,71,55,104,65,0,0,41
SMAD4_2*TLR7_2,SMAD4*TLR7,79,96,84,5,27,0,28,25,0,0,1
SMAD4_2*TLR7_5,SMAD4*TLR7,148,308,209,225,154,322,183,600,44,20,153
SMAD4_2*TNFSF15_1,SMAD4*TNFSF15,3,247,149,67,40,567,52,30,1,702,3518
SMAD4_2*TNFSF15_2,SMAD4*TNFSF15,207,555,126,1319,116,1300,182,134,0,3,109
SMAD4_2*TNFSF15_3,SMAD4*TNFSF15,204,546,227,86,140,98,204,163,0,2,86
SMAD4_3*BTLA_1,SMAD4*BTLA,119,336,250,107,133,108,157,103,0,2,96
SMAD4_3*BTLA_2,SMAD4*BTLA,378,1425,386,193,278,203,213,207,65,30611,26495
SMAD4_3*BTLA_3,SMAD4*BTLA,358,1533,632,1255,247,77,18003,227,1,1489,179
SMAD4_3*CDH1_1,SMAD4*CDH1,92,575,200,176,3859,4458,100,91,0,7,66
SMAD4_3*CDH1_3,SMAD4*CDH1,0,0,0,19,25,27,33,24,0,2,13
SMAD4_3*CDH1_4,SMAD4*CDH1,873,1542,621,279610,409806,301938,1757,1894,4115,14455,4677
SMAD4_3*CDH1_5,SMAD4*CDH1,181,564,241,212,283,193,294,401,1,1876,192
SMAD4_3*CX3CL1_3,SMAD4*CX3CL1,67,174,200,990,71,3,82,56,0,2,67
SMAD4_3*CX3CL1_4,SMAD4*CX3CL1,245,567,161,34,136,1196,194,109,0,5,116
SMAD4_3*CX3CL1_5,SMAD4*CX3CL1,411,866,204,235,165,71,115,147,0,3,76
SMAD4_3*CXCR2_2,SMAD4*CXCR2,298,1786,473,205,157,74,248,200,0,4,97
SMAD4_3*CXCR2_4,SMAD4*CXCR2,268,702,206,56,57,122,70,48,0,6,36
SMAD4_3*CXCR2_5,SMAD4*CXCR2,286,1011,249,89,142,95,148,93,0,5,89
SMAD4_3*CXCR5_2,SMAD4*CXCR5,277,602,323,2654,934,690,4272,713,1403,239833,98556
SMAD4_3*CXCR5_3,SMAD4*CXCR5,492,1480,888,550,569,21851,454,476,312,65840,62461
SMAD4_3*CXCR5_4,SMAD4*CXCR5,82,220,81,631,889,541,789,5620,2281,343,532
SMAD4_3*FCRL6_1,SMAD4*FCRL6,311,620,690,74,127,79,101,109,0,4,55
SMAD4_3*FCRL6_4,SMAD4*FCRL6,122,871,367,731,132,38,120,80,0,2255,84
SMAD4_3*FCRL6_5,SMAD4*FCRL6,348,875,530,66,78,62,127,172,0,1,68
SMAD4_3*HGF_2,SMAD4*HGF,372,1014,626,178723,469,237,9360,335,1,166,357
SMAD4_3*HGF_4,SMAD4*HGF,284,1420,475,106,444,93,252,249,0,1,121
SMAD4_3*HGF_5,SMAD4*HGF,435,1044,365,109,168,133,146,195,0,2,100
SMAD4_3*IL6_1,SMAD4*IL6,35,171,305,148,188,171,147,145,36,11780,25587
SMAD4_3*IL6_2,SMAD4*IL6,462,532,438,61,113,95,128,185,0,1,92
SMAD4_3*IL6_5,SMAD4*IL6,233,1042,391,100,97,55,136,143,0,1,116
SMAD4_3*MFAP5_1,SMAD4*MFAP5,171,933,353,81,80,5484,124,96,0,9,61
SMAD4_3*MFAP5_3,SMAD4*MFAP5,131,992,118,63,58,56,101,91,0,3,49
SMAD4_3*MFAP5_5,SMAD4*MFAP5,333,535,683,298,238,121,178,165,0,1,66
SMAD4_3*MPEG1_1,SMAD4*MPEG1,393,1299,369,160,206,78,223,459,36,24,170
SMAD4_3*MPEG1_4,SMAD4*MPEG1,46,246,49,60,63,6,65,159,9,16,49
SMAD4_3*MPEG1_5,SMAD4*MPEG1,218,733,369,77,83,1,95,77,0,1,24
SMAD4_3*MUC16_1,SMAD4*MUC16,298,691,541,1460,181,99,218,232,0,5,138
SMAD4_3*MUC16_2,SMAD4*MUC16,67,94,254,250,106,28,119,113,0,4,84
SMAD4_3*MUC16_5,SMAD4*MUC16,407,1221,805,17866,181,121,205,237,0,9,171
SMAD4_3*MYSM1_2,SMAD4*MYSM1,164,391,338,78,205,1544,195,195,0,4,138
SMAD4_3*MYSM1_4,SMAD4*MYSM1,530,1875,797,112,439,45,207,170,0,2,210
SMAD4_3*MYSM1_5,SMAD4*MYSM1,448,851,549,52127,216,1030,2115,251,0,34,186
SMAD4_3*NT_17,SMAD4*NT,60,247,103,31,126,27,103,77,0,3,82
SMAD4_3*NT_18,SMAD4*NT,188,467,98,30,39,6,88,83,0,1,51
SMAD4_3*NT_20,SMAD4*NT,392,264,567,144,171,124,189,197,28,17311,13532
SMAD4_3*NT_25,SMAD4*NT,281,1134,269,2840,3367,2119,3105,1275710,6081,45603,51681
SMAD4_3*NT_26,SMAD4*NT,301,1442,712,1103,113177,171175,972,1025,688,4199,5034
SMAD4_3*NT_33,SMAD4*NT,562,2094,633,104,94,103,174,201,1,5428,152
SMAD4_3*NT_39,SMAD4*NT,586,1471,734,68174,595,313,6761,1042,95,84,328
SMAD4_3*NT_57,SMAD4*NT,94,713,387,52,152,111,114,101,0,4,50
SMAD4_3*NT_6,SMAD4*NT,331,371,345,752,952,509,128517,1381,30441,62733,56432
SMAD4_3*PDCD1LG2_1,SMAD4*PDCD1LG2,593,1611,679,989,585,343,65060,1814,633,440,472
SMAD4_3*PDCD1LG2_2,SMAD4*PDCD1LG2,190,1157,338,73,78,78,98,166,0,2,89
SMAD4_3*PDCD1LG2_3,SMAD4*PDCD1LG2,194,1058,454,126,108,4,157,151,0,1,137
SMAD4_3*PLA2G2A_2,SMAD4*PLA2G2A,72,35,115,294,346,263,239,177,197,55612,48714
SMAD4_3*PLA2G2A_4,SMAD4*PLA2G2A,163,211,196,273,313,128,196,207,94,34819,30493
SMAD4_3*PLA2G2A_5,SMAD4*PLA2G2A,103,518,143,86927,214,115,227,217,0,71,206
SMAD4_3*PLA2R1_2,SMAD4*PLA2R1,530,2451,1214,417,238,83,345,290,0,6,217
SMAD4_3*PLA2R1_3,SMAD4*PLA2R1,151,33,152,117,74,21,63,116,0,0,18
SMAD4_3*PLA2R1_4,SMAD4*PLA2R1,319,1307,467,80,82,73,137,148,0,1,39
SMAD4_3*TLR7_1,SMAD4*TLR7,290,1761,628,1271953,221913,61454,1987,1628,40,1175,1859
SMAD4_3*TLR7_2,SMAD4*TLR7,100,280,222,89,104,28,3299,124,0,3,67
SMAD4_3*TLR7_5,SMAD4*TLR7,136,216,161,5592,70,1232,83,111,0,4,84
SMAD4_3*TNFSF15_1,SMAD4*TNFSF15,272,627,540,34885,143,146,142,265,12,35,89
SMAD4_3*TNFSF15_2,SMAD4*TNFSF15,488,1463,602,314,347,1381,51875,265,0,52,389
SMAD4_3*TNFSF15_3,SMAD4*TNFSF15,363,1605,706,60,121,41,118,112,0,4,111
SMAD4_4*BTLA_1,SMAD4*BTLA,218,508,184,386,274,3468,342,264,0,11,225
SMAD4_4*BTLA_2,SMAD4*BTLA,230,793,116,2006,265087,54293,683,520,5,1518,485
SMAD4_4*BTLA_3,SMAD4*BTLA,147,273,155,140,201,175,189,203,15,9197,15315
SMAD4_4*CDH1_1,SMAD4*CDH1,184,304,107,344,410,557,391,1530,740,1041,256
SMAD4_4*CDH1_3,SMAD4*CDH1,0,0,0,27,30,25,39,27,0,1,22
SMAD4_4*CDH1_4,SMAD4*CDH1,284,873,488,249,276,98,400,269,0,8,251
SMAD4_4*CDH1_5,SMAD4*CDH1,359,477,323,144,1446,590,346,260,0,9,197
SMAD4_4*CX3CL1_3,SMAD4*CX3CL1,155,170,93,31,49,49,119,71,0,3,36
SMAD4_4*CX3CL1_4,SMAD4*CX3CL1,132,250,302,174,195,66,15470,171,0,21,137
SMAD4_4*CX3CL1_5,SMAD4*CX3CL1,344,1068,553,193,333,148,414,747,59,29,214
SMAD4_4*CXCR2_2,SMAD4*CXCR2,222,732,262,265989,616,514,557,463,11,1770,2665
SMAD4_4*CXCR2_4,SMAD4*CXCR2,98,350,196,34194,135,113,145,150,1,1053,111
SMAD4_4*CXCR2_5,SMAD4*CXCR2,271,163,249,173,208,41,231,164,0,8,219
SMAD4_4*CXCR5_2,SMAD4*CXCR5,200,373,178,78702,263,152,302,217,0,63,177
SMAD4_4*CXCR5_3,SMAD4*CXCR5,399,1081,440,2363,62380,43989,1613,8633,5536,532,978
SMAD4_4*CXCR5_4,SMAD4*CXCR5,213,406,91,299,101,71,118,151,0,2,57
SMAD4_4*FCRL6_1,SMAD4*FCRL6,168,504,250,808,173,2081,203,212,0,7,199
SMAD4_4*FCRL6_4,SMAD4*FCRL6,148,872,356,1010,109,100,165,145,0,3,83
SMAD4_4*FCRL6_5,SMAD4*FCRL6,168,910,232,75501,373852,50847,7924,651,6,416,717
SMAD4_4*HGF_2,SMAD4*HGF,211,506,261,601,253,132,282,279,0,5,165
SMAD4_4*HGF_4,SMAD4*HGF,292,404,222,20713,633,426,592,2265,482,162,407
SMAD4_4*HGF_5,SMAD4*HGF,187,445,401,116651,872,513,3136,620,571,116777,53689
SMAD4_4*IL6_1,SMAD4*IL6,96,311,163,581,672,430,512,425,423,63435,100510
SMAD4_4*IL6_2,SMAD4*IL6,358,546,337,237,172,219,228,185,0,4,121
SMAD4_4*IL6_5,SMAD4*IL6,146,700,223,184,259,224,244,233,0,7,126
SMAD4_4*MFAP5_1,SMAD4*MFAP5,212,216,274,2448,191,1634,246,219,0,8,135
SMAD4_4*MFAP5_3,SMAD4*MFAP5,206,597,228,327109,1970,1414,1976,11517,10362,837,1331
SMAD4_4*MFAP5_5,SMAD4*MFAP5,109,225,248,174,175,422,221,184,0,4,128
SMAD4_4*MPEG1_1,SMAD4*MPEG1,156,696,341,1245,546199,89807,1257,907,9,507,1067
SMAD4_4*MPEG1_4,SMAD4*MPEG1,88,111,55,35,57,24,93,69,0,2,32
SMAD4_4*MPEG1_5,SMAD4*MPEG1,214,713,325,8431,2237,1396,2145,11559,1148751,128391,134685
SMAD4_4*MUC16_1,SMAD4*MUC16,75,815,253,332,48558,609,441,784,61,66,311
SMAD4_4*MUC16_2,SMAD4*MUC16,225,913,302,10205,37492,6641,1045,5437,17827,1122,11940
SMAD4_4*MUC16_5,SMAD4*MUC16,287,891,246,16801,248,102,266,227,0,24,147
SMAD4_4*MYSM1_2,SMAD4*MYSM1,107,431,347,10463,216,82,272,238,0,6,180
SMAD4_4*MYSM1_4,SMAD4*MYSM1,165,781,233,110,157,42,189,154,0,9,116
SMAD4_4*MYSM1_5,SMAD4*MYSM1,234,392,364,381,224,105,233,216,0,3,112
SMAD4_4*NT_17,SMAD4*NT,107,218,30,243,166,76,240,217,0,6,135
SMAD4_4*NT_18,SMAD4*NT,145,232,221,85,377,48,274,229,0,2,127
SMAD4_4*NT_20,SMAD4*NT,300,647,261,225,319,188,441,302,35,7474,30513
SMAD4_4*NT_25,SMAD4*NT,197,380,381,317,295,101,449,389,1,2690,206
SMAD4_4*NT_26,SMAD4*NT,248,585,345,483,446,5084,413,371,100,32274,29059
SMAD4_4*NT_33,SMAD4*NT,224,782,556,242,341,151,379,306,0,4,178
SMAD4_4*NT_39,SMAD4*NT,436,707,363,2615,357,147,483,542,9,4985,8186
SMAD4_4*NT_57,SMAD4*NT,218,701,307,615,830,548,854,1503,86397,71289,98764
SMAD4_4*NT_6,SMAD4*NT,158,587,237,309,33526,12748,460,360,0,46,291
SMAD4_4*PDCD1LG2_1,SMAD4*PDCD1LG2,583,1296,602,1178,23126,1118,1128,888,2018,187420,160816
SMAD4_4*PDCD1LG2_2,SMAD4*PDCD1LG2,165,349,249,281,287,1745,328,213,10,8043,7957
SMAD4_4*PDCD1LG2_3,SMAD4*PDCD1LG2,203,565,229,203,275,63,5312,242,0,11,218
SMAD4_4*PLA2G2A_2,SMAD4*PLA2G2A,127,281,122,69460,267,196,293,189,15,9901,4898
SMAD4_4*PLA2G2A_4,SMAD4*PLA2G2A,169,364,132,117,128,15,249,160,3,1582,5320
SMAD4_4*PLA2G2A_5,SMAD4*PLA2G2A,101,133,196,467280,974,576,778,632,4,363,677
SMAD4_4*PLA2R1_2,SMAD4*PLA2R1,327,1585,248,1594,916,1853,1076,4763,1649,259,652
SMAD4_4*PLA2R1_3,SMAD4*PLA2R1,119,216,107,157,281,164,272,202,0,3,251
SMAD4_4*PLA2R1_4,SMAD4*PLA2R1,222,862,193,3662,1575,1196,24838,9740,6900,595,1088
SMAD4_4*TLR7_1,SMAD4*TLR7,188,656,490,335,228,3203,302,266,0,13,259
SMAD4_4*TLR7_2,SMAD4*TLR7,57,213,259,42,99,872,96,79,0,2,62
SMAD4_4*TLR7_5,SMAD4*TLR7,276,665,163,24920,233,112,244,239,0,52,291
SMAD4_4*TNFSF15_1,SMAD4*TNFSF15,145,511,198,98,53,18,84,93,0,4,56
SMAD4_4*TNFSF15_2,SMAD4*TNFSF15,323,1216,396,13081,172263,66519,635,479,2,229,507
SMAD4_4*TNFSF15_3,SMAD4*TNFSF15,454,1116,653,206,355,173,8366,360,0,18,216
SOX10_1*BTLA_1,SOX10*BTLA,131,596,177,24,81,49,149,152,0,0,90
SOX10_1*BTLA_2,SOX10*BTLA,187,246,172,149,203,165,292,256,0,3,154
SOX10_1*BTLA_3,SOX10*BTLA,67,140,99,190830,368,224,284,225,1,135,257
SOX10_1*CDH1_1,SOX10*CDH1,91,603,236,10144,107,80,127,99,0,11,85
SOX10_1*CDH1_3,SOX10*CDH1,0,0,0,15,15,8,15,9,0,1,9
SOX10_1*CDH1_4,SOX10*CDH1,213,837,389,137,94,100,182,128,0,2,117
SOX10_1*CDH1_5,SOX10*CDH1,248,669,352,3966,228,42,192,181,0,10,105
SOX10_1*CX3CL1_3,SOX10*CX3CL1,128,118,71,93,50,16,55,33,0,0,25
SOX10_1*CX3CL1_4,SOX10*CX3CL1,45,490,135,48,97,86,170,111,0,4,100
SOX10_1*CX3CL1_5,SOX10*CX3CL1,214,866,323,112,151,96,240,181,0,150,241
SOX10_1*CXCR2_2,SOX10*CXCR2,310,615,311,2644,182,2728,258,523,29,28,95
SOX10_1*CXCR2_4,SOX10*CXCR2,37,118,183,31,54,19,101,55,0,2,82
SOX10_1*CXCR2_5,SOX10*CXCR2,242,68,136,692,325323,82625,601,812,192,323,576
SOX10_1*CXCR5_2,SOX10*CXCR5,46,20,209,1171,695950,94930,971,760,10,593,892
SOX10_1*CXCR5_3,SOX10*CXCR5,308,576,481,134,116,77,178,158,0,4,116
SOX10_1*CXCR5_4,SOX10*CXCR5,163,186,138,54,73,79,137,125,0,1,93
SOX10_1*FCRL6_1,SOX10*FCRL6,142,596,138,110,134,63,151,129,0,4,67
SOX10_1*FCRL6_4,SOX10*FCRL6,198,433,187,260,262,165,77108,208,7,63,189
SOX10_1*FCRL6_5,SOX10*FCRL6,106,380,86,64,74,1,71,61,0,0,63
SOX10_1*HGF_2,SOX10*HGF,167,697,556,95,163,175,168,166,0,3,131
SOX10_1*HGF_4,SOX10*HGF,320,488,284,295,138,113,171,174,0,4,109
SOX10_1*HGF_5,SOX10*HGF,264,443,357,347,91719,53380,395,294,8,13224,261
SOX10_1*IL6_1,SOX10*IL6,49,988,181,243,252,7087,245,245,74,25315,42553
SOX10_1*IL6_2,SOX10*IL6,165,334,251,52,55,35,61,86,0,3,49
SOX10_1*IL6_5,SOX10*IL6,210,557,503,170,231,162,228,491,1387,1133,13859
SOX10_1*MFAP5_1,SOX10*MFAP5,89,174,139,33,55,23,71,56,0,1,41
SOX10_1*MFAP5_3,SOX10*MFAP5,150,157,73,56,64,36,2040,92,0,3,51
SOX10_1*MFAP5_5,SOX10*MFAP5,160,365,102,559,194,95,32377,174,0,34,140
SOX10_1*MPEG1_1,SOX10*MPEG1,185,982,265,1121,490,366,121689,268,1,107,294
SOX10_1*MPEG1_4,SOX10*MPEG1,17,430,53,5,31,27,65,35,0,0,8
SOX10_1*MPEG1_5,SOX10*MPEG1,240,346,271,2070,126,55,201,173,0,4,96
SOX10_1*MUC16_1,SOX10*MUC16,267,371,140,38,99,22,103,98,0,2011,64
SOX10_1*MUC16_2,SOX10*MUC16,169,559,220,113,148,71,14116,104,0,22,88
SOX10_1*MUC16_5,SOX10*MUC16,133,276,253,331,409,2051,221,117,0,5,134
SOX10_1*MYSM1_2,SOX10*MYSM1,306,373,308,129,153,629,206,126,0,2,110
SOX10_1*MYSM1_4,SOX10*MYSM1,165,249,161,28276,132,68,121,104,0,14,79
SOX10_1*MYSM1_5,SOX10*MYSM1,143,431,317,63,97,37,82,82,0,2,17
SOX10_1*NT_17,SOX10*NT,106,363,31,50,67,17,118,80,0,2,80
SOX10_1*NT_18,SOX10*NT,106,425,129,426,106,29,124,141,0,0,27
SOX10_1*NT_20,SOX10*NT,90,731,123,35,77,143,81,505,25,19,39
SOX10_1*NT_25,SOX10*NT,95,221,211,931,1266,804,892,810,2344,285268,125596
SOX10_1*NT_26,SOX10*NT,179,368,119,148,107,102,160,145,0,7,122
SOX10_1*NT_33,SOX10*NT,200,884,335,133,110,56,1747,140,0,5,54
SOX10_1*NT_39,SOX10*NT,289,1092,344,1028,170,104,183,142,0,4,74
SOX10_1*NT_57,SOX10*NT,236,297,194,877,1210,785,818,702,2113,162061,218154
SOX10_1*NT_6,SOX10*NT,124,498,184,2461,531464,95605,884,676,6,433,802
SOX10_1*PDCD1LG2_1,SOX10*PDCD1LG2,289,585,293,572,365,174,74921,301,0,93,229
SOX10_1*PDCD1LG2_2,SOX10*PDCD1LG2,129,390,110,103,134,73,138,131,0,3,40
SOX10_1*PDCD1LG2_3,SOX10*PDCD1LG2,122,264,143,38,83,70,82,127,1,1,80
SOX10_1*PLA2G2A_2,SOX10*PLA2G2A,161,328,156,71063,154,100,150,109,0,45,129
SOX10_1*PLA2G2A_4,SOX10*PLA2G2A,34,342,182,62,76,5,113,78,0,0,38
SOX10_1*PLA2G2A_5,SOX10*PLA2G2A,35,670,181,102947,208,740,289,133,0,66,158
SOX10_1*PLA2R1_2,SOX10*PLA2R1,302,635,429,317,482,224,515,402,192,93426,31590
SOX10_1*PLA2R1_3,SOX10*PLA2R1,96,221,148,92,108,71,148,121,0,3,62
SOX10_1*PLA2R1_4,SOX10*PLA2R1,217,514,234,66,103,44,195,109,0,2,66
SOX10_1*TLR7_1,SOX10*TLR7,175,446,98,7695,123,55,115,108,0,5,77
SOX10_1*TLR7_2,SOX10*TLR7,149,139,21,589,43,45,44,42,0,2,36
SOX10_1*TLR7_5,SOX10*TLR7,140,99,210,71,74,22,129,113,0,0,40
SOX10_1*TNFSF15_1,SOX10*TNFSF15,67,345,53,43,64,51,106,69,0,0,30
SOX10_1*TNFSF15_2,SOX10*TNFSF15,407,811,202,122,126,108,114,121,0,1,48
SOX10_1*TNFSF15_3,SOX10*TNFSF15,188,642,318,112,87,75,121,120,0,2,103
SOX10_4*BTLA_1,SOX10*BTLA,127,436,229,185,74,42,94,132,0,0,53
SOX10_4*BTLA_2,SOX10*BTLA,417,1417,365,103,288,36,357,318,0,4,229
SOX10_4*BTLA_3,SOX10*BTLA,264,1007,412,61998,233,119,277,388,13,13341,2814
SOX10_4*CDH1_1,SOX10*CDH1,264,582,268,144072,396,337,268,264,0,86,264
SOX10_4*CDH1_3,SOX10*CDH1,0,0,0,36,29,21,53,30,0,1,20
SOX10_4*CDH1_4,SOX10*CDH1,252,391,337,679,181,42,262,158,0,1,104
SOX10_4*CDH1_5,SOX10*CDH1,379,959,303,2338,148,68,228,169,0,6,78
SOX10_4*CX3CL1_3,SOX10*CX3CL1,124,464,143,99903,204,140,210,163,0,59,149
SOX10_4*CX3CL1_4,SOX10*CX3CL1,151,281,174,75,141,5133,176,158,0,4,123
SOX10_4*CX3CL1_5,SOX10*CX3CL1,152,533,314,638,905,790,58315,605,926,142772,82756
SOX10_4*CXCR2_2,SOX10*CXCR2,227,740,502,645,160,1494,204,178,0,7,77
SOX10_4*CXCR2_4,SOX10*CXCR2,79,209,145,10,46,2,43,23,0,0,41
SOX10_4*CXCR2_5,SOX10*CXCR2,240,423,350,42,75,44,55,57,0,1,58
SOX10_4*CXCR5_2,SOX10*CXCR5,77,328,195,113,108,178,113,118,8,6412,9160
SOX10_4*CXCR5_3,SOX10*CXCR5,537,1633,631,1649,1880,192,32303,245,14,2235,17304
SOX10_4*CXCR5_4,SOX10*CXCR5,208,1032,223,213,159,57,176,515,23,20,65
SOX10_4*FCRL6_1,SOX10*FCRL6,412,396,408,661,193956,23930,653,560,350,35716,70370
SOX10_4*FCRL6_4,SOX10*FCRL6,316,588,507,155889,288,213,282,207,0,80,204
SOX10_4*FCRL6_5,SOX10*FCRL6,252,386,339,88,185,33,176,160,0,2,155
SOX10_4*HGF_2,SOX10*HGF,288,1146,580,95645,801,533,700,3087,63783,32851,22142
SOX10_4*HGF_4,SOX10*HGF,258,749,248,198,203,103,212,188,0,7,172
SOX10_4*HGF_5,SOX10*HGF,418,1071,478,216,288,249,23700,640,46,45,193
SOX10_4*IL6_1,SOX10*IL6,48,294,28,20,16,2,39,32,0,0,18
SOX10_4*IL6_2,SOX10*IL6,308,1064,431,226,211,2147,21895,190,1,520,436
SOX10_4*IL6_5,SOX10*IL6,383,567,476,176,191,93,233,241,0,7,135
SOX10_4*MFAP5_1,SOX10*MFAP5,72,195,68,27,64,58,87,57,0,2,36
SOX10_4*MFAP5_3,SOX10*MFAP5,164,872,140,576,165708,105944,12582,350,2,252,446
SOX10_4*MFAP5_5,SOX10*MFAP5,207,764,440,43605,193,188,221,284,0,21,189
SOX10_4*MPEG1_1,SOX10*MPEG1,425,1181,563,798,929,593,871,3228,162524,58824,80794
SOX10_4*MPEG1_4,SOX10*MPEG1,104,194,166,331,112,55,11112,78,0,14,84
SOX10_4*MPEG1_5,SOX10*MPEG1,338,891,447,1448,1252,968,3118,865,2455,261283,167933
SOX10_4*MUC16_1,SOX10*MUC16,314,776,214,326,384,160,13843,1429,231,88,334
SOX10_4*MUC16_2,SOX10*MUC16,248,645,103,791,156,72,168,146,0,5,50
SOX10_4*MUC16_5,SOX10*MUC16,185,827,492,261,138,370,4528,175,2,3,55
SOX10_4*MYSM1_2,SOX10*MYSM1,228,210,120,59,66,41,85,89,0,0,69
SOX10_4*MYSM1_4,SOX10*MYSM1,276,689,228,147,239,32,262,309,0,3,104
SOX10_4*MYSM1_5,SOX10*MYSM1,232,682,203,1933,879,535,660,554,1087,170145,125007
SOX10_4*NT_17,SOX10*NT,129,315,183,198,142,57,145,150,0,4,55
SOX10_4*NT_18,SOX10*NT,73,804,258,106,235,165,22369,242,0,25,173
SOX10_4*NT_20,SOX10*NT,127,313,63,310,29317,68065,207,163,0,106,161
SOX10_4*NT_25,SOX10*NT,246,313,437,159,201,29,332,299,0,8,240
SOX10_4*NT_26,SOX10*NT,181,516,109,1796,537545,155077,1104,875,11,609,950
SOX10_4*NT_33,SOX10*NT,640,879,774,622380,1186,746,951,1442,359,459,945
SOX10_4*NT_39,SOX10*NT,476,920,743,53778,299,95,407,316,0,49,223
SOX10_4*NT_57,SOX10*NT,261,907,386,12949,149,140,178,336,19,27,59
SOX10_4*NT_6,SOX10*NT,253,1039,346,4663,172,82,229,204,0,10,168
SOX10_4*PDCD1LG2_1,SOX10*PDCD1LG2,235,1205,663,8312,294,63,376,9167,0,31,157
SOX10_4*PDCD1LG2_2,SOX10*PDCD1LG2,154,306,434,4383,137,83,990,135,0,4,98
SOX10_4*PDCD1LG2_3,SOX10*PDCD1LG2,163,360,546,1430,297634,56329,1233,1063,6758,219916,160531
SOX10_4*PLA2G2A_2,SOX10*PLA2G2A,275,313,355,5005,5003,19782,156599,2890,38748,1036976,661597
SOX10_4*PLA2G2A_4,SOX10*PLA2G2A,86,548,149,167,155,129,143,130,12,6721,14342
SOX10_4*PLA2G2A_5,SOX10*PLA2G2A,241,313,337,406,545,5404,429,360,252,51742,76142
SOX10_4*PLA2R1_2,SOX10*PLA2R1,411,1215,580,718,1138,626,910,2830,130809,51859,81827
SOX10_4*PLA2R1_3,SOX10*PLA2R1,158,303,60,142,148,37,118,105,0,0,43
SOX10_4*PLA2R1_4,SOX10*PLA2R1,176,361,207,108,136,7,141,108,0,1,78
SOX10_4*TLR7_1,SOX10*TLR7,279,971,425,104,138,65,126,150,0,8,54
SOX10_4*TLR7_2,SOX10*TLR7,132,756,139,1713,51,81,91,70,0,3,55
SOX10_4*TLR7_5,SOX10*TLR7,99,228,236,35,81,99,93,79,0,0,42
SOX10_4*TNFSF15_1,SOX10*TNFSF15,147,417,184,52,41,1,97,60,0,4,11
SOX10_4*TNFSF15_2,SOX10*TNFSF15,345,1135,434,586,711,413,520,461,672,101075,94192
SOX10_4*TNFSF15_3,SOX10*TNFSF15,351,1757,576,21591,329,689,387,453,107,46,6739
SOX10_5*BTLA_1,SOX10*BTLA,266,1248,786,57430,259,179,291,242,4,16461,186
SOX10_5*BTLA_2,SOX10*BTLA,272,1689,810,184,260,131,7656,326,1958,34584,4743
SOX10_5*BTLA_3,SOX10*BTLA,434,1106,646,1451,560,3749,303,1063,117,67,164
SOX10_5*CDH1_1,SOX10*CDH1,230,762,281,185,16428,29916,155,121,0,36,161
SOX10_5*CDH1_3,SOX10*CDH1,0,0,0,40,41,39,76,51,0,1,37
SOX10_5*CDH1_4,SOX10*CDH1,850,2011,760,66118,358,93,363,410,0,46,257
SOX10_5*CDH1_5,SOX10*CDH1,285,693,434,168,232,156,30685,202,0,31,134
SOX10_5*CX3CL1_3,SOX10*CX3CL1,136,155,77,27,42,2,46,52,0,4,8
SOX10_5*CX3CL1_4,SOX10*CX3CL1,217,1060,277,116,143,113,194,227,0,4,430
SOX10_5*CX3CL1_5,SOX10*CX3CL1,506,986,231,643,298,152,357,290,0,7,256
SOX10_5*CXCR2_2,SOX10*CXCR2,945,1419,576,10900,12902,9183,5417472,6880,732,5062,8224
SOX10_5*CXCR2_4,SOX10*CXCR2,154,301,245,3103,93,16,75,77,0,4,58
SOX10_5*CXCR2_5,SOX10*CXCR2,417,684,473,154,96,30,103,83,0,14,94
SOX10_5*CXCR5_2,SOX10*CXCR5,313,644,378,20684,229,242,406,251,0,16,141
SOX10_5*CXCR5_3,SOX10*CXCR5,908,1776,1500,54401,1741,2069,1314,1141,3490,265322,223498
SOX10_5*CXCR5_4,SOX10*CXCR5,95,476,105,172,75,60,102,81,0,6,47
SOX10_5*FCRL6_1,SOX10*FCRL6,193,1186,359,464,234,517,246,573,40,20,146
SOX10_5*FCRL6_4,SOX10*FCRL6,329,825,575,272,6932,336,250,224,91,40418,34065
SOX10_5*FCRL6_5,SOX10*FCRL6,159,342,115,39,65,31,67,29,0,0,25
SOX10_5*HGF_2,SOX10*HGF,307,1032,830,694,600,1294,29071,2865,2005,1726,444
SOX10_5*HGF_4,SOX10*HGF,418,325,574,3300,1432,1001,1350,6672,362903,104988,45635
SOX10_5*HGF_5,SOX10*HGF,300,671,447,41,108,83,138,140,0,7,40
SOX10_5*IL6_1,SOX10*IL6,269,329,258,79000,245,106,169,159,0,53,144
SOX10_5*IL6_2,SOX10*IL6,130,722,347,106,93,112,163,149,0,4,67
SOX10_5*IL6_5,SOX10*IL6,291,919,461,5272,142,76,236,174,0,1857,136
SOX10_5*MFAP5_1,SOX10*MFAP5,177,1154,273,357,99,270,206,99,0,6,116
SOX10_5*MFAP5_3,SOX10*MFAP5,358,1350,369,420,789,3563,153281,371,1,152,336
SOX10_5*MFAP5_5,SOX10*MFAP5,407,1426,623,1299,267,96,257,251,2,308,8097
SOX10_5*MPEG1_1,SOX10*MPEG1,403,936,531,26262,183,156,282,254,0,32,186
SOX10_5*MPEG1_4,SOX10*MPEG1,250,633,382,17462,109,46,128,103,0,12,48
SOX10_5*MPEG1_5,SOX10*MPEG1,345,473,484,344,442,1721,359,338,152,33381,51463
SOX10_5*MUC16_1,SOX10*MUC16,404,1420,786,157130,1637,1095,1444,7011,278899,35634,63313
SOX10_5*MUC16_2,SOX10*MUC16,484,1014,416,365,342,229,313,100172,0,94,271
SOX10_5*MUC16_5,SOX10*MUC16,659,1223,461,82991,17671,6818,476,590,8094,54456,44659
SOX10_5*MYSM1_2,SOX10*MYSM1,530,1882,651,4086,447148,82585,665,637,5,384,743
SOX10_5*MYSM1_4,SOX10*MYSM1,313,711,227,726,158,7697,147,147,0,9,97
SOX10_5*MYSM1_5,SOX10*MYSM1,294,322,487,180,167,76,192,171,0,1,99
SOX10_5*NT_17,SOX10*NT,258,549,332,134,144,72,218,143,0,7,115
SOX10_5*NT_18,SOX10*NT,183,417,520,1466,212,117,37182,233,0,51,129
SOX10_5*NT_20,SOX10*NT,245,553,301,102,105,22,114,159,0,2,18
SOX10_5*NT_25,SOX10*NT,440,1063,393,51307,247,456,350,291,2,47,195
SOX10_5*NT_26,SOX10*NT,670,842,529,1466,390649,111287,132390,1065,165,10322,12691
SOX10_5*NT_33,SOX10*NT,657,1492,492,1081,408,221,3812,320,91,22996,43464
SOX10_5*NT_39,SOX10*NT,873,1384,578,323,189,2003,224,238,0,6,172
SOX10_5*NT_57,SOX10*NT,262,383,316,14949,645,445,555,2916,53962,13681,35558
SOX10_5*NT_6,SOX10*NT,341,1036,418,326,118823,12137,450,390,1,97,299
SOX10_5*PDCD1LG2_1,SOX10*PDCD1LG2,857,1835,1048,847,28866,18372,54769,615,711,88078,91058
SOX10_5*PDCD1LG2_2,SOX10*PDCD1LG2,203,406,310,32,89,63,99,103,0,0,98
SOX10_5*PDCD1LG2_3,SOX10*PDCD1LG2,374,1218,617,117,164,62,218,162,0,3,144
SOX10_5*PLA2G2A_2,SOX10*PLA2G2A,161,910,370,161923,328,165,257,216,1,119,226
SOX10_5*PLA2G2A_4,SOX10*PLA2G2A,357,778,250,21,118,464,147,161,0,7,131
SOX10_5*PLA2G2A_5,SOX10*PLA2G2A,243,642,580,161,169,71,10424,132,2,9191,145
SOX10_5*PLA2R1_2,SOX10*PLA2R1,671,1686,805,5210,1637,1161,545620,1005,22,2894,1040
SOX10_5*PLA2R1_3,SOX10*PLA2R1,107,120,234,21,117,16,113,98,0,0,53
SOX10_5*PLA2R1_4,SOX10*PLA2R1,238,364,340,6004,1152,743,1151,490072,59,405,740
SOX10_5*TLR7_1,SOX10*TLR7,318,939,328,2505,226,58,2075,168,0,13,171
SOX10_5*TLR7_2,SOX10*TLR7,270,590,433,1690,2083,1916,912095,1210,22,915,1488
SOX10_5*TLR7_5,SOX10*TLR7,297,970,232,2024,1068835,197218,1625,1267,53,3885,1550
SOX10_5*TNFSF15_1,SOX10*TNFSF15,201,1031,163,41,67,205,76,106,0,3,35
SOX10_5*TNFSF15_2,SOX10*TNFSF15,441,1069,797,1720,292,268,5169,255,29,10604,17402
SOX10_5*TNFSF15_3,SOX10*TNFSF15,500,1246,717,199,336,339,304,354,15,18781,5713
STK11_1*BTLA_1,STK11*BTLA,341,1415,343,8123,1002,662,758,602,754,83056,135632
STK11_1*BTLA_2,STK11*BTLA,609,1224,818,6437,250,2249,341,646,0,21,177
STK11_1*BTLA_3,STK11*BTLA,287,935,325,119058,317,221,426,302,0,67,249
STK11_1*CDH1_1,STK11*CDH1,394,1002,261,393,360,675,373,68249,23,3416,23704
STK11_1*CDH1_3,STK11*CDH1,0,0,0,40,37,40,60,39,0,0,34
STK11_1*CDH1_4,STK11*CDH1,802,1376,548,258,424,303,13342,13794,0,25,267
STK11_1*CDH1_5,STK11*CDH1,526,1411,562,44881,2518,917,376,252,48,19814,18112
STK11_1*CX3CL1_3,STK11*CX3CL1,105,259,96,79,138,56,178,125,0,3,104
STK11_1*CX3CL1_4,STK11*CX3CL1,353,1219,346,1211,397,2121,414,14926,69,22964,28998
STK11_1*CX3CL1_5,STK11*CX3CL1,261,793,485,63078,41982,10495,378,303,1,93,326
STK11_1*CXCR2_2,STK11*CXCR2,307,1075,338,120,239,103,282,194,0,4,141
STK11_1*CXCR2_4,STK11*CXCR2,183,270,170,9073,261,126,360,166,97,31279,35680
STK11_1*CXCR2_5,STK11*CXCR2,330,821,466,1425,26212,306,3490,281,123,28702,42124
STK11_1*CXCR5_2,STK11*CXCR5,248,319,125,138,127,38,119,134,0,1298,119
STK11_1*CXCR5_3,STK11*CXCR5,493,1429,754,16832,382,10370,568,428,9,4675,5937
STK11_1*CXCR5_4,STK11*CXCR5,184,490,258,102532,749,443,557,650,16080,84474,77606
STK11_1*FCRL6_1,STK11*FCRL6,253,1145,306,815,1036,799,6445,359,22,6778,24505
STK11_1*FCRL6_4,STK11*FCRL6,206,1087,323,385,9700,5697,5191,140,0,19,77
STK11_1*FCRL6_5,STK11*FCRL6,341,1002,371,1912,99646,63054,84975,1330,4760,129466,378336
STK11_1*HGF_2,STK11*HGF,294,1112,458,91247,399,225,430,404,0,63,260
STK11_1*HGF_4,STK11*HGF,201,549,493,846,704,400,607,518,381,76493,67340
STK11_1*HGF_5,STK11*HGF,288,1084,683,35382,683,5874,714,189870,2,165,525
STK11_1*IL6_1,STK11*IL6,253,594,164,430,95038,12572,266,202,0,46,167
STK11_1*IL6_2,STK11*IL6,496,1037,743,83919,177561,16387,555,429,2,215,473
STK11_1*IL6_5,STK11*IL6,283,742,269,1186,278,142,415,282,29,32008,11165
STK11_1*MFAP5_1,STK11*MFAP5,198,725,207,155,220,7776,1793,329,483,3238,4420
STK11_1*MFAP5_3,STK11*MFAP5,257,260,205,313979,649847,149058,1662,1127,21,860,1345
STK11_1*MFAP5_5,STK11*MFAP5,230,640,179,14048,1228,1670,10689,7570,3719,408,731
STK11_1*MPEG1_1,STK11*MPEG1,302,930,197,273,285,2599,17332,278,0,20,200
STK11_1*MPEG1_4,STK11*MPEG1,21,51,28,50,81,59,94,78,0,0,55
STK11_1*MPEG1_5,STK11*MPEG1,425,573,450,88,140,53,198,203,0,9,142
STK11_1*MUC16_1,STK11*MUC16,469,966,362,8332,1094534,187139,2018,1510,777,52133,22062
STK11_1*MUC16_2,STK11*MUC16,303,1352,346,1004,121681,113234,651,820,4183,16862,12678
STK11_1*MUC16_5,STK11*MUC16,349,1513,764,179327,665,1826,5467,532,282,52041,38160
STK11_1*MYSM1_2,STK11*MYSM1,137,439,240,568,137,176,7881,162,0,5,123
STK11_1*MYSM1_4,STK11*MYSM1,468,1163,532,31687,54550,30273,378,715,78,129,257
STK11_1*MYSM1_5,STK11*MYSM1,246,465,314,7316,170,54,269,221,0,13,116
STK11_1*NT_17,STK11*NT,198,179,109,250,215,91,9572,155,0,16,99
STK11_1*NT_18,STK11*NT,214,671,369,744,219,87,1054,163,0,5,144
STK11_1*NT_20,STK11*NT,127,515,187,203,23928,4765,296,217,0,24,116
STK11_1*NT_25,STK11*NT,308,1370,477,999,1240,762,1108,892,1585,170789,133951
STK11_1*NT_26,STK11*NT,329,746,473,9003,303,595,8182,246,18,5123,17308
STK11_1*NT_33,STK11*NT,498,2286,883,61705,584341,83738,1452,1143,590,43478,36726
STK11_1*NT_39,STK11*NT,666,2321,812,1064,16991,2441,489,401,0,17,248
STK11_1*NT_57,STK11*NT,144,241,234,177,85,5,73,76,0,9,97
STK11_1*NT_6,STK11*NT,275,949,246,183,190,117,328,231,0,9,138
STK11_1*PDCD1LG2_1,STK11*PDCD1LG2,771,1548,755,10597,20446,4737,449,363,1,3712,258
STK11_1*PDCD1LG2_2,STK11*PDCD1LG2,250,1380,255,394,156,58,239,157,0,6,155
STK11_1*PDCD1LG2_3,STK11*PDCD1LG2,394,959,307,1844,83580,46954,509,415,1,114,370
STK11_1*PLA2G2A_2,STK11*PLA2G2A,130,591,178,82,76,22,2090,134,3,7,70
STK11_1*PLA2G2A_4,STK11*PLA2G2A,81,166,134,122,82,11,101,101,0,1,46
STK11_1*PLA2G2A_5,STK11*PLA2G2A,189,386,258,476016,4698,5126,1200444,9091,12796,1803,2923
STK11_1*PLA2R1_2,STK11*PLA2R1,691,1858,707,24971,413,219,579,406,1,2131,327
STK11_1*PLA2R1_3,STK11*PLA2R1,56,393,51,531,77004,147125,578,410,38,8556,4566
STK11_1*PLA2R1_4,STK11*PLA2R1,221,1522,380,803,210,41,248,226,0,2,134
STK11_1*TLR7_1,STK11*TLR7,227,875,268,268,268,154,376,1354,175,76,209
STK11_1*TLR7_2,STK11*TLR7,57,235,178,78,41,30,115,44,0,2,467
STK11_1*TLR7_5,STK11*TLR7,255,774,218,297,97076,2861,20990,5439,0,87,194
STK11_1*TNFSF15_1,STK11*TNFSF15,201,590,267,107,24140,10054,142,74,0,44,118
STK11_1*TNFSF15_2,STK11*TNFSF15,397,1376,392,51289,302,160,376,3307,584,3279,5926
STK11_1*TNFSF15_3,STK11*TNFSF15,452,816,345,1990,164,524,264,359,1,2566,651
STK11_4*BTLA_1,STK11*BTLA,283,227,455,85,69,14,77,74,0,0,104
STK11_4*BTLA_2,STK11*BTLA,193,285,316,105,85,156,85,71,0,0,85
STK11_4*BTLA_3,STK11*BTLA,217,127,288,289,308,142,237,199,63,13683,46076
STK11_4*CDH1_1,STK11*CDH1,122,442,241,34,256,48,135,69,0,1,62
STK11_4*CDH1_3,STK11*CDH1,0,0,0,151,267,146,299,243,0,5,301
STK11_4*CDH1_4,STK11*CDH1,294,650,326,459,547,400,502,452,2516,77845,116015
STK11_4*CDH1_5,STK11*CDH1,170,292,185,28,100,17,96,107,0,2,45
STK11_4*CX3CL1_3,STK11*CX3CL1,228,320,183,66,40,5,59,62,0,4,24
STK11_4*CX3CL1_4,STK11*CX3CL1,211,521,279,176,91,38,132,125,0,0,52
STK11_4*CX3CL1_5,STK11*CX3CL1,236,683,339,4361,103,1040,141,162,0,9,100
STK11_4*CXCR2_2,STK11*CXCR2,319,1297,367,528,200,52,213,212,0,3,125
STK11_4*CXCR2_4,STK11*CXCR2,67,247,182,2,20,0,31,28,0,0,14
STK11_4*CXCR2_5,STK11*CXCR2,291,100,366,214,60,47,59,146,0,6,70
STK11_4*CXCR5_2,STK11*CXCR5,163,157,136,72,121,42,2547,101,10,3717,14483
STK11_4*CXCR5_3,STK11*CXCR5,100,448,113,616,64,30,90,83,0,2,91
STK11_4*CXCR5_4,STK11*CXCR5,68,111,115,6909,61,71,79,64,1,9548,99
STK11_4*FCRL6_1,STK11*FCRL6,244,1509,401,32,163,158,165,114,0,1,69
STK11_4*FCRL6_4,STK11*FCRL6,224,670,100,31,73,9,85,57,0,2,54
STK11_4*FCRL6_5,STK11*FCRL6,107,351,46,169,234,146,214,166,93,53693,28009
STK11_4*HGF_2,STK11*HGF,293,846,460,320,247,985,293,126,0,3,86
STK11_4*HGF_4,STK11*HGF,169,237,453,317141,649,421,559,437,2,275,397
STK11_4*HGF_5,STK11*HGF,163,301,188,48129,154,104,143,135,0,37,100
STK11_4*IL6_1,STK11*IL6,154,159,171,16,67,30,98,170,0,2,55
STK11_4*IL6_2,STK11*IL6,223,498,242,145,124,58,132,112,0,4,121
STK11_4*IL6_5,STK11*IL6,176,497,485,5072,76,74,92,83,0,3,58
STK11_4*MFAP5_1,STK11*MFAP5,56,139,221,744213,1145,774,828,676,8,552,835
STK11_4*MFAP5_3,STK11*MFAP5,238,304,222,1054,430079,75571,714,603,5,350,695
STK11_4*MFAP5_5,STK11*MFAP5,229,827,150,104,131,51,2804,159,0,5,134
STK11_4*MPEG1_1,STK11*MPEG1,349,751,736,428,614,372,625,4463,1270,247,392
STK11_4*MPEG1_4,STK11*MPEG1,152,363,65,1,57,0,48,23,0,0,27
STK11_4*MPEG1_5,STK11*MPEG1,56,511,275,417883,881,699,660,108200,5,384,606
STK11_4*MUC16_1,STK11*MUC16,287,883,497,117,165,62,1311,185,0,6,109
STK11_4*MUC16_2,STK11*MUC16,169,426,418,94,1154,191,115,107,0,2,91
STK11_4*MUC16_5,STK11*MUC16,319,650,560,68,82,45,104,120,0,1,92
STK11_4*MYSM1_2,STK11*MYSM1,69,636,294,78,47,28,84,76,0,0,48
STK11_4*MYSM1_4,STK11*MYSM1,263,468,194,765,43879,22648,44575,196,0,91,209
STK11_4*MYSM1_5,STK11*MYSM1,259,232,337,203,78,106,144,98,0,3,64
STK11_4*NT_17,STK11*NT,288,752,133,47,65,23,118,112,0,2,71
STK11_4*NT_18,STK11*NT,150,658,132,141237,372,217,401,806,91,136,212
STK11_4*NT_20,STK11*NT,114,143,78,72,80,33,86,375,16,11,77
STK11_4*NT_25,STK11*NT,112,242,210,626,278,140,79804,190,0,90,208
STK11_4*NT_26,STK11*NT,326,674,301,82349,1381,1005,1343,7991,4815,523,918
STK11_4*NT_33,STK11*NT,717,1405,557,237,195,81,208,209,27,14865,18204
STK11_4*NT_39,STK11*NT,257,876,576,720,945,569,928,6067,54429,19513,6718
STK11_4*NT_57,STK11*NT,128,226,217,41,98,21,47,38,0,0,59
STK11_4*NT_6,STK11*NT,262,666,339,326991,553,448,400,364,2,241,342
STK11_4*PDCD1LG2_1,STK11*PDCD1LG2,448,1188,515,854,25933,164366,773,596,306,33265,45534
STK11_4*PDCD1LG2_2,STK11*PDCD1LG2,300,662,335,36267,125,56,134,113,0,33,80
STK11_4*PDCD1LG2_3,STK11*PDCD1LG2,232,363,72,198,273,40720,195,183,0,50,130
STK11_4*PLA2G2A_2,STK11*PLA2G2A,54,277,359,46,31,3,65,38,0,3,2
STK11_4*PLA2G2A_4,STK11*PLA2G2A,252,751,388,80,89,169,100,93,0,1,58
STK11_4*PLA2G2A_5,STK11*PLA2G2A,40,232,105,530,127,22,124,403,23,19,74
STK11_4*PLA2R1_2,STK11*PLA2R1,243,532,352,198,119,33,214,218,0,4,102
STK11_4*PLA2R1_3,STK11*PLA2R1,55,491,294,196,174,120,183,155,0,0,133
STK11_4*PLA2R1_4,STK11*PLA2R1,266,250,333,109,27319,1419,152,125,0,28,109
STK11_4*TLR7_1,STK11*TLR7,133,68,160,75,85,53,79,84,0,4,52
STK11_4*TLR7_2,STK11*TLR7,18,193,182,239,43,11,43,33,0,0,21
STK11_4*TLR7_5,STK11*TLR7,174,296,163,14,74,602,76,72,0,0,58
STK11_4*TNFSF15_1,STK11*TNFSF15,166,560,210,31,25,28,82,75,0,0,66
STK11_4*TNFSF15_2,STK11*TNFSF15,353,539,313,1386,67004,16748,229,181,0,75,190
STK11_4*TNFSF15_3,STK11*TNFSF15,358,1096,410,153,533,199,309,25400,72,60,181
STK11_5*BTLA_1,STK11*BTLA,943,1552,776,439,431,1872,17171,565,0,31,326
STK11_5*BTLA_2,STK11*BTLA,537,1522,1156,175539,844,564,742,1682,299,185,553
STK11_5*BTLA_3,STK11*BTLA,970,2574,1151,187138,1558,1931,1390,144620,1223,141076,84293
STK11_5*CDH1_1,STK11*CDH1,255,1124,576,149789,1307,807,879,779,1218,80522,171354
STK11_5*CDH1_3,STK11*CDH1,0,0,0,38,74,34,86,57,0,2,28
STK11_5*CDH1_4,STK11*CDH1,736,2563,1081,779,1144,1096,35482,3604,1023,201,729
STK11_5*CDH1_5,STK11*CDH1,601,677,937,6137,614,2837,682,2242,1631,1970,553
STK11_5*CX3CL1_3,STK11*CX3CL1,417,724,795,109,161,79,197,182,0,4,113
STK11_5*CX3CL1_4,STK11*CX3CL1,394,1363,725,12953,325,206,397,348,4,3750,3021
STK11_5*CX3CL1_5,STK11*CX3CL1,649,1770,988,790,130095,9064,18978,720,1,137,552
STK11_5*CXCR2_2,STK11*CXCR2,641,1878,586,9515,305,84,430,374,0,16,282
STK11_5*CXCR2_4,STK11*CXCR2,222,457,333,24893,196,98,258,207,0,24,118
STK11_5*CXCR2_5,STK11*CXCR2,459,835,622,18899,862,612,569,632,699,104794,99142
STK11_5*CXCR5_2,STK11*CXCR5,290,1361,349,1504,48759,166480,720,611,3,272,668
STK11_5*CXCR5_3,STK11*CXCR5,1367,3481,1709,3265,1031972,224977,249779,5867,18725,12720,2726
STK11_5*CXCR5_4,STK11*CXCR5,445,683,359,494146,980,658,752,637,5,359,793
STK11_5*FCRL6_1,STK11*FCRL6,780,1987,1050,39650,3862,1654,1749,1632,7536,426974,307449
STK11_5*FCRL6_4,STK11*FCRL6,573,1029,556,949,26387,96380,14156,690,1125,89543,137772
STK11_5*FCRL6_5,STK11*FCRL6,406,779,703,3341,3937,2586,4241,28036,47041,1684,2518
STK11_5*HGF_2,STK11*HGF,1009,1824,1381,53460,904,602,935,2697,989,630,483
STK11_5*HGF_4,STK11*HGF,673,1680,1201,814,556,192,555,571,0,16,522
STK11_5*HGF_5,STK11*HGF,968,2173,1087,35781,459,275,14330,363,12,7254,5328
STK11_5*IL6_1,STK11*IL6,362,1302,686,78039,1307,383,462,393,0,56,386
STK11_5*IL6_2,STK11*IL6,462,1118,1220,814,1191,4453,996,4950,38080,8739,11059
STK11_5*IL6_5,STK11*IL6,860,2086,1490,172681,1997,954,4344,927,43,158,584
STK11_5*MFAP5_1,STK11*MFAP5,497,962,797,2584,1088593,395366,2148,1728,42,1205,2016
STK11_5*MFAP5_3,STK11*MFAP5,527,672,643,360,220,113,271,221,0,12,143
STK11_5*MFAP5_5,STK11*MFAP5,634,1384,892,131459,174546,157937,1018,931,32,7685,970
STK11_5*MPEG1_1,STK11*MPEG1,943,1329,847,766,32409,29036,10002,904,472,70408,71330
STK11_5*MPEG1_4,STK11*MPEG1,134,271,213,68,104,818,121,118,0,4,74
STK11_5*MPEG1_5,STK11*MPEG1,367,897,781,45757,14198,3586,76923,359,1,123,360
STK11_5*MUC16_1,STK11*MUC16,620,1430,732,2343,1709,1148,1307,1270,2957,346817,146497
STK11_5*MUC16_2,STK11*MUC16,459,1765,580,12457,2388,2747,9667,267041,9456,709,1521
STK11_5*MUC16_5,STK11*MUC16,715,1959,987,6892,22002,16943,15400,449,0,53,401
STK11_5*MYSM1_2,STK11*MYSM1,824,1304,780,195,322,49,4232,286,0,4,242
STK11_5*MYSM1_4,STK11*MYSM1,477,1888,575,31308,430,198,423,413,124,41059,31436
STK11_5*MYSM1_5,STK11*MYSM1,588,513,490,363,337,792,378,599,22,15,191
STK11_5*NT_17,STK11*NT,273,550,657,256,246,321,338,284,0,10,215
STK11_5*NT_18,STK11*NT,402,1053,824,2227,342,129,444,363,0,4,263
STK11_5*NT_20,STK11*NT,162,405,132,1146,173,50,170,195,0,1,80
STK11_5*NT_25,STK11*NT,848,1665,1333,2139,2401,2538,8185,15370,13616,785,1510
STK11_5*NT_26,STK11*NT,654,1664,787,836,323,125,453,489,0,7,145
STK11_5*NT_33,STK11*NT,1139,2386,1424,26186,710,894,23218,2166,402,137,503
STK11_5*NT_39,STK11*NT,650,1913,785,948,1371,5032,330000,922,65,5347,11187
STK11_5*NT_57,STK11*NT,643,991,663,159812,2624,1751,2383,597491,212007,140647,55938
STK11_5*NT_6,STK11*NT,653,1914,1018,1268,1837,1134,1346,1290,3987,340349,198413
STK11_5*PDCD1LG2_1,STK11*PDCD1LG2,1213,3697,2132,81597,11648,454,916,979,1,83,672
STK11_5*PDCD1LG2_2,STK11*PDCD1LG2,326,668,665,1076,6851,3098,979,904,1935,226888,129461
STK11_5*PDCD1LG2_3,STK11*PDCD1LG2,509,1422,654,385,485,329,577,1886,296,77,466
STK11_5*PLA2G2A_2,STK11*PLA2G2A,230,477,581,193,219,1599,381,686,56,36,213
STK11_5*PLA2G2A_4,STK11*PLA2G2A,461,772,627,183,330,5921,311,298,0,19,252
STK11_5*PLA2G2A_5,STK11*PLA2G2A,409,1534,575,1140,1397,851,1067,922,1994,155227,188735
STK11_5*PLA2R1_2,STK11*PLA2R1,766,2164,1551,2632,697,419,702,664,82,41206,29124
STK11_5*PLA2R1_3,STK11*PLA2R1,180,690,208,313,17121,28591,23060,387,0,54,293
STK11_5*PLA2R1_4,STK11*PLA2R1,449,2059,771,120345,627,340,22316,563,3,250,2883
STK11_5*TLR7_1,STK11*TLR7,356,1262,554,782,841,570,658,654,633,106787,85193
STK11_5*TLR7_2,STK11*TLR7,499,903,288,319,394,13253,68907,705,64,95,275
STK11_5*TLR7_5,STK11*TLR7,372,659,311,245,244,108,244,478,32,24,186
STK11_5*TNFSF15_1,STK11*TNFSF15,330,821,311,108,180,120,244,172,0,6,112
STK11_5*TNFSF15_2,STK11*TNFSF15,642,1845,1189,422,423,316,28221,699,74,76,350
STK11_5*TNFSF15_3,STK11*TNFSF15,856,1026,783,73493,1213,742,6456,5908,7722,378,6847
TGFBR2_1*BTLA_1,TGFBR2*BTLA,400,502,495,6454,595271,106782,1108,992,94,490,850
TGFBR2_1*BTLA_2,TGFBR2*BTLA,169,847,157,37499,1024,575,1070,6888,3223,383,681
TGFBR2_1*BTLA_3,TGFBR2*BTLA,185,519,331,130,148,66,185,147,0,2,109
TGFBR2_1*CDH1_1,TGFBR2*CDH1,132,667,316,1221,179,108,290,283,0,7,130
TGFBR2_1*CDH1_3,TGFBR2*CDH1,0,0,0,18,52,37,79,75,0,0,46
TGFBR2_1*CDH1_4,TGFBR2*CDH1,674,2501,1056,118515,748,440,721,707,87,13119,37733
TGFBR2_1*CDH1_5,TGFBR2*CDH1,256,414,604,110046,516,297,447,688,35,71,197
TGFBR2_1*CX3CL1_3,TGFBR2*CX3CL1,120,173,63,33,100,68,65,70,0,0,36
TGFBR2_1*CX3CL1_4,TGFBR2*CX3CL1,448,808,433,82,170,77,266,254,0,2,153
TGFBR2_1*CX3CL1_5,TGFBR2*CX3CL1,340,998,419,284,40130,40847,420,343,0,69,323
TGFBR2_1*CXCR2_2,TGFBR2*CXCR2,205,750,179,319136,721,410,667,897,101,232,521
TGFBR2_1*CXCR2_4,TGFBR2*CXCR2,119,105,155,83,54,23,79,52,0,2736,49
TGFBR2_1*CXCR2_5,TGFBR2*CXCR2,275,743,393,179,174,630,301,226,0,9,86
TGFBR2_1*CXCR5_2,TGFBR2*CXCR5,252,686,254,44,142,60,183,111,0,2,63
TGFBR2_1*CXCR5_3,TGFBR2*CXCR5,548,1778,495,62833,161363,30374,633,513,2,169,477
TGFBR2_1*CXCR5_4,TGFBR2*CXCR5,124,373,165,119,166,6262,143,184,0,13,65
TGFBR2_1*FCRL6_1,TGFBR2*FCRL6,178,752,490,494,608,378,713,217759,1,186,430
TGFBR2_1*FCRL6_4,TGFBR2*FCRL6,383,1090,156,1567,162,112,138,118,0,3,39
TGFBR2_1*FCRL6_5,TGFBR2*FCRL6,259,95,412,2736,1299,765,1497,9721,6085,533,891
TGFBR2_1*HGF_2,TGFBR2*HGF,404,1503,443,1572,677,6300,161124,558,1,172,490
TGFBR2_1*HGF_4,TGFBR2*HGF,210,397,131,175,326,181,439,678,0,5,251
TGFBR2_1*HGF_5,TGFBR2*HGF,251,568,336,1288,198,101,205,200,0,2,125
TGFBR2_1*IL6_1,TGFBR2*IL6,149,420,116,98,158,160,197,194,0,5,126
TGFBR2_1*IL6_2,TGFBR2*IL6,306,977,384,110,186,119,197,191,0,1,174
TGFBR2_1*IL6_5,TGFBR2*IL6,185,452,417,178,206,130,209,194,0,4,357
TGFBR2_1*MFAP5_1,TGFBR2*MFAP5,201,429,102,2545,93,34,106,158,0,3,88
TGFBR2_1*MFAP5_3,TGFBR2*MFAP5,164,386,159,46,135,40,129,156,0,2,60
TGFBR2_1*MFAP5_5,TGFBR2*MFAP5,257,518,300,216,299,1866,283,256,9,12249,5029
TGFBR2_1*MPEG1_1,TGFBR2*MPEG1,125,763,403,143,208,63,235,228,0,4,208
TGFBR2_1*MPEG1_4,TGFBR2*MPEG1,30,55,181,43,35,17,54,30,0,0,40
TGFBR2_1*MPEG1_5,TGFBR2*MPEG1,355,875,375,199,164,30,156,162,0,3,88
TGFBR2_1*MUC16_1,TGFBR2*MUC16,324,413,396,243,245,131,345,269,0,1447,148
TGFBR2_1*MUC16_2,TGFBR2*MUC16,206,537,422,3553,156,14,184,146,0,5,594
TGFBR2_1*MUC16_5,TGFBR2*MUC16,359,1429,363,2566,230,4615,329,256,0,7,192
TGFBR2_1*MYSM1_2,TGFBR2*MYSM1,480,708,283,142,145,970,3075,191,0,10,171
TGFBR2_1*MYSM1_4,TGFBR2*MYSM1,452,385,505,46515,246,113,220,191,0,48,225
TGFBR2_1*MYSM1_5,TGFBR2*MYSM1,269,460,323,551064,1045,634,863,658,74,11917,5957
TGFBR2_1*NT_17,TGFBR2*NT,108,483,135,168,219,140,255,265,0,2,145
TGFBR2_1*NT_18,TGFBR2*NT,159,349,148,147,228,117,243,207,0,1,73
TGFBR2_1*NT_20,TGFBR2*NT,174,759,97,197,251,116,256,1425,161,49,198
TGFBR2_1*NT_25,TGFBR2*NT,261,322,645,513,663,385,32470,497,199,50770,39325
TGFBR2_1*NT_26,TGFBR2*NT,364,898,408,187,250,2293,352,255,0,8,189
TGFBR2_1*NT_33,TGFBR2*NT,446,1059,362,92904,975,680,839,1270,33489,127872,54369
TGFBR2_1*NT_39,TGFBR2*NT,256,1052,625,2704,976,553,778,666,874,95540,140419
TGFBR2_1*NT_57,TGFBR2*NT,251,499,251,97655,283,191,274,226,0,75,207
TGFBR2_1*NT_6,TGFBR2*NT,313,700,279,135,220,132,9137,263,0,15,186
TGFBR2_1*PDCD1LG2_1,TGFBR2*PDCD1LG2,565,1791,585,348,1104,715,341,267,1,13,5835
TGFBR2_1*PDCD1LG2_2,TGFBR2*PDCD1LG2,231,444,469,82480,611,455,480,397,216,42392,49820
TGFBR2_1*PDCD1LG2_3,TGFBR2*PDCD1LG2,314,788,523,275,16863,1442,368,1099,151,71,234
TGFBR2_1*PLA2G2A_2,TGFBR2*PLA2G2A,386,730,244,1439,162,28,204,150,0,1,162
TGFBR2_1*PLA2G2A_4,TGFBR2*PLA2G2A,179,506,113,149,200,68,188,171,0,3,93
TGFBR2_1*PLA2G2A_5,TGFBR2*PLA2G2A,278,147,190,119,115,90,168,138,0,2,68
TGFBR2_1*PLA2R1_2,TGFBR2*PLA2R1,336,776,573,779,325,141,335,304,0,10,2567
TGFBR2_1*PLA2R1_3,TGFBR2*PLA2R1,166,452,185,130,13028,8264,253,196,0,28,151
TGFBR2_1*PLA2R1_4,TGFBR2*PLA2R1,231,458,342,371,216,57,277,250,0,452,215
TGFBR2_1*TLR7_1,TGFBR2*TLR7,422,1529,895,10846,278,88,474,358,0,12,289
TGFBR2_1*TLR7_2,TGFBR2*TLR7,129,804,353,7559,118,63,142,123,0,6,139
TGFBR2_1*TLR7_5,TGFBR2*TLR7,252,267,247,38,247,125,127,134,0,0,70
TGFBR2_1*TNFSF15_1,TGFBR2*TNFSF15,77,281,158,48,86,63,93,70,0,3,60
TGFBR2_1*TNFSF15_2,TGFBR2*TNFSF15,361,735,665,205,262,225,301,234,0,6,143
TGFBR2_1*TNFSF15_3,TGFBR2*TNFSF15,255,844,454,154,246,92,313,289,0,4,187
TGFBR2_3*BTLA_1,TGFBR2*BTLA,835,1859,1406,35057,591,286,23167,2020,1165,1913,379
TGFBR2_3*BTLA_2,TGFBR2*BTLA,817,3641,1123,539,484,3274,30173,579,0,40,381
TGFBR2_3*BTLA_3,TGFBR2*BTLA,511,1675,1087,206786,619,428,536,458,1,157,420
TGFBR2_3*CDH1_1,TGFBR2*CDH1,796,2309,823,37753,1218,1697,117240,1189,25806,75109,99083
TGFBR2_3*CDH1_3,TGFBR2*CDH1,0,0,0,99,76,63,119,126,0,1,54
TGFBR2_3*CDH1_4,TGFBR2*CDH1,1302,3300,1985,51944,64640,95360,41365,5979,9348,4887,1079
TGFBR2_3*CDH1_5,TGFBR2*CDH1,995,2614,1208,1267,551,669,550,577,0,12,371
TGFBR2_3*CX3CL1_3,TGFBR2*CX3CL1,285,648,416,1313,630202,120751,1161,1031,49,586,976
TGFBR2_3*CX3CL1_4,TGFBR2*CX3CL1,693,2394,735,6966,684127,100197,1817,1494,1978,73639,119361
TGFBR2_3*CX3CL1_5,TGFBR2*CX3CL1,645,1092,1135,295,500,265,5615,649,12,10918,6417
TGFBR2_3*CXCR2_2,TGFBR2*CXCR2,603,1385,634,1447,795,284,669,696,435,4712,25655
TGFBR2_3*CXCR2_4,TGFBR2*CXCR2,488,1042,552,8305,154,283,194,133,0,6,131
TGFBR2_3*CXCR2_5,TGFBR2*CXCR2,736,1947,854,64527,717,317,136807,492,2,186,562
TGFBR2_3*CXCR5_2,TGFBR2*CXCR5,498,1321,175,1604,369,98,318,318,15,33272,2715
TGFBR2_3*CXCR5_3,TGFBR2*CXCR5,1611,3537,2104,3035,1417,2458,6599,622,0,21,450
TGFBR2_3*CXCR5_4,TGFBR2*CXCR5,343,395,260,528,332,246,78137,277,0,72,285
TGFBR2_3*FCRL6_1,TGFBR2*FCRL6,694,2565,1161,673,134559,43269,624,606,3,1337,543
TGFBR2_3*FCRL6_4,TGFBR2*FCRL6,952,1439,1131,95460,208950,66113,414156,1139,15,744,1309
TGFBR2_3*FCRL6_5,TGFBR2*FCRL6,461,1877,851,1809,185,97,294,240,0,6,198
TGFBR2_3*HGF_2,TGFBR2*HGF,1171,3138,1817,168377,907,515,6265,103594,3,194,790
TGFBR2_3*HGF_4,TGFBR2*HGF,520,1570,690,38623,494,335,536,537,4,15516,260
TGFBR2_3*HGF_5,TGFBR2*HGF,946,2249,1297,5482,829571,207247,5712,1974969,169,2418,4135
TGFBR2_3*IL6_1,TGFBR2*IL6,646,1350,975,232,304,328,360,424,23,15284,18125
TGFBR2_3*IL6_2,TGFBR2*IL6,973,3032,1347,21980,410,112,356,518,0,15,283
TGFBR2_3*IL6_5,TGFBR2*IL6,1047,2269,1274,42470,1070,4667,944,891,412,76101,68804
TGFBR2_3*MFAP5_1,TGFBR2*MFAP5,386,896,798,1029,16735,116088,908,2634,67709,52570,26153
TGFBR2_3*MFAP5_3,TGFBR2*MFAP5,1088,1673,1032,14455,344,169,439,398,1,2972,213
TGFBR2_3*MFAP5_5,TGFBR2*MFAP5,624,2037,1160,1005,360,283,476,414,0,6,250
TGFBR2_3*MPEG1_1,TGFBR2*MPEG1,848,2111,1226,60971,936,18035,7004,2338,579,182,518
TGFBR2_3*MPEG1_4,TGFBR2*MPEG1,342,529,633,67,161,433,210,207,0,2,188
TGFBR2_3*MPEG1_5,TGFBR2*MPEG1,662,1260,1572,5963,25602,4394,596,1312,143,77,405
TGFBR2_3*MUC16_1,TGFBR2*MUC16,1127,1204,950,701,1014,277,622,588,33,18575,19797
TGFBR2_3*MUC16_2,TGFBR2*MUC16,921,2478,967,2065,639617,306925,1717,1430,19,830,1398
TGFBR2_3*MUC16_5,TGFBR2*MUC16,847,2900,1317,5481,534,225,581,651,35,14385,21281
TGFBR2_3*MYSM1_2,TGFBR2*MYSM1,715,1097,992,1057,59144,482,2017,471,2,40,8443
TGFBR2_3*MYSM1_4,TGFBR2*MYSM1,1128,3110,1518,313847,1913,30441,1061,923,193,18821,37929
TGFBR2_3*MYSM1_5,TGFBR2*MYSM1,771,1182,812,194,3965,187,393,454,0,5,250
TGFBR2_3*NT_17,TGFBR2*NT,607,851,718,1077,314,139,346,361,0,7,192
TGFBR2_3*NT_18,TGFBR2*NT,569,1355,666,192,441,166,593,615,0,2,431
TGFBR2_3*NT_20,TGFBR2*NT,294,908,451,1116,1029,529,773,659,1064,152500,104085
TGFBR2_3*NT_25,TGFBR2*NT,485,3336,864,411,467,232,537,1193,130,68,356
TGFBR2_3*NT_26,TGFBR2*NT,786,2023,1079,1012,351540,128001,1103,1035,7,443,960
TGFBR2_3*NT_33,TGFBR2*NT,991,2595,1389,35229,574,276,17293,602,0,65,440
TGFBR2_3*NT_39,TGFBR2*NT,1436,3432,1655,49923,129952,108643,1622,2326,45718,59811,73548
TGFBR2_3*NT_57,TGFBR2*NT,310,762,810,227,315,185,328,335,8,57499,213
TGFBR2_3*NT_6,TGFBR2*NT,1146,2272,857,1380,476,381,630,589,30,13262,18878
TGFBR2_3*PDCD1LG2_1,TGFBR2*PDCD1LG2,1633,4186,1794,3753,1386013,518759,3318,2766,79,1558,2918
TGFBR2_3*PDCD1LG2_2,TGFBR2*PDCD1LG2,355,1671,1047,965,354171,55368,13567,16826,4,357,728
TGFBR2_3*PDCD1LG2_3,TGFBR2*PDCD1LG2,841,2196,950,506611,41295,32316,1018,849,6,479,764
TGFBR2_3*PLA2G2A_2,TGFBR2*PLA2G2A,315,675,456,200,126,62,165,169,0,5,115
TGFBR2_3*PLA2G2A_4,TGFBR2*PLA2G2A,462,915,1077,351,315,8557,288,523,24,31,152
TGFBR2_3*PLA2G2A_5,TGFBR2*PLA2G2A,396,863,231,360,283,290,336,353,0,4,190
TGFBR2_3*PLA2R1_2,TGFBR2*PLA2R1,1550,2603,1898,2940,729,8267,49976,817,13,86,548
TGFBR2_3*PLA2R1_3,TGFBR2*PLA2R1,304,839,294,142,226,2383,259,274,1,3408,183
TGFBR2_3*PLA2R1_4,TGFBR2*PLA2R1,1076,2320,1209,3800,574,450,548,531,34,11619,23046
TGFBR2_3*TLR7_1,TGFBR2*TLR7,1242,2293,1046,16397,412,182,439,453,9,5831,7167
TGFBR2_3*TLR7_2,TGFBR2*TLR7,230,397,466,33,148,115,175,108,0,1,43
TGFBR2_3*TLR7_5,TGFBR2*TLR7,392,1674,1248,137554,463,285,29616,369,1,131,310
TGFBR2_3*TNFSF15_1,TGFBR2*TNFSF15,448,2560,645,111594,302,117,283,224,0,77,181
TGFBR2_3*TNFSF15_2,TGFBR2*TNFSF15,1534,1544,1814,41237,96865,180097,108380,1130,9,441,1526
TGFBR2_3*TNFSF15_3,TGFBR2*TNFSF15,1287,3187,1391,843983,1199054,337348,4384,3165,654,1888,3077
TGFBR2_5*BTLA_1,TGFBR2*BTLA,461,324,328,2849,422,798,509,462,0,8,289
TGFBR2_5*BTLA_2,TGFBR2*BTLA,252,775,138,387,551,321,644,2526,527,134,332
TGFBR2_5*BTLA_3,TGFBR2*BTLA,276,1136,384,1117,252,175,352,290,0,3,222
TGFBR2_5*CDH1_1,TGFBR2*CDH1,287,1082,493,507,385,301,450,998,84,30,293
TGFBR2_5*CDH1_3,TGFBR2*CDH1,0,0,0,10,20,10,28,19,0,0,14
TGFBR2_5*CDH1_4,TGFBR2*CDH1,477,1230,441,346,510,2634,664,518,0,12,407
TGFBR2_5*CDH1_5,TGFBR2*CDH1,342,1181,497,498,604,315,718,636,219,61613,46764
TGFBR2_5*CX3CL1_3,TGFBR2*CX3CL1,121,607,120,134,96,84,208,231,0,1,82
TGFBR2_5*CX3CL1_4,TGFBR2*CX3CL1,306,617,507,230357,1600,948,1154,945,1256,66170,176059
TGFBR2_5*CX3CL1_5,TGFBR2*CX3CL1,468,1462,717,335,530,188,1326,457,0,7,295
TGFBR2_5*CXCR2_2,TGFBR2*CXCR2,190,848,221,666,977,542,153980,645,240,40345,47304
TGFBR2_5*CXCR2_4,TGFBR2*CXCR2,230,394,96,59,112,61,149,101,0,0,38
TGFBR2_5*CXCR2_5,TGFBR2*CXCR2,272,949,229,178,265,182,330,280,0,3,212
TGFBR2_5*CXCR5_2,TGFBR2*CXCR5,61,535,260,139,161,104,194,144,0,2,101
TGFBR2_5*CXCR5_3,TGFBR2*CXCR5,363,569,551,32824,452,193,564,570,0,26,380
TGFBR2_5*CXCR5_4,TGFBR2*CXCR5,124,111,95,55,89,66,107,131,0,2,60
TGFBR2_5*FCRL6_1,TGFBR2*FCRL6,402,1023,556,311431,1393,746,1234,3425,1423,397,878
TGFBR2_5*FCRL6_4,TGFBR2*FCRL6,156,536,335,114,160,135,1123,281,0,3,169
TGFBR2_5*FCRL6_5,TGFBR2*FCRL6,461,694,365,99962,330,282,374,282,0,72,291
TGFBR2_5*HGF_2,TGFBR2*HGF,316,1335,294,497,760,245,575,455,0,5,323
TGFBR2_5*HGF_4,TGFBR2*HGF,286,331,211,26563,429,845,555,462,0,32,321
TGFBR2_5*HGF_5,TGFBR2*HGF,204,697,337,243,275,151,411,364,0,5,276
TGFBR2_5*IL6_1,TGFBR2*IL6,201,286,183,141,152,60,225,188,0,1,128
TGFBR2_5*IL6_2,TGFBR2*IL6,489,1200,675,739,868,3463,198230,740,2,212,612
TGFBR2_5*IL6_5,TGFBR2*IL6,368,1590,247,1608,423,233,486,425,0,5,314
TGFBR2_5*MFAP5_1,TGFBR2*MFAP5,179,618,267,134,214,174,314,581,27,23,126
TGFBR2_5*MFAP5_3,TGFBR2*MFAP5,181,278,161,317,383,158,533,1651,203,73,301
TGFBR2_5*MFAP5_5,TGFBR2*MFAP5,202,445,230,276,404,137,402,425,0,7,202
TGFBR2_5*MPEG1_1,TGFBR2*MPEG1,153,276,227,239,388,311,490,411,0,6,315
TGFBR2_5*MPEG1_4,TGFBR2*MPEG1,91,286,41,57,95,43,175,159,0,1,93
TGFBR2_5*MPEG1_5,TGFBR2*MPEG1,327,736,380,1436,258,114,435,325,0,4,288
TGFBR2_5*MUC16_1,TGFBR2*MUC16,185,690,240,690,448,316,533,470,0,11,324
TGFBR2_5*MUC16_2,TGFBR2*MUC16,428,922,518,276,444,3956,405,419,0,5,346
TGFBR2_5*MUC16_5,TGFBR2*MUC16,459,1581,437,308,473,227,581,1328,631,1850,365
TGFBR2_5*MYSM1_2,TGFBR2*MYSM1,133,194,136,177,239,64,375,304,0,4,173
TGFBR2_5*MYSM1_4,TGFBR2*MYSM1,518,1328,718,650,527,580,547,558,7,3956,6998
TGFBR2_5*MYSM1_5,TGFBR2*MYSM1,213,536,406,153,278,93,359,323,0,4,178
TGFBR2_5*NT_17,TGFBR2*NT,74,490,68,247,215,216,254,215,0,6,128
TGFBR2_5*NT_18,TGFBR2*NT,68,195,182,402,345,294,536,439,0,7,290
TGFBR2_5*NT_20,TGFBR2*NT,104,266,156,129,178,136,259,207,0,0,113
TGFBR2_5*NT_25,TGFBR2*NT,292,611,251,330,452,173,752,528,0,11,332
TGFBR2_5*NT_26,TGFBR2*NT,210,726,295,458,352,151,370,375,0,10,265
TGFBR2_5*NT_33,TGFBR2*NT,188,411,206,40674,489,242,669,539,0,40,351
TGFBR2_5*NT_39,TGFBR2*NT,665,1772,554,4565,3454,2245,939848,4145,3020,1127,2374
TGFBR2_5*NT_57,TGFBR2*NT,146,763,51,127,154,24,241,212,0,2,195
TGFBR2_5*NT_6,TGFBR2*NT,221,918,141,386,445,388,730,581,0,7,587
TGFBR2_5*PDCD1LG2_1,TGFBR2*PDCD1LG2,755,1550,825,304,537,1286,780,688,0,12,489
TGFBR2_5*PDCD1LG2_2,TGFBR2*PDCD1LG2,236,747,117,1649,237,111,326,237,0,1,190
TGFBR2_5*PDCD1LG2_3,TGFBR2*PDCD1LG2,376,491,131,367,46864,36032,568,495,1,84,364
TGFBR2_5*PLA2G2A_2,TGFBR2*PLA2G2A,197,564,169,56,137,122,195,135,0,2,125
TGFBR2_5*PLA2G2A_4,TGFBR2*PLA2G2A,329,763,284,464,382,174,367,301,3,2656,3139
TGFBR2_5*PLA2G2A_5,TGFBR2*PLA2G2A,76,64,215,140,276,133,380,298,0,4,163
TGFBR2_5*PLA2R1_2,TGFBR2*PLA2R1,370,1102,905,15977,4323,283,852,1217,121,59,505
TGFBR2_5*PLA2R1_3,TGFBR2*PLA2R1,122,143,203,247,264,160,339,293,0,2,137
TGFBR2_5*PLA2R1_4,TGFBR2*PLA2R1,458,902,464,322,386,99,478,346,0,6,4219
TGFBR2_5*TLR7_1,TGFBR2*TLR7,133,1733,492,226,300,118,390,319,0,9,234
TGFBR2_5*TLR7_2,TGFBR2*TLR7,59,625,149,1001,716,443,5667,569,719,151156,119456
TGFBR2_5*TLR7_5,TGFBR2*TLR7,151,893,276,231,295,260,306,252,0,5,206
TGFBR2_5*TNFSF15_1,TGFBR2*TNFSF15,170,304,221,498,597,458,489,440,426,56744,115055
TGFBR2_5*TNFSF15_2,TGFBR2*TNFSF15,374,1287,425,428,477,238,635,603,23,30,276
TGFBR2_5*TNFSF15_3,TGFBR2*TNFSF15,247,392,714,136591,608,316,565,471,1,100,453
TSC2_1*BTLA_1,TSC2*BTLA,241,606,543,70,177,71,196,175,0,4,73
TSC2_1*BTLA_2,TSC2*BTLA,193,513,202,72,98,100,110,176,0,4,106
TSC2_1*BTLA_3,TSC2*BTLA,293,1297,159,158,203,6799,167,178,0,7,174
TSC2_1*CDH1_1,TSC2*CDH1,248,281,144,380,336,184,77702,296,0,72,258
TSC2_1*CDH1_3,TSC2*CDH1,0,0,0,21,25,26,30,20,0,0,28
TSC2_1*CDH1_4,TSC2*CDH1,260,1157,178,156,196,252,300,218,0,6,195
TSC2_1*CDH1_5,TSC2*CDH1,244,873,460,175,142,67,222,193,0,6,65
TSC2_1*CX3CL1_3,TSC2*CX3CL1,111,353,380,2007,2572,1834,1092479,1406,33,1132,1692
TSC2_1*CX3CL1_4,TSC2*CX3CL1,76,305,239,144,146,153,6680,162,0,9,73
TSC2_1*CX3CL1_5,TSC2*CX3CL1,368,410,695,3605,207,127,305,245,0,3,247
TSC2_1*CXCR2_2,TSC2*CXCR2,148,398,490,100,203,214,213,157,0,3,104
TSC2_1*CXCR2_4,TSC2*CXCR2,83,701,73,39,78,30,55,59,0,1,37
TSC2_1*CXCR2_5,TSC2*CXCR2,188,394,345,193,124,51,131,145,0,6,78
TSC2_1*CXCR5_2,TSC2*CXCR5,73,289,128,57,66,56,100,81,0,2,54
TSC2_1*CXCR5_3,TSC2*CXCR5,570,2076,740,1309,1713,1039,5694,1070,3713,298951,217683
TSC2_1*CXCR5_4,TSC2*CXCR5,49,200,146,58,72,2852,99,62,0,6,55
TSC2_1*FCRL6_1,TSC2*FCRL6,191,572,593,162,254,88,229,179,12,4634,15540
TSC2_1*FCRL6_4,TSC2*FCRL6,149,755,509,2006,151,114,24327,145,0,18,122
TSC2_1*FCRL6_5,TSC2*FCRL6,163,748,474,667,76,42,88,82,0,2,49
TSC2_1*HGF_2,TSC2*HGF,404,846,387,259,45555,3812,295,274,0,39,175
TSC2_1*HGF_4,TSC2*HGF,237,1185,426,17620,245,127,317,254,0,8,187
TSC2_1*HGF_5,TSC2*HGF,190,816,303,625,137,69,178,165,0,0,59
TSC2_1*IL6_1,TSC2*IL6,164,675,157,341,399,362,277,251,163,19398,93448
TSC2_1*IL6_2,TSC2*IL6,319,590,346,93,196,841,205,160,15,29484,3066
TSC2_1*IL6_5,TSC2*IL6,477,1232,586,815,962,612,1160,401376,4,312,748
TSC2_1*MFAP5_1,TSC2*MFAP5,249,281,332,31,99,68,81,75,0,1,68
TSC2_1*MFAP5_3,TSC2*MFAP5,314,1036,209,83,120,981,1823,117,0,8,51
TSC2_1*MFAP5_5,TSC2*MFAP5,379,683,360,149,204,36,224,242,0,3,114
TSC2_1*MPEG1_1,TSC2*MPEG1,270,609,309,159,166,88,240,361,9,9,108
TSC2_1*MPEG1_4,TSC2*MPEG1,51,13,40,67,70,20,69,83,0,1,55
TSC2_1*MPEG1_5,TSC2*MPEG1,352,1318,537,65,187,83,215,167,0,3,110
TSC2_1*MUC16_1,TSC2*MUC16,230,900,345,137,336,131,22353,315,0,31,253
TSC2_1*MUC16_2,TSC2*MUC16,333,1251,516,892,17763,257,167,257,0,9,154
TSC2_1*MUC16_5,TSC2*MUC16,389,1147,217,89056,324,117,335,281,0,67,264
TSC2_1*MYSM1_2,TSC2*MYSM1,183,489,156,240,53178,23756,227,199,0,55,159
TSC2_1*MYSM1_4,TSC2*MYSM1,290,705,284,7599,150,18,330,181,0,5,123
TSC2_1*MYSM1_5,TSC2*MYSM1,120,164,255,30,156,67,155,145,0,1,78
TSC2_1*NT_17,TSC2*NT,91,212,205,99,142,131,165,211,0,1,146
TSC2_1*NT_18,TSC2*NT,273,726,308,3074,3871,2646,1409927,2010,67,1497,2477
TSC2_1*NT_20,TSC2*NT,159,215,187,117,200,34,239,239,0,2,165
TSC2_1*NT_25,TSC2*NT,478,667,564,44004,265,1031,408,323,0,42,263
TSC2_1*NT_26,TSC2*NT,182,660,196,1720,1262,847,1342,7678,4155,467,879
TSC2_1*NT_33,TSC2*NT,277,1079,465,146,171,1487,204,184,0,3,161
TSC2_1*NT_39,TSC2*NT,484,1273,769,75266,295152,87397,910,739,17,4614,715
TSC2_1*NT_57,TSC2*NT,91,296,167,109,21909,7850,129,108,0,26,109
TSC2_1*NT_6,TSC2*NT,250,75,260,148,219,149,241,196,7,2872,11660
TSC2_1*PDCD1LG2_1,TSC2*PDCD1LG2,840,1828,1056,49098,455,325,483,436,16,13840,4266
TSC2_1*PDCD1LG2_2,TSC2*PDCD1LG2,114,350,305,29830,337,65,300,275,9,9356,4210
TSC2_1*PDCD1LG2_3,TSC2*PDCD1LG2,287,923,569,375,40449,83906,481,363,1,128,391
TSC2_1*PLA2G2A_2,TSC2*PLA2G2A,300,838,443,298,80,19,140,84,0,6,104
TSC2_1*PLA2G2A_4,TSC2*PLA2G2A,152,405,273,40,66,7,79,54,0,4,28
TSC2_1*PLA2G2A_5,TSC2*PLA2G2A,132,742,108,158046,520,262,298,424,40,118,265
TSC2_1*PLA2R1_2,TSC2*PLA2R1,221,1228,467,1290,1483,998,1410,623561,9,483,987
TSC2_1*PLA2R1_3,TSC2*PLA2R1,21,439,159,55,118,76,4439,93,0,3,81
TSC2_1*PLA2R1_4,TSC2*PLA2R1,260,996,238,659,794,407,853,5140,1635,256,478
TSC2_1*TLR7_1,TSC2*TLR7,385,738,544,339,441,167,418,111236,1,96,322
TSC2_1*TLR7_2,TSC2*TLR7,108,722,140,71,65,15,52,72,0,4,31
TSC2_1*TLR7_5,TSC2*TLR7,206,288,237,70,73,193,127,93,0,2,96
TSC2_1*TNFSF15_1,TSC2*TNFSF15,82,643,126,43,79,63,85,99,0,2,37
TSC2_1*TNFSF15_2,TSC2*TNFSF15,504,820,476,1843,60523,64656,728,680,471,30535,115477
TSC2_1*TNFSF15_3,TSC2*TNFSF15,330,1381,260,290,465,14061,349,1531,520,649,296
TSC2_2*BTLA_1,TSC2*BTLA,175,856,375,426,591,397,504,412,555,113223,72918
TSC2_2*BTLA_2,TSC2*BTLA,287,509,226,201,188,141,233,234,0,2,176
TSC2_2*BTLA_3,TSC2*BTLA,116,277,340,72,103,95,6275,94,0,10,35
TSC2_2*CDH1_1,TSC2*CDH1,164,687,171,1184,1498,1002,999,901,3980,332587,210603
TSC2_2*CDH1_3,TSC2*CDH1,0,0,0,10,14,13,22,7,0,0,8
TSC2_2*CDH1_4,TSC2*CDH1,333,860,175,120,119,135,205,174,0,3,29
TSC2_2*CDH1_5,TSC2*CDH1,176,270,70,2280,125,197,4560,203,0,7,86
TSC2_2*CX3CL1_3,TSC2*CX3CL1,12,58,186,82,60,2,55,29,0,3,19
TSC2_2*CX3CL1_4,TSC2*CX3CL1,215,499,266,208985,458,2525,373,325,1,160,380
TSC2_2*CX3CL1_5,TSC2*CX3CL1,152,211,360,1047,264,185,263,205,31,18725,16083
TSC2_2*CXCR2_2,TSC2*CXCR2,324,265,251,156,153,80,385,181,0,0,175
TSC2_2*CXCR2_4,TSC2*CXCR2,106,285,214,68,99,19,121,263,83,3331,72
TSC2_2*CXCR2_5,TSC2*CXCR2,293,692,500,71,125,85,154,149,0,8,5724
TSC2_2*CXCR5_2,TSC2*CXCR5,27,106,58,29,54,24,75,66,0,1,29
TSC2_2*CXCR5_3,TSC2*CXCR5,483,561,318,612,814,505,18765,967,3999,46455,114289
TSC2_2*CXCR5_4,TSC2*CXCR5,91,648,164,62,98,6,102,64,0,3,87
TSC2_2*FCRL6_1,TSC2*FCRL6,262,808,212,388,477,237,335,286,115,44910,36794
TSC2_2*FCRL6_4,TSC2*FCRL6,138,489,215,52,60,18,77,90,0,1,20
TSC2_2*FCRL6_5,TSC2*FCRL6,143,381,221,34,82,27,126,86,0,3,47
TSC2_2*HGF_2,TSC2*HGF,193,646,367,82477,343,196,36153,250,1,86,267
TSC2_2*HGF_4,TSC2*HGF,141,840,230,241,216,50,282,217,0,3,116
TSC2_2*HGF_5,TSC2*HGF,149,490,314,4970,184,58,13924,236,0,31,235
TSC2_2*IL6_1,TSC2*IL6,60,221,37,87,80,76,101,123,0,1,112
TSC2_2*IL6_2,TSC2*IL6,345,739,299,1039,1381,805,443252,727,6,393,830
TSC2_2*IL6_5,TSC2*IL6,201,745,182,345,8804,11022,233,195,0,33,147
TSC2_2*MFAP5_1,TSC2*MFAP5,112,581,169,182,60,11,88,112,0,3,35
TSC2_2*MFAP5_3,TSC2*MFAP5,152,215,161,569,128654,121428,543,377,2,247,417
TSC2_2*MFAP5_5,TSC2*MFAP5,59,510,239,69,156,60,179,167,0,1,52
TSC2_2*MPEG1_1,TSC2*MPEG1,50,409,189,226,94,58,117,163,0,2,24
TSC2_2*MPEG1_4,TSC2*MPEG1,16,144,76,57,26,30,37,44,0,1,35
TSC2_2*MPEG1_5,TSC2*MPEG1,221,577,388,32,139,14,137,139,0,1,80
TSC2_2*MUC16_1,TSC2*MUC16,186,441,138,138,132,132,182,156,0,4,113
TSC2_2*MUC16_2,TSC2*MUC16,278,621,225,92,137,177,152,150,0,1,38
TSC2_2*MUC16_5,TSC2*MUC16,391,799,320,39,105,41,202,133,0,0,212
TSC2_2*MYSM1_2,TSC2*MYSM1,260,1117,29,127,149,9931,180,5553,0,11,109
TSC2_2*MYSM1_4,TSC2*MYSM1,329,903,640,1417,362,2370,332,270,139,61388,31811
TSC2_2*MYSM1_5,TSC2*MYSM1,122,500,204,49,100,46,107,100,0,0,88
TSC2_2*NT_17,TSC2*NT,40,115,143,96,141,18,145,138,0,0,123
TSC2_2*NT_18,TSC2*NT,60,246,90,97,129,59,131,170,0,1102,103
TSC2_2*NT_20,TSC2*NT,216,61,143,2004,49,6,96,59,0,0,17
TSC2_2*NT_25,TSC2*NT,234,844,370,254,469,241,512,406,31,22724,12844
TSC2_2*NT_26,TSC2*NT,378,601,451,268,217,9591,1289,169,0,26,138
TSC2_2*NT_33,TSC2*NT,334,611,564,28640,318,163,4569,281,0,28,251
TSC2_2*NT_39,TSC2*NT,504,1045,472,10362,11892,87760,483,455,1,121,357
TSC2_2*NT_57,TSC2*NT,40,530,41,83,93,56,131,183,0,1,91
TSC2_2*NT_6,TSC2*NT,101,670,132,155,218,49,231,246,0,4,210
TSC2_2*PDCD1LG2_1,TSC2*PDCD1LG2,292,774,448,119,258,186,316,247,0,2,211
TSC2_2*PDCD1LG2_2,TSC2*PDCD1LG2,67,577,138,53,89,12,96,77,0,0,68
TSC2_2*PDCD1LG2_3,TSC2*PDCD1LG2,275,351,312,230,328,172,311,307,77,34374,26822
TSC2_2*PLA2G2A_2,TSC2*PLA2G2A,166,570,113,36,74,1,105,75,0,1,55
TSC2_2*PLA2G2A_4,TSC2*PLA2G2A,225,626,163,93,180,75,192,177,0,9,191
TSC2_2*PLA2G2A_5,TSC2*PLA2G2A,65,155,185,10503,130,107,144,133,0,12,67
TSC2_2*PLA2R1_2,TSC2*PLA2R1,353,1096,477,2510,244,181,268,277,0,3,191
TSC2_2*PLA2R1_3,TSC2*PLA2R1,46,144,95,87,130,57,1399,133,0,2,93
TSC2_2*PLA2R1_4,TSC2*PLA2R1,328,537,344,434,187,11,274,226,0,1,181
TSC2_2*TLR7_1,TSC2*TLR7,109,985,324,98317,461,289,7212,352,67,23265,16186
TSC2_2*TLR7_2,TSC2*TLR7,118,220,186,164,130,38,139,506,34,34,58
TSC2_2*TLR7_5,TSC2*TLR7,205,208,325,73,106,6,115,116,0,6,80
TSC2_2*TNFSF15_1,TSC2*TNFSF15,77,311,167,72,101,0,56,68,0,0,43
TSC2_2*TNFSF15_2,TSC2*TNFSF15,267,1146,428,112,181,65,228,191,0,2,124
TSC2_2*TNFSF15_3,TSC2*TNFSF15,407,1263,700,297,350,195,366,1320,172,69,250
TSC2_5*BTLA_1,TSC2*BTLA,564,1269,697,625,334,2499,392,382,5,3300,6293
TSC2_5*BTLA_2,TSC2*BTLA,753,1685,1055,1519,296,12849,306,309,0,22,237
TSC2_5*BTLA_3,TSC2*BTLA,543,992,674,22018,261,2041,330,294,0,17,151
TSC2_5*CDH1_1,TSC2*CDH1,528,757,684,11401,34490,10868,423,369,0,66,266
TSC2_5*CDH1_3,TSC2*CDH1,0,0,0,24,65,33,90,48,0,0,35
TSC2_5*CDH1_4,TSC2*CDH1,1273,3484,1559,3424,70496,13827,814,937,51,89,479
TSC2_5*CDH1_5,TSC2*CDH1,738,2738,1037,314098,8300,3841,819,659,3,239,631
TSC2_5*CX3CL1_3,TSC2*CX3CL1,158,619,238,72082,240,106,241,218,0,39,113
TSC2_5*CX3CL1_4,TSC2*CX3CL1,414,1392,629,14188,334,549,5368,306,0,25,217
TSC2_5*CX3CL1_5,TSC2*CX3CL1,775,3227,1137,189,802,273,571,395,0,11,249
TSC2_5*CXCR2_2,TSC2*CXCR2,474,881,739,10586,387,749,414,413,0,10,259
TSC2_5*CXCR2_4,TSC2*CXCR2,280,1247,548,489,5719,87360,11220,251,1,123,218
TSC2_5*CXCR2_5,TSC2*CXCR2,677,2055,609,661,253595,33728,6876,480,76,8092,20451
TSC2_5*CXCR5_2,TSC2*CXCR5,294,1641,299,2677,247,212,330,262,0,13,210
TSC2_5*CXCR5_3,TSC2*CXCR5,974,3867,1565,33785,457,312,554,592,0,33,355
TSC2_5*CXCR5_4,TSC2*CXCR5,195,220,366,3572,432,230,21790,362,181,38239,61071
TSC2_5*FCRL6_1,TSC2*FCRL6,617,1220,1025,1102,311,2395,4256,281,0,8,265
TSC2_5*FCRL6_4,TSC2*FCRL6,384,1298,402,81,128,92,130,149,0,3,110
TSC2_5*FCRL6_5,TSC2*FCRL6,489,2157,849,359,48820,7836,381,325,0,55,160
TSC2_5*HGF_2,TSC2*HGF,911,2331,1241,3067,1011,703,12251,264778,15,4190,1677
TSC2_5*HGF_4,TSC2*HGF,918,2117,823,162333,190636,211208,1464,1159,284,15415,24238
TSC2_5*HGF_5,TSC2*HGF,377,1927,1086,504,552,283,562,133232,17,185,283
TSC2_5*IL6_1,TSC2*IL6,207,737,321,66,182,119,307,285,0,1,131
TSC2_5*IL6_2,TSC2*IL6,1018,1677,1156,997,567,8331,81328,673,66,113,413
TSC2_5*IL6_5,TSC2*IL6,723,1429,1163,7141,409,1831,485,412,0,12,229
TSC2_5*MFAP5_1,TSC2*MFAP5,415,1498,1122,1614,1880,1230,1387,2155,265630,292776,304549
TSC2_5*MFAP5_3,TSC2*MFAP5,720,1978,1105,2595,623,1408,66956,53397,1,104,370
TSC2_5*MFAP5_5,TSC2*MFAP5,721,1059,751,532693,2172,3455,961,972,283,4791,14089
TSC2_5*MPEG1_1,TSC2*MPEG1,390,1096,511,772,964,566,1118,6306,2894,347,726
TSC2_5*MPEG1_4,TSC2*MPEG1,43,239,186,1172,198,35,87,90,0,1,33
TSC2_5*MPEG1_5,TSC2*MPEG1,766,1755,1205,1851,1938,1253,1460,1190,4249,236249,306161
TSC2_5*MUC16_1,TSC2*MUC16,636,1822,796,15313,20050,1297,662,1601,4009,28888,489
TSC2_5*MUC16_2,TSC2*MUC16,924,2561,962,327338,725201,236143,1933,1559,31,937,1747
TSC2_5*MUC16_5,TSC2*MUC16,748,2351,808,26000,384,224,465,447,0,27,338
TSC2_5*MYSM1_2,TSC2*MYSM1,425,2168,1252,371,530,319,1330,2880,601,129,385
TSC2_5*MYSM1_4,TSC2*MYSM1,910,1902,1264,2837,423393,71416,3402,872,404,34362,49695
TSC2_5*MYSM1_5,TSC2*MYSM1,273,1970,766,372,357,20446,323,1874,0,24,177
TSC2_5*NT_17,TSC2*NT,466,1290,382,237,318,172,377,388,0,6,222
TSC2_5*NT_18,TSC2*NT,228,1065,397,253,370,144,451,368,0,9,217
TSC2_5*NT_20,TSC2*NT,449,974,671,27014,239,91,331,269,6,4035,4537
TSC2_5*NT_25,TSC2*NT,608,2416,1075,4786,626,284,736,938,3148,22383,4143
TSC2_5*NT_26,TSC2*NT,861,2336,1039,109514,589,332,564,616,1,98,477
TSC2_5*NT_33,TSC2*NT,1162,3397,1843,714,542,20669,6908,510,17,7926,7984
TSC2_5*NT_39,TSC2*NT,1366,2766,1121,11839,38789,19570,1539,910,10,76,467
TSC2_5*NT_57,TSC2*NT,324,865,522,2685,767,458,588,587,667,116933,90412
TSC2_5*NT_6,TSC2*NT,825,888,1065,5051,479,2357,628,517,0,17,388
TSC2_5*PDCD1LG2_1,TSC2*PDCD1LG2,1548,4307,1990,5886,447109,97593,1632,1679,27086,77560,86851
TSC2_5*PDCD1LG2_2,TSC2*PDCD1LG2,753,2504,1001,80812,62202,27802,28339,23167,21,291,21524
TSC2_5*PDCD1LG2_3,TSC2*PDCD1LG2,919,1796,1001,315,272,104,345,245,0,9,148
TSC2_5*PLA2G2A_2,TSC2*PLA2G2A,492,1454,524,1255,348,198,452,1485,12408,9988,11023
TSC2_5*PLA2G2A_4,TSC2*PLA2G2A,326,499,435,40641,231,180,261,220,0,39,198
TSC2_5*PLA2G2A_5,TSC2*PLA2G2A,681,1348,641,2225,1746,1111,3083,5691,515830,87257,175926
TSC2_5*PLA2R1_2,TSC2*PLA2R1,763,2823,1637,1372,764,702,42145,915,957,29815,2421
TSC2_5*PLA2R1_3,TSC2*PLA2R1,200,459,384,47412,875508,203076,1660,1343,22,851,1525
TSC2_5*PLA2R1_4,TSC2*PLA2R1,647,2156,897,961,18893,376,598,515,184,29534,68502
TSC2_5*TLR7_1,TSC2*TLR7,662,2769,873,545,632,314,667,58151,20553,16090,34649
TSC2_5*TLR7_2,TSC2*TLR7,127,464,454,66,126,61,143,144,0,236,147
TSC2_5*TLR7_5,TSC2*TLR7,620,861,758,200,12231,3515,15105,258,0,34,206
TSC2_5*TNFSF15_1,TSC2*TNFSF15,818,1623,890,210158,604,311,28010,924,84,190,350
TSC2_5*TNFSF15_2,TSC2*TNFSF15,991,2675,1386,75114,544,2180,662,522,1,61,875
TSC2_5*TNFSF15_3,TSC2*TNFSF15,972,2014,1305,22872,2793,1736,2193,389876,6974,301364,278423
