sgRNA,gene,D18_1,D18_2,D18_3,D18_4,D18_5,Cell_1,Cell_2,Cell_3,D3_1,D3_2,D3_3,D3_4,D3_5,D3_6
Pten_1*Btla_2,Pten*Btla,3999308,1297406,2180426,2181263,2307055,84,485,223,99153,138022,410443,20145,534140,1272169
Pten_1*Nt_26,Pten*Nt,854293,237142,392130,407313,463540,40,1312,43,94199,137492,305525,18384,241717,313584
Pten_3*Nt_6,Pten*Nt,821658,188980,346508,377848,492484,185,550,309,976901,101417,401622,7346,411056,353933
Nt_48*Btla_5,Nt*Btla,703648,150232,229127,251383,364025,760,1992,927,131873,58568,243286,5913,134804,742092
Pten_1*Cdh1_1,Pten*Cdh1,482487,122047,207886,228598,242412,83,278,110,174891,20794,208561,2242,175963,366336
Pten_3*Btla_5,Pten*Btla,337536,79470,148281,177173,193717,422,1142,505,50527,22516,60297,4654,52545,61946
Pten_3*Cdh1_1,Pten*Cdh1,214664,56887,96902,103314,116768,268,475,366,546401,31588,110691,1228,108073,202605
Nt_49*Btla_2,Nt*Btla,211430,46127,73422,88069,90691,759,1747,925,127450,45894,93437,1225,57870,81634
Pten_3*Cx3cl1_4,Pten*Cx3cl1,198677,54026,92224,97698,122062,283,735,419,75968,20264,114447,4120,93617,130225
Pten_4*Nt_17,Pten*Nt,158548,35680,66948,81247,99517,93,16,192,35081,11067,70385,24076,58393,97012
Nt_49*Muc16_4,Nt*Muc16,120926,36940,52612,53553,67483,234,428,262,13640,13011,62566,656,56393,82653
Nt_43*Cx3cl1_4,Nt*Cx3cl1,120532,24372,31857,36837,44536,56,321,207,5840,11353,6740,793,7436,9882
Serpinb5_5*Il6_2,Serpinb5*Il6,110049,16138,21321,37685,32154,353,973,405,22473,15122,5141,2111,9719,22121
Tsc2_5*Pdcd1lg2_2,Tsc2*Pdcd1lg2,104497,22407,43727,53124,44847,753,2504,1001,31316,5384,16852,739,13244,23420
Pten_4*Muc16_2,Pten*Muc16,97509,36485,62976,59342,62929,29,108,117,3651,5202,8212,3298,6887,11947
Nt_43*Cx3cl1_3,Nt*Cx3cl1,88479,17805,22244,26600,29503,8,190,63,2428,1949,8435,353,14619,25930
Apc_4*Nt_26,Apc*Nt,67452,9851,12038,16215,22953,97,314,220,10165,4524,25475,216,12934,19529
Pten_1*Muc16_4,Pten*Muc16,65239,16599,21134,31692,27495,32,64,119,62953,32126,11800,1377,3979,13809
Nt_43*Muc16_2,Nt*Muc16,61441,11949,14749,15261,25112,18,474,128,55451,3745,18622,906,10194,22469
Tsc2_5*Nt_20,Tsc2*Nt,45444,432,613,815,681,449,974,671,1452,383,32,110,928,682
Nt_43*Nt_6,Ntc,45363,8400,10617,11401,19850,185,725,145,4299,13711,4157,1500,973,2154
Brca1_5*Pdcd1lg2_2,Brca1*Pdcd1lg2,43559,526,898,1033,991,423,707,353,4030,9122,957,390,657,2888
Pten_1*Cx3cl1_5,Pten*Cx3cl1,41866,10227,24410,19036,19487,155,409,206,15035,6605,19271,217,13460,45301
Apc_5*Cx3cl1_5,Apc*Cx3cl1,33283,8898,14203,12452,15289,314,1163,230,19777,2976,31846,249,38342,55661
Apc_4*Cx3cl1_3,Apc*Cx3cl1,30154,6489,7167,8971,10796,51,343,54,620,1778,3764,346,5898,6534
Calml3_4*Il6_1,Calml3*Il6,28533,557,506,794,689,82,455,165,297,1333,512,459,741,1449
Sox10_4*Nt_17,Sox10*Nt,21047,287,344,505,583,129,315,183,8662,483,77,54,1191,222
Stk11_5*Cxcr2_5,Stk11*Cxcr2,20838,372,1980,3393,1462,459,835,622,162,295,922,1377,776,2179
Calml3_4*Pla2r1_2,Calml3*Pla2r1,19978,996,1127,1414,1598,399,2164,440,1233,10422,806,397,1611,3431
Nt_49*Il6_5,Nt*Il6,18660,1452,2664,2006,2175,586,1213,1036,665,21624,171,2142,1017,4687
Tgfbr2_1*Btla_5,Tgfbr2*Btla,18125,343,742,725,918,359,1429,363,722,212,27,369,1512,3657
Smad4_2*Fcrl6_4,Smad4*Fcrl6,17797,340,222,241,384,231,620,269,909,1164,885,81,518,1474
Sox10_5*Btla_1,Sox10*Btla,17426,883,1453,1485,1095,404,1420,786,2037,2869,53,1578,1524,1740
Tgfbr2_3*Il6_1,Tgfbr2*Il6,17152,993,1599,1825,1362,646,1350,975,2016,377,71,2205,609,2117
Tgfbr2_3*Mysm1_4,Tgfbr2*Mysm1,16487,3770,2834,2522,2144,1128,3110,1518,7192,1020,2832,95,1228,2229
Clca2_5*Btla_2,Clca2*Btla,16124,616,4313,1198,809,255,908,333,172,277,36,88,363,2254
Tgfbr2_5*Nt_39,Tgfbr2*Nt,15798,1890,3049,3058,3102,665,1772,554,4515,8055,2739,1535,1764,5214
Clca2_3*Pdcd1lg2_2,Clca2*Pdcd1lg2,15386,177,231,135,235,71,284,57,2359,171,55,144,516,557
Brca1_5*Pla2g2a_2,Brca1*Pla2g2a,14835,314,170,362,477,228,515,276,247,167,1359,44,250,585
Tgfbr2_3*Mpeg1_5,Tgfbr2*Mpeg1,14547,830,11972,1373,3148,662,1260,1572,8259,5414,5445,2792,7709,6547
Serpinb5_5*Nt_6,Serpinb5*Nt,14413,1816,609,723,1267,262,729,317,463,5714,1147,77,682,3009
Chit1_2*Nt_57,Chit1*Nt,14225,484,432,833,794,380,1145,601,4223,367,79,81,437,349
Brca2_4*Hgf_2,Brca2*Hgf,14096,1006,1211,1378,1480,447,1260,396,1125,24287,454,304,1186,4405
Stk11_1*Il6_5,Stk11*Il6,13917,1006,569,841,807,283,742,269,4232,18946,687,170,1190,1563
Apc_5*Nt_6,Apc*Nt,13335,3042,5101,5098,5771,75,135,199,7683,2335,7772,894,4117,10654
Tgfbr2_3*Mpeg1_4,Tgfbr2*Mpeg1,13127,465,773,700,1074,342,529,633,923,7807,101,1222,560,3138
Brca1_3*Hgf_2,Brca1*Hgf,12978,6423,2516,1581,1591,376,1330,529,2207,733,118,175,2592,819
Calml3_4*Cxcr5_3,Calml3*Cxcr5,12675,683,833,935,1280,306,900,315,2013,538,87,229,956,3853
Chek2_1*Pla2r1_4,Chek2*Pla2r1,12595,505,1460,866,949,198,675,389,451,10979,125,543,840,1072
Brca2_3*Mpeg1_4,Brca2*Mpeg1,12478,157,62,284,255,149,76,24,17,78,14,29,115,65
Clca2_5*Btla_5,Clca2*Btla,12265,533,450,692,1038,343,1462,412,2119,426,867,95,973,719
Brca1_5*Mysm1_4,Brca1*Mysm1,12248,574,474,726,620,310,1472,550,282,6628,46,105,662,682
Nt_13*Mpeg1_1,Nt*Mpeg1,12207,458,854,481,888,313,1055,571,2697,23629,175,189,1047,1248
Chit1_2*Cx3cl1_3,Chit1*Cx3cl1,12163,291,464,3671,793,244,1213,441,703,10571,631,43,912,384
Stk11_5*Btla_2,Stk11*Btla,12090,1332,3475,4670,3156,459,1765,580,891,30639,3758,2346,6782,5884
Serpinb5_4*Hgf_2,Serpinb5*Hgf,12013,228,417,596,650,166,509,115,330,374,58,137,889,2385
Smad4_4*Hgf_5,Smad4*Hgf,11641,453,744,7180,893,187,445,401,9724,474,420,508,547,1003
Nt_49*Nt_17,Ntc,11590,3337,4242,5011,4776,363,991,432,3811,34593,6317,883,3851,5744
Stk11_5*Fcrl6_1,Stk11*Fcrl6,11422,926,1838,2412,2347,780,1987,1050,1165,22761,1437,103,1376,856
Sox10_4*Mfap5_5,Sox10*Mfap5,11312,532,1431,843,814,207,764,440,5545,258,959,131,979,607
Nt_49*Mysm1_2,Nt*Mysm1,11269,1068,1187,1033,1123,446,1353,925,2902,307,1108,171,893,1942
Sox10_5*Pdcd1lg2_1,Sox10*Pdcd1lg2,11260,661,1706,1594,1534,857,1835,1048,3019,47525,241,139,670,881
Nt_49*Nt_26,Ntc,11215,910,1461,1622,1398,703,1429,846,5765,1051,26136,470,1507,1440
Nt_48*Cx3cl1_5,Nt*Cx3cl1,11062,906,1423,1041,1476,545,1785,1013,3584,2856,535,3821,547,4328
Calml3_4*Nt_57,Calml3*Nt,10898,559,340,394,607,273,934,110,6018,1109,7055,74,518,2468
Smad4_4*Mpeg1_1,Smad4*Mpeg1,10726,580,615,1232,1458,156,696,341,310,1660,257,1089,1141,2574
Brca1_5*Muc16_3,Brca1*Muc16,10667,793,839,801,1258,779,1836,806,23070,1367,2662,3988,5629,5625
Serpinb5_2*Nt_20,Serpinb5*Nt,10665,65,210,374,242,93,510,57,4787,117,17,32,111,607
Tsc2_5*Muc16_3,Tsc2*Muc16,10549,1316,3447,4917,2305,974,3867,1565,6553,10796,3996,1216,5239,6009
Tgfbr2_5*Pla2r1_2,Tgfbr2*Pla2r1,10514,1175,2178,2492,2332,370,1102,905,2660,4607,1213,1479,2278,6083
Nt_48*Nt_26,Ntc,10366,2174,3077,3518,4140,913,2290,930,4309,9386,2084,5390,1502,2558
Brca2_4*Mfap5_3,Brca2*Mfap5,10362,361,1236,1256,1279,399,902,403,4048,348,4110,71,543,808
Stk11_1*Cxcr5_1,Stk11*Cxcr5,10288,506,654,789,777,341,1415,343,4523,415,1068,1150,1252,748
Nt_44*Cx3cl1_5,Nt*Cx3cl1,10212,604,1092,1212,1391,481,1800,562,248,258,49,123,1157,651
Apc_4*Pdcd1lg2_1,Apc*Pdcd1lg2,10111,252,1370,411,512,80,238,80,536,40064,681,1674,6374,4719
Nt_13*Btla_5,Nt*Btla,10084,588,684,1205,951,489,2043,530,4827,36373,618,625,611,2638
Tsc2_5*Nt_39,Tsc2*Nt,10071,1782,5544,8754,5765,1366,2766,1121,3432,20687,3907,379,5686,5230
Chit1_2*Btla_2,Chit1*Btla,10049,628,786,2124,1014,477,1035,490,769,28597,173,146,838,2852
Nt_49*Pla2r1_2,Nt*Pla2r1,10031,2113,9339,7743,3528,993,2257,1381,6914,30997,261,645,3390,4614
Nt_13*Pdcd1lg2_1,Nt*Pdcd1lg2,9720,844,863,1333,1361,680,1744,628,2627,36425,1579,270,2180,2304
Calml3_1*Tlr7_2,Calml3*Tlr7,9640,129,140,268,268,96,91,121,16,85,12,25,152,75
Chit1_2*Nt_18,Chit1*Nt,9349,812,915,3173,1246,179,950,237,537,3570,1350,2551,1725,2613
Sox10_5*Mfap5_1,Sox10*Mfap5,9248,785,566,671,751,177,1154,273,5989,4554,471,4097,6378,4568
Rb1_2*Tnfsf15_3,Rb1*Tnfsf15,9248,340,446,714,739,195,530,181,183,220,38,37,339,331
Sox10_5*Mpeg1_4,Sox10*Mpeg1,9244,553,514,3533,365,250,633,382,105,198,35,27,406,916
Calml3_4*Nt_39,Calml3*Nt,9181,970,1390,2885,2170,723,2344,678,6849,2105,1334,987,2322,4470
Tsc2_5*Pla2r1_2,Tsc2*Pla2r1,9129,1590,5125,2660,2507,763,2823,1637,10983,31673,3748,6015,2126,3116
Nt_13*Pla2r1_3,Nt*Pla2r1,9126,857,1531,2342,2729,196,731,102,1920,15879,6203,371,2143,4258
Brca2_4*Cxcr2_4,Brca2*Cxcr2,9085,230,625,390,418,235,559,145,2348,164,19,20,212,1334
Stk11_5*Mpeg1_1,Stk11*Mpeg1,9065,1349,3190,2718,2769,943,1329,847,1001,42415,3189,1099,4494,5596
Chit1_2*Tnfsf15_2,Chit1*Tnfsf15,9028,936,1354,1602,1787,836,2534,1246,10571,24857,253,335,1717,1605
Brca1_5*Cdh1_4,Brca1*Cdh1,8864,986,8611,9719,3688,809,2231,1458,2499,17455,2625,8527,3951,5510
Tsc2_5*Mysm1_4,Tsc2*Mysm1,8831,746,1429,1301,1337,910,1902,1264,8842,47540,2659,1055,930,2935
Tsc2_1*Btla_2,Tsc2*Btla,8741,650,866,1062,815,333,1251,516,497,410,2154,392,1366,1376
Nt_49*Pdcd1lg2_1,Nt*Pdcd1lg2,8730,2827,6458,6168,3271,1489,3006,1645,3046,667,1982,2543,4907,5549
Krt15_3*Pdcd1lg2_1,Krt15*Pdcd1lg2,8702,1395,1537,2266,1938,309,1370,569,2590,27894,658,829,1885,1654
Brca2_4*Pdcd1lg2_1,Brca2*Pdcd1lg2,8574,1813,5217,3845,1965,819,2591,963,4913,42249,810,472,1039,4930
Nt_48*Nt_39,Ntc,8471,3919,1735,3125,2316,992,2803,1212,6304,3822,418,4703,4132,4568
Nt_13*Hgf_4,Nt*Hgf,8287,1943,608,708,693,669,1675,403,1430,26044,217,1105,707,1477
Nt_13*Nt_39,Ntc,8134,619,773,872,1035,715,2160,853,738,35632,5384,1189,1134,3269
Nt_30*Cx3cl1_4,Nt*Cx3cl1,8131,625,861,1040,855,238,669,177,11106,3491,302,91,1038,2608
Brca2_4*Btla_5,Brca2*Btla,8103,848,2333,1441,1923,742,1589,817,3834,8002,8268,2425,3139,2385
Chek2_1*Cx3cl1_5,Chek2*Cx3cl1,8073,874,379,582,713,294,584,149,2069,11085,417,3476,881,986
Brca2_3*Nt_17,Brca2*Nt,8036,152,277,324,241,144,322,78,5066,198,502,1387,4982,3640
Tgfbr2_3*Nt_18,Tgfbr2*Nt,8031,1740,2747,2706,2411,569,1355,666,1843,37588,244,322,2309,5116
Stk11_5*Cdh1_5,Stk11*Cdh1,7994,1267,54772,3610,2890,601,677,937,15248,4521,824,1449,3679,3079
Tgfbr2_3*Tnfsf15_3,Tgfbr2*Tnfsf15,7951,1390,2746,1915,2459,1287,3187,1391,1664,536,234,2030,3465,5198
Krt15_2*Pla2g2a_4,Krt15*Pla2g2a,7949,608,1542,1027,1089,288,539,296,2113,15727,2578,988,4958,5308
Rb1_4*Hgf_2,Rb1*Hgf,7908,349,426,483,670,258,551,179,182,191,31,48,417,3495
Rb1_1*Il6_5,Rb1*Il6,7899,377,3566,1214,897,250,600,201,11986,336,72,1081,4483,6310
Tsc2_5*Pla2g2a_5,Tsc2*Pla2g2a,7818,1215,2324,3814,2589,681,1348,641,9144,17651,619,64,550,1233
Brca1_3*Btla_5,Brca1*Btla,7766,935,1827,1736,1866,523,2416,839,7354,10025,160,886,3588,4021
Brca2_4*Pla2r1_2,Brca2*Pla2r1,7762,1561,3929,4431,2492,789,1768,464,4556,23811,5360,2683,2962,5237
Tsc2_5*Pdcd1lg2_1,Tsc2*Pdcd1lg2,7661,1430,3931,5465,3915,1548,4307,1990,3035,28143,691,550,3016,4801
Chit1_5*Cdh1_4,Chit1*Cdh1,7646,577,3170,1540,1557,443,1772,602,302,8485,555,54,670,3909
Nt_13*Il6_2,Nt*Il6,7589,471,513,541,537,339,1045,308,7419,22153,631,8671,1193,3893
Nt_49*Cx3cl1_5,Nt*Cx3cl1,7502,1399,2161,2022,2774,766,2382,932,9616,1762,3105,972,3459,4630
Serpinb5_5*Nt_33,Serpinb5*Nt,7497,855,1576,2256,1454,738,1839,438,4810,7365,91,3266,3533,3316
Tgfbr2_3*Tlr7_1,Tgfbr2*Tlr7,7487,1568,2771,4791,2579,1242,2293,1046,2262,44302,4763,229,1097,3930
Sox10_5*Cxcr2_2,Sox10*Cxcr2,7473,725,978,924,867,945,1419,576,685,17805,4344,149,875,1566
Brca1_5*Il6_1,Brca1*Il6,7372,244,6645,732,815,190,412,288,1347,187,1171,368,165,570
Nt_49*Muc16_3,Nt*Muc16,7339,1452,2338,3643,3193,834,3146,1579,7948,20034,2477,1455,1087,2299
Brca1_3*Pdcd1lg2_3,Brca1*Pdcd1lg2,7244,553,1040,1225,1320,254,1020,329,2055,4547,75,66,437,598
Stk11_5*Pla2g2a_5,Stk11*Pla2g2a,7203,722,2105,1920,1628,409,1534,575,548,321,711,252,1342,1856
Serpinb5_5*Btla_2,Serpinb5*Btla,7115,700,1486,1359,1098,643,1132,317,1261,697,930,3209,1349,2879
Tgfbr2_1*Nt_33,Tgfbr2*Nt,7112,2427,658,954,1098,446,1059,362,4416,4133,1278,346,376,550
Stk11_5*Cxcr5_3,Stk11*Cxcr5,7104,907,3209,2904,2212,970,2574,1151,6102,17984,3722,1727,2497,2454
Brca1_5*Cxcr5_2,Brca1*Cxcr5,7086,690,5098,10756,1297,684,1699,634,5167,415,62,3782,1316,2847
Smad4_4*Mfap5_5,Smad4*Mfap5,7014,438,441,721,882,109,225,248,2540,225,48,538,342,135
Calml3_4*Tnfsf15_2,Calml3*Tnfsf15,6971,1014,1015,1412,1610,542,1517,505,5034,45150,767,79,913,1925
Calml3_4*Pdcd1lg2_1,Calml3*Pdcd1lg2,6968,1107,2920,2255,2056,917,2320,581,8012,7891,3223,3484,1090,3832
Stk11_5*Muc16_3,Stk11*Muc16,6961,1826,13561,19690,2804,1367,3481,1709,1161,33200,264,2297,1461,5040
Nt_13*Muc16_4,Nt*Muc16,6912,157,1028,400,366,241,879,158,2163,127,23,187,479,865
Calml3_4*Btla_1,Calml3*Btla,6841,1139,1183,1644,1870,220,1140,348,1453,978,176,273,2567,1867
Kit_4*Btla_2,Kit*Btla,6759,380,645,4610,980,368,1213,592,2019,183,33,999,3340,4037
Sox10_1*Nt_6,Sox10*Nt,6721,222,392,513,673,124,498,184,410,25899,2495,1038,3778,3900
Chit1_2*Cxcr2_2,Chit1*Cxcr2,6717,1564,3157,1486,1711,680,2685,908,2881,17121,224,1554,874,2194
Brca2_4*Muc16_3,Brca2*Muc16,6710,1282,1711,2301,2232,1041,2923,1163,5364,7191,4388,1593,1480,3282
Brca2_4*Nt_39,Brca2*Nt,6708,1073,1656,1773,2374,778,2156,550,7054,25016,2371,189,1004,3115
Tgfbr2_5*Cdh1_5,Tgfbr2*Cdh1,6621,1566,12332,1653,2092,342,1181,497,3307,807,2101,267,1429,2203
Tgfbr2_3*Btla_5,Tgfbr2*Btla,6596,1590,2224,2630,3164,847,2900,1317,1267,6265,1714,489,2704,4546
Krt15_2*Pdcd1lg2_1,Krt15*Pdcd1lg2,6565,1040,1468,2108,2042,668,3017,1051,5806,16748,274,1223,3994,3661
Tgfbr2_5*Mfap5_1,Tgfbr2*Mfap5,6548,342,752,940,815,179,618,267,161,282,36,896,4402,4205
Tgfbr2_3*Pdcd1lg2_1,Tgfbr2*Pdcd1lg2,6531,2181,9940,5970,4171,1633,4186,1794,4518,24539,5646,261,3035,6164
Tgfbr2_3*Cdh1_4,Tgfbr2*Cdh1,6531,1472,10084,3599,3408,1302,3300,1985,1917,871,3573,525,1969,3392
Tgfbr2_3*Btla_1,Tgfbr2*Btla,6511,4459,4431,11426,4284,1127,1204,950,1638,21420,1319,669,3301,5056
Brca2_4*Mfap5_5,Brca2*Mfap5,6507,736,1240,1565,1747,307,1478,361,1327,31541,2149,2904,1263,3440
Brca2_1*Cxcr2_2,Brca2*Cxcr2,6483,463,3455,833,876,414,460,369,5726,10515,77,5819,1282,1121
Nt_30*Nt_39,Ntc,6459,1256,1912,2049,2446,311,1641,578,21469,1111,4945,137,2410,5372
Tsc2_5*Nt_6,Tsc2*Nt,6444,1247,1739,2027,2018,825,888,1065,3906,17864,3807,1541,3996,4612
Stk11_1*Cxcr2_4,Stk11*Cxcr2,6440,59,165,169,322,183,270,170,350,65,286,24,178,979
Nt_49*Cdh1_4,Nt*Cdh1,6439,1298,4183,2918,2954,1377,2793,1248,7071,14871,2467,603,1052,4804
Stk11_5*Cdh1_4,Stk11*Cdh1,6429,1421,2924,3827,2963,736,2563,1081,3241,21444,1102,3663,2274,3020
Chit1_3*Btla_5,Chit1*Btla,6429,727,839,1020,1161,377,1572,572,2603,26640,298,172,750,1189
Brca2_1*Il6_5,Brca2*Il6,6408,1192,2461,3008,2179,359,643,420,7721,691,235,312,1021,1033
Chit1_2*Nt_33,Chit1*Nt,6396,2300,1311,1968,1800,994,2537,1227,2980,36167,219,358,1782,2463
Chek2_1*Pdcd1lg2_1,Chek2*Pdcd1lg2,6376,791,773,853,1533,483,1710,670,5309,1153,3274,3300,1761,2736
Chit1_5*Il6_1,Chit1*Il6,6331,356,439,605,512,108,106,271,88,109,9,2560,257,453
Nt_13*Pla2r1_2,Nt*Pla2r1,6280,751,712,1024,1426,766,2357,656,7402,15308,5914,2711,1859,2996
Brca1_3*Pla2r1_2,Brca1*Pla2r1,6240,1365,1947,3473,2306,654,1791,612,4970,68633,3591,364,1296,2323
Stk11_5*Pdcd1lg2_1,Stk11*Pdcd1lg2,6237,1579,3685,4744,3945,1213,3697,2132,1754,22373,3038,4232,2936,2181
Stk11_5*Nt_17,Stk11*Nt,6175,806,1388,1642,1457,273,550,657,221,286,5428,95,980,1773
Chit1_2*Pla2r1_2,Chit1*Pla2r1,6139,1192,1342,2247,2098,1030,2498,1303,1562,11626,199,2777,1254,4866
Stk11_5*Hgf_2,Stk11*Hgf,6077,1420,3231,3621,3223,1009,1824,1381,14008,1953,1783,675,1854,3607
Tsc2_5*Nt_25,Tsc2*Nt,6053,1062,1615,3519,2284,608,2416,1075,841,13392,174,285,1721,2671
Tgfbr2_5*Pdcd1lg2_1,Tgfbr2*Pdcd1lg2,6040,1294,2774,3332,2323,755,1550,825,2862,589,3904,132,1807,1946
Tgfbr2_3*Cdh1_5,Tgfbr2*Cdh1,6014,1662,3628,2994,2434,995,2614,1208,3936,1285,306,317,3675,2655
Brca2_3*Nt_6,Brca2*Nt,5986,641,595,4979,749,455,1002,270,1178,1019,226,5343,3251,2256
Serpinb5_5*Pdcd1lg2_1,Serpinb5*Pdcd1lg2,5980,983,3039,2438,2326,649,2271,679,4613,3604,1360,1859,2178,2508
Sox10_5*Mysm1_4,Sox10*Mysm1,5959,283,500,411,404,313,711,227,248,1433,2217,24,234,756
Chit1_2*Nt_6,Chit1*Nt,5947,1499,1985,2672,2339,709,1769,1161,7912,484,814,519,1396,2311
Brca2_4*Mysm1_4,Brca2*Mysm1,5935,873,1208,1608,1107,631,1917,1034,4870,39376,1498,667,2201,4375
Tgfbr2_3*Nt_39,Tgfbr2*Nt,5904,1480,21134,4564,5362,1436,3432,1655,7764,873,200,4838,2257,5207
Tgfbr2_3*Hgf_2,Tgfbr2*Hgf,5901,1359,2969,3869,2960,1171,3138,1817,8276,29476,6694,1201,1163,6013
Calml3_4*Il6_5,Calml3*Il6,5882,987,1191,1578,1718,542,1792,463,3360,32037,2946,735,1615,3017
Brca1_5*Btla_2,Brca1*Btla,5858,875,1055,1161,1302,245,1128,583,1228,467,3565,171,899,750
Tgfbr2_1*Tnfsf15_3,Tgfbr2*Tnfsf15,5853,407,686,1029,913,255,844,454,387,10006,69,7298,2856,3444
Stk11_1*Mysm1_2,Stk11*Mysm1,5834,222,3037,447,534,137,439,240,1677,4046,62,116,291,605
Nt_44*Pla2r1_2,Nt*Pla2r1,5822,1591,1614,2716,2138,535,1636,758,1191,330,298,471,3636,3169
Nt_49*Btla_1,Nt*Btla,5818,2304,2589,3005,2536,724,2072,1171,10635,32174,3326,1531,1264,3027
Nt_49*Hgf_4,Nt*Hgf,5805,1442,1455,1748,1879,559,904,974,4070,12682,533,1202,3112,1818
Chit1_2*Pdcd1lg2_1,Chit1*Pdcd1lg2,5805,2951,3518,2372,2050,1150,2733,1442,5691,4667,1808,990,1527,2597
Nt_49*Nt_6,Ntc,5789,995,4087,3836,3641,902,2367,1151,3926,7537,1283,786,1861,2905
Chit1_2*Hgf_4,Chit1*Hgf,5764,2168,4143,2052,1958,532,1159,612,4993,539,1933,348,2117,6646
Tsc2_5*Cdh1_4,Tsc2*Cdh1,5757,1560,4924,3541,4432,1273,3484,1559,4700,73571,2623,155,1214,10052
Tgfbr2_3*Pla2r1_2,Tgfbr2*Pla2r1,5740,1855,3307,3592,3549,1550,2603,1898,1048,1083,387,2995,1365,4328
Tgfbr2_5*Cdh1_4,Tgfbr2*Cdh1,5718,1331,2186,1747,2326,477,1230,441,2024,13901,117,99,1705,2599
Brca1_3*Cdh1_4,Brca1*Cdh1,5709,1209,2757,2673,2259,578,1598,512,5434,20310,839,430,2384,3778
Brca2_3*Cdh1_1,Brca2*Cdh1,5673,289,659,788,845,247,682,174,87,130,485,20,374,789
Brca2_4*Nt_25,Brca2*Nt,5653,2529,1365,1385,1914,450,774,426,7937,19847,4703,296,1363,3867
Stk11_4*Tnfsf15_3,Stk11*Tnfsf15,5639,325,1443,800,898,358,1096,410,1440,16265,69,824,3216,3023
Nt_48*Cdh1_5,Nt*Cdh1,5631,1614,1798,4516,2711,865,2207,990,1223,32424,3110,2894,1880,2843
Tgfbr2_3*Fcrl6_4,Tgfbr2*Fcrl6,5610,642,1687,1308,1920,952,1439,1131,3502,947,3932,835,703,1369
Nt_49*Nt_39,Ntc,5588,3515,3101,2737,2502,1008,3551,1582,5673,11374,2375,111,1443,2170
Chit1_2*Il6_5,Chit1*Il6,5587,2205,1535,3180,2100,584,1828,842,11124,862,1006,3631,2448,3281
Tsc2_1*Muc16_2,Tsc2*Muc16,5583,165,242,233,431,73,289,128,45,76,1282,9,74,92
Nt_49*Tnfsf15_3,Nt*Tnfsf15,5534,1263,2380,2270,1788,749,2113,835,8982,19480,132,387,3782,4982
Tgfbr2_5*Fcrl6_1,Tgfbr2*Fcrl6,5494,1053,2309,2785,2389,402,1023,556,1600,4863,159,256,1298,2020
Brca1_5*Btla_1,Brca1*Btla,5480,1180,1418,1653,1702,616,2022,675,2368,9607,1491,2146,1222,3833
Chit1_2*Nt_39,Chit1*Nt,5479,3091,2609,2011,1745,1290,3140,1041,2363,82492,3670,118,1383,2664
Tsc2_5*Btla_1,Tsc2*Btla,5478,986,2712,1858,2342,636,1822,796,1265,48836,1140,265,1737,3283
Tgfbr2_5*Mysm1_4,Tgfbr2*Mysm1,5472,1178,1888,2300,2450,518,1328,718,4758,1728,2818,147,3210,4464
Tgfbr2_3*Pla2r1_4,Tgfbr2*Pla2r1,5472,1615,17032,7686,2622,1076,2320,1209,1486,583,1702,938,2932,2476
Tsc2_5*Btla_5,Tsc2*Btla,5468,1054,8754,1867,1998,748,2351,808,3002,516,96,877,1517,4678
Tsc2_5*Hgf_2,Tsc2*Hgf,5446,2773,1902,2298,2162,911,2331,1241,2807,62767,1306,327,763,2549
Calml3_4*Muc16_3,Calml3*Muc16,5443,857,4308,1768,1447,519,2343,457,11750,7790,1529,757,1092,3927
Brca2_4*Il6_5,Brca2*Il6,5439,820,5620,1788,1574,670,1563,718,4752,18215,849,1260,1768,2740
Rb1_2*Cxcr2_2,Rb1*Cxcr2,5401,1208,1345,1072,1593,265,446,409,4723,15176,11794,7268,3000,5137
Tgfbr2_5*Nt_6,Tgfbr2*Nt,5389,1199,1847,2366,3149,221,918,141,2468,6149,1149,969,2311,6435
Tgfbr2_5*Il6_5,Tgfbr2*Il6,5387,1056,1716,2660,2230,368,1590,247,3118,9282,3359,797,1645,2946
Serpinb5_5*Cdh1_4,Serpinb5*Cdh1,5357,828,1379,1328,3040,416,2037,734,2255,378,273,327,1609,2952
Brca2_4*Fcrl6_1,Brca2*Fcrl6,5337,1057,1074,1409,1180,338,845,319,13820,16032,2261,1148,1924,4141
Nt_13*Tnfsf15_3,Nt*Tnfsf15,5337,537,888,839,1026,423,2202,525,961,22981,1100,580,1416,4697
Krt15_5*Nt_57,Krt15*Nt,5331,3090,815,597,448,218,670,133,1155,206,165,730,3058,3255
Tsc2_5*Nt_33,Tsc2*Nt,5327,906,3811,1994,2272,1162,3397,1843,1798,231,31,2088,1506,2829
Tgfbr2_5*Btla_1,Tgfbr2*Btla,5305,938,1530,1673,2162,185,690,240,5770,5211,1094,1116,690,2386
Nt_13*Mfap5_3,Nt*Mfap5,5304,358,2174,516,447,348,1126,355,1471,2814,1307,859,2727,4270
Calml3_4*Nt_25,Calml3*Nt,5296,1073,1173,1253,1589,336,1314,495,7726,11572,172,143,879,2025
Brca2_4*Cxcr2_2,Brca2*Cxcr2,5285,802,2076,1636,1600,307,1170,475,7137,22251,1386,123,2390,2567
Tsc2_5*Tnfsf15_2,Tsc2*Tnfsf15,5255,1109,4071,2981,2342,991,2675,1386,9207,2260,3935,211,2064,4721
Tgfbr2_3*Nt_6,Tgfbr2*Nt,5253,1461,2307,1936,6672,1146,2272,857,6250,464,3426,579,2482,2572
Tgfbr2_5*Nt_33,Tgfbr2*Nt,5239,804,1487,1743,1612,188,411,206,1588,33994,461,133,1307,2333
Tgfbr2_5*Il6_2,Tgfbr2*Il6,5205,1081,2081,2414,2218,489,1200,675,13486,40505,3073,2161,1899,1587
Kit_1*Pdcd1lg2_1,Kit*Pdcd1lg2,5202,1367,2035,1514,1988,355,329,496,4083,9753,4644,1424,2873,2633
Nt_49*Btla_5,Nt*Btla,5202,2395,1463,2080,1868,1022,3003,1236,2243,26533,1288,1970,1417,2760
Tgfbr2_5*Btla_5,Tgfbr2*Btla,5194,1011,1509,2206,2220,459,1581,437,4376,18874,1186,255,1109,2051
Chit1_3*Tlr7_5,Chit1*Tlr7,5140,355,622,561,811,137,342,383,2052,169,36,870,3173,2328
Nt_13*Nt_25,Ntc,5139,510,3268,1906,1300,531,1601,505,2236,6158,651,536,1422,1897
Krt15_2*Cx3cl1_5,Krt15*Cx3cl1,5125,553,987,1176,1238,292,920,377,4136,8257,68,2937,2893,6079
Tgfbr2_5*Hgf_2,Tgfbr2*Hgf,5118,1471,1497,2024,1798,316,1335,294,3519,24913,3086,1036,1098,2656
Serpinb5_5*Tnfsf15_2,Serpinb5*Tnfsf15,5111,1019,1488,1499,1639,525,2032,783,4620,47882,4536,134,2342,6579
Brca1_3*Nt_39,Brca1*Nt,5108,875,7613,2442,1734,514,830,562,2518,16666,68,207,1825,1631
Brca2_1*Mpeg1_5,Brca2*Mpeg1,5107,575,2009,1043,1091,404,924,395,1078,15797,77,447,1850,2075
Tsc2_5*Il6_5,Tsc2*Il6,5104,878,1683,1804,2697,723,1429,1163,357,6572,711,1461,1324,1220
Calml3_4*Nt_33,Calml3*Nt,5080,863,808,956,1364,378,894,589,5915,5578,2471,1219,1037,2503
Smad4_4*Nt_25,Smad4*Nt,5079,923,970,1148,1097,197,380,381,3065,10587,1211,113,652,4624
Clca2_5*Mysm1_4,Clca2*Mysm1,5076,392,1773,868,933,408,1121,215,317,9620,1715,77,282,1426
Smad4_4*Nt_33,Smad4*Nt,5072,622,828,1079,1044,224,782,556,3608,14675,291,418,2066,2791
Serpinb5_5*Hgf_2,Serpinb5*Hgf,5065,923,1469,3990,1924,425,1735,775,8141,16669,161,206,1818,2510
Nt_49*Cxcr5_1,Nt*Cxcr5,5059,1311,3398,2097,2496,585,1945,1044,18451,13746,1698,993,1012,1566
Brca2_4*Btla_2,Brca2*Btla,5043,2150,2938,1471,1152,653,1441,714,1923,17608,962,310,2076,1226
Brca2_4*Nt_33,Brca2*Nt,5037,993,6022,1774,1875,784,2520,788,10553,29019,232,193,2242,2600
Sox10_4*Cdh1_5,Sox10*Cdh1,5035,2107,1325,2064,1529,379,959,303,266,342,3500,827,386,648
Stk11_5*Nt_25,Stk11*Nt,5030,1227,2740,7215,3035,848,1665,1333,4274,1268,2449,112,1216,3251
Chit1_2*Cdh1_1,Chit1*Cdh1,5025,886,3978,1750,1287,764,1688,585,5614,16994,16856,133,960,342
Serpinb5_5*Tnfsf15_3,Serpinb5*Tnfsf15,5024,2058,1390,982,1882,603,1456,655,1591,9988,5111,202,1430,2010
Nt_13*Cx3cl1_4,Nt*Cx3cl1,5012,383,384,590,809,238,1131,310,1857,7596,1191,31,293,348
Tgfbr2_3*Muc16_3,Tgfbr2*Muc16,5011,1932,2694,3631,3199,1611,3537,2104,1360,7140,3731,156,1203,3600
Stk11_5*Cx3cl1_5,Stk11*Cx3cl1,4994,1485,2244,2201,2623,649,1770,988,9374,13769,6186,514,1917,2073
Nt_49*Hgf_2,Nt*Hgf,4994,1101,2222,2977,2423,818,1416,1233,11633,6888,187,1825,2559,1781
Nt_2*Pla2r1_2,Nt*Pla2r1,4986,1190,2463,2685,1703,611,1179,661,10548,9079,237,1335,2668,3357
Stk11_1*Nt_39,Stk11*Nt,4977,907,1414,1229,3307,666,2321,812,3086,24911,1462,154,938,2403
Kit_1*Cdh1_4,Kit*Cdh1,4969,1299,9142,1731,2235,350,1060,399,7016,18616,4059,763,1287,2316
Apc_5*Cdh1_5,Apc*Cdh1,4968,368,1102,1218,868,130,632,159,216,8523,45,1323,2573,2554
Chek2_1*Tnfsf15_2,Chek2*Tnfsf15,4965,533,654,800,1002,328,885,266,494,23188,118,234,1497,1924
Brca2_4*Nt_6,Brca2*Nt,4961,1058,1447,1364,1549,273,522,296,9291,10062,23266,2699,1669,1734
Brca1_3*Pdcd1lg2_1,Brca1*Pdcd1lg2,4954,1416,6164,2934,3587,628,1285,786,7591,27846,4164,169,1125,2784
Nt_49*Hgf_5,Nt*Hgf,4952,846,6100,1565,1950,691,2670,602,7221,15499,972,294,1509,5061
Brca2_1*Hgf_4,Brca2*Hgf,4943,1135,1049,1474,1389,462,501,411,4885,17342,1463,2363,1065,4618
Tgfbr2_3*Tnfsf15_2,Tgfbr2*Tnfsf15,4930,1172,3717,2815,2989,1534,1544,1814,2552,635,797,341,1677,2038
Calml3_4*Hgf_4,Calml3*Hgf,4919,1168,776,1419,1460,250,1152,285,6174,7441,2018,347,923,2975
Brca2_4*Cdh1_4,Brca2*Cdh1,4908,1053,6906,2079,2036,953,2611,895,1013,6698,5741,465,949,3255
Brca2_1*Btla_1,Brca2*Btla,4903,637,1049,1279,965,329,524,287,1630,9676,2558,228,1107,2968
Serpinb5_5*Cxcr2_2,Serpinb5*Cxcr2,4898,645,6407,1647,1367,338,1181,822,584,7397,774,1485,1537,2430
Calml3_3*Pla2r1_2,Calml3*Pla2r1,4890,365,214,489,571,172,349,187,963,9054,76,80,342,559
Brca1_5*Nt_39,Brca1*Nt,4888,674,1581,1783,1924,1037,2114,1096,5492,517,3238,222,2078,2867
Brca2_4*Tnfsf15_3,Brca2*Tnfsf15,4874,1050,1217,2613,1447,627,1858,734,11819,3236,3724,202,1319,2678
Stk11_5*Il6_5,Stk11*Il6,4866,1485,2490,2297,2543,860,2086,1490,1328,28033,2657,160,804,998
Serpinb5_5*Pla2r1_2,Serpinb5*Pla2r1,4865,975,1304,6028,1702,430,1551,596,9934,1328,2913,366,1216,1247
Tsc2_5*Hgf_5,Tsc2*Hgf,4864,541,3644,2271,2041,377,1927,1086,2698,21526,96,181,844,558
Chit1_2*Nt_25,Chit1*Nt,4850,1085,1094,1645,1722,472,1530,381,3895,11528,2690,46,797,2859
Chit1_2*Btla_5,Chit1*Btla,4828,1000,1042,1471,1961,696,3664,1024,428,3810,90,217,1289,1783
Krt15_2*Pla2r1_2,Krt15*Pla2r1,4825,1028,1169,1414,1800,429,1789,527,647,40447,1514,3385,1651,2856
Brca1_5*Pdcd1lg2_1,Brca1*Pdcd1lg2,4823,4329,1301,2056,2168,730,1469,855,2324,16739,155,231,1100,2818
Brca2_4*Mpeg1_1,Brca2*Mpeg1,4822,918,1487,2410,1980,360,855,366,4751,9233,2038,3941,1686,3032
Brca1_5*Pla2r1_2,Brca1*Pla2r1,4813,4234,10736,2347,2600,846,2354,1455,1766,769,710,2289,924,3326
Smad4_4*Nt_39,Smad4*Nt,4811,1122,1980,1668,1703,436,707,363,2121,56227,7378,3017,1921,2422
Smad4_4*Pla2r1_2,Smad4*Pla2r1,4810,1215,1157,1278,1669,327,1585,248,3379,21951,494,39,2581,3874
Tgfbr2_5*Fcrl6_5,Tgfbr2*Fcrl6,4800,364,684,873,731,461,694,365,3616,40013,328,574,2092,1777
Calml3_4*Hgf_2,Calml3*Hgf,4796,1028,945,1517,1480,418,1077,445,8674,23291,395,140,1070,2233
Stk11_5*Tnfsf15_1,Stk11*Tnfsf15,4791,546,789,820,699,330,821,311,621,19849,166,49,1196,835
Nt_48*Pla2r1_4,Nt*Pla2r1,4766,880,1181,3847,1901,525,2408,810,4334,9839,3189,179,844,1932
Brca1_3*Cxcr2_2,Brca1*Cxcr2,4765,688,1870,3424,1931,338,1248,374,605,12527,106,2750,1588,3358
Brca2_4*Cx3cl1_5,Brca2*Cx3cl1,4755,3010,1096,1577,1396,472,1155,486,920,12837,177,754,1320,2548
Nt_13*Nt_18,Ntc,4754,469,493,532,643,438,1431,240,4213,4164,103,1013,606,2231
Nt_48*Hgf_4,Nt*Hgf,4750,1067,2940,2071,1974,447,1528,563,4618,11854,1057,2996,914,1182
Calml3_4*Cdh1_5,Calml3*Cdh1,4743,870,1908,2682,2142,411,802,354,2339,13936,1612,1133,815,1912
Chek2_1*Nt_33,Chek2*Nt,4741,557,725,801,821,259,607,206,2659,779,3013,976,1474,2049
Calml3_4*Cdh1_4,Calml3*Cdh1,4735,982,6517,3147,2638,575,1572,740,1339,4222,1401,1181,1244,2971
Kit_1*Muc16_3,Kit*Muc16,4723,1011,2375,1297,1784,380,1306,510,4286,31225,339,575,1550,2181
Nt_48*Cdh1_4,Nt*Cdh1,4706,1155,2129,1479,1767,1346,3191,1323,5428,4738,811,491,1418,2291
Clca2_5*Pdcd1lg2_1,Clca2*Pdcd1lg2,4702,700,1082,1247,1569,374,1675,730,3579,27034,1576,143,1302,1961
Serpinb5_2*Nt_6,Serpinb5*Nt,4693,305,341,351,462,98,602,113,382,15877,789,697,2640,2488
Clca2_5*Hgf_2,Clca2*Hgf,4685,752,860,1417,1441,419,1097,468,801,31244,9855,1215,639,516
Nt_48*Mysm1_5,Nt*Mysm1,4679,612,3315,1471,1379,574,1496,607,1497,14238,7043,311,1254,4720
Tgfbr2_3*Il6_5,Tgfbr2*Il6,4676,1287,2205,7552,2968,1047,2269,1274,8766,930,5606,166,1437,1260
Nt_49*Nt_18,Ntc,4675,794,3476,1797,1295,782,1445,887,873,54937,255,82,964,3283
Clca2_5*Nt_39,Clca2*Nt,4667,885,1074,1180,1563,537,1650,451,7041,768,2835,258,579,3090
Nt_48*Cxcr2_2,Nt*Cxcr2,4657,1432,1606,1989,2367,497,1174,471,344,400,2205,85,1628,2788
Brca1_5*Cdh1_5,Brca1*Cdh1,4653,887,1594,1465,1455,495,1689,705,11863,857,8084,368,1640,856
Tgfbr2_1*Pla2r1_2,Tgfbr2*Pla2r1,4636,900,901,742,1213,336,776,573,1815,45672,860,109,565,1018
Brca1_5*Il6_5,Brca1*Il6,4634,941,2939,2117,1872,673,2195,1225,2787,13168,2957,867,1389,3148
Tsc2_5*Mpeg1_5,Tsc2*Mpeg1,4630,1179,1257,5315,1694,766,1755,1205,3539,1034,1999,200,963,4543
Chek2_1*Cdh1_4,Chek2*Cdh1,4630,799,924,1213,1274,563,1509,603,3847,20165,1229,148,2328,5513
Brca2_1*Cdh1_4,Brca2*Cdh1,4626,1612,2058,1468,1212,723,2650,992,9094,5604,3686,583,1836,1966
Serpinb5_5*Mpeg1_1,Serpinb5*Mpeg1,4620,471,709,916,1057,181,884,221,4147,532,284,2218,1017,4494
Brca2_4*Hgf_4,Brca2*Hgf,4611,895,3429,1083,1505,322,2134,439,5359,16202,2666,1529,1398,1902
Tsc2_5*Cdh1_5,Tsc2*Cdh1,4600,1741,1464,8868,1857,738,2738,1037,606,8050,3124,101,1160,3143
Nt_49*Pla2r1_4,Nt*Pla2r1,4596,901,2319,3289,2688,567,1676,1108,13077,23917,1364,652,1464,4714
Brca1_5*Nt_25,Brca1*Nt,4589,865,1753,4753,2206,922,1099,698,303,339,238,1706,932,1283
Serpinb5_5*Muc16_3,Serpinb5*Muc16,4588,1243,2607,5513,8614,548,1824,826,8370,13929,381,164,891,2945
Brca1_3*Muc16_3,Brca1*Muc16,4587,1078,2300,2743,2461,520,1449,962,7803,5822,2218,213,1368,3093
Tgfbr2_3*Il6_2,Tgfbr2*Il6,4581,823,1689,1549,2027,973,3032,1347,2050,17079,2558,379,1573,2351
Nt_49*Nt_33,Ntc,4567,1293,2232,2712,2365,1162,2657,1297,5741,3006,691,197,916,1929
Brca2_1*Muc16_3,Brca2*Muc16,4565,603,4501,2130,1108,578,1899,522,2951,445,656,1049,1079,2992
Chit1_2*Mfap5_5,Chit1*Mfap5,4562,635,975,1545,1196,562,2078,483,344,7773,38,302,1238,1938
Nt_13*Fcrl6_1,Nt*Fcrl6,4545,548,598,1969,909,410,2072,443,738,2084,1128,888,1514,2358
Nt_13*Cdh1_5,Nt*Cdh1,4544,645,683,1078,1103,642,1660,373,3185,15764,327,306,1426,1764
Stk11_5*Nt_33,Stk11*Nt,4541,1077,2222,1726,1856,1139,2386,1424,9173,701,680,195,938,1341
Tgfbr2_5*Nt_25,Tgfbr2*Nt,4535,840,1513,1679,1680,292,611,251,708,8317,406,56,905,3762
Nt_2*Nt_39,Ntc,4521,932,5261,2596,1654,406,1665,981,654,554,108,76,748,1116
Serpinb5_5*Il6_5,Serpinb5*Il6,4511,616,1279,2095,1810,640,1530,716,4501,9556,3026,439,1019,1358
Tgfbr2_3*Cxcr2_2,Tgfbr2*Cxcr2,4511,968,2092,2100,2104,603,1385,634,6677,4798,1806,202,1188,1414
Stk11_1*Cdh1_4,Stk11*Cdh1,4510,550,1823,1039,1102,802,1376,548,1822,6813,2121,332,1442,1942
Nt_48*Pdcd1lg2_1,Nt*Pdcd1lg2,4496,929,1574,5569,1507,881,2337,1213,5397,19840,1969,90,901,5358
Chit1_2*Cx3cl1_5,Chit1*Cx3cl1,4493,761,3684,1767,1344,450,1502,605,2052,642,3038,2057,1441,3015
Tsc2_5*Il6_2,Tsc2*Il6,4492,1176,1411,1694,1708,1018,1677,1156,2007,9111,4795,314,1618,1954
Brca1_3*Tnfsf15_2,Brca1*Tnfsf15,4486,1095,1708,1709,1798,373,1188,488,2291,36044,262,1358,1566,4215
Tgfbr2_3*Nt_33,Tgfbr2*Nt,4486,1227,8402,8207,3193,991,2595,1389,3264,34640,5172,263,2347,2753
Brca1_5*Nt_6,Brca1*Nt,4482,2321,903,1119,1337,458,1734,975,2982,22843,225,1848,1309,3360
Clca2_5*Cdh1_4,Clca2*Cdh1,4472,717,690,1093,765,234,495,313,700,575,4941,402,1573,2457
Stk11_5*Pla2r1_2,Stk11*Pla2r1,4472,1628,4014,4036,3717,766,2164,1551,5824,10516,4029,1317,2124,3098
Chek2_1*Muc16_3,Chek2*Muc16,4470,799,865,781,1073,530,1427,436,2563,440,170,222,1373,3534
Tgfbr2_5*Cx3cl1_5,Tgfbr2*Cx3cl1,4469,783,1130,1645,1546,468,1462,717,17343,24531,2772,1802,756,2404
Tsc2_1*Pdcd1lg2_1,Tsc2*Pdcd1lg2,4467,761,2518,2286,1610,840,1828,1056,632,415,352,378,2204,3402
Tgfbr2_1*Hgf_2,Tgfbr2*Hgf,4467,691,1187,2388,947,404,1503,443,1197,3277,14444,47,445,2638
Chit1_2*Cdh1_5,Chit1*Cdh1,4445,1180,1941,2441,1665,480,2151,705,10650,4453,884,93,2043,2461
Tgfbr2_3*Cx3cl1_5,Tgfbr2*Cx3cl1,4441,1615,4768,2817,3683,645,1092,1135,7474,1079,1757,2106,912,2864
Sox10_5*Muc16_3,Sox10*Muc16,4441,755,4886,2056,1530,908,1776,1500,949,62609,538,810,1891,2437
Brca2_1*Nt_39,Brca2*Nt,4437,802,2611,1684,1401,406,1308,522,5183,517,114,239,1092,1710
Tgfbr2_5*Tnfsf15_3,Tgfbr2*Tnfsf15,4437,595,1219,1891,2366,247,392,714,2325,18286,1014,243,1776,1529
Tgfbr2_3*Pdcd1lg2_2,Tgfbr2*Pdcd1lg2,4432,1043,1613,1674,1858,355,1671,1047,1171,20641,184,7303,1830,1612
Brca2_4*Btla_1,Brca2*Btla,4427,813,1249,1653,1879,224,496,391,6951,25819,183,414,646,2529
Serpinb5_5*Nt_39,Serpinb5*Nt,4426,1002,2094,2713,2322,682,1327,765,1501,8951,545,395,1137,996
Nt_48*Mpeg1_5,Nt*Mpeg1,4423,865,1204,1420,1780,517,1599,588,3950,4803,6633,338,2444,3854
Chit1_2*Pla2g2a_4,Chit1*Pla2g2a,4418,691,1039,1103,1366,310,1598,560,9703,5561,2365,314,2101,4615
Chek2_2*Fcrl6_1,Chek2*Fcrl6,4390,445,2254,2900,2009,178,1046,347,3950,18253,120,228,1031,1327
Sox10_5*Tlr7_1,Sox10*Tlr7,4388,5084,801,1162,771,318,939,328,678,366,1260,1860,1246,2017
Nt_48*Pla2r1_2,Nt*Pla2r1,4384,866,1592,2395,1781,456,2573,847,7106,11510,9516,1078,603,2596
Stk11_1*Pdcd1lg2_1,Stk11*Pdcd1lg2,4384,1246,4032,4892,1530,771,1548,755,1621,1912,1980,268,1334,3823
Tsc2_5*Cxcr5_2,Tsc2*Cxcr5,4382,493,1548,1108,2971,753,1685,1055,4041,422,1880,8263,1853,3297
Chek2_1*Nt_39,Chek2*Nt,4367,974,651,846,1074,312,838,328,7131,6969,137,332,1132,1551
Brca2_1*Btla_2,Brca2*Btla,4366,973,887,1075,3574,264,1378,597,4536,700,2608,414,2016,2461
Krt15_3*Cdh1_4,Krt15*Cdh1,4366,872,1262,1938,1634,479,1755,393,7088,375,339,2346,1091,2360
Brca1_5*Hgf_2,Brca1*Hgf,4365,881,960,1672,1490,758,1681,772,3776,4499,319,200,1538,3075
Sox10_4*Nt_33,Sox10*Nt,4361,688,1234,2375,1387,640,879,774,4556,1857,2642,834,1473,2263
Tsc2_5*Hgf_4,Tsc2*Hgf,4349,784,27054,3425,1588,918,2117,823,987,10411,151,215,1134,1490
Sox10_4*Btla_1,Sox10*Btla,4347,443,414,998,1158,314,776,214,1425,1569,54,398,1659,1263
Chek2_1*Nt_25,Chek2*Nt,4347,796,965,990,1108,249,760,222,3924,46078,683,644,1075,1522
Clca2_5*Pla2r1_2,Clca2*Pla2r1,4342,806,1051,1572,1480,274,1272,586,1058,360,1430,84,929,2702
Nt_2*Hgf_2,Nt*Hgf,4340,902,3281,7043,1710,452,1726,688,822,18037,3229,220,788,1484
Stk11_5*Hgf_4,Stk11*Hgf,4338,1098,7286,3271,2758,673,1680,1201,3086,12001,1961,1058,1301,2079
Brca2_4*Tlr7_1,Brca2*Tlr7,4329,729,1300,3821,1281,450,1108,689,9350,11986,7095,154,1088,1890
Krt15_2*Cxcr5_1,Krt15*Cxcr5,4325,652,912,3638,1335,344,1016,315,3717,850,734,868,1832,1856
Kit_1*Muc16_2,Kit*Muc16,4311,1100,1048,1366,1426,46,77,109,6528,32965,8047,157,2803,1995
Calml3_4*Mpeg1_1,Calml3*Mpeg1,4309,758,1482,1000,1069,203,703,268,3683,509,10949,108,679,2521
Tsc2_5*Btla_2,Tsc2*Btla,4304,866,15433,1696,1929,924,2561,962,435,447,1108,129,1138,1865
Chit1_2*Cdh1_4,Chit1*Cdh1,4302,992,1269,1312,977,1150,3285,1100,1772,1525,2967,2641,1327,2419
Stk11_4*Nt_20,Stk11*Nt,4288,68,191,224,218,114,143,78,35,59,5,9,49,684
Pten_3*Pdcd1lg2_1,Pten*Pdcd1lg2,4284,1276,2538,2450,2927,712,1169,840,14667,18776,2532,50,2226,3024
Chek2_1*Pla2r1_2,Chek2*Pla2r1,4284,1010,1733,1943,2016,338,1069,500,9669,1743,1515,118,1032,819
Tsc2_5*Nt_26,Tsc2*Nt,4281,1626,1301,4438,1675,861,2336,1039,1413,10409,342,1508,886,3537
Smad4_3*Tnfsf15_2,Smad4*Tnfsf15,4278,740,1004,1254,1216,488,1463,602,1992,362,2369,229,1301,7176
Nt_49*Il6_2,Nt*Il6,4276,824,1211,1469,1696,680,1720,939,1354,7967,1131,234,1229,1626
Tgfbr2_5*Tnfsf15_2,Tgfbr2*Tnfsf15,4273,1603,1691,2448,2150,374,1287,425,4505,504,1192,57,621,1821
Tgfbr2_3*Mpeg1_1,Tgfbr2*Mpeg1,4263,991,2679,2490,2722,848,2111,1226,12176,5187,1931,145,1105,1236
Krt15_2*Pdcd1lg2_2,Krt15*Pdcd1lg2,4252,423,638,759,1029,415,869,484,6579,527,1176,356,1665,2715
Rb1_4*Pdcd1lg2_1,Rb1*Pdcd1lg2,4251,590,807,851,1188,172,760,110,3198,7927,950,232,1290,3693
Nt_13*Cdh1_4,Nt*Cdh1,4246,600,737,1563,1057,614,1647,539,2889,25346,159,685,991,1530
Chek2_1*Pdcd1lg2_3,Chek2*Pdcd1lg2,4245,450,478,566,583,192,1098,312,2732,194,34,1111,1845,1604
Brca2_4*Cdh1_5,Brca2*Cdh1,4245,663,1422,1235,1484,492,1365,622,4922,526,5043,117,814,2568
Nt_49*Pdcd1lg2_3,Nt*Pdcd1lg2,4240,1498,4267,2062,2614,575,1010,1174,1715,33783,1431,61,702,847
Krt15_2*Hgf_2,Krt15*Hgf,4225,908,877,1070,1448,431,1492,443,1246,15707,1451,276,1366,1385
Serpinb5_5*Pla2r1_4,Serpinb5*Pla2r1,4225,903,789,1457,1626,622,1711,629,1906,30364,2911,232,1220,599
Brca1_3*Nt_25,Brca1*Nt,4223,838,1501,1664,1793,308,930,371,575,6121,1945,203,1001,1790
Brca2_4*Mpeg1_5,Brca2*Mpeg1,4219,496,1642,2265,1767,386,1342,309,2601,471,5524,320,1953,1538
Calml3_4*Cxcr2_2,Calml3*Cxcr2,4206,640,6861,1185,1181,294,548,319,3894,423,941,409,907,642
Nt_13*Muc16_3,Nt*Muc16,4204,796,1166,826,1401,960,2164,671,1102,649,1417,1019,1043,3440
Calml3_4*Tnfsf15_3,Calml3*Tnfsf15,4189,782,795,1168,1188,338,472,283,2246,767,3564,39,1602,2210
Smad4_4*Tnfsf15_3,Smad4*Tnfsf15,4185,648,998,1327,1513,454,1116,653,6926,9604,1193,1379,1305,2964
Calml3_4*Btla_5,Calml3*Btla,4182,737,817,976,1162,461,1331,294,5116,18663,2875,81,605,4936
Brca1_3*Il6_5,Brca1*Il6,4181,721,1167,2124,1440,356,1231,499,220,4284,49,339,1625,2548
Nt_48*Muc16_3,Nt*Muc16,4180,978,3461,3734,1876,1056,2303,1223,8306,11580,2550,630,938,2391
Calml3_4*Nt_6,Calml3*Nt,4177,1776,1486,1465,1291,321,1524,390,642,25434,164,1648,560,1613
Tsc2_1*Nt_20,Tsc2*Nt,4176,413,1422,1417,744,159,215,187,174,253,46,917,2524,3603
Serpinb5_5*Cx3cl1_4,Serpinb5*Cx3cl1,4162,1346,2541,2819,2200,475,1355,496,6287,30884,1789,69,3028,2539
Chit1_2*Muc16_3,Chit1*Muc16,4151,3431,4319,2001,1857,866,2918,1517,5084,1226,1742,419,1114,1869
Krt15_3*Nt_39,Krt15*Nt,4151,2633,786,3369,1056,90,925,415,3788,21377,769,974,1204,2801
Calml3_4*Pla2g2a_5,Calml3*Pla2g2a,4147,531,818,987,1144,131,359,122,6303,1070,1166,843,1092,1885
Tgfbr2_3*Fcrl6_1,Tgfbr2*Fcrl6,4137,973,2100,2167,2151,694,2565,1161,1714,1938,4853,75,1010,2777
Serpinb5_5*Btla_5,Serpinb5*Btla,4135,559,1010,1232,1305,537,2183,398,2390,466,1124,93,704,2389
Tgfbr2_5*Cxcr5_1,Tgfbr2*Cxcr5,4131,679,1347,1353,1411,461,324,328,3233,340,62,155,898,1714
Serpinb5_5*Pdcd1lg2_3,Serpinb5*Pdcd1lg2,4127,915,672,941,1135,260,768,390,4006,10251,146,3915,926,2696
Nt_9*Pdcd1lg2_1,Nt*Pdcd1lg2,4126,948,1418,1143,1249,350,809,284,17291,16381,851,40,830,1582
Brca1_5*Hgf_5,Brca1*Hgf,4121,617,1636,849,1192,415,999,630,7464,275,44,272,1835,1322
Brca1_5*Fcrl6_1,Brca1*Fcrl6,4119,1114,777,1230,1510,299,947,737,1976,52457,1638,93,2222,1865
Nt_48*Il6_5,Nt*Il6,4119,657,1326,1609,1393,635,1871,581,7358,1963,57,198,1343,4530
Krt15_2*Nt_25,Krt15*Nt,4117,769,1101,1211,1445,334,1045,469,339,3806,1298,37,1241,3639
Chit1_2*Hgf_2,Chit1*Hgf,4104,1454,960,1077,1677,916,1525,784,413,473,3929,1876,1201,1586
Nt_49*Mpeg1_1,Nt*Mpeg1,4103,1082,6435,2086,1823,683,2293,1163,4013,13252,786,136,766,2242
Nt_2*Cdh1_4,Nt*Cdh1,4101,929,1387,1571,1449,685,1257,1059,1469,11994,456,597,851,2760
Serpinb5_5*Btla_1,Serpinb5*Btla,4098,1220,1200,986,1587,325,364,344,2858,2333,98,1694,503,3722
Tsc2_2*Mysm1_4,Tsc2*Mysm1,4096,695,568,483,936,329,903,640,12445,5437,1732,1723,2026,3180
Tgfbr2_3*Nt_26,Tgfbr2*Nt,4095,963,11923,1909,2329,786,2023,1079,6364,26579,184,6353,4314,2338
Krt15_3*Pla2r1_2,Krt15*Pla2r1,4092,666,1419,1737,1705,448,984,386,696,19302,152,303,1647,2086
Brca2_4*Nt_17,Brca2*Nt,4088,900,1075,1294,1360,53,235,247,2075,39550,549,2246,1295,1629
Nt_9*Nt_39,Ntc,4085,889,1661,1244,1328,198,665,585,513,443,81,183,716,2053
Nt_13*Mysm1_4,Nt*Mysm1,4070,544,882,538,780,482,1318,441,761,7815,344,290,823,1037
Tgfbr2_1*Cxcr2_5,Tgfbr2*Cxcr2,4057,355,526,586,716,275,743,393,1761,166,398,17,217,1573
Nt_48*Tnfsf15_3,Nt*Tnfsf15,4057,880,1082,1306,1114,683,1981,909,612,9946,1005,4664,1056,1727
Clca2_5*Cxcr5_1,Clca2*Cxcr5,4048,635,1056,953,1119,196,367,213,6577,23477,119,221,2673,2278
Nt_48*Btla_1,Nt*Btla,4045,893,2377,2998,2766,345,1568,356,8782,1437,381,220,822,3100
Sox10_5*Cdh1_4,Sox10*Cdh1,4044,569,989,1482,1310,850,2011,760,2966,11457,74,1699,1516,1960
Brca2_1*Nt_33,Brca2*Nt,4032,1005,1684,1187,949,311,1192,450,1804,25384,2622,1321,607,813
Nt_49*Fcrl6_1,Nt*Fcrl6,4030,535,1352,1804,2073,1104,2008,923,4197,16641,1499,720,853,1212
Kit_4*Pdcd1lg2_3,Kit*Pdcd1lg2,4023,318,492,1289,769,167,576,264,210,10625,501,29,177,463
Serpinb5_5*Mfap5_5,Serpinb5*Mfap5,4020,1094,1079,1445,1132,385,582,507,2777,44736,1748,2577,1126,1803
Sox10_5*Hgf_2,Sox10*Hgf,4017,722,1196,14304,1262,307,1032,830,6343,6472,160,379,2304,1923
Chit1_5*Btla_1,Chit1*Btla,4010,571,1133,1477,1160,172,744,222,11572,11861,5583,241,1429,1913
Stk11_1*Tnfsf15_3,Stk11*Tnfsf15,4006,535,2763,982,911,452,816,345,642,4158,796,386,1611,1295
Sox10_4*Hgf_5,Sox10*Hgf,4005,551,777,731,850,418,1071,478,13107,5319,68,54,398,370
Serpinb5_4*Nt_6,Serpinb5*Nt,4000,426,358,693,705,123,683,168,3152,2911,83,19,262,828
Tsc2_5*Cxcr2_2,Tsc2*Cxcr2,3999,764,1719,2176,2183,474,881,739,2208,257,1448,2062,537,1698
Nt_48*Mfap5_5,Nt*Mfap5,3998,710,850,1722,1501,394,974,595,3336,8846,1029,776,1209,1722
Stk11_5*Tlr7_1,Stk11*Tlr7,3997,730,1379,1614,1995,356,1262,554,485,198,45,271,1140,1376
Nt_49*Tnfsf15_2,Nt*Tnfsf15,3990,1057,1546,1561,2148,976,3952,1884,6070,565,504,53,940,2586
Smad4_4*Btla_2,Smad4*Btla,3989,548,837,837,793,225,913,302,2056,9110,79,96,502,6105
Kit_1*Tnfsf15_3,Kit*Tnfsf15,3982,1023,1790,1841,2004,473,1200,507,4830,18728,3317,37,897,1059
Calml3_4*Fcrl6_1,Calml3*Fcrl6,3978,545,586,1052,1083,280,587,357,3703,9562,99,40,859,2792
Calml3_4*Cxcr5_1,Calml3*Cxcr5,3976,897,5236,763,980,189,516,227,419,10562,483,1520,877,1977
Smad4_4*Nt_6,Smad4*Nt,3969,836,1250,1324,1671,158,587,237,516,746,21972,2686,1155,6566
Stk11_5*Mfap5_5,Stk11*Mfap5,3958,1207,1462,2581,1787,634,1384,892,889,7120,3083,139,1191,2396
Calml3_4*Nt_18,Calml3*Nt,3949,690,1172,1258,1249,116,821,183,3921,304,1881,885,725,1809
Stk11_1*Btla_1,Stk11*Btla,3946,628,1119,1584,1491,469,966,362,1947,8785,92,288,685,1273
Nt_49*Tlr7_1,Nt*Tlr7,3940,1464,1236,1659,1560,688,1785,634,4294,21682,4862,2386,626,1626
Brca2_1*Pdcd1lg2_1,Brca2*Pdcd1lg2,3939,591,949,1232,1064,439,1641,723,6485,4646,88,1006,958,1976
Brca1_3*Tnfsf15_3,Brca1*Tnfsf15,3935,873,1532,1391,1350,282,1318,439,1882,25537,114,282,1219,1879
Tgfbr2_5*Mpeg1_1,Tgfbr2*Mpeg1,3934,878,1405,1214,1297,153,276,227,4671,452,6399,1515,641,1603
Brca1_3*Cx3cl1_5,Brca1*Cx3cl1,3934,1316,3318,7506,2469,646,1485,795,2502,2871,7531,192,796,4275
Nt_2*Nt_6,Ntc,3929,1027,1818,2828,1834,404,656,684,542,19258,5979,1388,1582,2114
Chit1_2*Tnfsf15_3,Chit1*Tnfsf15,3927,857,1159,1227,1466,558,1350,719,784,31457,657,213,774,1902
Serpinb5_4*Fcrl6_1,Serpinb5*Fcrl6,3926,2022,972,827,899,189,224,234,3161,15381,1228,36,491,2054
Nt_48*Nt_6,Ntc,3920,934,2968,2154,1639,422,1141,668,2557,385,321,52,1682,2471
Chit1_2*Btla_1,Chit1*Btla,3919,1207,1058,1660,1885,600,1482,862,5594,20167,4576,41,702,1618
Calml3_4*Cx3cl1_4,Calml3*Cx3cl1,3914,359,666,672,811,228,981,261,540,2933,68,229,1137,2365
Stk11_5*Cxcr5_1,Stk11*Cxcr5,3910,1089,3653,2212,8443,943,1552,776,1435,23840,7261,1149,1273,3833
Tgfbr2_3*Nt_17,Tgfbr2*Nt,3909,872,1807,2002,2324,607,851,718,4457,825,178,126,866,3857
Clca2_5*Nt_26,Clca2*Nt,3908,1609,1133,1070,1451,313,665,118,7706,508,113,74,1568,2150
Pten_3*Cdh1_5,Pten*Cdh1,3904,698,1368,1525,1217,631,1100,764,1009,16334,805,1130,1634,3258
Sox10_4*Nt_39,Sox10*Nt,3899,892,14939,1344,1589,476,920,743,4156,745,10491,628,2125,2959
Nt_9*Muc16_3,Nt*Muc16,3893,888,1110,1642,1642,424,405,465,3806,9376,4627,413,1061,1991
Apc_5*Tlr7_5,Apc*Tlr7,3893,366,387,292,552,214,458,429,344,437,980,1830,2476,2005
Nt_49*Nt_25,Ntc,3892,1249,1833,3640,1943,781,1674,611,4312,574,2086,43,531,1676
Stk11_5*Btla_1,Stk11*Btla,3892,1246,6452,3216,2880,620,1430,732,2908,17428,158,138,829,1539
Calml3_4*Btla_2,Calml3*Btla,3887,581,691,1144,1065,362,822,144,3355,2954,49,49,401,977
Nt_13*Pla2r1_4,Nt*Pla2r1,3885,406,924,567,869,411,1345,299,6121,537,895,1499,838,1104
Tgfbr2_3*Cxcr5_2,Tgfbr2*Cxcr5,3879,1038,3298,4478,2105,817,3641,1123,1373,8865,4549,94,822,738
Chit1_2*Mysm1_5,Chit1*Mysm1,3877,808,1253,1506,1364,521,1589,1099,2170,399,61,1545,2447,2478
Tgfbr2_3*Mysm1_2,Tgfbr2*Mysm1,3865,911,2121,1902,2424,715,1097,992,326,354,5143,10195,1113,1923
Tgfbr2_3*Cx3cl1_4,Tgfbr2*Cx3cl1,3863,1005,2285,6836,2186,693,2394,735,9388,25895,1554,31,585,3639
Chit1_2*Pdcd1lg2_3,Chit1*Pdcd1lg2,3863,639,1512,1894,1539,509,1693,775,1547,23623,116,1023,1114,1330
Stk11_5*Pla2g2a_4,Stk11*Pla2g2a,3863,1063,1923,1855,1375,461,772,627,1220,18700,3011,294,1375,2009
Krt15_2*Cxcr5_2,Krt15*Cxcr5,3859,570,1480,1027,1001,436,1732,712,224,282,1209,1368,289,9754
Krt15_2*Il6_2,Krt15*Il6,3859,334,1484,1532,1279,271,604,370,5540,284,901,648,2019,1398
Tgfbr2_5*Muc16_3,Tgfbr2*Muc16,3856,1168,1940,2483,2781,363,569,551,3471,12391,3517,43,712,3012
Chit1_5*Nt_26,Chit1*Nt,3854,728,977,981,1425,226,1430,499,6492,3143,63,389,1121,1823
Nt_48*Nt_25,Ntc,3850,761,1852,1797,1781,471,1773,505,3106,423,80,65,401,1708
Stk11_1*Muc16_3,Stk11*Muc16,3844,872,8386,1454,1623,493,1429,754,532,6334,2168,101,1104,3870
Brca2_4*Tnfsf15_2,Brca2*Tnfsf15,3843,926,1087,2307,1452,526,1723,688,12794,29025,1346,257,604,2813
Nt_13*Tlr7_1,Nt*Tlr7,3842,576,2444,680,711,596,1190,510,2781,820,650,293,1099,2163
Calml3_4*Mysm1_4,Calml3*Mysm1,3832,529,601,666,821,420,1353,492,2923,14389,553,174,747,4509
Rb1_2*Btla_1,Rb1*Btla,3831,518,527,670,883,308,443,195,1587,267,47,185,902,1292
Serpinb5_5*Nt_25,Serpinb5*Nt,3828,841,902,3378,1535,479,988,461,2644,13387,999,46,420,1314
Tsc2_5*Fcrl6_1,Tsc2*Fcrl6,3791,813,1386,2210,1220,617,1220,1025,5770,23437,406,424,929,2270
Tgfbr2_3*Nt_25,Tgfbr2*Nt,3790,1367,2377,2504,2295,485,3336,864,5026,23488,1870,57,749,4277
Nt_44*Pdcd1lg2_1,Nt*Pdcd1lg2,3783,891,2082,2053,1912,488,1558,992,8210,1042,996,79,706,1586
Nt_49*Cxcr2_2,Nt*Cxcr2,3779,1244,1547,1776,1868,780,1551,930,530,16523,498,58,1000,1353
Serpinb5_4*Il6_5,Serpinb5*Il6,3773,626,673,831,1155,200,342,113,217,232,305,219,2362,2209
Chit1_5*Cdh1_5,Chit1*Cdh1,3766,639,992,1057,1309,326,402,321,4376,306,2401,848,773,1715
Tsc2_5*Pla2r1_4,Tsc2*Pla2r1,3762,3737,1188,2471,1388,647,2156,897,1595,4892,3467,3535,950,2091
Nt_48*Nt_33,Ntc,3760,763,1089,3645,1601,1111,3114,1201,3194,10166,1640,920,1323,3168
Tgfbr2_5*Cdh1_1,Tgfbr2*Cdh1,3745,975,974,1548,2007,287,1082,493,12915,37285,390,38,474,1671
Tgfbr2_5*Mfap5_3,Tgfbr2*Mfap5,3744,832,986,1150,1264,181,278,161,6464,1910,3141,105,1222,1808
Brca2_1*Nt_6,Brca2*Nt,3740,994,934,1366,1335,190,871,263,3629,9268,559,231,993,1890
Chek2_2*Pla2r1_4,Chek2*Pla2r1,3739,451,755,1092,922,280,972,109,687,16417,200,407,1541,1929
Stk11_5*Btla_5,Stk11*Btla,3737,1131,2616,1595,2335,715,1959,987,1157,54993,237,76,526,1301
Nt_13*Nt_17,Ntc,3736,251,358,357,810,299,844,274,396,324,62,649,1305,2994
Calml3_4*Pla2r1_4,Calml3*Pla2r1,3720,568,1726,949,1113,360,706,182,1296,346,3680,71,736,1005
Chek2_1*Nt_6,Chek2*Nt,3708,1886,785,1036,1430,190,391,170,5262,25349,6284,65,872,2043
Pten_3*Nt_39,Pten*Nt,3707,694,1367,3097,1292,417,418,478,390,529,87,1483,1577,982
Calml3_4*Cxcr5_2,Calml3*Cxcr5,3705,633,513,732,804,339,843,174,1985,20577,7215,113,567,4432
Brca1_3*Il6_1,Brca1*Il6,3693,943,578,640,467,187,32,161,218,8831,52,443,1641,1920
Nt_48*Pdcd1lg2_2,Nt*Pdcd1lg2,3691,723,1129,1323,1152,272,1247,421,4269,6642,50,112,975,3359
Brca1_3*Tlr7_1,Brca1*Tlr7,3690,604,1438,1317,1515,402,1187,506,560,2594,70,2158,1403,1601
Nt_2*Fcrl6_1,Nt*Fcrl6,3689,977,1784,2052,1772,306,1359,600,4371,6537,4104,39,1431,1394
Serpinb5_5*Cdh1_5,Serpinb5*Cdh1,3687,783,2062,2392,1481,658,1644,736,4112,634,510,89,845,1248
Nt_49*Mfap5_5,Nt*Mfap5,3679,812,1330,1807,1239,542,864,716,2430,26442,516,862,1177,2003
Tgfbr2_3*Btla_2,Tgfbr2*Btla,3678,1064,2249,2705,1793,921,2478,967,1260,76269,350,429,651,4537
Tgfbr2_5*Mfap5_5,Tgfbr2*Mfap5,3668,958,981,1907,1473,202,445,230,3588,14049,1431,1670,1941,1089
Kit_4*Pdcd1lg2_1,Kit*Pdcd1lg2,3666,813,1512,1160,1413,689,1090,615,10067,447,1175,90,710,1912
Nt_2*Cxcr5_2,Nt*Cxcr5,3665,852,2261,1385,1760,433,1408,835,8697,456,1786,1251,571,3459
Stk11_5*Pla2r1_3,Stk11*Pla2r1,3664,1006,1250,2676,1666,180,690,208,4489,20486,129,370,1418,848
Clca2_5*Il6_5,Clca2*Il6,3663,864,7658,6572,1413,448,768,275,414,10230,2427,124,404,1527
Chit1_2*Pla2g2a_5,Chit1*Pla2g2a,3661,571,1160,925,1050,389,973,264,188,231,34,993,916,3644
Nt_2*Pdcd1lg2_1,Nt*Pdcd1lg2,3659,1201,16803,3505,2684,681,1716,1224,3365,8277,5253,68,902,2073
Brca2_4*Mysm1_2,Brca2*Mysm1,3653,608,1123,1332,1329,316,855,345,1439,828,43,1431,1282,2397
Tgfbr2_3*Mfap5_5,Tgfbr2*Mfap5,3652,973,2154,2300,1737,624,2037,1160,542,11059,153,993,918,1473
Tgfbr2_5*Cxcr5_2,Tgfbr2*Cxcr5,3650,697,941,973,1302,252,775,138,8267,367,83,474,633,4630
Nt_43*Mysm1_5,Nt*Mysm1,3646,333,401,709,485,120,381,67,559,6343,36,21,801,2293
Serpinb5_5*Cx3cl1_5,Serpinb5*Cx3cl1,3634,508,10504,2238,1844,493,1256,588,701,300,646,422,723,2583
Clca2_3*Nt_57,Clca2*Nt,3627,266,582,186,419,86,388,182,869,55,21,600,2009,1816
Nt_2*Tnfsf15_3,Nt*Tnfsf15,3626,974,1672,1638,1606,685,871,601,628,28279,182,40,791,2036
Tgfbr2_5*Pla2r1_4,Tgfbr2*Pla2r1,3626,886,1284,2691,1569,458,902,464,7675,16172,2659,68,625,345
Nt_13*Nt_6,Ntc,3625,509,773,468,904,485,1104,304,702,564,1284,173,822,2403
Kit_1*Mysm1_2,Kit*Mysm1,3623,673,945,1118,1552,231,737,129,8157,31337,133,330,615,936
Stk11_5*Nt_39,Stk11*Nt,3616,1026,1861,2035,2120,650,1913,785,2503,368,77,766,1288,949
Tsc2_5*Nt_18,Tsc2*Nt,3616,868,1182,1635,1486,228,1065,397,4985,4039,266,34,1494,2039
Krt15_2*Cdh1_4,Krt15*Cdh1,3607,3865,1363,1574,1641,771,1726,667,335,1061,2124,1077,2397,1733
Brca2_1*Nt_25,Brca2*Nt,3606,782,1001,1160,1313,292,640,227,1116,275,2244,65,1415,5928
Stk11_1*Nt_33,Stk11*Nt,3603,442,15553,1324,1236,498,2286,883,2096,2880,2264,1343,989,2587
Tgfbr2_3*Tlr7_5,Tgfbr2*Tlr7,3603,531,2691,787,969,392,1674,1248,491,173,29,187,1267,3692
Nt_49*Mpeg1_5,Nt*Mpeg1,3601,943,2422,2319,2188,978,2361,821,10983,775,2410,1493,2287,2908
Tsc2_2*Nt_25,Tsc2*Nt,3601,868,1293,1435,1635,234,844,370,2827,302,1935,16,2039,669
Stk11_1*Pla2r1_2,Stk11*Pla2r1,3594,1615,2459,3026,2609,691,1858,707,4749,11331,1217,63,711,1949
Tsc2_5*Mfap5_1,Tsc2*Mfap5,3591,488,1307,923,526,415,1498,1122,875,22817,557,325,1441,1209
Kit_1*Fcrl6_1,Kit*Fcrl6,3587,4633,941,1255,1285,182,402,115,4077,8435,100,34,471,1801
Calml3_4*Mysm1_2,Calml3*Mysm1,3582,606,415,741,961,245,457,246,3730,11962,641,969,1065,2712
Nt_49*Cxcr5_2,Nt*Cxcr5,3575,670,1241,1609,1607,676,1740,849,543,17715,796,45,586,1329
Serpinb5_5*Nt_18,Serpinb5*Nt,3575,1848,1234,1176,1378,132,676,245,2669,10347,1044,2190,1584,913
Serpinb5_5*Fcrl6_1,Serpinb5*Fcrl6,3566,542,2726,977,1133,264,1085,311,1474,365,1219,30,563,1106
Tgfbr2_3*Hgf_4,Tgfbr2*Hgf,3561,1042,1793,2557,1848,520,1570,690,1815,434,154,60,777,2058
Nt_2*Mpeg1_1,Nt*Mpeg1,3558,670,1518,1212,1378,322,1281,695,495,25213,1223,846,1202,1184
Nt_13*Tnfsf15_2,Nt*Tnfsf15,3558,1305,927,1795,958,562,1591,595,2201,24781,1081,2408,843,2641
Brca1_5*Cxcr5_3,Brca1*Cxcr5,3555,357,834,1001,735,553,942,505,535,4791,365,3469,1488,1201
Stk11_5*Il6_1,Stk11*Il6,3547,974,3033,2688,2831,362,1302,686,2837,635,989,89,2470,2049
Calml3_4*Tlr7_5,Calml3*Tlr7,3545,530,674,631,977,219,613,335,7023,371,136,690,1635,1631
Rb1_4*Nt_33,Rb1*Nt,3541,363,368,582,646,248,699,193,6740,265,2301,314,1268,849
Clca2_5*Nt_25,Clca2*Nt,3540,736,2718,1626,1881,299,973,322,4433,4449,1475,412,747,2074
Tgfbr2_5*Btla_2,Tgfbr2*Btla,3539,1018,2460,1869,1643,428,922,518,2617,4041,81,91,660,2412
Brca2_3*Tnfsf15_3,Brca2*Tnfsf15,3537,425,1022,756,627,346,518,352,4380,125,21,357,1312,2945
Clca2_5*Mpeg1_5,Clca2*Mpeg1,3537,2626,1106,917,1192,268,862,275,3100,1641,453,43,2655,3062
Chit1_2*Pdcd1lg2_2,Chit1*Pdcd1lg2,3531,1105,1121,1057,1227,504,1201,542,3178,4011,4548,269,1338,1454
Tsc2_5*Nt_17,Tsc2*Nt,3530,910,1769,4089,1810,466,1290,382,460,17769,1643,58,3147,757
Clca2_5*Btla_1,Clca2*Btla,3529,711,919,1159,1434,206,601,306,7584,7054,109,45,495,2559
Clca2_5*Tnfsf15_3,Clca2*Tnfsf15,3528,761,787,859,1000,268,1176,252,1636,1965,3387,125,652,3291
Sox10_1*Hgf_2,Sox10*Hgf,3520,360,480,465,571,167,697,556,3295,239,900,313,1302,1270
Nt_48*Mysm1_4,Nt*Mysm1,3518,604,651,2820,869,477,912,567,975,19977,252,171,867,1461
Tsc2_5*Muc16_2,Tsc2*Muc16,3515,630,3149,1635,1739,294,1641,299,4709,410,3046,465,2700,1777
Tgfbr2_5*Hgf_4,Tgfbr2*Hgf,3515,771,1560,1728,1732,286,331,211,3160,4824,1544,80,1068,2289
Pten_3*Muc16_3,Pten*Muc16,3514,978,3155,1760,1670,802,1510,722,992,38928,11509,56,2774,1205
Kit_4*Btla_5,Kit*Btla,3514,671,1064,1445,1325,394,1307,405,5220,354,121,2173,604,1678
Smad4_2*Mfap5_5,Smad4*Mfap5,3512,360,165,124,111,38,382,47,231,5390,50,516,1857,1865
Chit1_5*Muc16_3,Chit1*Muc16,3511,631,885,1413,1255,479,995,608,22182,3252,2460,190,1186,2338
Krt15_2*Btla_5,Krt15*Btla,3510,686,3943,1054,1548,589,1673,693,3897,8637,913,585,845,3243
Chit1_2*Cxcr5_3,Chit1*Cxcr5,3509,847,3341,6591,1177,669,804,510,1719,34951,4724,1120,1714,2395
Brca2_1*Cdh1_5,Brca2*Cdh1,3509,607,678,736,1075,325,1097,266,1073,1090,858,169,1011,1641
Chek2_2*Cdh1_4,Chek2*Cdh1,3508,1194,1084,1218,1615,291,1254,588,11850,971,86,59,296,630
Calml3_4*Cx3cl1_5,Calml3*Cx3cl1,3508,678,648,929,588,230,975,141,5742,1899,730,106,667,1235
Tsc2_5*Cxcr5_1,Tsc2*Cxcr5,3507,1737,12203,1371,2121,564,1269,697,9332,22680,1603,113,2079,3474
Chit1_3*Pla2g2a_4,Chit1*Pla2g2a,3498,942,1039,2873,1491,134,518,213,5943,474,722,58,4121,3395
Nt_2*Hgf_4,Nt*Hgf,3497,919,1947,1982,1808,337,945,455,5742,459,1341,905,1054,2033
Tgfbr2_5*Cxcr2_2,Tgfbr2*Cxcr2,3495,817,1220,1347,1370,190,848,221,4737,14873,105,43,293,834
Chek2_1*Cxcr5_1,Chek2*Cxcr5,3488,554,445,667,653,300,441,190,2036,567,1304,475,1154,1086
Pten_3*Hgf_4,Pten*Hgf,3486,1009,8386,1710,1719,151,485,209,5310,10369,876,145,1783,2137
Brca2_4*Cxcr5_3,Brca2*Cxcr5,3482,541,889,1344,1168,327,978,422,2762,31255,91,138,738,1614
Tsc2_5*Tlr7_1,Tsc2*Tlr7,3480,679,1540,1727,1472,662,2769,873,3439,289,56,78,484,2411
Kit_1*Cx3cl1_5,Kit*Cx3cl1,3479,802,1019,1630,1421,174,541,265,1663,201,31,1367,620,1681
Calml3_4*Pdcd1lg2_3,Calml3*Pdcd1lg2,3479,566,572,913,903,256,1152,474,1379,2197,85,1901,531,928
Nt_13*Nt_26,Ntc,3478,521,2229,772,982,561,1644,763,1166,20171,266,413,768,814
Nt_13*Il6_5,Nt*Il6,3468,610,954,1002,702,449,2245,293,885,18604,141,37,740,1263
Krt15_2*Hgf_4,Krt15*Hgf,3460,722,835,1012,1238,216,591,224,2236,3265,66,3358,1401,2079
Stk11_1*Nt_25,Stk11*Nt,3455,525,1004,1893,1436,308,1370,477,3569,14187,69,50,1483,3518
Smad4_4*Pla2r1_4,Smad4*Pla2r1,3450,457,1998,2633,2180,222,862,193,3515,18148,146,280,1365,1545
Chit1_5*Mpeg1_5,Chit1*Mpeg1,3450,480,698,623,900,407,548,221,334,416,72,63,278,856
Kit_4*Nt_39,Kit*Nt,3449,505,1238,1327,1452,332,1213,398,1174,7103,1269,2483,604,1994
Stk11_5*Tnfsf15_2,Stk11*Tnfsf15,3446,887,1913,2784,1876,642,1845,1189,9391,19430,1731,84,1125,1016
Smad4_4*Cdh1_4,Smad4*Cdh1,3441,812,924,1415,1595,284,873,488,2620,33107,2437,43,706,2428
Stk11_5*Pdcd1lg2_3,Stk11*Pdcd1lg2,3437,535,16677,1835,1862,509,1422,654,4106,163,57,1489,1152,1024
Nt_9*Btla_5,Nt*Btla,3432,645,810,1037,1012,385,711,312,223,3382,47,122,760,2413
Nt_13*Nt_33,Ntc,3432,456,4864,1241,1286,605,1658,752,1788,9822,1409,181,937,2545
Brca1_3*Pla2r1_4,Brca1*Pla2r1,3429,1078,907,1499,1302,330,1183,385,757,29243,644,2550,604,1907
Serpinb5_5*Pla2r1_3,Serpinb5*Pla2r1,3425,1448,738,740,1924,108,292,158,5668,3356,257,30,344,393
Krt15_5*Muc16_3,Krt15*Muc16,3423,379,758,653,423,363,852,332,3413,301,61,428,1628,1787
Brca2_1*Tnfsf15_3,Brca2*Tnfsf15,3415,5705,1656,2617,1513,335,1475,769,5050,2333,2797,97,617,2394
Brca1_5*Cxcr2_2,Brca1*Cxcr2,3411,744,2154,2669,1892,326,1358,355,6534,14147,143,103,910,2560
Brca2_1*Pla2r1_2,Brca2*Pla2r1,3411,801,3245,2449,1393,363,683,538,671,8790,2054,1144,759,1804
Nt_49*Mysm1_5,Nt*Mysm1,3409,1054,1539,1504,1479,651,2713,649,3301,7769,1034,35,1272,2640
Serpinb5_5*Cxcr5_1,Serpinb5*Cxcr5,3408,714,1240,1639,1469,426,1712,613,5196,14662,850,2444,743,2127
Nt_9*Tnfsf15_3,Nt*Tnfsf15,3407,984,1363,2858,1432,186,439,376,3334,332,2004,157,610,1406
Chek2_2*Btla_2,Chek2*Btla,3406,442,517,836,615,303,621,259,7374,24576,130,47,388,180
Nt_48*Cxcr2_5,Nt*Cxcr2,3402,473,2351,918,752,249,2147,644,359,11545,1515,57,431,2699
Brca2_4*Tlr7_5,Brca2*Tlr7,3398,440,496,703,912,502,2041,559,1841,177,46,320,726,1065
Kit_1*Btla_5,Kit*Btla,3397,801,1179,1186,1506,275,373,281,3595,1404,114,1123,677,3185
Chit1_5*Hgf_2,Chit1*Hgf,3384,640,1331,1416,1287,223,469,367,1026,16507,1382,133,1450,2375
Pten_4*Pla2r1_2,Pten*Pla2r1,3379,956,17050,1458,1584,335,1461,420,4884,520,3859,206,1362,2069
Rb1_1*Tlr7_1,Rb1*Tlr7,3379,358,287,424,329,194,374,188,3484,49805,199,28,105,253
Nt_44*Hgf_2,Nt*Hgf,3379,549,876,965,1159,465,944,452,9211,290,42,38,930,2053
Nt_48*Pla2r1_3,Nt*Pla2r1,3375,526,887,1160,802,221,758,158,629,13891,2483,248,1243,1833
Tgfbr2_3*Hgf_5,Tgfbr2*Hgf,3368,1303,1471,3698,1712,946,2249,1297,1836,1456,2623,397,433,2202
Rb1_1*Nt_39,Rb1*Nt,3367,1511,770,457,834,313,1200,436,367,2388,5016,778,547,3336
Stk11_5*Muc16_2,Stk11*Muc16,3366,954,2310,2066,1831,290,1361,349,4581,236,209,260,1448,4363
Nt_49*Pdcd1lg2_2,Nt*Pdcd1lg2,3359,867,5358,787,1345,447,1142,620,6717,12153,1846,1857,618,2387
Stk11_5*Tnfsf15_3,Stk11*Tnfsf15,3358,1287,6838,2472,2054,856,1026,783,547,13108,2591,271,557,1689
Nt_2*Cxcr2_2,Nt*Cxcr2,3357,715,1718,3089,1649,455,714,524,2527,294,242,504,820,798
Nt_30*Pla2r1_2,Nt*Pla2r1,3354,490,1198,1479,1578,235,386,116,1530,4178,2993,100,438,2293
Kit_1*Btla_1,Kit*Btla,3351,1111,1533,1435,1587,149,81,148,320,404,1784,53,1071,942
Sox10_5*Tnfsf15_3,Sox10*Tnfsf15,3350,603,1099,1807,1169,500,1246,717,3642,15934,110,533,1235,1549
Brca1_3*Btla_1,Brca1*Btla,3349,1053,1327,1826,1255,287,648,443,566,30259,1381,556,1308,2204
Smad4_4*Hgf_4,Smad4*Hgf,3347,2823,660,873,793,292,404,222,4668,10846,1977,556,824,1671
Brca2_4*Nt_18,Brca2*Nt,3347,681,996,1089,1299,321,976,433,7981,384,942,41,483,2786
Serpinb5_5*Hgf_4,Serpinb5*Hgf,3346,680,994,1389,1103,244,452,255,243,324,49,1231,648,1958
Tsc2_5*Mfap5_5,Tsc2*Mfap5,3346,1070,2474,5931,2059,721,1059,751,4148,1649,1647,904,1417,2027
Chek2_1*Mysm1_4,Chek2*Mysm1,3341,315,221,845,437,393,816,343,3686,13610,73,387,1510,1676
Chit1_5*Mfap5_5,Chit1*Mfap5,3340,445,925,955,1197,312,981,513,2856,217,41,274,994,1064
Kit_4*Cdh1_5,Kit*Cdh1,3335,557,1370,1643,1212,499,1148,632,419,26724,130,47,1108,2569
Rb1_1*Cdh1_4,Rb1*Cdh1,3334,400,1375,775,580,316,572,293,1718,7057,57,225,1131,1351
Smad4_4*Pdcd1lg2_1,Smad4*Pdcd1lg2,3333,2305,5093,1221,1488,583,1296,602,4112,1449,32560,49,1143,1563
Kit_4*Hgf_5,Kit*Hgf,3329,1054,1189,1349,909,163,515,250,689,52444,160,98,2201,2057
Tgfbr2_3*Tnfsf15_1,Tgfbr2*Tnfsf15,3327,236,960,850,810,448,2560,645,126,164,36,323,1669,2210
Nt_13*Hgf_2,Nt*Hgf,3326,480,440,689,834,511,1462,433,2049,9537,832,240,692,2910
Nt_48*Tnfsf15_2,Nt*Tnfsf15,3322,600,954,1227,1109,561,1255,644,1803,405,1425,2434,662,2028
Tgfbr2_3*Cxcr5_1,Tgfbr2*Cxcr5,3314,746,1587,1489,1603,835,1859,1406,5149,3752,117,168,1239,1671
Brca2_1*Mfap5_5,Brca2*Mfap5,3307,561,1856,2490,1721,187,705,201,1634,30599,2744,123,646,3586
Chek2_2*Cxcr2_2,Chek2*Cxcr2,3306,452,697,606,810,275,537,489,4369,277,218,2683,683,2138
Chit1_2*Pla2r1_4,Chit1*Pla2r1,3303,767,1171,1263,1210,593,1976,752,465,803,587,1818,390,1544
Nt_13*Mpeg1_4,Nt*Mpeg1,3297,178,155,224,221,174,526,80,147,105,92,83,425,279
Nt_9*Cx3cl1_5,Nt*Cx3cl1,3290,607,1612,1257,1514,313,811,402,4851,11452,1045,56,1044,1913
Rb1_2*Pla2r1_2,Rb1*Pla2r1,3290,535,884,1187,1323,324,522,318,506,229,937,27,474,1203
Nt_13*Btla_1,Nt*Btla,3289,771,803,828,824,395,1489,339,1884,22924,522,61,679,1657
Tgfbr2_5*Nt_26,Tgfbr2*Nt,3289,660,1160,858,1135,210,726,295,5998,511,1776,723,356,1708
Kit_1*Il6_2,Kit*Il6,3288,739,854,1337,1347,391,860,495,1728,30900,2000,272,1207,1851
Nt_44*Tnfsf15_1,Nt*Tnfsf15,3285,175,1071,466,467,400,800,243,42,61,11,29,206,40
Chit1_2*Mpeg1_1,Chit1*Mpeg1,3284,815,5812,1660,1416,498,1785,518,4237,20017,349,329,708,1131
Brca1_5*Pdcd1lg2_3,Brca1*Pdcd1lg2,3282,752,1698,1230,1128,464,2314,808,291,310,140,224,1140,1266
Chek2_1*Hgf_4,Chek2*Hgf,3282,753,728,855,1010,218,520,171,583,15928,1645,564,307,1392
Brca2_1*Btla_5,Brca2*Btla,3279,542,825,3604,1064,496,979,405,1673,19102,122,64,483,2090
Sox10_4*Mysm1_4,Sox10*Mysm1,3275,682,1142,1402,1118,276,689,228,585,47398,2233,4787,2485,1012
Tsc2_5*Pla2r1_3,Tsc2*Pla2r1,3274,821,1099,1132,1442,200,459,384,1964,4621,88,20,1221,413
Calml3_4*Hgf_5,Calml3*Hgf,3274,632,1398,920,1123,298,724,429,9809,4244,593,43,1171,2144
Rb1_2*Nt_6,Rb1*Nt,3271,468,535,547,839,274,499,189,454,3610,283,190,848,1142
Chit1_5*Cxcr5_2,Chit1*Cxcr5,3269,854,1225,1344,1262,273,624,524,6209,1718,331,206,1831,3060
Calml3_4*Il6_2,Calml3*Il6,3269,542,658,879,1010,238,825,280,4845,19145,2007,963,659,1976
Stk11_5*Pla2r1_4,Stk11*Pla2r1,3268,1355,2259,2617,1850,449,2059,771,2149,828,172,162,1388,3013
Nt_2*Cdh1_5,Nt*Cdh1,3267,857,12216,1823,2406,631,803,886,4466,8885,993,5832,800,1391
Chit1_5*Pdcd1lg2_1,Chit1*Pdcd1lg2,3267,945,946,1896,1672,674,1125,1006,437,1773,437,146,670,1254
Krt15_3*Mysm1_5,Krt15*Mysm1,3267,307,490,571,900,181,336,93,150,63,914,915,481,300
Brca2_4*Pla2r1_3,Brca2*Pla2r1,3266,406,353,729,579,266,284,102,532,13922,2915,780,910,949
Tgfbr2_5*Pdcd1lg2_3,Tgfbr2*Pdcd1lg2,3265,753,1237,1310,1619,376,491,131,288,315,65,224,391,3186
Tsc2_5*Cx3cl1_4,Tsc2*Cx3cl1,3262,1774,937,1412,1024,414,1392,629,601,25951,167,2070,993,4334
Calml3_1*Pdcd1lg2_2,Calml3*Pdcd1lg2,3258,402,3171,506,731,236,496,86,479,637,345,974,1329,1088
Chit1_2*Hgf_5,Chit1*Hgf,3257,874,1306,1521,1465,449,1964,732,3370,13950,226,139,478,805
Chek2_2*Tnfsf15_3,Chek2*Tnfsf15,3253,625,633,776,988,234,969,288,2888,1114,37,732,1310,1518
Rb1_4*Cdh1_1,Rb1*Cdh1,3247,160,295,247,474,112,484,101,3952,260,62,333,1385,3327
Nt_9*Nt_6,Ntc,3245,511,892,1640,1064,107,510,109,360,1534,9973,67,417,1638
Nt_44*Btla_5,Nt*Btla,3239,496,1211,1182,885,480,1026,1132,2858,294,60,279,1355,3391
Kit_1*Pla2r1_4,Kit*Pla2r1,3237,696,1128,1010,1320,393,535,412,2668,6640,84,190,1029,1591
Krt15_2*Nt_26,Krt15*Nt,3235,653,1196,1247,1531,399,1499,384,947,18391,657,680,775,1673
Kit_1*Nt_39,Kit*Nt,3231,908,1317,760,1279,204,497,300,5706,3040,2179,1045,718,3356
Nt_48*Tlr7_1,Nt*Tlr7,3231,1050,941,1105,1486,489,1316,621,3920,12846,103,290,1394,1804
Chit1_2*Pla2g2a_2,Chit1*Pla2g2a,3231,597,686,5940,809,360,785,410,1689,9112,50,25,1313,2151
Chek2_1*Btla_5,Chek2*Btla,3231,450,578,762,828,311,1071,245,232,244,1430,187,964,2460
Brca1_5*Btla_5,Brca1*Btla,3226,835,2576,1612,1681,388,1757,955,3508,3753,760,45,565,2000
Tgfbr2_5*Cx3cl1_4,Tgfbr2*Cx3cl1,3225,608,1255,10407,1415,306,617,507,8541,9650,236,1381,1202,1690
Nt_49*Cx3cl1_4,Nt*Cx3cl1,3220,1030,1414,1219,1699,723,1113,902,778,19726,1588,237,1788,2493
Brca2_3*Nt_39,Brca2*Nt,3219,584,1545,1436,870,331,1459,559,192,5111,40,127,614,4827
Tgfbr2_1*Cxcr5_1,Tgfbr2*Cxcr5,3216,504,584,654,863,400,502,495,2352,201,40,732,1233,1536
Nt_48*Cxcr5_1,Nt*Cxcr5,3201,761,2245,1727,1171,797,1790,851,5835,423,2430,499,830,1523
Nt_49*Cdh1_5,Nt*Cdh1,3198,1097,1876,1671,1406,662,1992,739,3401,25990,405,43,507,1179
Apc_5*Btla_1,Apc*Btla,3195,765,824,1214,1428,125,224,97,1615,12811,155,990,1037,2074
Kit_1*Hgf_5,Kit*Hgf,3194,544,801,1142,1206,113,746,138,1289,320,2071,33,1028,2192
Brca1_3*Cxcr5_2,Brca1*Cxcr5,3194,790,1568,3219,1442,614,1165,824,542,19048,105,2140,665,1144
Nt_44*Cdh1_4,Nt*Cdh1,3189,715,1098,1989,1378,554,2446,715,631,46659,162,89,640,2866
Krt15_3*Cx3cl1_3,Krt15*Cx3cl1,3185,225,377,763,518,99,103,237,613,17032,72,458,2000,1429
Brca1_3*Cdh1_1,Brca1*Cdh1,3180,496,6907,5084,1673,371,704,379,2408,691,530,322,1295,1787
Nt_49*Pla2g2a_5,Nt*Pla2g2a,3178,917,1370,5117,2132,719,1728,634,1229,30081,169,174,992,947
Serpinb5_5*Hgf_5,Serpinb5*Hgf,3176,427,635,1564,1214,286,594,285,1592,422,302,2248,994,498
Nt_44*Muc16_3,Nt*Muc16,3169,972,5014,1334,1471,769,1713,906,3866,16684,417,339,951,1710
Stk11_5*Hgf_5,Stk11*Hgf,3167,620,3651,1665,1415,968,2173,1087,380,438,3770,2344,930,2887
Stk11_5*Mysm1_5,Stk11*Mysm1,3166,928,1909,1524,1593,588,513,490,3638,450,92,849,2100,2442
Nt_2*Tnfsf15_2,Nt*Tnfsf15,3164,788,1200,1805,1353,582,707,661,298,6847,1541,507,475,855
Apc_5*Il6_5,Apc*Il6,3162,580,781,901,692,92,579,205,344,225,403,225,1923,2770
Nt_44*Tnfsf15_3,Nt*Tnfsf15,3162,478,1544,2189,1940,363,1359,769,5517,2570,715,128,609,2156
Krt15_2*Nt_6,Krt15*Nt,3154,550,993,1140,1557,195,682,410,6821,468,1771,410,854,4145
Brca2_1*Fcrl6_1,Brca2*Fcrl6,3148,681,728,1033,846,326,767,496,2519,29402,5260,194,655,1342
Stk11_1*Cxcr2_2,Stk11*Cxcr2,3145,407,563,1544,557,307,1075,338,3131,2572,1344,753,1104,620
Clca2_5*Muc16_3,Clca2*Muc16,3144,576,1367,1404,1439,430,1069,660,410,3044,218,140,449,1440
Brca1_3*Cxcr2_5,Brca1*Cxcr2,3144,678,1180,1432,1571,391,1185,723,742,5345,3364,37,951,4224
Krt15_3*Mpeg1_1,Krt15*Mpeg1,3142,629,599,879,815,139,588,94,529,18695,84,186,365,838
Nt_9*Cxcr5_1,Nt*Cxcr5,3142,797,1277,775,1049,233,153,452,4887,5771,3740,2526,453,1769
Nt_9*Cxcr2_2,Nt*Cxcr2,3140,451,1413,1193,1143,184,351,153,1748,8251,79,988,1249,2585
Stk11_1*Btla_5,Stk11*Btla,3139,935,829,4055,1084,349,1513,764,275,305,900,73,999,2783
Nt_2*Mysm1_5,Nt*Mysm1,3139,837,1589,1544,1034,190,911,342,3436,41189,529,60,1718,2095
Brca2_4*Pla2r1_4,Brca2*Pla2r1,3139,1174,946,2362,1553,327,1354,427,985,77269,509,51,382,1213
Smad4_3*Btla_5,Smad4*Btla,3137,614,1506,2442,1187,407,1221,805,2267,198,33,279,1178,1518
Tgfbr2_3*Pla2r1_3,Tgfbr2*Pla2r1,3136,619,18019,1834,1320,304,839,294,7629,5696,3950,251,1393,2015
Smad4_4*Btla_1,Smad4*Btla,3127,786,630,752,921,75,815,253,1039,6925,689,42,729,1846
Tgfbr2_3*Mfap5_3,Tgfbr2*Mfap5,3125,853,1695,1361,1433,1088,1673,1032,351,6139,81,85,853,2644
Brca1_3*Mpeg1_1,Brca1*Mpeg1,3122,724,2217,2310,1926,419,674,478,1067,20896,88,1939,718,2203
Sox10_5*Nt_6,Sox10*Nt,3120,1096,1266,1541,1189,341,1036,418,3080,27059,611,1615,668,2649
Tgfbr2_3*Pla2g2a_4,Tgfbr2*Pla2g2a,3119,779,2118,1903,2584,462,915,1077,1203,15561,96,126,762,1336
Tgfbr2_5*Tlr7_1,Tgfbr2*Tlr7,3119,847,1503,1856,2066,133,1733,492,3081,3914,3059,324,1248,1373
Calml3_1*Nt_33,Calml3*Nt,3119,318,255,327,492,197,893,191,351,2490,84,16,165,1313
Brca1_5*Pla2g2a_5,Brca1*Pla2g2a,3119,628,776,5035,1054,432,671,708,13404,1781,78,31,433,1553
Clca2_5*Cxcr5_2,Clca2*Cxcr5,3118,613,857,960,944,416,978,307,4282,25959,2248,631,1093,1565
Nt_2*Pdcd1lg2_3,Nt*Pdcd1lg2,3118,754,1311,1669,1355,251,1107,386,4664,316,1391,75,676,1036
Nt_13*Hgf_5,Nt*Hgf,3116,1437,373,498,780,487,1397,394,877,6298,1602,87,539,1602
Chek2_1*Tnfsf15_3,Chek2*Tnfsf15,3114,724,959,675,859,410,558,359,2793,4398,220,3159,630,3472
Tgfbr2_5*Cxcr5_3,Tgfbr2*Cxcr5,3114,562,1020,992,1446,276,1136,384,348,14745,569,349,538,891
Tsc2_5*Tnfsf15_3,Tsc2*Tnfsf15,3113,2678,1939,1546,1878,972,2014,1305,8384,4500,4583,664,904,538
Rb1_2*Nt_25,Rb1*Nt,3112,345,2109,574,620,209,337,168,2005,151,30,263,1005,952
Brca2_4*Pdcd1lg2_2,Brca2*Pdcd1lg2,3110,509,2383,1307,979,253,1288,420,590,7076,1349,249,637,1487
Kit_1*Mfap5_3,Kit*Mfap5,3109,547,1025,1036,856,138,95,279,6305,15297,1316,150,1066,1705
Serpinb5_5*Cxcr5_3,Serpinb5*Cxcr5,3108,385,883,623,4645,259,883,422,1985,6839,664,2664,795,1649
Nt_2*Cxcr2_5,Nt*Cxcr2,3102,715,6080,1241,1200,210,624,404,7971,2695,1443,2189,2112,973
Chit1_5*Hgf_4,Chit1*Hgf,3101,628,904,1000,1514,231,935,231,1602,4269,511,29,574,952
Chek2_1*Btla_1,Chek2*Btla,3100,706,547,1100,1048,146,497,195,5244,503,254,103,640,1670
Chit1_5*Tnfsf15_2,Chit1*Tnfsf15,3099,737,1289,6235,1295,309,1089,539,586,43394,128,102,931,474
Brca1_5*Nt_26,Brca1*Nt,3098,437,588,937,891,520,1686,1103,290,6129,1221,656,858,1890
Stk11_5*Cxcr2_2,Stk11*Cxcr2,3097,1611,1796,1523,1612,641,1878,586,4590,8129,10834,132,760,991
Nt_48*Mpeg1_1,Nt*Mpeg1,3095,629,1298,1353,1158,542,1162,568,1050,11149,73,2574,458,1215
Rb1_2*Pdcd1lg2_1,Rb1*Pdcd1lg2,3092,548,764,1088,1172,444,1618,466,507,4667,1632,38,792,1238
Rb1_4*Nt_25,Rb1*Nt,3090,471,443,436,711,165,588,76,1846,35905,2667,1720,911,3674
Nt_2*Cx3cl1_5,Nt*Cx3cl1,3087,1017,1434,1589,1366,276,876,360,3491,243,1144,911,466,2116
Kit_4*Btla_1,Kit*Btla,3084,685,1069,1072,1335,147,449,234,1892,17227,122,200,606,1339
Smad4_2*Hgf_5,Smad4*Hgf,3082,224,352,217,426,178,88,182,3317,4654,49,380,1293,4576
Clca2_5*Cdh1_5,Clca2*Cdh1,3077,779,1378,2870,1910,368,1589,295,502,18531,140,106,503,1533
Brca1_5*Il6_2,Brca1*Il6,3075,734,2538,1262,1296,448,1373,399,333,395,4040,49,769,2278
Chit1_5*Pla2r1_2,Chit1*Pla2r1,3074,1066,1570,1966,1460,355,812,304,1023,32941,860,911,681,1433
Chek2_1*Cdh1_5,Chek2*Cdh1,3073,517,906,1476,901,338,1114,301,12442,6300,1129,89,509,3523
Nt_2*Btla_1,Nt*Btla,3070,998,1526,1662,2071,536,1064,393,1604,15211,578,49,487,1486
Brca2_1*Cx3cl1_5,Brca2*Cx3cl1,3068,636,664,828,1127,418,1288,518,4501,6503,606,88,916,1837
Chek2_2*Tnfsf15_2,Chek2*Tnfsf15,3067,309,565,699,780,160,265,180,2273,5160,62,219,1064,1914
Tsc2_5*Cx3cl1_5,Tsc2*Cx3cl1,3066,951,2678,2015,1988,775,3227,1137,703,15129,133,69,625,1401
Chit1_2*Cxcr5_2,Chit1*Cxcr5,3066,492,3157,1141,1004,729,2054,591,431,22873,277,1557,368,2273
Brca1_3*Pdcd1lg2_2,Brca1*Pdcd1lg2,3066,624,728,594,879,160,280,234,1221,8685,108,2340,1279,1643
Chek2_1*Mysm1_2,Chek2*Mysm1,3064,392,599,604,936,220,642,402,4004,18191,577,238,1091,5044
Nt_49*Cdh1_1,Nt*Cdh1,3061,813,16050,2393,1529,602,2070,781,4684,8256,2631,255,1069,1055
Serpinb5_5*Cxcr5_2,Serpinb5*Cxcr5,3059,1440,7442,1413,1364,464,1464,516,2372,2835,117,919,679,2829
Stk11_1*Cxcr5_2,Stk11*Cxcr5,3058,489,513,1562,1110,609,1224,818,380,11367,713,93,631,2283
Nt_2*Mfap5_5,Nt*Mfap5,3057,695,1530,1436,1395,343,540,285,1405,79595,230,461,1316,2311
Chit1_2*Nt_20,Chit1*Nt,3056,579,814,1359,1333,430,834,352,3451,10932,142,79,2338,1369
Tgfbr2_5*Hgf_5,Tgfbr2*Hgf,3054,572,1022,1247,1243,204,697,337,2698,6970,271,1707,1201,2164
Brca2_4*Nt_26,Brca2*Nt,3053,611,740,937,1080,457,1704,455,1919,363,52,82,437,235
Krt15_2*Pla2r1_4,Krt15*Pla2r1,3050,645,1038,1056,1717,553,1752,395,327,439,74,192,1205,1466
Chit1_5*Pla2r1_4,Chit1*Pla2r1,3047,348,2058,1080,1288,191,368,422,5841,1710,649,812,1287,705
Nt_48*Mysm1_2,Nt*Mysm1,3046,501,619,1010,1014,175,700,250,2240,198,2145,877,557,3386
Brca1_5*Pla2r1_4,Brca1*Pla2r1,3045,701,3318,3562,1150,553,1530,688,356,5082,300,99,890,2262
Chek2_2*Cxcr5_2,Chek2*Cxcr5,3045,895,839,1423,1503,269,735,369,1075,1256,332,32,1835,2419
Nt_2*Nt_33,Ntc,3043,913,1375,1661,1542,654,1668,448,3742,319,112,131,977,1285
Tgfbr2_3*Cdh1_1,Tgfbr2*Cdh1,3042,2322,8985,1976,1964,796,2309,823,14301,518,105,359,491,1427
Brca2_4*Cxcr5_1,Brca2*Cxcr5,3039,731,813,1036,1116,481,992,504,6642,8526,1011,75,334,2760
Smad4_3*Muc16_2,Smad4*Muc16,3039,224,367,651,398,277,602,323,504,33263,94,502,1048,3537
Nt_43*Nt_39,Ntc,3038,500,726,657,991,184,402,287,439,16840,3077,434,626,988
Chit1_5*Nt_39,Chit1*Nt,3038,764,689,978,1274,464,711,638,2002,5705,120,1228,937,2090
Sox10_4*Tnfsf15_3,Sox10*Tnfsf15,3038,845,1586,1655,1482,351,1757,576,6772,18199,2034,228,1168,1133
Stk11_1*Cxcr5_3,Stk11*Cxcr5,3036,631,2348,1289,1116,287,935,325,3300,25962,1354,77,446,1326
Pten_3*Hgf_2,Pten*Hgf,3034,915,1389,1696,1849,245,915,314,2429,4176,2637,2062,580,2191
Smad4_3*Nt_39,Smad4*Nt,3032,416,930,979,893,586,1471,734,1867,283,2392,142,1358,1395
Calml3_3*Cdh1_4,Calml3*Cdh1,3031,337,744,754,844,239,1108,217,1179,3442,535,260,1252,1912
Nt_9*Cdh1_4,Nt*Cdh1,3029,759,1401,1228,1623,414,557,729,2570,1260,197,98,1027,1607
Brca2_4*Il6_1,Brca2*Il6,3027,504,723,3116,1200,305,943,440,7150,19561,1346,58,714,2166
Nt_2*Cx3cl1_4,Nt*Cx3cl1,3025,584,918,1956,1296,214,1286,481,314,7769,63,72,506,2155
Calml3_4*Mysm1_5,Calml3*Mysm1,3018,4326,4477,761,928,218,731,306,7046,26430,868,5102,475,1457
Rb1_2*Cdh1_4,Rb1*Cdh1,3012,745,621,840,907,457,624,208,719,877,3887,118,938,1918
Nt_13*Cx3cl1_5,Nt*Cx3cl1,3011,425,647,613,802,443,2414,499,515,7774,2507,447,805,2356
Brca2_4*Cdh1_1,Brca2*Cdh1,3010,769,821,1125,1165,370,946,501,491,23378,115,169,855,1144
Serpinb5_2*Tnfsf15_2,Serpinb5*Tnfsf15,3009,316,565,632,454,108,565,51,471,106,833,443,1285,947
Brca2_3*Tnfsf15_2,Brca2*Tnfsf15,3006,713,993,992,1328,341,580,330,1951,2555,716,215,793,1971
Brca2_4*Hgf_5,Brca2*Hgf,3006,652,991,920,1133,530,1270,515,5784,473,4821,126,659,2651
Clca2_2*Btla_1,Clca2*Btla,3006,218,389,528,542,55,331,100,91,150,28,1173,1079,1289
Chit1_5*Mfap5_3,Chit1*Mfap5,3006,561,939,1087,918,175,532,251,510,2871,425,114,1064,2218
Chit1_2*Nt_26,Chit1*Nt,3005,563,4003,2262,970,464,1171,507,2473,464,202,88,632,2096
Chit1_5*Il6_5,Chit1*Il6,3004,607,1612,1460,1636,200,651,302,1433,10709,84,48,1578,1377
Krt15_2*Cdh1_5,Krt15*Cdh1,3002,749,5863,3399,1667,447,1297,685,1011,4465,463,131,707,995
Rb1_4*Pla2r1_2,Rb1*Pla2r1,3000,406,785,1166,1202,302,964,184,241,1165,1518,80,1375,1454
Krt15_2*Cxcr5_3,Krt15*Cxcr5,2992,521,679,759,637,337,479,215,1889,3523,400,1731,1221,1328
Tgfbr2_3*Pla2g2a_5,Tgfbr2*Pla2g2a,2988,1974,1876,1578,1603,396,863,231,2614,4221,1435,135,1062,2083
Kit_1*Il6_5,Kit*Il6,2988,682,1236,1585,1491,270,522,316,855,450,114,24,657,1383
Nt_2*Il6_5,Nt*Il6,2985,1277,2554,1796,1831,837,1010,555,9795,11308,992,357,870,1055
Stk11_5*Cx3cl1_4,Stk11*Cx3cl1,2984,684,1712,1418,1270,394,1363,725,381,1127,1016,41,302,3326
Nt_13*Mfap5_5,Nt*Mfap5,2982,379,388,412,378,322,795,322,830,3551,90,86,439,1907
Brca2_4*Cxcr2_5,Brca2*Cxcr2,2981,803,924,689,1033,632,1080,295,11144,1059,2126,19,502,912
Brca1_5*Cdh1_1,Brca1*Cdh1,2979,855,695,952,944,232,494,486,255,4424,57,173,788,388
Smad4_4*Tnfsf15_2,Smad4*Tnfsf15,2974,1525,929,1321,881,323,1216,396,6197,411,660,68,354,344
Tgfbr2_5*Nt_18,Tgfbr2*Nt,2971,598,1271,2699,1382,68,195,182,4767,387,419,625,452,1766
Stk11_5*Mpeg1_5,Stk11*Mpeg1,2969,984,1109,1090,1130,367,897,781,442,281,63,734,914,1887
Apc_5*Fcrl6_5,Apc*Fcrl6,2969,222,373,269,526,122,614,152,214,273,12323,386,1457,2099
Stk11_5*Nt_6,Stk11*Nt,2969,863,1611,7165,1801,653,1914,1018,604,25139,157,198,758,751
Kit_1*Cdh1_5,Kit*Cdh1,2968,582,2429,1898,1114,283,383,334,389,19886,1493,27,420,842
Chek2_2*Nt_39,Chek2*Nt,2964,605,1245,1846,1433,427,872,449,2921,322,69,58,412,191
Chit1_2*Mpeg1_5,Chit1*Mpeg1,2963,526,605,1276,931,620,1843,776,376,449,249,8367,984,1960
Nt_9*Hgf_2,Nt*Hgf,2962,903,1402,1375,1508,291,1127,391,3316,17074,465,27,432,1517
Nt_48*Hgf_2,Nt*Hgf,2956,744,978,1207,1295,681,1999,639,2971,1110,42,400,699,752
Stk11_5*Nt_18,Stk11*Nt,2951,876,1296,1889,1476,402,1053,824,575,24465,502,74,718,1291
Nt_2*Muc16_3,Nt*Muc16,2950,967,1732,1357,1448,851,1646,926,4854,8843,832,136,912,1883
Calml3_1*Cdh1_4,Calml3*Cdh1,2946,587,2415,3716,3257,412,859,335,556,7150,165,177,809,1914
Chek2_1*Cxcr2_5,Chek2*Cxcr2,2942,541,557,502,654,241,523,121,462,229,40,510,1018,1370
Serpinb5_5*Mfap5_1,Serpinb5*Mfap5,2942,400,6032,1368,1113,226,352,350,12876,363,801,267,1964,2024
Tsc2_5*Pdcd1lg2_3,Tsc2*Pdcd1lg2,2939,870,2411,1157,1376,919,1796,1001,5149,717,143,52,587,2541
Nt_43*Btla_5,Nt*Btla,2937,346,518,494,600,312,284,269,5936,9545,62,202,821,690
Brca1_5*Cxcr5_1,Brca1*Cxcr5,2936,637,1430,1261,1167,353,1161,510,1288,926,1341,348,621,1918
Clca2_5*Fcrl6_1,Clca2*Fcrl6,2936,634,1862,1765,1594,341,800,278,1104,9345,74,67,559,473
Calml3_4*Nt_20,Calml3*Nt,2935,413,1089,1459,952,136,517,215,3849,401,3756,94,479,2379
Brca1_5*Mpeg1_5,Brca1*Mpeg1,2934,994,775,836,876,433,1389,613,2730,219,389,424,906,934
Rb1_2*Nt_39,Rb1*Nt,2932,540,501,873,1011,317,606,289,170,380,40,4909,735,820
Nt_13*Mpeg1_5,Nt*Mpeg1,2929,407,1164,993,754,483,1624,478,5315,2020,2086,129,982,1412
Kit_2*Tlr7_1,Kit*Tlr7,2928,4603,1136,928,1568,196,466,297,340,384,1127,2627,4305,2020
Chek2_2*Hgf_2,Chek2*Hgf,2925,671,1076,2704,1211,303,492,307,2536,11679,3849,11465,952,1121
Brca1_3*Mysm1_5,Brca1*Mysm1,2922,782,1320,2113,1098,356,681,508,355,12082,106,37,580,142
Sox10_4*Hgf_4,Sox10*Hgf,2917,475,683,974,952,258,749,248,393,15409,488,147,797,644
Kit_1*Mpeg1_5,Kit*Mpeg1,2906,811,1564,1737,1578,269,594,299,544,468,1942,57,1182,2706
Nt_9*Pla2r1_4,Nt*Pla2r1,2905,700,4876,726,895,226,709,429,1712,26002,117,3184,694,1102
Kit_1*Pla2r1_2,Kit*Pla2r1,2904,959,1604,1559,1553,154,606,344,2035,399,1411,31,192,1238
Nt_44*Tnfsf15_2,Nt*Tnfsf15,2903,762,1164,1125,1175,307,1421,713,4683,20565,129,31,436,2745
Pten_3*Nt_17,Pten*Nt,2901,662,1210,1446,1137,115,335,216,4880,7796,939,34,404,1825
Smad4_4*Btla_5,Smad4*Btla,2897,334,605,1051,939,287,891,246,432,16490,129,691,1045,2127
Brca1_5*Cx3cl1_5,Brca1*Cx3cl1,2897,637,1195,919,987,475,1451,645,1596,10669,117,301,539,1062
Krt15_2*Tnfsf15_3,Krt15*Tnfsf15,2897,727,775,981,1099,630,1671,526,4578,12879,5389,180,833,718
Stk11_5*Pdcd1lg2_2,Stk11*Pdcd1lg2,2896,453,1116,1578,1503,326,668,665,1376,612,91,133,729,3530
Brca1_3*Il6_2,Brca1*Il6,2894,559,1427,1085,1154,467,859,489,1143,231,534,28,870,1234
Nt_2*Tlr7_1,Nt*Tlr7,2894,1365,1487,1217,1364,308,1095,541,229,265,1352,50,1103,2132
Brca1_5*Nt_33,Brca1*Nt,2893,542,2224,925,1094,646,2050,518,646,20951,280,517,794,2131
Rb1_4*Nt_39,Rb1*Nt,2891,267,291,512,423,269,1187,274,2974,394,1249,191,729,1669
Chek2_2*Pdcd1lg2_1,Chek2*Pdcd1lg2,2891,758,2976,1401,1510,237,1130,434,2705,18053,1620,79,880,2614
Krt15_2*Cx3cl1_4,Krt15*Cx3cl1,2888,530,606,1124,922,169,802,350,290,2057,588,125,1345,1631
Kit_4*Pla2r1_2,Kit*Pla2r1,2884,689,1144,1033,1028,289,1064,451,1193,281,47,134,635,2293
Nt_13*Pla2g2a_5,Nt*Pla2g2a,2884,490,1173,1657,1320,440,1162,410,968,981,2317,90,480,1588
Nt_2*Btla_5,Nt*Btla,2882,884,936,1570,1501,403,506,494,699,22460,155,60,535,1745
Nt_48*Fcrl6_1,Nt*Fcrl6,2882,572,778,952,1264,725,1518,702,2908,8938,1065,82,503,750
Brca1_3*Nt_57,Brca1*Nt,2881,657,355,907,685,211,606,459,234,6466,88,1870,1084,1828
Kit_2*Hgf_4,Kit*Hgf,2880,541,1031,1283,1219,116,356,119,818,235,49,85,2604,1398
Stk11_5*Il6_2,Stk11*Il6,2880,983,2388,1966,2249,462,1118,1220,3439,1194,4888,79,544,1117
Tsc2_1*Cxcr5_1,Tsc2*Cxcr5,2873,325,772,703,922,241,606,543,2999,11400,64,205,843,523
Calml3_1*Mfap5_5,Calml3*Mfap5,2872,203,225,212,339,322,346,122,3851,507,653,217,1152,774
Chit1_2*Cx3cl1_4,Chit1*Cx3cl1,2869,577,1283,7215,2361,506,1623,658,419,647,738,158,1531,2559
Nt_43*Cdh1_5,Nt*Cdh1,2868,448,616,1917,603,84,524,188,8522,29685,1897,136,775,745
Krt15_2*Nt_33,Krt15*Nt,2868,886,846,1165,1144,279,684,382,8801,462,2628,42,1828,1400
Brca1_3*Btla_2,Brca1*Btla,2864,1144,1615,1616,1733,366,923,441,577,476,2749,68,597,1674
Brca2_4*Pdcd1lg2_3,Brca2*Pdcd1lg2,2863,547,4337,4297,1187,324,1127,323,576,3608,2136,3469,1385,927
Serpinb5_4*Nt_39,Serpinb5*Nt,2862,474,571,1726,1025,250,850,250,3312,477,5035,61,485,943
Stk11_1*Nt_17,Stk11*Nt,2859,397,1580,547,777,198,179,109,981,2658,176,267,1271,1689
Krt15_2*Fcrl6_5,Krt15*Fcrl6,2856,857,842,961,1013,495,751,410,214,370,51,780,606,1547
Serpinb5_5*Tlr7_1,Serpinb5*Tlr7,2852,924,862,891,1042,521,841,501,1283,346,1742,469,1234,1257
Stk11_5*Mysm1_4,Stk11*Mysm1,2844,642,1580,1539,1891,477,1888,575,6625,23378,873,1177,715,1999
Nt_43*Pdcd1lg2_1,Nt*Pdcd1lg2,2842,451,540,751,854,189,658,352,262,2943,72,37,616,1201
Nt_9*Nt_25,Ntc,2837,566,3698,1194,1335,147,256,84,647,25460,101,56,569,1472
Nt_13*Pdcd1lg2_3,Nt*Pdcd1lg2,2835,610,362,566,677,339,1010,401,493,7923,125,1057,811,644
Brca1_5*Mpeg1_1,Brca1*Mpeg1,2825,1551,782,1062,1173,514,1276,434,945,39184,1012,1146,480,738
Calml3_4*Pla2g2a_4,Calml3*Pla2g2a,2824,357,440,818,763,184,267,225,777,18200,1125,9,652,811
Nt_9*Pla2r1_2,Nt*Pla2r1,2823,1156,2012,1642,1658,429,355,363,4256,16552,138,611,494,1636
Smad4_3*Nt_26,Smad4*Nt,2822,828,2666,1330,1219,301,1442,712,2573,188,34,129,2359,1448
Nt_13*Btla_2,Nt*Btla,2821,494,578,831,860,366,689,351,943,10904,884,745,712,1638
Krt15_3*Hgf_4,Krt15*Hgf,2821,789,1013,895,877,123,664,159,3807,32829,5269,2417,464,2336
Tgfbr2_5*Cxcr2_5,Tgfbr2*Cxcr2,2817,548,923,1442,1216,272,949,229,1991,413,791,3408,408,1667
Calml3_4*Mfap5_5,Calml3*Mfap5,2816,734,580,1168,709,264,446,283,3180,1355,245,336,480,2030
Calml3_4*Mpeg1_5,Calml3*Mpeg1,2815,2191,679,871,1072,323,1745,382,6270,5220,373,56,334,1921
Krt15_2*Nt_17,Krt15*Nt,2814,538,19925,1111,1213,178,395,210,4255,267,3795,63,1088,3888
Kit_1*Cxcr5_1,Kit*Cxcr5,2812,483,3998,1516,1082,110,445,317,539,2482,2968,62,849,1679
Tsc2_1*Muc16_3,Tsc2*Muc16,2812,349,886,1234,686,570,2076,740,2838,263,6269,962,1137,671
Smad4_3*Hgf_4,Smad4*Hgf,2811,315,775,654,954,284,1420,475,153,6450,2049,176,738,929
Brca1_3*Cdh1_5,Brca1*Cdh1,2809,712,27748,1742,1909,523,952,457,4294,35866,130,62,810,2428
Serpinb5_5*Pla2g2a_4,Serpinb5*Pla2g2a,2806,930,692,1158,863,395,1046,273,1120,30749,1707,929,1715,2788
Nt_49*Muc16_2,Nt*Muc16,2804,813,1173,1105,998,441,1202,416,2579,264,3307,76,915,1095
Nt_13*Cxcr2_2,Nt*Cxcr2,2801,358,573,965,827,315,1435,248,1655,330,130,168,581,1200
Nt_9*Hgf_4,Nt*Hgf,2801,569,1133,1055,1007,81,375,132,280,5250,630,2812,672,2111
Brca2_4*Nt_20,Brca2*Nt,2800,361,745,985,1278,197,973,229,1033,95,22,678,842,713
Tgfbr2_5*Mysm1_2,Tgfbr2*Mysm1,2800,521,799,1096,1104,133,194,136,733,318,6603,47,554,1723
Chek2_2*Pla2r1_2,Chek2*Pla2r1,2799,890,1071,1559,1040,300,894,444,532,674,7305,151,503,1793
Tsc2_2*Cxcr5_2,Tsc2*Cxcr5,2799,676,4898,925,898,287,509,226,2941,18244,4178,2773,1265,967
Kit_1*Hgf_2,Kit*Hgf,2796,679,1159,1284,1329,130,627,347,5569,23646,225,764,656,678
Stk11_5*Cxcr5_2,Stk11*Cxcr5,2794,863,5023,7384,2207,537,1522,1156,3702,591,2099,65,573,456
Brca2_3*Cxcr5_1,Brca2*Cxcr5,2794,676,694,719,1056,231,585,475,572,395,78,180,807,1103
Brca2_1*Mysm1_2,Brca2*Mysm1,2794,682,520,977,899,223,1202,429,3277,41698,650,240,836,1393
Kit_1*Mpeg1_1,Kit*Mpeg1,2793,637,771,1043,1173,167,164,43,8998,11287,753,52,331,1590
Smad4_4*Cxcr2_2,Smad4*Cxcr2,2792,2789,565,906,890,222,732,262,303,3787,722,111,460,2968
Serpinb5_5*Pla2g2a_5,Serpinb5*Pla2g2a,2792,621,546,716,974,173,935,254,3624,10305,839,180,805,937
Brca2_4*Il6_2,Brca2*Il6,2786,1055,2487,3821,2287,580,1706,498,4976,547,3193,73,521,616
Krt15_3*Tnfsf15_3,Krt15*Tnfsf15,2786,513,720,1435,991,353,712,230,4139,3541,249,3459,779,2072
Serpinb5_2*Cxcr5_3,Serpinb5*Cxcr5,2781,974,269,208,443,32,197,53,143,139,33,380,1324,1285
Pten_3*Nt_25,Pten*Nt,2780,662,1298,1492,1162,228,764,303,243,291,47,80,426,204
Brca2_1*Cxcr5_1,Brca2*Cxcr5,2779,463,654,670,890,602,761,279,294,347,1401,63,1013,1437
Calml3_1*Hgf_4,Calml3*Hgf,2779,364,950,1281,1141,147,927,354,393,4508,423,133,1215,1986
Tsc2_2*Nt_33,Tsc2*Nt,2779,740,1299,1458,1779,334,611,564,241,781,2549,108,1851,608
Krt15_3*Nt_20,Krt15*Nt,2779,398,887,915,710,115,412,159,385,124,14,268,1021,933
Brca1_3*Cxcr5_1,Brca1*Cxcr5,2778,862,3088,1462,1229,233,813,692,6274,9011,1816,814,1138,1323
Kit_4*Hgf_4,Kit*Hgf,2777,660,1087,1229,1184,173,497,187,472,16279,940,34,597,2264
Rb1_2*Hgf_2,Rb1*Hgf,2774,369,731,592,880,128,608,273,1943,214,142,19,145,415
Apc_5*Pdcd1lg2_1,Apc*Pdcd1lg2,2771,689,1683,1313,1273,326,751,428,830,841,152,2575,1234,1409
Serpinb5_5*Nt_26,Serpinb5*Nt,2766,520,674,1065,1000,234,1079,486,1825,6364,74,57,528,842
Smad4_4*Cxcr5_1,Smad4*Cxcr5,2764,535,1700,754,1295,218,508,184,355,18354,1392,273,1060,1184
Chit1_2*Cxcr2_5,Chit1*Cxcr2,2764,3827,936,775,910,372,1071,395,5345,8340,195,64,576,579
Nt_43*Cxcr5_3,Nt*Cxcr5,2762,517,616,705,732,172,475,125,1347,2312,730,47,1525,1781
Tgfbr2_3*Cxcr2_5,Tgfbr2*Cxcr2,2760,1171,2179,2302,2279,736,1947,854,4575,375,3820,98,1080,2844
Nt_30*Muc16_3,Nt*Muc16,2758,2177,782,3149,1152,156,713,360,7511,2245,151,37,801,929
Kit_4*Cdh1_4,Kit*Cdh1,2758,873,1134,1220,1609,651,1513,619,983,2522,6028,1996,1515,1066
Apc_5*Tnfsf15_3,Apc*Tnfsf15,2756,436,1158,668,563,209,1090,279,636,21635,1042,21,269,3744
Brca1_5*Fcrl6_4,Brca1*Fcrl6,2753,345,472,575,598,263,1170,566,5007,8863,108,131,501,1603
Brca1_5*Tnfsf15_2,Brca1*Tnfsf15,2750,427,525,718,794,520,651,576,3055,20592,448,91,741,596
Tgfbr2_1*Cxcr2_2,Tgfbr2*Cxcr2,2749,485,884,2156,953,205,750,179,1629,242,326,516,806,2794
Chek2_1*Hgf_2,Chek2*Hgf,2748,512,621,580,1004,182,802,312,3449,11448,375,270,226,1688
Brca1_5*Mfap5_3,Brca1*Mfap5,2748,615,3074,3315,906,396,515,317,372,504,93,1199,1529,1320
Tsc2_1*Nt_26,Tsc2*Nt,2747,633,1689,1392,1381,182,660,196,3168,522,1607,1171,1304,1818
Chit1_2*Il6_2,Chit1*Il6,2746,694,2886,1084,990,522,1244,676,4555,12094,983,870,637,379
Smad4_4*Cx3cl1_5,Smad4*Cx3cl1,2745,517,621,752,984,344,1068,553,10982,10370,1404,153,870,2244
Krt15_2*Btla_2,Krt15*Btla,2742,737,1860,2374,1114,384,979,313,1928,49179,897,34,521,1867
Tgfbr2_1*Cdh1_4,Tgfbr2*Cdh1,2742,608,1063,2311,1344,674,2501,1056,4235,7788,71,90,269,444
Chek2_1*Btla_2,Chek2*Btla,2741,576,417,792,606,126,451,161,8771,371,1406,660,265,266
Krt15_3*Nt_25,Krt15*Nt,2737,567,962,1364,1071,92,361,123,3084,288,1591,41,245,4293
Chit1_2*Il6_1,Chit1*Il6,2734,590,462,766,865,229,647,278,345,27443,382,234,1088,2135
Nt_2*Nt_25,Ntc,2733,742,1288,3752,1487,353,1301,450,2853,21110,1649,33,342,446
Rb1_1*Nt_26,Rb1*Nt,2731,259,455,327,453,129,641,221,3577,26525,90,248,843,1434
Clca2_5*Pla2r1_4,Clca2*Pla2r1,2731,589,862,793,1048,167,1291,327,2832,23701,439,994,551,1044
Nt_48*Cxcr5_3,Nt*Cxcr5,2731,745,811,938,861,294,359,308,362,8217,117,2049,1334,2115
Nt_43*Cdh1_4,Nt*Cdh1,2731,688,702,978,966,249,543,283,450,8555,1137,2418,535,1015
Krt15_2*Btla_1,Krt15*Btla,2730,725,1638,1784,1420,168,820,206,497,389,5884,83,458,2423
Brca2_3*Nt_25,Brca2*Nt,2730,447,634,833,1071,324,813,518,338,193,852,139,574,1384
Tgfbr2_3*Mysm1_5,Tgfbr2*Mysm1,2728,3791,1579,1921,1543,771,1182,812,370,13716,101,399,936,1557
Tsc2_5*Cxcr2_5,Tsc2*Cxcr2,2723,538,13795,1326,1332,677,2055,609,279,271,50,102,529,2010
Serpinb5_5*Nt_57,Serpinb5*Nt,2723,507,618,2895,916,283,885,289,640,40334,175,3719,910,1127
Calml3_4*Fcrl6_4,Calml3*Fcrl6,2722,305,363,495,738,312,1114,283,202,1043,2145,1194,872,1349
Brca1_5*Cx3cl1_4,Brca1*Cx3cl1,2722,1907,584,1051,713,492,679,389,3315,10161,2410,2193,533,812
Nt_13*Cxcr5_2,Nt*Cxcr5,2720,289,507,858,852,381,1811,370,3296,15882,1789,97,578,239
Krt15_3*Tlr7_1,Krt15*Tlr7,2719,356,950,493,506,92,581,214,1162,239,1732,18,166,1654
Chek2_1*Cxcr5_2,Chek2*Cxcr5,2717,393,681,888,849,229,679,349,324,13982,1217,141,569,1284
Smad4_4*Muc16_3,Smad4*Muc16,2717,798,865,3032,974,399,1081,440,3181,21370,1545,263,565,1393
Stk11_1*Mpeg1_1,Stk11*Mpeg1,2717,393,1499,1744,1290,302,930,197,266,12136,76,48,430,1231
Serpinb5_5*Mpeg1_5,Serpinb5*Mpeg1,2715,420,398,525,775,200,628,465,451,12224,349,227,897,421
Pten_3*Cxcr2_2,Pten*Cxcr2,2715,654,1688,1899,1898,91,149,271,645,1680,868,641,928,829
Kit_4*Nt_33,Kit*Nt,2714,976,927,1408,1173,376,1302,474,551,13076,185,30,362,1389
Nt_9*Cxcr2_5,Nt*Cxcr2,2713,465,519,746,678,88,393,266,2089,18090,194,214,903,1117
Pten_3*Pla2g2a_5,Pten*Pla2g2a,2713,379,611,926,555,175,586,180,3757,222,37,302,1052,1747
Kit_1*Nt_6,Kit*Nt,2712,635,1797,1155,1518,35,215,51,9903,447,3937,19,545,1594
Chit1_3*Nt_39,Chit1*Nt,2709,544,570,1003,1050,198,727,307,1466,45956,156,267,1263,1778
Brca1_3*Nt_26,Brca1*Nt,2709,473,3059,3331,1400,587,989,839,289,927,845,1000,725,1341
Pten_3*Mysm1_4,Pten*Mysm1,2708,446,883,1282,1145,523,1518,496,481,2055,5939,231,694,691
Sox10_4*Nt_25,Sox10*Nt,2707,501,982,1310,1385,246,313,437,405,174,284,2032,975,572
Krt15_3*Nt_33,Krt15*Nt,2706,673,1034,874,859,276,549,456,4083,5368,1010,30,733,1825
Kit_1*Cxcr5_2,Kit*Cxcr5,2704,685,1090,1370,1144,137,843,470,2437,18194,610,261,1412,3087
Stk11_1*Btla_2,Stk11*Btla,2704,301,636,2078,720,303,1352,346,3988,4874,68,513,810,1781
Pten_3*Mpeg1_1,Pten*Mpeg1,2703,542,1026,1443,899,338,448,261,425,197,305,234,650,1332
Chek2_2*Muc16_3,Chek2*Muc16,2701,914,768,1192,1057,266,1288,639,371,10220,1459,106,551,524
Brca2_1*Pdcd1lg2_2,Brca2*Pdcd1lg2,2701,814,727,1088,956,395,1385,265,885,8027,777,1067,619,921
Pten_3*Pla2r1_2,Pten*Pla2r1,2700,846,2773,1932,2002,272,1082,358,1155,503,550,39,547,1431
Clca2_5*Tnfsf15_2,Clca2*Tnfsf15,2698,647,514,458,649,121,695,206,403,16203,1243,64,390,2110
Sox10_4*Pla2r1_2,Sox10*Pla2r1,2697,728,1133,3423,1526,411,1215,580,1331,11851,190,1051,330,2091
Clca2_5*Cxcr5_3,Clca2*Cxcr5,2693,473,631,860,738,339,749,220,1422,14102,97,81,469,2701
Tgfbr2_5*Pla2g2a_5,Tgfbr2*Pla2g2a,2690,786,766,1510,1235,76,64,215,3014,14707,1273,26,309,493
Nt_48*Pdcd1lg2_3,Nt*Pdcd1lg2,2688,849,1535,1751,1627,331,575,529,869,35026,172,43,193,3382
Brca1_3*Nt_17,Brca1*Nt,2686,663,700,1048,1346,155,467,204,678,44996,169,83,326,792
Tgfbr2_3*Nt_20,Tgfbr2*Nt,2684,595,1033,1155,867,294,908,451,5091,29717,2234,2301,1167,2613
Kit_1*Nt_33,Kit*Nt,2683,769,1081,1486,1116,237,578,406,6470,8002,124,391,523,1538
Smad4_4*Mysm1_2,Smad4*Mysm1,2682,432,1133,1720,1150,107,431,347,3264,227,1595,3134,824,1602
Brca2_1*Tnfsf15_2,Brca2*Tnfsf15,2682,612,711,2325,1020,269,460,665,256,14539,693,22,499,1778
Tsc2_2*Pla2r1_2,Tsc2*Pla2r1,2676,692,1047,1044,1465,353,1096,477,2969,31326,2775,81,498,1423
Nt_9*Il6_2,Nt*Il6,2672,478,520,316,707,388,365,383,1312,414,2609,219,1174,734
Nt_9*Fcrl6_1,Nt*Fcrl6,2672,615,904,956,1125,55,491,124,189,179,205,847,444,1209
Stk11_1*Nt_20,Stk11*Nt,2667,410,555,566,665,127,515,187,2209,196,1572,701,1133,1008
Tsc2_1*Nt_25,Tsc2*Nt,2665,1503,979,1507,1489,478,667,564,9593,4075,2654,107,1090,2247
Chit1_5*Nt_6,Chit1*Nt,2664,591,1040,901,1012,264,426,131,268,283,1971,78,578,4200
Tgfbr2_5*Mysm1_5,Tgfbr2*Mysm1,2664,659,992,1594,1195,213,536,406,2294,197,48,143,372,1637
Tsc2_5*Mfap5_3,Tsc2*Mfap5,2662,655,1057,1422,1434,720,1978,1105,1911,16609,319,53,300,2547
Brca2_4*Cx3cl1_4,Brca2*Cx3cl1,2661,414,666,6016,773,502,895,677,3027,15517,107,168,1209,1484
Nt_13*Cxcr5_3,Nt*Cxcr5,2661,377,494,633,549,389,1024,265,15110,9393,140,81,666,1181
Nt_2*Il6_2,Nt*Il6,2657,1371,1000,1208,1433,801,2000,771,1462,18160,342,187,591,1144
Kit_4*Cx3cl1_5,Kit*Cx3cl1,2657,693,1378,1694,1860,489,1258,763,520,21990,210,464,963,1111
Tgfbr2_1*Pdcd1lg2_1,Tgfbr2*Pdcd1lg2,2657,747,746,985,1024,565,1791,585,224,5528,57,3856,565,1520
Tsc2_1*Tnfsf15_3,Tsc2*Tnfsf15,2656,603,889,866,825,330,1381,260,2095,35327,1040,217,1171,1244
Calml3_1*Tnfsf15_2,Calml3*Tnfsf15,2647,348,591,683,809,262,681,363,321,414,79,747,710,856
Chek2_1*Mpeg1_1,Chek2*Mpeg1,2647,335,494,1104,954,117,534,160,4206,5009,59,76,307,2074
Brca1_3*Mfap5_5,Brca1*Mfap5,2647,502,1192,1386,966,239,1216,658,430,197,35,31,495,878
Serpinb5_5*Nt_20,Serpinb5*Nt,2645,790,708,1116,1013,161,1095,168,2339,1918,411,35,750,1494
Krt15_2*Cxcr2_2,Krt15*Cxcr2,2643,590,701,865,1125,249,1143,404,320,9584,82,96,372,802
Serpinb5_4*Cdh1_5,Serpinb5*Cdh1,2643,1152,708,826,787,235,601,222,994,240,718,699,1062,1523
Tsc2_1*Cdh1_1,Tsc2*Cdh1,2642,414,1253,1115,971,248,281,144,367,3809,67,583,701,1890
Smad4_3*Cdh1_5,Smad4*Cdh1,2641,559,1496,1463,1738,181,564,241,2553,176,140,114,1947,1972
Nt_43*Tnfsf15_2,Nt*Tnfsf15,2639,685,584,958,695,236,395,105,781,26614,204,60,931,984
Pten_3*Tnfsf15_3,Pten*Tnfsf15,2637,621,1219,1206,1031,295,885,454,2837,307,2651,880,1043,946
Tgfbr2_1*Cx3cl1_5,Tgfbr2*Cx3cl1,2636,490,1324,700,870,340,998,419,2620,2264,1826,1036,999,1377
Tgfbr2_5*Pla2g2a_4,Tgfbr2*Pla2g2a,2636,739,1121,1646,1483,329,763,284,10635,557,7354,77,509,587
Stk11_5*Mysm1_2,Stk11*Mysm1,2635,955,1431,1322,1566,824,1304,780,3488,395,1305,869,171,1379
Chek2_1*Tlr7_1,Chek2*Tlr7,2632,567,2903,1338,1339,389,801,382,2228,11688,2510,92,862,3198
Smad4_3*Btla_2,Smad4*Btla,2631,236,502,444,664,67,94,254,86,140,25,377,1336,2097
Brca1_3*Nt_18,Brca1*Nt,2630,727,1061,1687,1049,187,406,225,363,444,3999,1087,552,805
Rb1_2*Cx3cl1_5,Rb1*Cx3cl1,2628,517,483,613,662,190,493,314,2326,3449,1490,3884,515,924
Kit_4*Mfap5_1,Kit*Mfap5,2624,561,681,1150,1213,628,1557,610,3134,12747,1120,202,880,535
Calml3_4*Muc16_2,Calml3*Muc16,2620,397,447,972,586,250,797,221,1576,55195,495,49,530,1366
Clca2_5*Tlr7_1,Clca2*Tlr7,2620,526,8438,887,1120,282,926,319,7581,356,2120,64,632,1951
Chit1_5*Btla_5,Chit1*Btla,2619,370,1630,1272,1612,468,937,503,138,199,2507,53,917,1545
Serpinb5_5*Fcrl6_4,Serpinb5*Fcrl6,2619,403,550,991,1143,444,836,474,1950,19330,101,72,799,2170
Chit1_2*Fcrl6_1,Chit1*Fcrl6,2618,859,1146,1610,1527,670,1378,578,1237,6687,1390,52,379,708
Chek2_1*Mfap5_5,Chek2*Mfap5,2616,329,864,735,700,221,693,144,509,172,933,34,285,1371
Tsc2_5*Fcrl6_4,Tsc2*Fcrl6,2615,277,705,793,708,384,1298,402,5740,173,30,279,1124,1317
Brca2_3*Pdcd1lg2_1,Brca2*Pdcd1lg2,2613,3324,1554,4451,1474,536,1249,539,266,387,58,732,523,1408
Clca2_5*Cx3cl1_4,Clca2*Cx3cl1,2613,485,1803,1311,1095,225,819,203,2349,385,83,2118,497,1391
Stk11_5*Cdh1_1,Stk11*Cdh1,2612,768,1291,1327,1401,255,1124,576,3281,29391,167,234,742,1203
Smad4_4*Cdh1_5,Smad4*Cdh1,2607,413,664,4466,1083,359,477,323,598,18935,116,72,495,1448
Serpinb5_4*Cdh1_4,Serpinb5*Cdh1,2606,515,864,861,869,339,1117,583,1087,8821,97,467,1070,1891
Calml3_1*Muc16_3,Calml3*Muc16,2603,361,1362,1527,1403,390,1241,518,2484,4740,1752,930,419,1624
Stk11_1*Tnfsf15_2,Stk11*Tnfsf15,2602,667,1999,951,731,397,1376,392,1407,491,177,451,814,2359
Stk11_1*Pdcd1lg2_3,Stk11*Pdcd1lg2,2600,666,565,1025,853,394,959,307,353,340,66,24,2405,2025
Brca2_1*Cxcr5_2,Brca2*Cxcr5,2594,505,675,661,844,309,1329,279,1557,7197,68,48,392,700
Tsc2_5*Pla2g2a_4,Tsc2*Pla2g2a,2592,389,553,1281,924,326,499,435,4522,6471,64,343,951,768
Calml3_4*Pla2r1_3,Calml3*Pla2r1,2591,513,684,685,829,98,333,105,1222,2132,47,169,325,597
Kit_1*Tnfsf15_2,Kit*Tnfsf15,2590,646,1082,642,1441,287,1042,241,15571,514,128,13,636,889
Clca2_2*Hgf_4,Clca2*Hgf,2590,300,597,447,717,108,336,150,1956,23431,75,33,709,1158
Sox10_1*Pla2r1_2,Sox10*Pla2r1,2590,492,705,800,1208,302,635,429,359,16584,79,58,656,960
Smad4_4*Nt_26,Smad4*Nt,2589,3064,664,476,839,248,585,345,277,339,2312,2367,659,993
Tsc2_5*Mpeg1_1,Tsc2*Mpeg1,2589,807,1172,1068,1012,390,1096,511,335,404,3021,91,707,526
Rb1_2*Muc16_3,Rb1*Muc16,2587,405,707,704,962,289,750,430,1070,556,1413,195,347,213
Kit_1*Pla2g2a_5,Kit*Pla2g2a,2584,567,944,620,1261,153,297,56,1312,253,1516,17,2805,1305
Stk11_1*Cdh1_5,Stk11*Cdh1,2584,709,739,2992,1111,526,1411,562,9707,8637,4134,158,1002,1379
Brca1_5*Mfap5_5,Brca1*Mfap5,2583,1877,874,929,979,545,1436,597,7364,49193,924,1751,623,139
Apc_1*Pdcd1lg2_3,Apc*Pdcd1lg2,2581,474,548,647,820,93,173,94,170,7063,44,20,2397,2530
Tgfbr2_3*Cxcr5_3,Tgfbr2*Cxcr5,2580,680,1361,1665,1562,511,1675,1087,581,38933,585,2301,420,680
Brca2_1*Mysm1_4,Brca2*Mysm1,2579,443,419,446,591,290,886,309,3523,21439,138,153,678,1899
Stk11_1*Hgf_2,Stk11*Hgf,2578,489,1655,2021,1516,294,1112,458,6926,512,80,63,518,953
Calml3_4*Nt_26,Calml3*Nt,2577,375,654,912,726,243,1097,293,463,14578,263,68,526,975
Tgfbr2_5*Pla2r1_3,Tgfbr2*Pla2r1,2576,768,944,1836,1266,122,143,203,2864,12102,178,61,360,840
Nt_2*Mysm1_4,Nt*Mysm1,2575,3389,1100,1126,1129,359,698,432,1208,1891,74,1521,464,2163
Brca2_3*Cdh1_4,Brca2*Cdh1,2575,674,1120,2145,1182,400,980,599,822,16405,592,800,375,1147
Tgfbr2_1*Cdh1_1,Tgfbr2*Cdh1,2573,276,529,636,810,132,667,316,949,129,927,188,982,2166
Sox10_5*Nt_25,Sox10*Nt,2572,513,986,4432,876,440,1063,393,4363,239,52,1139,685,1128
Brca2_1*Hgf_2,Brca2*Hgf,2572,545,653,717,1030,264,816,341,2166,37503,3187,946,299,788
Tgfbr2_5*Pdcd1lg2_2,Tgfbr2*Pdcd1lg2,2572,530,762,1187,1159,236,747,117,3603,279,341,65,303,808
Chek2_2*Nt_26,Chek2*Nt,2572,427,515,454,653,184,345,134,1727,28543,134,232,752,1627
Rb1_1*Nt_25,Rb1*Nt,2569,477,510,1187,818,203,273,84,2565,893,1416,47,497,4528
Nt_49*Fcrl6_4,Nt*Fcrl6,2567,609,17434,1486,1525,608,1437,988,454,19271,139,59,819,1722
Brca1_5*Hgf_4,Brca1*Hgf,2566,863,1125,777,1183,435,1478,500,970,10076,2648,933,601,582
Clca2_5*Nt_17,Clca2*Nt,2563,394,460,832,615,54,287,44,1610,17400,76,38,303,2123
Clca2_2*Mysm1_2,Clca2*Mysm1,2563,250,242,238,387,50,204,95,209,16585,70,1516,1134,845
Krt15_2*Pdcd1lg2_3,Krt15*Pdcd1lg2,2562,496,459,508,775,292,639,283,329,377,1134,185,455,2091
Kit_4*Il6_2,Kit*Il6,2562,384,803,2908,1062,556,1436,373,2169,2274,54,22,811,1134
Pten_3*Btla_1,Pten*Btla,2560,684,692,990,1187,138,230,312,2020,619,92,170,885,1176
Nt_9*Btla_1,Nt*Btla,2559,609,919,922,1258,162,21,108,5392,488,641,32,428,1451
Krt15_5*Pla2r1_2,Krt15*Pla2r1,2558,390,624,3861,804,173,775,269,227,280,1513,147,762,703
Kit_4*Mpeg1_1,Kit*Mpeg1,2556,539,777,833,638,166,566,208,194,230,832,64,473,1172
Tgfbr2_5*Mpeg1_5,Tgfbr2*Mpeg1,2555,719,1219,8242,1505,327,736,380,8098,735,313,31,403,87
Sox10_5*Cx3cl1_5,Sox10*Cx3cl1,2555,739,1634,1906,1553,506,986,231,15220,371,54,510,1394,4263
Rb1_1*Cx3cl1_5,Rb1*Cx3cl1,2555,428,505,703,732,283,505,264,262,17927,884,287,565,216
Pten_3*Il6_2,Pten*Il6,2554,397,756,1148,1178,394,524,583,1338,24546,113,41,308,1468
Rb1_2*Il6_2,Rb1*Il6,2554,488,318,551,626,256,397,335,379,10850,478,140,523,1280
Brca1_5*Nt_17,Brca1*Nt,2553,1314,665,1710,1088,256,515,395,2230,5384,294,112,1888,1629
Nt_30*Pdcd1lg2_1,Nt*Pdcd1lg2,2553,676,1236,822,1049,135,387,263,3578,13191,1879,2157,524,1754
Nt_9*Tlr7_1,Nt*Tlr7,2551,731,852,931,742,193,191,233,2739,11784,198,274,694,751
Brca1_5*Mysm1_5,Brca1*Mysm1,2550,448,719,1078,867,538,1033,596,632,25421,2218,92,387,1377
Brca2_4*Cxcr5_2,Brca2*Cxcr5,2550,579,580,704,940,512,1057,487,642,12315,3919,70,421,1376
Nt_16*Cxcr5_2,Nt*Cxcr5,2548,662,1028,658,1009,207,770,583,2413,10449,224,181,1466,1611
Brca2_3*Mpeg1_1,Brca2*Mpeg1,2545,1232,941,1224,1153,226,638,681,3486,4012,56,40,1174,1324
Krt15_2*Il6_5,Krt15*Il6,2545,517,951,649,1266,355,1144,209,12070,427,2220,338,506,1290
Serpinb5_5*Pdcd1lg2_2,Serpinb5*Pdcd1lg2,2543,541,816,1539,977,344,924,418,1842,3759,2281,70,293,2531
Tgfbr2_5*Tlr7_5,Tgfbr2*Tlr7,2540,634,922,927,1095,151,893,276,389,16278,87,1247,1880,3758
Sox10_1*Cxcr5_2,Sox10*Cxcr5,2540,367,538,877,1208,187,246,172,1804,83,790,16,2061,552
Nt_30*Tnfsf15_3,Nt*Tnfsf15,2537,626,1143,964,950,291,595,339,12186,447,440,1128,658,1587
Kit_4*Mpeg1_5,Kit*Mpeg1,2535,414,621,5273,694,377,911,641,4108,20041,513,216,838,3532
Kit_4*Cxcr5_1,Kit*Cxcr5,2534,412,719,903,803,266,429,244,225,267,61,42,1566,1805
Calml3_4*Pdcd1lg2_2,Calml3*Pdcd1lg2,2532,364,480,779,583,303,893,312,1810,10288,90,2513,639,1480
Tsc2_5*Tnfsf15_1,Tsc2*Tnfsf15,2530,349,1305,864,671,818,1623,890,175,191,45,179,681,927
Tsc2_5*Nt_57,Tsc2*Nt,2527,435,1720,789,980,324,865,522,1047,198,36,4117,734,1475
Nt_49*Mfap5_3,Nt*Mfap5,2526,764,2069,1889,1551,610,2585,948,1599,5763,645,770,389,1002
Kit_1*Pdcd1lg2_3,Kit*Pdcd1lg2,2525,663,943,885,1033,69,276,255,142,2021,25,32,1365,1222
Nt_2*Btla_2,Nt*Btla,2524,1277,7064,1266,1124,429,857,452,1597,14641,97,76,829,2358
Serpinb5_5*Cdh1_1,Serpinb5*Cdh1,2523,496,1619,1726,1610,473,1325,495,513,1368,4743,48,382,1384
Clca2_5*Nt_33,Clca2*Nt,2521,443,705,868,928,282,1019,402,6479,351,1228,425,215,590
Sox10_5*Nt_26,Sox10*Nt,2516,742,1272,1220,1358,670,842,529,2675,10679,172,88,797,2381
Apc_1*Pla2r1_2,Apc*Pla2r1,2516,1879,897,1977,1074,227,831,183,196,264,67,74,393,1207
Serpinb5_2*Mpeg1_1,Serpinb5*Mpeg1,2516,559,985,821,1078,103,647,142,230,4540,4290,15,985,1774
Kit_1*Cxcr2_2,Kit*Cxcr2,2515,399,776,991,1068,200,1048,389,2148,260,46,27,262,256
Krt15_3*Btla_1,Krt15*Btla,2515,644,774,1283,1174,170,214,198,6002,9229,67,37,469,411
Brca2_4*Mysm1_5,Brca2*Mysm1,2515,683,815,1038,1200,316,1405,541,7400,619,1414,42,379,319
Clca2_2*Cxcr2_2,Clca2*Cxcr2,2512,207,350,334,326,102,63,144,1645,6734,732,171,737,593
Tsc2_5*Cdh1_1,Tsc2*Cdh1,2512,820,2537,1363,1481,528,757,684,2600,24560,1412,56,1094,1800
Brca1_5*Nt_18,Brca1*Nt,2512,525,638,981,696,205,1353,532,253,9373,50,59,519,1097
Clca2_5*Mysm1_2,Clca2*Mysm1,2510,468,594,635,865,127,700,152,264,407,79,22,235,2157
Nt_13*Cdh1_1,Nt*Cdh1,2509,372,348,504,638,318,991,188,3581,3422,1724,515,788,1263
Chit1_3*Hgf_4,Chit1*Hgf,2507,143,338,457,477,100,140,115,2739,14048,2042,348,1434,1549
Pten_3*Muc16_2,Pten*Muc16,2506,384,1114,1056,1110,205,569,296,267,272,2278,56,694,2914
Rb1_2*Btla_2,Rb1*Btla,2505,450,502,672,926,292,635,360,1441,405,77,34,310,1790
Calml3_1*Hgf_5,Calml3*Hgf,2505,262,431,511,631,87,1020,119,699,217,33,162,691,1119
Nt_2*Pla2g2a_5,Nt*Pla2g2a,2504,560,909,1279,1485,380,301,386,412,24638,2319,1153,296,837
Brca2_1*Pla2r1_4,Brca2*Pla2r1,2504,517,2325,733,702,225,773,282,247,12460,66,315,502,1642
Chit1_5*Fcrl6_1,Chit1*Fcrl6,2503,347,887,759,1187,337,1071,259,1165,17456,4914,33,682,1034
Chek2_1*Pla2g2a_5,Chek2*Pla2g2a,2502,468,4805,502,829,61,686,93,2333,18454,1051,421,231,665
Pten_3*Cdh1_4,Pten*Cdh1,2502,913,1259,4278,1335,245,776,873,1039,380,353,49,311,1459
Brca2_4*Pla2g2a_5,Brca2*Pla2g2a,2502,472,794,886,821,241,908,240,331,8340,360,222,537,921
Brca1_3*Nt_33,Brca1*Nt,2502,540,1004,806,1078,271,947,537,4825,727,2318,1204,365,533
Nt_16*Pla2r1_4,Nt*Pla2r1,2500,646,1030,1252,1315,127,570,158,3835,17122,2779,32,1295,1183
Serpinb5_2*Cdh1_5,Serpinb5*Cdh1,2499,677,699,1055,993,185,631,232,2221,198,49,26,2024,1368
Krt15_3*Pla2r1_3,Krt15*Pla2r1,2495,546,907,787,1220,75,254,42,554,18615,1756,2927,1505,2239
Chek2_1*Muc16_2,Chek2*Muc16,2495,359,1606,1285,810,226,845,276,139,203,33,33,575,712
Brca1_5*Tnfsf15_1,Brca1*Tnfsf15,2492,543,2118,684,1135,389,943,471,789,960,2525,5771,1855,1413
Calml3_4*Fcrl6_5,Calml3*Fcrl6,2490,910,652,486,608,214,1211,207,584,199,1215,190,788,1103
Tsc2_5*Cxcr5_3,Tsc2*Cxcr5,2490,775,1171,1621,1194,543,992,674,291,11042,310,18,1343,785
Nt_49*Nt_57,Ntc,2487,519,2879,1092,1299,470,892,517,496,25456,2344,24,877,576
Nt_2*Nt_18,Ntc,2487,786,1174,1711,1405,170,84,197,478,14926,618,100,492,707
Tgfbr2_1*Tlr7_1,Tgfbr2*Tlr7,2487,521,717,914,1018,422,1529,895,114,135,2204,2037,576,1072
Brca1_3*Fcrl6_1,Brca1*Fcrl6,2485,1245,3211,1022,1218,459,1160,372,246,5184,52,90,451,1094
Nt_44*Cxcr5_2,Nt*Cxcr5,2484,1184,1365,1363,1473,438,1309,342,11781,1948,2014,20,930,1242
Nt_9*Mfap5_1,Nt*Mfap5,2484,387,694,533,637,190,597,36,104,6442,199,18,1334,1500
Nt_44*Nt_39,Ntc,2484,628,779,1377,1349,401,1321,950,651,10332,68,60,565,154
Brca2_1*Nt_18,Brca2*Nt,2483,524,446,544,595,155,196,128,296,172,1405,93,678,1936
Brca1_5*Mysm1_2,Brca1*Mysm1,2482,1240,824,880,1262,496,1002,347,3464,3546,1542,238,465,2831
Nt_30*Tlr7_1,Nt*Tlr7,2482,421,895,947,937,227,889,239,334,10470,1589,607,692,2630
Pten_3*Cx3cl1_5,Pten*Cx3cl1,2481,446,997,726,640,203,586,271,2707,7875,5771,873,775,415
Stk11_1*Pla2r1_4,Stk11*Pla2r1,2480,435,834,1266,914,221,1522,380,1944,185,316,100,453,1867
Tgfbr2_5*Tlr7_2,Tgfbr2*Tlr7,2480,558,762,833,1065,59,625,149,1433,161,204,22,1856,2379
Nt_48*Il6_2,Nt*Il6,2480,637,1164,1374,1156,627,1207,760,700,30382,807,1909,449,430
Brca1_3*Hgf_4,Brca1*Hgf,2478,629,1469,2448,862,283,759,283,235,1484,589,456,358,1665
Tsc2_2*Muc16_3,Tsc2*Muc16,2477,534,949,1520,841,483,561,318,373,498,100,104,467,1392
Nt_49*Cxcr5_3,Nt*Cxcr5,2476,534,786,1203,1168,783,2203,539,11087,12564,694,33,535,1182
Chit1_3*Cxcr2_2,Chit1*Cxcr2,2475,344,591,312,731,240,649,231,768,120,23,1923,680,753
Nt_49*Il6_1,Nt*Il6,2474,726,1037,1204,1247,501,1085,660,279,2488,71,50,181,2221
Smad4_3*Nt_33,Smad4*Nt,2471,327,398,553,443,562,2094,633,3176,2281,58,175,741,1374
Brca1_3*Pla2g2a_5,Brca1*Pla2g2a,2470,449,7298,1521,1046,210,534,380,1876,201,580,130,614,934
Tgfbr2_3*Pdcd1lg2_3,Tgfbr2*Pdcd1lg2,2463,1055,2539,2110,2367,841,2196,950,819,975,4021,70,500,295
Nt_30*Mysm1_4,Nt*Mysm1,2463,358,838,1026,1086,239,680,383,277,4180,61,814,926,1166
Nt_48*Pla2g2a_4,Nt*Pla2g2a,2462,797,957,1108,1012,300,995,569,2160,5521,1680,705,527,988
Brca2_1*Nt_26,Brca2*Nt,2460,393,514,758,1082,266,983,607,129,135,23,913,366,3646
Clca2_5*Fcrl6_5,Clca2*Fcrl6,2456,545,959,755,901,158,737,330,194,281,1804,23,1681,1933
Krt15_3*Btla_5,Krt15*Btla,2455,551,972,2690,1068,352,1206,377,5198,470,386,49,607,3260
Chit1_5*Il6_2,Chit1*Il6,2453,692,1475,1719,1338,333,1119,551,1187,10375,7007,55,652,479
Chek2_1*Cxcr2_2,Chek2*Cxcr2,2453,409,580,785,687,188,738,150,3109,5608,125,118,648,1607
Nt_9*Hgf_5,Nt*Hgf,2449,524,968,1289,1326,61,465,329,703,15213,85,612,728,1011
Krt15_2*Nt_39,Krt15*Nt,2446,511,1237,1344,1343,486,1218,652,1059,3797,3937,57,686,1824
Kit_1*Nt_25,Kit*Nt,2445,632,459,1139,872,107,213,314,230,330,132,28,967,2344
Brca1_3*Fcrl6_4,Brca1*Fcrl6,2443,638,789,877,931,462,1101,364,708,1898,480,331,899,1095
Brca1_3*Pla2g2a_4,Brca1*Pla2g2a,2442,506,1134,858,1103,150,1189,245,95,133,26,44,2616,1625
Smad4_2*Nt_33,Smad4*Nt,2442,392,1303,1592,1357,230,707,301,909,14457,82,1055,731,1283
Chek2_2*Pdcd1lg2_2,Chek2*Pdcd1lg2,2440,645,802,922,898,212,864,297,186,243,44,67,1776,4044
Kit_1*Btla_2,Kit*Btla,2440,294,1023,799,805,180,226,369,136,189,30,39,639,890
Chek2_1*Il6_5,Chek2*Il6,2440,360,598,728,673,287,436,359,1160,165,904,80,532,1695
Serpinb5_4*Pla2r1_2,Serpinb5*Pla2r1,2439,402,739,749,965,231,644,348,341,501,93,1767,353,398
Krt15_2*Fcrl6_1,Krt15*Fcrl6,2439,444,793,746,957,251,790,268,3979,331,83,295,261,199
Krt15_3*Tnfsf15_2,Krt15*Tnfsf15,2438,568,906,852,910,160,502,149,5079,290,1916,885,269,1065
Pten_4*Mfap5_3,Pten*Mfap5,2438,336,289,225,620,101,269,53,2485,956,244,331,1406,1089
Krt15_2*Mysm1_4,Krt15*Mysm1,2436,4960,1507,682,862,657,1938,601,6910,3532,4479,1307,693,879
Nt_9*Btla_2,Nt*Btla,2435,750,1219,1127,988,191,568,428,2149,238,44,29,364,2826
Brca2_1*Mfap5_3,Brca2*Mfap5,2435,1844,522,539,563,234,933,259,3327,1529,893,213,1498,1248
Pten_3*Hgf_5,Pten*Hgf,2433,693,1161,2267,1285,328,1219,469,274,7684,54,75,409,634
Calml3_1*Tnfsf15_3,Calml3*Tnfsf15,2432,382,859,472,779,324,640,416,390,17467,1300,538,857,444
Nt_44*Nt_6,Ntc,2431,643,911,942,1311,261,981,285,4504,512,77,28,513,459
Smad4_4*Il6_5,Smad4*Il6,2430,1493,1041,1212,1142,146,700,223,380,285,82,543,974,1984
Kit_1*Mysm1_5,Kit*Mysm1,2429,449,793,1318,1020,126,395,171,1094,122,7,12,368,548
Smad4_3*Pdcd1lg2_1,Smad4*Pdcd1lg2,2427,423,1067,6892,1304,593,1611,679,889,259,368,3952,1275,1797
Krt15_3*Hgf_5,Krt15*Hgf,2427,475,690,927,992,231,665,305,424,19093,68,128,615,1000
Nt_13*Mysm1_5,Nt*Mysm1,2426,326,1037,460,504,394,1388,429,3465,14272,623,79,667,621
Chek2_2*Btla_1,Chek2*Btla,2424,609,688,756,989,137,83,202,198,1599,58,15,217,754
Rb1_1*Pdcd1lg2_1,Rb1*Pdcd1lg2,2424,996,547,791,690,274,991,478,446,17809,125,56,229,694
Tsc2_1*Tlr7_1,Tsc2*Tlr7,2423,479,830,867,699,385,738,544,2108,21540,69,135,785,1560
Stk11_5*Mfap5_1,Stk11*Mfap5,2417,769,1101,1017,1256,497,962,797,386,357,6824,136,720,1721
Krt15_3*Cx3cl1_5,Krt15*Cx3cl1,2416,702,642,1369,1106,187,501,260,313,425,73,3652,389,2432
Smad4_4*Hgf_2,Smad4*Hgf,2415,624,4167,1156,772,211,506,261,5365,20444,2108,31,320,128
Brca2_1*Pdcd1lg2_3,Brca2*Pdcd1lg2,2415,376,664,500,785,244,1169,483,1881,4281,820,44,945,296
Chek2_1*Nt_18,Chek2*Nt,2415,423,501,1312,837,151,323,80,153,1283,42,14,923,3337
Chit1_2*Nt_17,Chit1*Nt,2414,262,750,915,835,382,684,219,358,9856,481,266,588,936
Chek2_3*Tnfsf15_3,Chek2*Tnfsf15,2413,152,121,599,160,73,207,178,77,2512,25,302,1517,821
Nt_9*Cxcr5_3,Nt*Cxcr5,2412,563,1092,1154,974,194,727,342,6516,11579,780,64,436,759
Smad4_4*Pdcd1lg2_3,Smad4*Pdcd1lg2,2411,597,971,1201,1207,203,565,229,2533,8120,429,65,713,1403
Chek2_1*Pdcd1lg2_2,Chek2*Pdcd1lg2,2410,321,5327,5967,3872,197,649,136,193,225,772,28,386,1600
Chek2_1*Fcrl6_1,Chek2*Fcrl6,2408,421,347,580,517,132,643,257,5913,19824,167,539,564,1894
Nt_43*Pla2r1_2,Nt*Pla2r1,2404,427,454,695,963,244,466,126,1789,6003,982,28,266,874
Smad4_4*Cxcr2_5,Smad4*Cxcr2,2403,620,706,687,939,271,163,249,3522,30082,127,39,763,2192
Nt_44*Nt_25,Ntc,2400,636,728,1371,958,279,854,553,6269,49838,202,25,371,1658
Nt_2*Nt_26,Ntc,2400,632,1429,1290,1340,222,959,283,794,235,44,487,406,1452
Nt_44*Tlr7_1,Nt*Tlr7,2399,427,488,1267,999,433,686,738,3160,305,1672,1103,603,815
Chek2_1*Cx3cl1_4,Chek2*Cx3cl1,2397,226,479,462,585,325,317,265,112,144,31,23,176,2381
Kit_4*Pla2r1_4,Kit*Pla2r1,2397,680,932,960,1155,386,864,476,446,8619,2437,45,665,1115
Brca2_1*Cxcr2_5,Brca2*Cxcr2,2395,1087,942,1916,1005,92,278,385,2656,213,1363,70,1376,3569
Stk11_1*Fcrl6_1,Stk11*Fcrl6,2391,505,851,1041,1071,253,1145,306,2212,10996,94,35,321,204
Nt_30*Nt_25,Ntc,2390,624,766,856,1229,222,355,1388,382,259,2506,3938,1019,911
Nt_2*Pla2g2a_2,Nt*Pla2g2a,2390,464,624,972,687,414,1066,527,416,1208,196,211,1017,938
Nt_44*Mysm1_2,Nt*Mysm1,2387,641,547,771,843,385,557,218,516,419,1178,736,631,649
Serpinb5_5*Nt_17,Serpinb5*Nt,2387,481,408,733,617,140,453,98,686,3881,35,930,406,1217
Nt_9*Pla2g2a_4,Nt*Pla2g2a,2387,563,687,1550,1045,288,278,148,12896,308,70,145,717,844
Clca2_5*Hgf_4,Clca2*Hgf,2387,567,623,651,637,259,834,196,222,290,793,465,505,394
Tsc2_2*Pdcd1lg2_1,Tsc2*Pdcd1lg2,2383,561,1083,1353,1035,292,774,448,1719,18409,124,24,575,469
Nt_13*Tlr7_2,Nt*Tlr7,2380,382,253,528,519,113,171,119,114,336,31,39,1387,1722
Nt_44*Btla_1,Nt*Btla,2380,616,2589,1265,1368,153,512,292,232,296,686,14,148,671
Kit_4*Tnfsf15_2,Kit*Tnfsf15,2379,620,1069,1306,1209,262,507,589,3806,499,1859,87,902,1035
Chit1_2*Tlr7_1,Chit1*Tlr7,2377,549,457,742,899,400,1425,621,344,2509,630,128,619,1698
Tsc2_5*Mysm1_5,Tsc2*Mysm1,2371,752,916,5223,919,273,1970,766,514,15809,122,45,1151,2436
Clca2_5*Tlr7_5,Clca2*Tlr7,2370,474,528,650,696,235,1340,511,3898,30451,1027,17,141,1245
Brca2_3*Hgf_2,Brca2*Hgf,2368,271,1764,1154,1138,357,650,523,177,158,1701,152,777,2053
Stk11_1*Hgf_4,Stk11*Hgf,2368,349,1289,510,616,201,549,493,151,4805,65,87,418,449
Tsc2_5*Tlr7_5,Tsc2*Tlr7,2367,556,4481,1234,1211,620,861,758,485,29399,121,882,571,665
Tsc2_5*Mysm1_2,Tsc2*Mysm1,2367,728,1198,2049,1205,425,2168,1252,2166,354,60,38,842,373
Pten_3*Pla2g2a_2,Pten*Pla2g2a,2366,640,630,359,398,230,1044,175,170,117,26,360,1386,930
Kit_4*Muc16_3,Kit*Muc16,2365,651,499,887,848,408,1086,605,3048,3775,884,958,515,1928
Clca2_5*Cx3cl1_5,Clca2*Cx3cl1,2363,613,1208,4134,1122,370,1385,381,5054,19839,488,3467,949,1537
Brca2_4*Pla2g2a_4,Brca2*Pla2g2a,2362,647,681,818,759,266,704,232,2769,193,640,35,429,1716
Nt_48*Cdh1_1,Nt*Cdh1,2359,3556,4015,854,1136,510,1969,498,1007,16066,1858,828,533,1777
Stk11_1*Cx3cl1_5,Stk11*Cx3cl1,2356,549,547,974,781,261,793,485,4749,257,752,535,280,1209
Rb1_2*Cxcr5_2,Rb1*Cxcr5,2355,443,1350,574,871,281,522,287,486,13376,55,124,359,491
Chit1_5*Tlr7_1,Chit1*Tlr7,2355,681,936,798,934,282,1019,287,634,1402,266,200,837,2344
Chek2_2*Il6_5,Chek2*Il6,2355,432,658,868,892,466,663,248,6013,1296,80,127,589,1224
Brca1_3*Nt_6,Brca1*Nt,2355,711,879,1360,1304,352,285,588,3282,5587,1555,41,370,1097
Nt_43*Fcrl6_1,Nt*Fcrl6,2353,484,510,582,595,241,630,258,4412,11801,66,20,508,869
Serpinb5_4*Muc16_3,Serpinb5*Muc16,2348,473,740,751,1005,181,588,263,1004,448,33,75,1037,1912
Nt_30*Cdh1_4,Nt*Cdh1,2348,688,791,1277,1197,354,746,258,1225,15687,1014,23,363,898
Chek2_2*Btla_5,Chek2*Btla,2347,546,510,1019,1095,349,648,411,127,155,31,1738,596,799
Chit1_2*Muc16_4,Chit1*Muc16,2347,504,681,655,1018,214,822,199,4063,8955,1117,21,967,1096
Nt_43*Muc16_3,Nt*Muc16,2341,390,678,625,722,183,632,193,3701,21256,940,1441,428,1522
Krt15_3*Cx3cl1_4,Krt15*Cx3cl1,2341,476,1256,1157,1146,140,538,169,274,149,45,128,843,1405
Stk11_5*Nt_26,Stk11*Nt,2339,667,47024,2357,2122,654,1664,787,346,256,43,728,509,941
Krt15_3*Fcrl6_1,Krt15*Fcrl6,2338,546,691,937,686,177,168,211,3244,28921,1136,83,827,867
Serpinb5_5*Mysm1_2,Serpinb5*Mysm1,2336,515,743,1478,1218,339,1026,465,955,368,77,40,650,838
Brca1_5*Tnfsf15_3,Brca1*Tnfsf15,2335,498,833,759,735,293,1067,186,214,270,50,36,188,3293
Nt_2*Pla2r1_4,Nt*Pla2r1,2334,779,1388,5952,857,201,558,289,4944,29864,145,397,670,530
Nt_44*Btla_2,Nt*Btla,2334,4272,991,1126,770,242,1095,612,2102,22619,1420,1071,185,847
Pten_3*Btla_2,Pten*Btla,2332,636,729,1301,1131,138,1726,258,4457,1356,496,78,604,600
Apc_5*Pla2r1_2,Apc*Pla2r1,2332,607,597,748,890,420,1789,556,1307,1008,209,144,914,1540
Pten_3*Pla2r1_4,Pten*Pla2r1,2329,394,998,3690,1084,220,750,463,3998,413,830,103,430,1585
Tgfbr2_3*Nt_57,Tgfbr2*Nt,2329,1086,1137,1623,1012,310,762,810,2529,450,79,42,568,2152
Brca1_5*Pla2g2a_4,Brca1*Pla2g2a,2328,671,515,1087,1124,436,953,299,814,34682,204,1435,751,812
Sox10_4*Pla2r1_3,Sox10*Pla2r1,2327,317,547,496,385,158,303,60,7536,19148,109,55,455,4809
Smad4_3*Cdh1_4,Smad4*Cdh1,2322,853,3277,1219,1265,873,1542,621,9250,501,812,1006,676,952
Nt_48*Nt_17,Ntc,2321,446,739,596,913,169,633,77,2221,375,72,251,1058,1605
Tgfbr2_1*Hgf_4,Tgfbr2*Hgf,2320,642,714,787,1044,210,397,131,6285,4694,42,711,733,1015
Sox10_5*Mfap5_5,Sox10*Mfap5,2320,652,587,831,1079,407,1426,623,2428,382,182,36,2151,652
Tgfbr2_1*Tnfsf15_2,Tgfbr2*Tnfsf15,2318,346,485,814,848,361,735,665,107,147,312,120,642,776
Sox10_4*Mysm1_5,Sox10*Mysm1,2317,523,906,2230,692,232,682,203,1672,235,3170,230,880,1033
Sox10_5*Pla2r1_2,Sox10*Pla2r1,2317,893,1041,691,1158,671,1686,805,2187,8610,284,66,475,587
Sox10_5*Pdcd1lg2_3,Sox10*Pdcd1lg2,2314,577,1015,979,925,374,1218,617,434,548,90,5109,450,1111
Nt_9*Tnfsf15_2,Nt*Tnfsf15,2314,696,892,1090,956,248,308,256,4063,23940,795,59,248,233
Smad4_2*Btla_1,Smad4*Btla,2314,564,398,716,771,213,333,194,5886,332,2552,23,195,1626
Calml3_4*Mfap5_3,Calml3*Mfap5,2313,402,276,694,696,306,1557,292,916,2193,59,563,368,136
Sox10_4*Cxcr5_2,Sox10*Cxcr5,2310,625,1339,1414,1689,417,1417,365,2804,218,112,2078,2468,1571
Chit1_5*Muc16_2,Chit1*Muc16,2309,708,888,4071,806,159,679,271,4844,6718,1492,26,1806,1993
Stk11_5*Mfap5_3,Stk11*Mfap5,2307,802,3254,673,1194,527,672,643,360,299,7806,74,554,1965
Rb1_1*Cxcr2_2,Rb1*Cxcr2,2301,411,989,383,827,147,524,116,378,20540,90,919,323,1854
Krt15_3*Hgf_2,Krt15*Hgf,2301,685,1774,1596,1275,117,615,269,289,3934,1483,100,513,1270
Kit_1*Pla2g2a_4,Kit*Pla2g2a,2300,466,918,1161,765,229,187,269,809,39490,140,40,867,1290
Chit1_5*Btla_2,Chit1*Btla,2296,413,515,762,668,178,688,411,2905,17155,1105,92,462,2981
Nt_2*Mpeg1_5,Nt*Mpeg1,2293,425,1660,931,1354,370,660,427,369,478,988,29,368,510
Stk11_4*Nt_33,Stk11*Nt,2293,183,7008,1491,829,717,1405,557,1410,1030,296,140,574,1840
Stk11_1*Nt_6,Stk11*Nt,2293,544,2025,1882,1444,275,949,246,800,642,121,89,284,1238
Chit1_5*Hgf_5,Chit1*Hgf,2293,2774,2353,966,1159,379,1167,449,2481,360,707,1319,211,3716
Nt_43*Cdh1_1,Nt*Cdh1,2292,299,450,465,516,181,328,114,4525,390,96,2177,639,2488
Nt_43*Hgf_2,Nt*Hgf,2291,449,627,875,829,288,752,275,5211,249,457,40,163,298
Nt_43*Nt_25,Ntc,2290,386,623,740,805,113,422,19,1976,103,27,1491,570,1111
Krt15_3*Cdh1_5,Krt15*Cdh1,2289,606,610,845,763,241,543,376,209,7748,45,54,349,1303
Serpinb5_4*Tlr7_1,Serpinb5*Tlr7,2287,369,2859,496,564,217,465,227,205,203,30,92,498,413
Krt15_3*Btla_2,Krt15*Btla,2286,454,677,837,691,144,833,149,3116,209,1179,64,1634,2340
Krt15_3*Mysm1_2,Krt15*Mysm1,2285,233,586,695,642,143,414,190,304,189,30,172,718,418
Calml3_4*Tlr7_1,Calml3*Tlr7,2284,481,592,677,680,215,410,382,5456,29751,1569,50,151,2025
Calml3_1*Pla2r1_2,Calml3*Pla2r1,2283,511,1445,2625,1429,233,886,334,1201,789,1116,453,563,529
Kit_4*Tnfsf15_1,Kit*Tnfsf15,2282,145,440,632,528,6,289,192,59,91,759,56,251,114
Sox10_1*Cdh1_1,Sox10*Cdh1,2281,360,445,2427,467,91,603,236,1222,1081,211,368,1219,831
Serpinb5_4*Pla2g2a_5,Serpinb5*Pla2g2a,2281,331,563,478,637,211,317,222,126,187,188,675,528,1966
Chek2_1*Mfap5_3,Chek2*Mfap5,2281,472,780,795,866,131,703,166,3942,4144,2535,1627,437,1529
Stk11_1*Il6_2,Stk11*Il6,2280,413,673,669,809,496,1037,743,945,149,179,69,1065,1413
Nt_13*Tnfsf15_1,Nt*Tnfsf15,2279,127,523,1276,609,187,726,374,92,737,156,237,841,1078
Kit_1*Pdcd1lg2_2,Kit*Pdcd1lg2,2278,651,593,1079,844,193,408,283,1423,310,42,1234,436,242
Clca2_3*Btla_1,Clca2*Btla,2277,311,509,483,704,90,252,90,67,73,13,245,773,539
Kit_4*Mfap5_5,Kit*Mfap5,2275,569,742,1134,1253,165,486,410,5276,30499,2309,19,460,427
Tsc2_5*Fcrl6_5,Tsc2*Fcrl6,2275,803,1164,815,2008,489,2157,849,9546,301,54,37,434,1981
Clca2_5*Cxcr2_2,Clca2*Cxcr2,2274,386,1100,850,791,198,298,266,299,9149,1368,2749,353,1146
Nt_13*Cxcr5_1,Nt*Cxcr5,2272,481,737,644,669,348,1250,444,1419,4553,1529,2489,523,543
Calml3_1*Nt_6,Calml3*Nt,2266,518,399,367,914,145,584,142,759,923,171,73,381,1308
Tgfbr2_3*Mfap5_1,Tgfbr2*Mfap5,2265,542,1724,18821,1746,386,896,798,176,3847,58,34,1737,773
Nt_48*Nt_18,Ntc,2262,532,1195,1155,1084,286,870,618,1954,18020,931,21,252,409
Nt_48*Btla_2,Nt*Btla,2252,404,956,1446,1048,483,1557,579,4577,11809,510,115,435,1108
Krt15_2*Tlr7_1,Krt15*Tlr7,2250,548,648,997,741,470,682,440,3622,818,199,18,773,1159
Stk11_5*Fcrl6_4,Stk11*Fcrl6,2249,528,5774,1990,2560,573,1029,556,2520,477,41,123,555,1175
Apc_4*Cx3cl1_5,Apc*Cx3cl1,2247,573,425,659,875,94,372,50,281,415,75,647,1917,2169
Tgfbr2_5*Nt_17,Tgfbr2*Nt,2247,338,795,4001,1049,74,490,68,269,7500,53,38,640,1824
Nt_30*Nt_18,Ntc,2245,548,644,869,1042,53,230,115,1414,9221,151,1268,549,1638
Nt_30*Hgf_4,Nt*Hgf,2244,645,649,1086,799,102,278,162,9334,2581,288,1343,529,667
Calml3_4*Cdh1_1,Calml3*Cdh1,2243,458,328,658,781,152,279,177,302,380,288,354,413,910
Nt_48*Fcrl6_5,Nt*Fcrl6,2239,535,859,792,856,678,1865,1105,5521,9543,4237,61,527,1765
Smad4_4*Nt_20,Smad4*Nt,2237,1504,430,659,983,300,647,261,9168,12119,83,80,838,2802
Smad4_4*Pla2g2a_5,Smad4*Pla2g2a,2237,300,325,757,634,101,133,196,183,216,591,131,645,943
Stk11_4*Nt_17,Stk11*Nt,2236,200,454,316,319,288,752,133,215,276,47,312,1138,1335
Calml3_4*Nt_17,Calml3*Nt,2236,291,410,548,777,65,401,62,3219,5221,56,388,624,1453
Brca2_1*Cxcr5_3,Brca2*Cxcr5,2235,574,507,779,697,269,712,350,218,1255,1340,41,465,699
Kit_1*Nt_17,Kit*Nt,2235,562,697,890,1254,49,0,84,4637,1622,345,26,495,1125
Chit1_5*Cx3cl1_5,Chit1*Cx3cl1,2234,424,842,817,1185,369,619,188,393,24340,102,6970,771,1632
Brca2_1*Pla2g2a_4,Brca2*Pla2g2a,2234,391,628,500,971,234,603,315,7198,1518,47,74,391,1553
Nt_30*Cx3cl1_5,Nt*Cx3cl1,2233,603,720,792,763,193,673,97,5838,254,382,1082,1277,1476
Stk11_5*Tlr7_2,Stk11*Tlr7,2233,838,1378,1726,1548,499,903,288,3221,5497,156,150,880,509
Krt15_2*Muc16_3,Krt15*Muc16,2232,6308,1251,1064,864,586,1438,379,567,555,167,71,500,226
Tsc2_1*Pla2r1_2,Tsc2*Pla2r1,2229,548,625,1091,758,221,1228,467,558,3791,170,347,276,464
Apc_1*Cdh1_4,Apc*Cdh1,2225,631,340,318,360,133,318,272,422,4913,1033,162,751,2671
Chek2_1*Tlr7_5,Chek2*Tlr7,2224,1019,6040,749,796,254,878,226,438,5355,653,111,442,1182
Smad4_2*Tnfsf15_2,Smad4*Tnfsf15,2224,250,570,461,603,207,555,126,173,530,21,58,334,2021
Sox10_4*Cdh1_4,Sox10*Cdh1,2222,494,725,939,914,252,391,337,5089,3238,105,952,784,1157
Brca2_1*Nt_17,Brca2*Nt,2222,326,487,918,901,174,219,141,90,482,15,532,389,1164
Pten_3*Nt_33,Pten*Nt,2222,517,672,1322,964,376,743,452,233,1745,76,30,356,821
Nt_16*Tlr7_1,Nt*Tlr7,2220,273,862,750,879,57,344,36,1152,149,392,207,158,370
Chit1_2*Cxcr5_1,Chit1*Cxcr5,2220,488,22159,926,962,445,1237,463,459,11991,498,1174,287,2503
Tsc2_2*Nt_26,Tsc2*Nt,2219,586,964,834,633,378,601,451,180,173,40,34,301,1659
Nt_48*Mfap5_3,Nt*Mfap5,2217,667,739,820,1169,241,684,582,939,9173,1117,42,1089,1199
Brca1_5*Fcrl6_5,Brca1*Fcrl6,2216,470,567,752,824,432,1557,289,263,12222,60,1538,1220,2464
Nt_13*Mysm1_2,Nt*Mysm1,2214,243,277,343,488,238,623,221,1712,284,2185,58,351,640
Rb1_1*Fcrl6_1,Rb1*Fcrl6,2214,289,439,832,678,218,745,272,122,138,31,214,376,872
Stk11_4*Tlr7_5,Stk11*Tlr7,2213,182,430,205,363,174,296,163,3629,89,315,90,435,717
Nt_13*Pdcd1lg2_2,Nt*Pdcd1lg2,2213,362,335,3285,642,407,1079,257,1265,4397,56,605,316,2019
Serpinb5_5*Mysm1_5,Serpinb5*Mysm1,2209,1701,624,685,978,358,919,216,1674,3972,639,80,619,1941
Kit_1*Tlr7_1,Kit*Tlr7,2209,2496,1740,1108,931,79,581,231,15500,731,1948,99,352,1459
Rb1_1*Pla2r1_2,Rb1*Pla2r1,2207,368,810,610,705,264,667,191,567,4794,204,47,444,883
Apc_1*Pdcd1lg2_1,Apc*Pdcd1lg2,2205,285,895,583,801,196,659,251,964,286,931,212,706,309
Pten_3*Cxcr5_1,Pten*Cxcr5,2201,623,1854,1881,1846,400,783,726,599,38747,162,35,128,1291
Clca2_5*Mysm1_5,Clca2*Mysm1,2200,378,567,742,831,269,907,296,2054,9722,7230,51,438,81
Sox10_4*Pdcd1lg2_1,Sox10*Pdcd1lg2,2200,2987,1408,1610,1033,235,1205,663,3053,14467,107,1119,404,1222
Stk11_1*Mysm1_5,Stk11*Mysm1,2196,419,363,637,593,246,465,314,339,15863,1174,51,373,2434
Nt_2*Nt_17,Ntc,2195,790,1109,7346,1255,167,67,266,5724,12893,86,24,1753,455
Smad4_4*Pla2r1_3,Smad4*Pla2r1,2194,369,499,691,640,119,216,107,192,196,40,13,222,428
Clca2_2*Fcrl6_4,Clca2*Fcrl6,2194,139,178,247,263,205,266,95,2720,2837,573,135,539,777
Sox10_4*Muc16_3,Sox10*Muc16,2194,670,975,910,883,537,1633,631,1352,72534,397,337,542,1054
Serpinb5_5*Muc16_2,Serpinb5*Muc16,2193,649,450,596,778,198,542,298,1229,47723,323,13,237,1546
Nt_43*Btla_1,Nt*Btla,2189,464,532,1149,963,105,159,141,198,254,49,1790,497,1319
Tsc2_5*Il6_1,Tsc2*Il6,2188,469,629,791,750,207,737,321,4821,19033,3939,2179,436,703
Kit_1*Mysm1_4,Kit*Mysm1,2187,484,703,2054,1147,159,304,303,1231,1543,5303,61,491,688
Rb1_2*Tnfsf15_2,Rb1*Tnfsf15,2185,358,723,3624,1379,126,1106,279,130,189,26,30,217,604
Sox10_1*Nt_39,Sox10*Nt,2182,437,501,602,521,289,1092,344,334,203,617,121,729,1113
Rb1_1*Muc16_3,Rb1*Muc16,2181,406,645,992,830,277,1226,380,550,23479,2401,63,427,1471
Sox10_5*Hgf_4,Sox10*Hgf,2179,515,1070,982,975,418,325,574,423,17375,1235,1651,513,321
Rb1_4*Btla_5,Rb1*Btla,2179,691,426,473,590,265,962,208,9601,912,227,44,433,2308
Nt_13*Muc16_2,Nt*Muc16,2177,237,188,334,320,150,1532,180,171,2379,1114,223,858,585
Brca2_1*Pla2g2a_5,Brca2*Pla2g2a,2176,277,1239,1809,650,117,411,320,143,170,181,61,229,1028
Kit_1*Nt_18,Kit*Nt,2176,591,952,767,936,66,536,176,367,3501,2601,687,360,914
Kit_2*Pdcd1lg2_1,Kit*Pdcd1lg2,2175,409,917,726,1117,346,839,332,1814,331,82,47,402,355
Stk11_1*Nt_26,Stk11*Nt,2174,397,418,771,839,329,746,473,330,18243,88,101,465,612
Stk11_1*Cx3cl1_4,Stk11*Cx3cl1,2172,2060,482,607,845,353,1219,346,9528,257,69,1612,1203,944
Chek2_1*Cdh1_1,Chek2*Cdh1,2172,341,572,672,835,246,737,428,2153,12275,96,31,345,2068
Tsc2_1*Hgf_4,Tsc2*Hgf,2170,582,16395,2252,1386,237,1185,426,4419,219,2181,1793,269,1102
Brca1_2*Cx3cl1_5,Brca1*Cx3cl1,2169,533,2523,612,835,227,506,269,1063,91,11,34,1126,2115
Tgfbr2_1*Muc16_3,Tgfbr2*Muc16,2169,467,767,1170,1332,548,1778,495,209,2297,122,295,565,1465
Nt_48*Hgf_5,Nt*Hgf,2168,636,2698,1623,1797,421,1581,365,1381,438,275,41,678,1443
Smad4_4*Nt_17,Smad4*Nt,2168,1520,404,620,708,107,218,30,192,271,927,926,1040,1121
Brca1_3*Fcrl6_5,Brca1*Fcrl6,2167,585,833,1070,979,314,1129,527,3515,684,1193,45,321,150
Brca2_4*Muc16_2,Brca2*Muc16,2166,341,583,951,806,390,845,263,246,7843,1027,182,476,1690
Kit_1*Nt_26,Kit*Nt,2163,647,1037,675,763,84,525,268,157,196,349,43,1316,2149
Krt15_2*Pla2g2a_5,Krt15*Pla2g2a,2159,382,819,1285,943,241,422,225,178,2742,1586,51,562,206
Tgfbr2_1*Pla2r1_4,Tgfbr2*Pla2r1,2158,476,787,867,977,231,458,342,70,96,508,12,413,881
Brca2_1*Cx3cl1_4,Brca2*Cx3cl1,2156,684,655,797,1288,322,576,377,8569,17221,355,348,670,1039
Rb1_4*Hgf_4,Rb1*Hgf,2155,233,228,269,296,73,428,101,467,164,24,145,599,1972
Calml3_3*Tnfsf15_2,Calml3*Tnfsf15,2155,440,480,526,733,130,394,166,1608,215,3340,132,913,1546
Stk11_1*Cxcr2_5,Stk11*Cxcr2,2154,332,664,338,617,330,821,466,907,451,17654,32,404,1556
Calml3_1*Il6_5,Calml3*Il6,2153,380,438,560,760,124,545,322,226,14375,560,731,489,329
Nt_13*Cxcr2_5,Nt*Cxcr2,2152,334,260,437,559,636,1982,552,487,25718,571,108,394,2829
Rb1_2*Cx3cl1_4,Rb1*Cx3cl1,2151,719,273,397,280,60,359,175,2274,12869,545,233,1844,652
Rb1_1*Nt_6,Rb1*Nt,2150,351,365,451,552,168,587,422,203,6501,55,37,319,1620
Krt15_5*Hgf_4,Krt15*Hgf,2148,497,611,508,507,107,602,122,6741,7369,70,17,1263,1106
Brca2_3*Pla2r1_2,Brca2*Pla2r1,2148,3412,827,7207,860,321,930,178,639,272,44,151,593,620
Tsc2_1*Hgf_2,Tsc2*Hgf,2147,518,1160,575,770,404,846,387,1478,820,117,112,665,1371
Kit_4*Tnfsf15_3,Kit*Tnfsf15,2146,620,860,950,899,202,477,462,476,623,2762,83,178,789
Chek2_1*Nt_17,Chek2*Nt,2146,387,564,653,782,106,315,37,1217,9990,663,29,452,1098
Rb1_1*Tnfsf15_3,Rb1*Tnfsf15,2144,323,519,3223,679,196,514,377,434,240,2430,15,212,1252
Sox10_5*Muc16_2,Sox10*Muc16,2144,536,675,839,865,313,644,378,2711,2044,1526,106,1078,1007
Nt_49*Cxcr2_4,Nt*Cxcr2,2140,582,761,807,899,78,642,411,332,13451,436,43,583,1114
Nt_43*Hgf_4,Nt*Hgf,2140,435,567,528,537,136,626,283,264,10632,66,74,487,1134
Chek2_2*Nt_6,Chek2*Nt,2139,482,742,765,892,231,55,296,2580,10548,118,21,480,539
Clca2_5*Pdcd1lg2_2,Clca2*Pdcd1lg2,2137,1305,679,608,634,229,254,121,191,2667,959,32,314,1501
Chit1_2*Mysm1_4,Chit1*Mysm1,2136,299,359,2763,831,490,1317,665,113,134,23,76,501,2440
Serpinb5_4*Cx3cl1_5,Serpinb5*Cx3cl1,2136,475,770,615,931,212,1049,451,621,3750,996,78,560,1302
Clca2_5*Nt_6,Clca2*Nt,2134,396,698,3009,901,212,664,285,1601,40963,146,34,477,764
Serpinb5_4*Cx3cl1_4,Serpinb5*Cx3cl1,2133,386,446,618,601,203,550,327,1042,20554,83,4019,1069,2104
Rb1_4*Btla_1,Rb1*Btla,2133,457,869,510,558,120,283,91,524,5498,1106,56,418,300
Tsc2_1*Nt_18,Tsc2*Nt,2132,497,1037,774,875,273,726,308,734,134,26,27,288,1431
Chit1_2*Mysm1_2,Chit1*Mysm1,2131,751,934,1066,1154,389,1311,203,1090,19495,825,33,405,872
Chek2_2*Nt_25,Chek2*Nt,2130,436,1583,1942,1590,138,740,193,3867,189,598,76,349,477
Tsc2_2*Cx3cl1_5,Tsc2*Cx3cl1,2130,516,487,608,678,152,211,360,386,24809,574,723,1121,1880
Tgfbr2_1*Btla_1,Tgfbr2*Btla,2129,675,832,2793,895,324,413,396,1782,177,1338,303,503,1263
Rb1_4*Cdh1_4,Rb1*Cdh1,2127,287,206,447,396,170,621,208,119,153,15,24,281,1620
Nt_30*Hgf_2,Nt*Hgf,2122,567,739,741,874,120,517,281,221,343,53,1102,440,461
Chit1_2*Mfap5_3,Chit1*Mfap5,2121,389,735,972,917,522,1180,983,2630,457,2074,23,755,827
Brca2_1*Mpeg1_1,Brca2*Mpeg1,2120,490,704,797,770,177,677,144,203,1986,112,240,259,1119
Pten_3*Tlr7_2,Pten*Tlr7,2115,682,1239,972,1333,147,346,197,1444,67680,1899,20,1681,1862
Rb1_4*Nt_6,Rb1*Nt,2113,272,128,423,356,157,427,79,455,40906,129,42,144,1012
Rb1_2*Mysm1_4,Rb1*Mysm1,2112,423,712,1029,806,274,803,357,587,139,39,66,921,1044
Nt_30*Hgf_5,Nt*Hgf,2112,474,696,699,778,212,581,73,4166,311,102,32,243,153
Tsc2_2*Pla2g2a_4,Tsc2*Pla2g2a,2109,2462,796,673,1043,225,626,163,3147,1324,2326,55,552,1416
Nt_49*Pla2g2a_4,Nt*Pla2g2a,2108,501,638,901,587,427,1393,572,1320,23915,510,144,653,767
Nt_48*Il6_1,Nt*Il6,2108,676,544,745,949,310,356,256,178,232,26,22,323,1020
Chit1_5*Tnfsf15_3,Chit1*Tnfsf15,2106,396,556,1018,845,284,446,656,290,3404,1764,52,170,525
Kit_4*Fcrl6_4,Kit*Fcrl6,2103,404,1385,1591,2783,187,629,152,131,217,306,129,788,1511
Pten_3*Mfap5_5,Pten*Mfap5,2103,750,3175,891,925,278,275,188,330,343,490,34,321,2419
Tgfbr2_1*Nt_25,Tgfbr2*Nt,2103,461,830,810,1330,261,322,645,1879,3075,133,17,254,198
Kit_1*Tlr7_5,Kit*Tlr7,2101,659,12983,1976,1096,264,400,427,3283,10446,3093,30,519,560
Nt_49*Tlr7_2,Nt*Tlr7,2101,304,960,1063,897,422,855,608,2083,321,857,23,218,3554
Calml3_4*Cxcr2_5,Calml3*Cxcr2,2098,445,431,451,657,312,353,335,310,9883,59,303,766,1861
Stk11_1*Pla2g2a_5,Stk11*Pla2g2a,2092,479,468,726,733,189,386,258,4176,3616,54,1611,963,898
Nt_43*Tnfsf15_3,Nt*Tnfsf15,2092,407,407,512,780,169,509,155,311,136,31,27,789,1223
Serpinb5_4*Btla_2,Serpinb5*Btla,2092,287,566,698,486,195,481,255,269,169,134,275,594,777
Krt15_2*Tnfsf15_2,Krt15*Tnfsf15,2091,2940,723,964,1039,363,1219,353,3137,427,93,59,396,1098
Chit1_3*Cx3cl1_5,Chit1*Cx3cl1,2090,730,716,893,631,215,334,408,5349,3448,43,26,2657,1132
Smad4_4*Fcrl6_4,Smad4*Fcrl6,2090,229,522,795,690,148,872,356,99,123,60,127,508,386
Brca2_3*Pla2r1_4,Brca2*Pla2r1,2089,423,621,1028,800,206,829,340,956,10720,583,82,567,885
Sox10_5*Tnfsf15_2,Sox10*Tnfsf15,2086,474,1404,4533,975,441,1069,797,440,23302,91,99,540,223
Nt_9*Pla2g2a_5,Nt*Pla2g2a,2085,644,524,794,691,52,386,118,4376,1277,710,543,681,858
Nt_49*Mysm1_4,Nt*Mysm1,2083,737,2035,2068,1649,683,1110,408,259,5777,1385,1163,317,530
Krt15_2*Mysm1_2,Krt15*Mysm1,2080,379,615,924,841,376,420,265,2601,10997,132,82,527,1993
Nt_30*Nt_6,Ntc,2078,324,622,716,982,74,3,97,4944,261,316,531,453,1802
Nt_2*Nt_20,Ntc,2077,639,618,776,890,257,832,317,1660,7816,57,113,503,2282
Sox10_4*Nt_18,Sox10*Nt,2076,3607,712,4765,1133,73,804,258,2864,1455,354,83,841,1101
Rb1_4*Muc16_3,Rb1*Muc16,2075,408,553,704,622,186,1168,208,1969,27457,98,64,321,547
Nt_2*Cdh1_1,Nt*Cdh1,2075,638,963,1021,1406,410,691,474,254,5959,1806,32,420,1024
Apc_5*Hgf_4,Apc*Hgf,2075,459,1700,942,744,252,265,36,122,162,25,15,1292,3673
Clca2_5*Pla2r1_3,Clca2*Pla2r1,2069,270,442,499,619,44,171,31,3049,15053,2431,56,299,247
Kit_2*Mpeg1_5,Kit*Mpeg1,2069,622,700,799,667,49,373,81,1370,131,27,1118,1937,1416
Krt15_3*Cxcr2_2,Krt15*Cxcr2,2069,517,749,989,747,110,411,61,200,2664,46,32,532,1511
Serpinb5_2*Pdcd1lg2_1,Serpinb5*Pdcd1lg2,2068,352,421,811,824,98,623,442,236,9839,45,278,1013,1029
Nt_9*Pdcd1lg2_2,Nt*Pdcd1lg2,2064,460,715,758,1009,159,473,200,4605,13872,105,35,789,706
Chit1_5*Pla2g2a_4,Chit1*Pla2g2a,2061,472,778,1159,743,132,491,264,2765,5652,43,593,823,2071
Clca2_5*Pla2g2a_4,Clca2*Pla2g2a,2060,434,425,710,691,137,589,196,833,775,523,38,183,2274
Sox10_5*Il6_5,Sox10*Il6,2060,470,685,1043,764,291,919,461,334,445,85,96,424,1264
Tgfbr2_1*Nt_26,Tgfbr2*Nt,2059,363,692,849,579,364,898,408,1036,3150,18,39,253,667
Serpinb5_4*Btla_1,Serpinb5*Btla,2058,477,819,697,912,161,341,70,4507,216,1082,16,691,1389
Rb1_4*Nt_26,Rb1*Nt,2055,205,179,307,484,75,664,140,656,240,62,1375,831,555
Clca2_5*Hgf_5,Clca2*Hgf,2055,537,792,1139,1038,210,453,203,395,8835,4607,46,648,1661
Krt15_2*Mfap5_3,Krt15*Mfap5,2055,537,598,1474,879,325,839,564,485,613,1035,104,298,1255
Pten_3*Tnfsf15_2,Pten*Tnfsf15,2054,918,1160,1159,1037,384,949,674,3411,11445,5260,36,364,85
Krt15_2*Hgf_5,Krt15*Hgf,2054,447,2082,853,790,356,778,257,1412,10263,86,23,73,584
Clca2_2*Cxcr5_1,Clca2*Cxcr5,2052,284,1843,245,321,80,195,147,409,16529,201,173,816,894
Stk11_1*Hgf_5,Stk11*Hgf,2051,426,588,1621,781,288,1084,683,407,260,46,870,493,1142
Nt_44*Fcrl6_1,Nt*Fcrl6,2051,582,2934,1059,1094,330,1493,667,440,20379,102,179,320,614
Tsc2_1*Btla_1,Tsc2*Btla,2051,626,6206,987,1150,230,900,345,309,6893,2298,239,299,3377
Sox10_5*Il6_2,Sox10*Il6,2050,333,494,633,640,130,722,347,88,113,2186,265,1277,1057
Chit1_2*Muc16_2,Chit1*Muc16,2049,332,565,687,961,166,350,334,1418,135,333,67,526,582
Clca2_3*Muc16_3,Clca2*Muc16,2046,415,299,253,578,244,582,245,248,18113,67,37,143,664
Nt_30*Cdh1_1,Nt*Cdh1,2046,493,808,1112,1228,230,630,129,384,264,925,112,814,960
Serpinb5_5*Cxcr2_5,Serpinb5*Cxcr2,2046,394,854,1892,787,330,786,416,219,2481,274,2250,396,653
Serpinb5_4*Mpeg1_1,Serpinb5*Mpeg1,2045,352,423,615,534,216,482,111,1684,170,734,1861,254,593
Rb1_1*Hgf_2,Rb1*Hgf,2045,574,1530,663,818,270,714,248,749,940,197,28,154,737
Rb1_2*Nt_33,Rb1*Nt,2042,483,691,595,600,186,649,371,390,15652,1300,40,386,1449
Krt15_3*Cxcr5_1,Krt15*Cxcr5,2042,423,821,876,2326,226,928,259,9350,25631,3604,29,562,1006
Kit_2*Hgf_2,Kit*Hgf,2036,400,591,857,763,264,592,329,2491,260,5792,18,405,664
Pten_3*Fcrl6_1,Pten*Fcrl6,2036,603,756,971,998,347,541,302,479,21310,119,117,659,1318
Chek2_2*Nt_33,Chek2*Nt,2035,493,672,909,887,215,357,182,1609,485,1477,38,428,1579
Nt_43*Tlr7_1,Nt*Tlr7,2035,282,364,495,570,70,351,84,4564,6521,45,80,472,693
Clca2_5*Pla2g2a_2,Clca2*Pla2g2a,2035,574,504,303,472,248,720,341,1246,253,1337,787,609,4041
Tsc2_1*Nt_39,Tsc2*Nt,2032,494,724,987,1059,484,1273,769,159,185,29,43,208,531
Rb1_2*Mpeg1_1,Rb1*Mpeg1,2031,485,811,1173,921,130,247,146,376,173,1377,44,227,822
Kit_4*Il6_5,Kit*Il6,2030,367,3186,870,752,173,649,365,181,2551,2127,26,246,916
Kit_4*Hgf_2,Kit*Hgf,2030,734,699,1202,913,157,823,158,3481,43991,4667,22,169,593
Krt15_5*Cx3cl1_4,Krt15*Cx3cl1,2028,365,1429,744,424,104,511,169,3985,252,419,380,897,1628
Chit1_5*Cxcr2_2,Chit1*Cxcr2,2026,1546,612,1077,1211,237,479,460,5078,15774,2873,392,669,1305
Chek2_2*Cx3cl1_5,Chek2*Cx3cl1,2026,483,767,852,948,478,1022,317,4295,11329,236,76,469,471
Nt_2*Mfap5_3,Nt*Mfap5,2025,601,16430,1325,1334,538,601,286,4457,366,75,320,297,81
Brca2_1*Tnfsf15_1,Brca2*Tnfsf15,2025,309,340,355,547,289,504,231,2276,6184,103,192,772,1095
Brca1_5*Tlr7_1,Brca1*Tlr7,2025,651,703,497,990,342,508,559,471,648,121,19,231,781
Nt_44*Nt_33,Ntc,2023,708,1340,1918,1425,381,1114,606,3039,7249,801,93,549,1831
Tsc2_1*Btla_5,Tsc2*Btla,2021,480,1140,1593,1293,389,1147,217,3467,187,682,61,717,2038
Sox10_5*Nt_39,Sox10*Nt,2021,436,405,1094,1083,873,1384,578,1436,627,833,28,275,908
Sox10_4*Il6_5,Sox10*Il6,2017,372,931,1012,775,383,567,476,3493,14914,66,255,534,1434
Chit1_2*Tlr7_5,Chit1*Tlr7,2016,484,1377,803,1351,478,1252,490,2697,4592,133,51,325,2435
Chit1_2*Pla2r1_3,Chit1*Pla2r1,2016,351,558,625,855,245,510,290,1400,539,150,1627,521,1572
Krt15_3*Pla2r1_4,Krt15*Pla2r1,2015,626,897,824,1033,157,686,136,218,597,895,30,193,815
Calml3_1*Nt_39,Calml3*Nt,2014,412,4600,1069,1016,224,985,232,1719,2539,66,39,243,410
Stk11_4*Pla2r1_3,Stk11*Pla2r1,2013,419,820,943,976,55,491,294,159,9184,837,18,1968,1109
Tsc2_2*Nt_39,Tsc2*Nt,2012,396,910,6815,1154,504,1045,472,2180,9109,91,222,489,155
Kit_4*Nt_26,Kit*Nt,2009,541,838,1386,1000,310,306,482,6133,18610,3056,40,509,1376
Nt_43*Hgf_5,Nt*Hgf,2009,401,337,419,501,190,923,195,109,151,26,49,351,1369
Nt_44*Il6_5,Nt*Il6,2008,626,748,1000,940,342,310,528,188,208,38,819,438,328
Clca2_5*Nt_57,Clca2*Nt,2007,401,662,719,623,80,961,177,193,2289,47,88,354,2631
Calml3_1*Btla_1,Calml3*Btla,2007,391,1180,398,551,178,211,223,1831,774,42,106,525,1730
Nt_9*Nt_26,Ntc,2005,528,996,1035,1434,176,678,279,609,384,2313,45,539,1154
Nt_48*Cx3cl1_4,Nt*Cx3cl1,2004,646,775,829,1012,530,1365,774,10967,13234,121,54,167,886
Chit1_2*Fcrl6_4,Chit1*Fcrl6,2002,439,566,1070,863,558,1290,810,197,204,907,36,918,129
Serpinb5_4*Pdcd1lg2_1,Serpinb5*Pdcd1lg2,2002,496,848,922,953,360,904,426,1039,284,74,54,415,1286
Pten_3*Il6_5,Pten*Il6,1998,661,983,951,896,256,153,154,4758,408,2500,1264,406,1178
Nt_49*Cx3cl1_3,Nt*Cx3cl1,1995,302,583,1030,724,389,299,411,219,5852,42,1006,445,1026
Smad4_3*Nt_25,Smad4*Nt,1994,519,1499,711,1215,281,1134,269,327,11656,64,30,1287,1147
Clca2_5*Mfap5_5,Clca2*Mfap5,1994,518,610,724,807,291,664,195,242,347,81,279,335,1638
Sox10_1*Mpeg1_5,Sox10*Mpeg1,1994,273,375,592,549,240,346,271,1729,175,39,99,980,349
Rb1_2*Cxcr5_1,Rb1*Cxcr5,1993,201,244,488,634,166,215,150,2768,231,781,18,488,229
Chit1_5*Nt_25,Chit1*Nt,1992,462,965,829,933,230,1009,215,4217,457,1188,26,253,986
Chek2_1*Pla2g2a_4,Chek2*Pla2g2a,1990,454,514,708,456,57,498,126,2955,242,2176,41,842,1378
Chit1_2*Mfap5_1,Chit1*Mfap5,1986,478,664,883,1025,384,1178,669,1807,658,262,24,1287,1838
Chit1_5*Mysm1_5,Chit1*Mysm1,1985,380,625,681,941,306,160,213,221,14508,58,27,258,1212
Tgfbr2_1*Cdh1_5,Tgfbr2*Cdh1,1984,369,638,931,744,256,414,604,238,7871,936,37,474,1006
Tsc2_2*Cxcr2_5,Tsc2*Cxcr2,1984,388,1175,1962,1417,293,692,500,2964,129,33,205,743,1045
Nt_44*Pla2r1_4,Nt*Pla2r1,1983,439,736,793,1122,213,997,331,164,205,512,33,438,1046
Chit1_3*Pla2r1_4,Chit1*Pla2r1,1982,229,1191,1807,1376,283,850,150,2551,231,49,170,1113,819
Smad4_4*Pdcd1lg2_2,Smad4*Pdcd1lg2,1981,473,639,521,830,165,349,249,1566,18512,57,44,209,1977
Smad4_4*Tlr7_1,Smad4*Tlr7,1980,530,1565,899,829,188,656,490,1270,20065,4401,386,374,486
Apc_5*Mysm1_4,Apc*Mysm1,1980,616,638,959,1295,297,478,117,894,1085,3876,213,1201,268
Calml3_4*Cx3cl1_3,Calml3*Cx3cl1,1980,332,421,612,710,182,969,233,1462,174,1484,33,532,1167
Sox10_5*Btla_5,Sox10*Btla,1979,383,1136,1095,801,659,1223,461,356,11747,849,48,332,2699
Serpinb5_4*Btla_5,Serpinb5*Btla,1977,462,549,661,1045,228,387,198,172,209,58,55,441,1005
Serpinb5_4*Nt_25,Serpinb5*Nt,1974,1129,1028,1260,1128,255,383,121,3785,350,274,884,266,393
Smad4_3*Pla2r1_2,Smad4*Pla2r1,1974,623,904,5404,885,530,2451,1214,419,8808,14032,26,1053,328
Clca2_2*Mfap5_1,Clca2*Mfap5,1973,284,129,388,292,128,321,119,533,47992,166,11,109,316
Nt_30*Mpeg1_1,Nt*Mpeg1,1971,634,642,905,910,58,353,106,5462,25907,156,15,650,883
Chek2_2*Il6_2,Chek2*Il6,1971,310,1462,1675,1441,291,1396,362,602,138,25,52,237,926
Clca2_5*Nt_18,Clca2*Nt,1970,316,560,646,802,104,312,188,160,6464,54,18,241,251
Brca1_3*Tlr7_2,Brca1*Tlr7,1970,361,733,898,1131,192,521,247,169,198,119,3704,802,362
Brca1_5*Pla2r1_3,Brca1*Pla2r1,1968,422,626,759,945,95,623,183,431,11173,104,375,577,1688
Rb1_2*Btla_5,Rb1*Btla,1968,298,431,338,476,163,556,276,352,118,38,1290,466,774
Smad4_4*Muc16_2,Smad4*Muc16,1966,274,507,426,349,200,373,178,470,6321,56,190,928,1956
Brca2_1*Il6_2,Brca2*Il6,1966,485,781,872,871,382,1090,336,2041,7455,9337,26,361,59
Chek2_2*Hgf_4,Chek2*Hgf,1964,380,784,765,922,112,399,198,130,185,39,15,545,2934
Smad4_3*Cx3cl1_3,Smad4*Cx3cl1,1964,201,93,205,309,67,174,200,26,32,14,290,1150,1764
Tgfbr2_1*Nt_17,Tgfbr2*Nt,1964,390,857,1286,797,108,483,135,382,17996,99,18,144,2060
Kit_1*Nt_57,Kit*Nt,1962,426,4561,835,1060,159,93,176,2225,338,66,20,544,1214
Brca1_3*Mpeg1_5,Brca1*Mpeg1,1962,414,866,951,855,223,537,284,790,2650,44,1730,334,1363
Kit_4*Pdcd1lg2_2,Kit*Pdcd1lg2,1962,319,489,600,687,198,537,241,12668,338,47,156,554,672
Brca1_5*Tlr7_2,Brca1*Tlr7,1961,258,767,811,449,429,638,261,371,102,27,107,946,1799
Kit_2*Pla2r1_2,Kit*Pla2r1,1960,442,1261,1161,802,185,1046,298,225,308,1368,13,1016,397
Tsc2_1*Tnfsf15_2,Tsc2*Tnfsf15,1960,649,2451,3777,2386,504,820,476,2147,513,3595,18,392,38
Nt_13*Fcrl6_4,Nt*Fcrl6,1958,292,195,259,388,411,1068,492,416,367,699,50,304,1089
Nt_13*Pla2g2a_2,Nt*Pla2g2a,1958,259,200,1011,311,329,625,222,2214,10197,992,89,539,1473
Rb1_4*Tlr7_1,Rb1*Tlr7,1957,237,511,514,592,222,609,160,69,91,11,108,654,618
Kit_1*Hgf_4,Kit*Hgf,1957,552,787,1006,1165,67,243,151,5311,262,2441,22,204,543
Pten_1*Hgf_4,Pten*Hgf,1957,376,505,733,876,82,290,132,5128,201,554,2293,759,2451
Nt_48*Muc16_4,Nt*Muc16,1956,310,2295,1878,2216,143,458,281,181,84,14,479,317,991
Chit1_3*Tnfsf15_3,Chit1*Tnfsf15,1955,706,1224,1581,1302,116,465,249,310,15971,660,70,590,1716
Brca1_5*Mfap5_1,Brca1*Mfap5,1954,405,1313,688,814,371,1196,553,1702,12022,550,96,399,332
Tgfbr2_3*Muc16_2,Tgfbr2*Muc16,1954,798,1598,1570,1761,498,1321,175,1166,4855,352,25,759,1322
Brca2_4*Mfap5_1,Brca2*Mfap5,1953,483,563,567,670,154,852,308,635,7170,102,231,238,2642
Kit_2*Muc16_3,Kit*Muc16,1948,308,447,492,715,232,879,339,7767,223,176,35,311,106
Tgfbr2_1*Nt_39,Tgfbr2*Nt,1946,1329,3250,1175,747,256,1052,625,5664,7005,2927,2238,430,570
Nt_9*Nt_33,Ntc,1942,523,699,2678,774,122,381,145,390,14027,238,23,274,64
Brca1_3*Hgf_5,Brca1*Hgf,1940,608,1006,860,1032,318,1403,458,1565,159,23,44,481,956
Nt_44*Nt_26,Ntc,1940,1334,10448,1348,1249,522,1287,572,254,302,1355,23,488,918
Rb1_4*Il6_2,Rb1*Il6,1940,199,197,243,751,183,426,106,217,75,9,161,647,1589
Brca1_3*Mysm1_2,Brca1*Mysm1,1940,442,640,1020,830,133,734,406,231,255,50,93,110,552
Smad4_4*Cdh1_1,Smad4*Cdh1,1938,439,442,722,529,184,304,107,6271,6254,44,62,396,1095
Pten_1*Nt_39,Pten*Nt,1937,421,701,920,635,198,680,161,3378,6776,71,198,363,1320
Krt15_3*Cxcr5_2,Krt15*Cxcr5,1937,445,1703,2634,1527,338,902,440,123,166,2663,528,99,472
Tsc2_2*Hgf_2,Tsc2*Hgf,1935,435,488,855,860,193,646,367,229,314,1652,57,313,664
Chek2_1*Nt_26,Chek2*Nt,1934,398,575,1844,487,161,800,204,263,5156,110,47,314,863
Sox10_5*Mpeg1_1,Sox10*Mpeg1,1932,489,477,781,869,403,936,531,260,266,2575,30,235,818
Clca2_5*Cxcr2_5,Clca2*Cxcr2,1931,363,496,632,730,165,521,232,1180,218,1832,393,240,2364
Rb1_4*Fcrl6_1,Rb1*Fcrl6,1931,404,447,257,381,214,714,125,3675,551,108,326,473,1049
Chek2_2*Tnfsf15_1,Chek2*Tnfsf15,1930,239,349,460,389,67,238,70,331,16185,75,161,872,696
Apc_1*Hgf_2,Apc*Hgf,1930,323,520,402,724,113,657,252,2691,3192,38,43,409,1307
Tsc2_2*Nt_6,Tsc2*Nt,1929,568,925,1045,1172,101,670,132,1140,350,1910,600,1061,195
Smad4_2*Pla2r1_4,Smad4*Pla2r1,1927,405,403,668,485,159,455,101,332,22512,98,2324,249,2230
Nt_2*Mfap5_1,Nt*Mfap5,1927,664,828,1286,1220,241,1474,730,3961,29130,4246,31,240,397
Stk11_5*Nt_57,Stk11*Nt,1924,579,1152,1227,1382,643,991,663,2441,146,29,21,328,56
Tsc2_2*Tnfsf15_2,Tsc2*Tnfsf15,1924,495,1195,664,981,267,1146,428,361,2812,60,274,265,112
Clca2_5*Mpeg1_1,Clca2*Mpeg1,1922,628,524,5741,990,225,461,154,1056,1439,149,34,357,563
Brca2_1*Hgf_5,Brca2*Hgf,1922,546,476,549,768,270,538,236,5728,295,3947,1770,489,106
Tsc2_1*Il6_5,Tsc2*Il6,1915,607,1769,1156,1390,477,1232,586,4208,2873,1008,20,149,767
Smad4_4*Fcrl6_1,Smad4*Fcrl6,1913,368,430,475,606,168,504,250,108,1432,24,1574,566,1304
Chit1_3*Tnfsf15_2,Chit1*Tnfsf15,1906,1634,837,1109,614,202,578,319,585,40281,521,680,458,1760
Brca1_3*Cxcr5_3,Brca1*Cxcr5,1904,437,1085,853,795,265,426,274,226,2354,52,201,540,853
Stk11_1*Cdh1_1,Stk11*Cdh1,1902,398,500,791,587,394,1002,261,1070,222,836,273,704,512
Calml3_1*Pdcd1lg2_1,Calml3*Pdcd1lg2,1902,436,3232,4812,2897,393,1043,316,6231,27487,2457,23,420,557
Calml3_1*Tlr7_1,Calml3*Tlr7,1902,302,302,396,592,191,443,192,848,122,119,58,325,679
Kit_4*Cxcr5_3,Kit*Cxcr5,1901,634,1181,1063,965,421,653,287,446,600,1088,36,400,841
Nt_30*Mfap5_5,Nt*Mfap5,1900,416,838,991,781,111,287,133,151,5762,42,517,463,605
Brca1_3*Cx3cl1_4,Brca1*Cx3cl1,1900,441,1317,845,779,224,679,311,108,127,788,25,117,1427
Nt_13*Fcrl6_5,Nt*Fcrl6,1899,247,1681,743,294,257,673,128,1285,19009,69,120,544,770
Nt_2*Pla2r1_3,Nt*Pla2r1,1899,454,705,732,773,103,632,82,161,198,200,34,267,685
Chek2_1*Hgf_5,Chek2*Hgf,1897,280,337,359,466,241,420,85,256,11284,551,30,69,428
Nt_30*Cxcr5_1,Nt*Cxcr5,1894,270,693,678,607,110,451,71,787,9544,989,56,606,1472
Apc_1*Cx3cl1_5,Apc*Cx3cl1,1892,210,257,390,475,112,298,162,3261,159,272,94,1006,555
Brca2_1*Pla2g2a_2,Brca2*Pla2g2a,1892,285,291,278,241,116,887,89,1370,125,1061,115,477,2162
Brca2_3*Cdh1_5,Brca2*Cdh1,1892,354,691,3858,1001,302,1034,408,4164,230,3108,29,288,150
Krt15_3*Nt_26,Krt15*Nt,1891,485,506,3271,627,157,477,225,11096,491,1389,3175,392,876
Brca2_1*Fcrl6_5,Brca2*Fcrl6,1890,819,15135,864,553,244,400,366,273,10702,53,61,319,261
Nt_30*Il6_5,Nt*Il6,1890,502,473,966,667,161,589,155,683,12290,1358,8,657,448
Stk11_5*Muc16_4,Stk11*Muc16,1889,459,833,1033,981,445,683,359,476,20196,1465,55,887,419
Nt_44*Pdcd1lg2_2,Nt*Pdcd1lg2,1888,591,1030,805,770,503,1188,487,12619,31085,490,9,294,1447
Calml3_3*Pdcd1lg2_1,Calml3*Pdcd1lg2,1886,327,551,1856,619,210,658,133,1876,10466,112,1765,530,939
Tgfbr2_5*Nt_57,Tgfbr2*Nt,1886,446,697,558,781,146,763,51,221,285,81,1988,300,2227
Rb1_2*Il6_5,Rb1*Il6,1884,427,3286,1087,1092,259,837,295,1505,2707,1249,20,291,757
Apc_1*Fcrl6_5,Apc*Fcrl6,1883,107,288,261,146,28,352,63,2224,151,29,221,907,883
Brca2_1*Tlr7_5,Brca2*Tlr7,1882,499,394,814,664,254,1011,313,1421,42814,2193,136,544,980
Calml3_1*Nt_25,Calml3*Nt,1882,295,456,672,612,221,582,214,4330,6343,102,96,596,370
Pten_3*Cxcr5_3,Pten*Cxcr5,1881,383,1406,762,1082,287,763,169,168,701,29,314,624,2437
Rb1_4*Cdh1_5,Rb1*Cdh1,1881,205,155,373,328,214,697,157,115,159,924,95,543,479
Brca2_4*Tnfsf15_1,Brca2*Tnfsf15,1879,4304,630,911,787,409,787,383,4918,463,433,44,1103,1074
Nt_9*Mysm1_5,Nt*Mysm1,1879,604,754,930,989,162,345,123,4322,9557,8105,111,279,572
Stk11_1*Mfap5_5,Stk11*Mfap5,1878,261,679,666,658,230,640,179,160,236,3913,383,542,730
Tsc2_1*Mfap5_5,Tsc2*Mfap5,1878,379,746,435,812,379,683,360,3251,16518,89,1120,749,1485
Chit1_5*Mpeg1_1,Chit1*Mpeg1,1875,469,631,768,1034,312,607,348,313,7469,90,2585,473,729
Nt_49*Pla2g2a_2,Nt*Pla2g2a,1873,659,1126,1149,1062,245,1038,208,5810,7081,901,39,925,778
Chek2_2*Cx3cl1_4,Chek2*Cx3cl1,1871,560,475,920,622,199,786,522,2108,16472,2002,17,356,655
Stk11_1*Tlr7_1,Stk11*Tlr7,1868,218,10307,1274,954,227,875,268,165,137,29,112,667,884
Brca2_3*Nt_20,Brca2*Nt,1867,429,559,2553,672,136,334,298,80,111,15,31,771,2425
Stk11_4*Nt_26,Stk11*Nt,1866,448,905,884,707,326,674,301,500,38712,90,137,460,1062
Rb1_1*Cx3cl1_4,Rb1*Cx3cl1,1866,226,131,717,422,147,618,181,57,79,13,159,812,1108
Clca2_2*Nt_39,Clca2*Nt,1864,237,328,372,549,252,299,87,1626,6858,88,961,550,1347
Sox10_4*Fcrl6_1,Sox10*Fcrl6,1863,362,1070,964,1127,412,396,408,259,11963,1066,15,116,722
Tsc2_2*Fcrl6_1,Tsc2*Fcrl6,1862,417,721,1077,797,262,808,212,2618,6293,54,1052,461,1111
Krt15_5*Nt_20,Krt15*Nt,1861,318,308,406,297,120,340,68,11383,25827,112,151,716,1701
Pten_3*Mysm1_2,Pten*Mysm1,1860,330,942,4491,799,296,140,324,398,26999,98,327,453,374
Krt15_3*Pdcd1lg2_2,Krt15*Pdcd1lg2,1860,402,602,5537,494,76,327,183,361,492,2424,115,432,788
Nt_43*Cxcr2_2,Nt*Cxcr2,1859,321,433,3457,544,123,526,176,158,134,138,2194,447,1434
Nt_44*Mfap5_5,Nt*Mfap5,1858,596,1210,1114,1198,303,1255,332,11189,443,1831,411,280,543
Chek2_2*Pla2g2a_2,Chek2*Pla2g2a,1858,401,309,868,738,120,466,386,3130,6297,1802,427,1392,2559
Sox10_1*Il6_1,Sox10*Il6,1857,1615,413,438,618,49,988,181,274,385,55,138,645,1169
Nt_44*Mysm1_4,Nt*Mysm1,1857,277,415,478,750,418,1442,686,1226,194,2320,108,562,669
Stk11_4*Cxcr2_2,Stk11*Cxcr2,1856,427,725,652,799,319,1297,367,637,208,36,1968,1502,90
Krt15_3*Il6_5,Krt15*Il6,1856,627,1082,516,886,216,189,225,2890,35345,446,31,221,1125
Sox10_5*Cxcr5_3,Sox10*Cxcr5,1854,363,2100,1893,1035,434,1106,646,115,152,681,203,894,700
Nt_9*Cxcr5_2,Nt*Cxcr5,1853,717,985,3690,1046,203,384,184,247,788,480,48,536,1345
Tsc2_2*Cxcr2_2,Tsc2*Cxcr2,1852,479,1211,1192,659,324,265,251,326,10208,604,444,1342,616
Rb1_4*Tnfsf15_2,Rb1*Tnfsf15,1852,199,294,1901,342,212,658,225,349,248,58,2011,765,1101
Rb1_2*Cdh1_5,Rb1*Cdh1,1852,346,358,721,626,141,429,205,2765,4327,66,383,435,1170
Pten_1*Pdcd1lg2_1,Pten*Pdcd1lg2,1851,473,935,542,791,135,273,355,208,222,57,18,361,664
Rb1_2*Cdh1_1,Rb1*Cdh1,1851,219,481,379,551,210,440,234,348,12101,1657,31,168,724
Tsc2_2*Cxcr5_1,Tsc2*Cxcr5,1849,328,560,543,701,175,856,375,88,95,22,41,116,2001
Nt_43*Mysm1_2,Nt*Mysm1,1849,284,282,304,417,113,466,125,277,4329,43,606,372,456
Sox10_1*Cx3cl1_5,Sox10*Cx3cl1,1849,418,386,470,853,214,866,323,121,130,36,18,734,2291
Serpinb5_4*Pdcd1lg2_3,Serpinb5*Pdcd1lg2,1849,382,426,700,613,450,863,201,2591,3213,3324,243,516,1667
Apc_1*Mysm1_4,Apc*Mysm1,1849,489,399,598,500,242,961,232,4025,5154,250,179,842,510
Nt_13*Nt_57,Ntc,1848,298,297,886,584,292,1118,380,225,6406,44,774,286,918
Brca2_3*Btla_2,Brca2*Btla,1847,295,550,697,590,271,560,382,2425,7449,73,53,670,568
Nt_30*Cxcr5_3,Nt*Cxcr5,1845,551,1012,544,724,149,306,107,4128,31609,126,17,283,608
Krt15_3*Muc16_2,Krt15*Muc16,1845,312,425,459,482,42,115,87,313,12904,38,131,985,715
Clca2_3*Cxcr5_3,Clca2*Cxcr5,1843,497,611,762,656,110,463,216,58,70,22,1164,489,662
Stk11_5*Fcrl6_5,Stk11*Fcrl6,1842,565,1058,994,1100,406,779,703,3086,281,45,31,1048,842
Nt_48*Mfap5_1,Nt*Mfap5,1839,330,410,629,637,398,1420,559,2708,166,24,18,214,191
Brca2_1*Fcrl6_4,Brca2*Fcrl6,1839,377,491,569,652,466,577,274,2968,126,17,829,191,965
Brca2_1*Muc16_2,Brca2*Muc16,1838,383,628,414,581,336,679,256,287,18776,66,8,199,392
Stk11_1*Fcrl6_5,Stk11*Fcrl6,1837,224,267,338,416,341,1002,371,9428,471,2098,102,813,265
Calml3_3*Nt_39,Calml3*Nt,1837,192,276,245,471,208,586,152,244,2736,37,106,707,342
Tsc2_2*Hgf_5,Tsc2*Hgf,1833,305,456,420,640,149,490,314,4740,353,4526,75,420,944
Tgfbr2_3*Cx3cl1_3,Tgfbr2*Cx3cl1,1832,593,2196,1472,1079,285,648,416,461,30227,1604,30,240,1573
Nt_48*Cxcr5_2,Nt*Cxcr5,1831,392,793,777,1155,613,1154,780,287,11424,83,381,408,451
Tsc2_2*Il6_2,Tsc2*Il6,1829,1240,801,913,919,345,739,299,3718,230,49,1106,599,895
Stk11_5*Pla2g2a_2,Stk11*Pla2g2a,1828,424,1226,1133,1126,230,477,581,183,216,40,32,745,782
Smad4_3*Mysm1_2,Smad4*Mysm1,1828,416,1117,1283,874,164,391,338,81,106,1315,10,1848,1465
Tsc2_1*Cx3cl1_5,Tsc2*Cx3cl1,1828,419,514,630,928,368,410,695,1740,11603,2490,853,240,1515
Serpinb5_2*Mysm1_4,Serpinb5*Mysm1,1828,158,485,512,423,330,396,281,345,121,22,208,726,1410
Stk11_1*Cx3cl1_3,Stk11*Cx3cl1,1827,302,251,354,309,105,259,96,631,5089,42,1117,879,861
Smad4_4*Cxcr5_2,Smad4*Cxcr5,1826,272,449,497,476,230,793,116,107,3296,28,33,413,699
Nt_9*Nt_18,Ntc,1824,472,1019,588,848,110,260,111,2013,18963,95,11,196,305
Chit1_3*Pla2r1_2,Chit1*Pla2r1,1824,360,892,1715,1084,210,436,272,3434,290,1159,112,697,232
Nt_30*Btla_1,Nt*Btla,1824,609,789,932,1072,36,158,39,12872,2069,651,15,267,389
Serpinb5_5*Mysm1_4,Serpinb5*Mysm1,1824,728,876,720,1119,610,1204,515,1133,1387,306,31,551,518
Sox10_5*Pla2g2a_5,Sox10*Pla2g2a,1822,125,390,1352,473,243,642,580,3624,118,317,77,326,229
Pten_3*Mysm1_5,Pten*Mysm1,1821,478,1395,927,759,355,985,312,244,155,30,70,647,1591
Brca1_5*Tlr7_5,Brca1*Tlr7,1821,384,699,772,823,369,1231,760,7136,14907,1397,28,104,2068
Nt_48*Fcrl6_4,Nt*Fcrl6,1820,323,478,1092,637,214,1654,374,332,2059,72,99,623,625
Nt_9*Cdh1_5,Nt*Cdh1,1820,531,609,694,727,238,401,175,158,1880,198,28,483,990
Smad4_4*Fcrl6_5,Smad4*Fcrl6,1818,401,537,2528,777,168,910,232,2941,191,181,1273,313,354
Brca2_4*Fcrl6_4,Brca2*Fcrl6,1816,585,524,1368,1023,387,1113,588,10207,2056,3595,65,432,965
Krt15_2*Pla2r1_3,Krt15*Pla2r1,1815,205,487,409,557,55,708,162,144,7706,32,15,442,2035
Rb1_1*Cdh1_5,Rb1*Cdh1,1813,478,318,644,645,195,737,290,4667,154,30,95,457,1689
Serpinb5_4*Cxcr2_2,Serpinb5*Cxcr2,1813,484,6955,898,610,287,532,269,4960,9487,63,25,232,817
Nt_2*Hgf_5,Nt*Hgf,1808,627,712,1033,940,159,509,176,695,4545,62,21,188,326
Smad4_3*Muc16_3,Smad4*Muc16,1807,343,701,765,632,492,1480,888,141,1739,1282,48,469,1481
Nt_30*Cxcr2_2,Nt*Cxcr2,1806,527,590,1027,800,127,419,334,1849,2870,84,44,364,801
Smad4_4*Il6_1,Smad4*Il6,1806,359,411,704,787,96,311,163,198,227,38,3730,587,677
Brca2_4*Muc16_4,Brca2*Muc16,1805,707,507,1596,632,148,339,233,442,502,6189,30,704,1560
Chit1_3*Pdcd1lg2_1,Chit1*Pdcd1lg2,1805,189,16337,2845,585,351,813,507,402,8395,91,77,403,1011
Pten_3*Nt_18,Pten*Nt,1805,377,555,628,1071,74,374,155,1174,263,42,56,691,174
Tsc2_2*Btla_5,Tsc2*Btla,1802,495,1800,1590,1429,391,799,320,192,7207,472,760,619,639
Nt_2*Fcrl6_5,Nt*Fcrl6,1802,625,957,1137,923,376,676,852,348,10366,95,12,570,659
Apc_5*Nt_33,Apc*Nt,1802,409,618,430,759,323,1838,204,4095,2300,1610,369,518,1241
Brca1_3*Cxcr2_4,Brca1*Cxcr2,1801,221,602,862,814,130,580,247,133,4842,31,31,257,7605
Apc_4*Btla_1,Apc*Btla,1800,311,193,478,537,59,83,142,347,21740,174,13,269,847
Chek2_2*Nt_18,Chek2*Nt,1798,536,670,661,816,109,138,131,576,746,365,76,1197,1039
Chit1_2*Fcrl6_5,Chit1*Fcrl6,1798,358,1936,2527,1899,482,758,533,947,516,118,34,322,84
Kit_4*Cxcr2_5,Kit*Cxcr2,1798,345,2159,450,646,188,740,190,1082,17466,1585,10,593,788
Chek2_1*Mysm1_5,Chek2*Mysm1,1797,459,498,1786,629,147,457,229,4234,35240,1846,66,195,174
Brca2_4*Tlr7_2,Brca2*Tlr7,1796,656,506,882,708,343,1123,187,1489,158,22,309,449,474
Brca2_3*Hgf_4,Brca2*Hgf,1795,414,564,828,664,319,175,213,6410,12342,515,50,233,139
Chit1_3*Pdcd1lg2_2,Chit1*Pdcd1lg2,1793,217,415,605,558,38,43,84,146,194,70,4,195,234
Calml3_1*Btla_5,Calml3*Btla,1792,301,314,430,527,413,627,446,302,11735,84,917,388,3303
Calml3_1*Cx3cl1_5,Calml3*Cx3cl1,1791,343,301,429,644,169,490,144,192,10181,57,17,366,846
Rb1_4*Cx3cl1_5,Rb1*Cx3cl1,1791,271,377,342,473,207,612,263,3729,1643,844,213,585,764
Chit1_5*Cdh1_1,Chit1*Cdh1,1791,824,1184,1276,1278,195,434,137,1814,2309,1248,28,177,669
Krt15_3*Nt_18,Krt15*Nt,1791,354,493,401,349,81,610,193,367,23188,2714,58,243,585
Krt15_3*Mysm1_4,Krt15*Mysm1,1789,357,370,497,911,238,398,172,4025,10425,64,50,209,779
Brca2_1*Pla2r1_3,Brca2*Pla2r1,1788,297,538,535,559,78,206,84,86,88,11,19,591,464
Stk11_4*Nt_39,Stk11*Nt,1786,481,636,709,812,257,876,576,121,135,23,43,210,2289
Smad4_3*Cdh1_1,Smad4*Cdh1,1784,123,317,497,651,92,575,200,33,48,11,232,787,1171
Clca2_3*Hgf_2,Clca2*Hgf,1783,430,528,678,678,89,286,219,5171,138,27,19,1086,1292
Kit_4*Cxcr5_2,Kit*Cxcr5,1782,349,629,1003,1049,212,272,499,2244,243,55,30,492,318
Clca2_3*Cdh1_4,Clca2*Cdh1,1782,272,381,653,775,180,450,385,55,91,18,72,734,291
Rb1_4*Il6_5,Rb1*Il6,1782,192,254,334,268,174,703,153,291,2752,27,153,609,1196
Brca1_5*Nt_57,Brca1*Nt,1781,407,1080,2481,1236,376,1147,507,273,430,1199,37,294,1091
Clca2_2*Pdcd1lg2_3,Clca2*Pdcd1lg2,1780,154,279,342,466,78,287,97,79,150,762,468,170,1634
Nt_44*Pla2g2a_5,Nt*Pla2g2a,1780,397,392,652,591,212,335,184,4607,2056,675,1222,299,907
Nt_44*Cxcr2_2,Nt*Cxcr2,1778,464,1515,642,720,284,743,176,239,10538,1218,22,470,2115
Serpinb5_5*Pla2g2a_2,Serpinb5*Pla2g2a,1778,279,356,334,583,141,595,412,1881,218,37,301,487,585
Nt_49*Nt_20,Ntc,1777,395,467,699,572,433,1057,372,145,175,819,23,259,1663
Nt_49*Pla2r1_3,Nt*Pla2r1,1775,515,678,1210,1024,52,234,255,3860,331,2912,35,675,309
Smad4_2*Cdh1_4,Smad4*Cdh1,1775,514,419,577,758,230,689,285,1112,39718,5109,44,335,237
Nt_9*Pdcd1lg2_3,Nt*Pdcd1lg2,1774,787,829,2964,1125,53,151,286,3518,6946,661,17,706,899
Rb1_1*Pdcd1lg2_3,Rb1*Pdcd1lg2,1772,368,480,539,557,175,492,112,3252,2511,648,783,387,846
Nt_44*Hgf_4,Nt*Hgf,1772,603,1194,1299,1284,460,485,406,1169,178,1270,17,983,660
Nt_9*Mfap5_5,Nt*Mfap5,1770,326,572,774,816,133,368,208,847,224,4151,376,314,687
Tgfbr2_1*Hgf_5,Tgfbr2*Hgf,1770,377,375,392,594,251,568,336,192,1120,424,22,243,3032
Tsc2_2*Pla2r1_4,Tsc2*Pla2r1,1769,555,11914,1153,1074,328,537,344,354,14109,763,491,394,1695
Smad4_4*Mysm1_5,Smad4*Mysm1,1768,382,536,775,662,234,392,364,1973,2196,1168,739,366,1290
Nt_44*Cdh1_5,Nt*Cdh1,1768,306,872,1328,1118,518,646,648,180,6716,686,32,246,844
Brca1_3*Mfap5_1,Brca1*Mfap5,1767,669,1378,992,1072,278,668,275,415,8053,1690,419,386,740
Chit1_5*Nt_33,Chit1*Nt,1766,5665,680,2707,794,225,643,372,416,9810,256,29,289,787
Smad4_3*Cxcr2_2,Smad4*Cxcr2,1764,482,1877,990,660,298,1786,473,204,206,1776,218,651,586
Kit_4*Mfap5_3,Kit*Mfap5,1762,554,1195,1660,1443,234,698,179,191,226,37,938,579,1633
Nt_44*Il6_2,Nt*Il6,1762,412,646,911,888,293,1637,237,668,14745,1507,828,604,605
Calml3_1*Mysm1_5,Calml3*Mysm1,1762,596,2297,418,691,281,755,180,1206,18825,314,34,764,722
Nt_2*Pla2g2a_4,Nt*Pla2g2a,1761,789,7245,1170,1082,192,611,343,814,8048,559,508,288,1718
Brca2_1*Mpeg1_4,Brca2*Mpeg1,1760,335,334,421,473,41,253,49,925,119,3078,20,1323,669
Kit_1*Cxcr5_3,Kit*Cxcr5,1760,354,837,674,731,42,556,191,1830,153,2421,14,1599,1610
Rb1_4*Cx3cl1_4,Rb1*Cx3cl1,1759,136,194,682,290,134,253,177,4419,131,25,11,56,1092
Tsc2_1*Mysm1_4,Tsc2*Mysm1,1759,220,713,735,979,290,705,284,143,101,22,150,554,636
Tsc2_2*Il6_5,Tsc2*Il6,1759,301,626,823,713,201,745,182,1959,416,6265,30,142,967
Brca2_1*Nt_57,Brca2*Nt,1759,403,644,649,640,222,318,156,222,272,773,539,324,365
Tgfbr2_1*Muc16_2,Tgfbr2*Muc16,1757,236,425,303,430,252,686,254,288,5168,30,141,635,1610
Krt15_2*Mpeg1_5,Krt15*Mpeg1,1754,573,697,1095,859,391,1559,244,782,14147,564,58,415,323
Smad4_4*Mysm1_4,Smad4*Mysm1,1752,376,337,221,493,165,781,233,337,8035,176,23,324,102
Stk11_4*Tnfsf15_1,Stk11*Tnfsf15,1752,117,154,414,365,166,560,210,33,49,11,240,1296,664
Kit_4*Mysm1_4,Kit*Mysm1,1749,486,6484,811,903,459,737,569,3532,223,1853,27,198,2540
Apc_5*Btla_2,Apc*Btla,1748,362,553,523,619,50,758,352,116,157,170,550,350,1570
Sox10_1*Cdh1_5,Sox10*Cdh1,1746,232,397,468,422,248,669,352,97,116,2639,69,517,1036
Brca1_2*Muc16_3,Brca1*Muc16,1746,261,1174,444,758,124,1044,249,2737,173,28,1729,201,803
Stk11_4*Cx3cl1_3,Stk11*Cx3cl1,1744,17,175,110,162,228,320,183,10,20,8,270,998,937
Kit_1*Mfap5_1,Kit*Mfap5,1744,462,504,799,976,193,261,174,10063,249,1570,22,321,38
Nt_30*Cxcr5_2,Nt*Cxcr5,1743,415,500,791,853,96,266,250,164,166,201,19,539,518
Pten_1*Cx3cl1_4,Pten*Cx3cl1,1742,378,449,216,761,70,228,221,1829,208,44,142,663,1967
Nt_9*Nt_17,Ntc,1742,432,573,632,702,41,103,22,262,13086,374,1345,248,766
Tsc2_5*Pla2g2a_2,Tsc2*Pla2g2a,1742,1177,1169,1747,1438,492,1454,524,1364,19716,85,107,572,199
Nt_13*Il6_1,Nt*Il6,1741,199,222,210,505,167,415,126,4390,5373,56,73,463,252
Serpinb5_5*Tlr7_2,Serpinb5*Tlr7,1740,237,566,484,649,282,1054,101,2588,9697,50,113,705,965
Tgfbr2_1*Nt_6,Tgfbr2*Nt,1740,370,667,426,660,313,700,279,242,16320,173,49,195,1775
Sox10_4*Cdh1_1,Sox10*Cdh1,1740,509,751,1204,891,264,582,268,3520,6749,1974,18,270,1673
Nt_43*Cx3cl1_5,Nt*Cx3cl1,1738,372,551,735,785,193,232,324,1350,192,1255,187,361,1309
Nt_44*Cdh1_1,Nt*Cdh1,1737,701,930,680,831,437,763,773,1436,12727,273,2961,390,1285
Serpinb5_4*Nt_33,Serpinb5*Nt,1737,312,1051,1080,762,192,630,303,3663,21713,92,32,222,586
Kit_4*Nt_6,Kit*Nt,1736,468,524,801,841,217,677,213,3667,438,5139,208,292,789
Krt15_2*Mysm1_5,Krt15*Mysm1,1736,358,693,1772,651,340,912,344,108,2043,35,386,351,1287
Brca2_3*Cxcr2_2,Brca2*Cxcr2,1736,458,734,821,957,257,202,131,324,446,4292,53,493,1176
Stk11_5*Cx3cl1_3,Stk11*Cx3cl1,1735,575,903,2079,1506,417,724,795,231,266,6860,42,627,2945
Chek2_2*Il6_1,Chek2*Il6,1734,442,435,567,644,205,245,290,1205,9095,66,11,115,711
Calml3_1*Pla2r1_4,Calml3*Pla2r1,1732,290,256,274,531,132,782,131,159,2103,40,1754,509,279
Clca2_5*Pla2g2a_5,Clca2*Pla2g2a,1732,477,8121,742,853,202,454,280,1140,148,941,17,451,811
Sox10_1*Nt_25,Sox10*Nt,1729,319,390,559,619,95,221,211,795,3174,24,43,1355,1295
Smad4_4*Nt_18,Smad4*Nt,1729,272,297,468,669,145,232,221,2149,229,46,22,462,332
Calml3_1*Cdh1_1,Calml3*Cdh1,1728,132,125,288,329,79,242,263,3236,146,1234,589,769,1299
Nt_48*Tlr7_2,Nt*Tlr7,1727,292,395,451,351,122,455,292,890,11454,54,31,195,1353
Kit_1*Nt_20,Kit*Nt,1727,428,1063,795,1171,276,81,147,6183,175,212,100,413,836
Nt_49*Cxcr2_5,Nt*Cxcr2,1727,593,1050,1077,945,509,1107,777,5880,200,849,26,501,146
Chek2_1*Il6_1,Chek2*Il6,1727,220,482,357,397,20,670,143,1487,226,830,15,168,791
Pten_3*Cxcr2_5,Pten*Cxcr2,1725,341,856,973,783,233,297,203,122,126,22,25,224,246
Apc_4*Tlr7_1,Apc*Tlr7,1724,225,334,328,411,114,276,82,29,50,5,60,220,1969
Chit1_5*Pdcd1lg2_3,Chit1*Pdcd1lg2,1724,553,967,1010,1218,233,750,398,1075,21499,66,884,289,761
Brca1_5*Cxcr2_5,Brca1*Cxcr2,1724,377,700,840,882,555,1147,793,2403,27766,2503,36,461,251
Nt_16*Cdh1_5,Nt*Cdh1,1723,496,869,948,835,485,1047,465,2383,16791,63,29,290,1235
Serpinb5_4*Mysm1_4,Serpinb5*Mysm1,1723,365,450,3391,686,209,714,339,362,491,1008,90,727,853
Clca2_2*Hgf_5,Clca2*Hgf,1723,628,358,435,737,60,283,73,994,2163,240,11,1013,1750
Serpinb5_4*Tnfsf15_3,Serpinb5*Tnfsf15,1723,380,389,544,688,294,567,295,375,21299,1744,84,330,876
Apc_4*Cxcr5_2,Apc*Cxcr5,1723,119,718,1063,558,94,378,8,1781,101,78,62,299,2115
Nt_43*Nt_33,Ntc,1720,392,686,455,574,221,376,266,164,1405,60,24,231,1263
Rb1_2*Nt_18,Rb1*Nt,1720,259,661,602,795,149,260,216,156,210,41,16,970,2449
Calml3_1*Fcrl6_4,Calml3*Fcrl6,1719,202,445,1861,341,301,654,250,3701,27838,125,41,170,1126
Nt_49*Fcrl6_5,Nt*Fcrl6,1717,385,380,729,784,694,1114,562,289,8670,66,18,128,861
Stk11_4*Mysm1_4,Stk11*Mysm1,1717,243,305,922,509,263,468,194,51,89,19,225,728,1498
Krt15_5*Hgf_2,Krt15*Hgf,1717,260,492,818,787,247,648,104,42,49,3,20,174,52
Kit_4*Cxcr2_2,Kit*Cxcr2,1716,4862,1185,697,803,305,276,370,3527,387,912,95,512,970
Serpinb5_4*Tnfsf15_2,Serpinb5*Tnfsf15,1716,301,1295,1335,975,281,550,211,89,119,165,18,311,1171
Serpinb5_2*Il6_5,Serpinb5*Il6,1715,280,502,907,571,120,147,268,156,6229,1069,820,393,827
Rb1_2*Fcrl6_1,Rb1*Fcrl6,1714,263,438,478,704,107,579,87,119,153,28,34,298,72
Apc_1*Mfap5_5,Apc*Mfap5,1713,282,279,322,499,40,78,53,98,156,31,36,253,1797
Stk11_1*Pdcd1lg2_2,Stk11*Pdcd1lg2,1712,347,514,3289,702,250,1380,255,311,7774,423,728,325,472
Nt_16*Mfap5_5,Nt*Mfap5,1712,329,746,653,929,157,311,210,1798,127,28,19,694,110
Sox10_5*Fcrl6_1,Sox10*Fcrl6,1710,1791,1279,1598,1094,193,1186,359,446,16071,129,304,280,877
Smad4_4*Il6_2,Smad4*Il6,1709,418,963,642,987,358,546,337,241,9411,68,985,354,471
Tgfbr2_5*Muc16_2,Tgfbr2*Muc16,1709,490,294,901,809,61,535,260,3240,27897,625,24,744,524
Sox10_4*Il6_2,Sox10*Il6,1706,362,1044,2180,1093,308,1064,431,8915,10750,2818,459,330,777
Rb1_1*Pdcd1lg2_2,Rb1*Pdcd1lg2,1705,129,303,444,425,82,125,221,111,140,21,67,662,806
Sox10_4*Nt_6,Sox10*Nt,1702,2507,1492,981,863,253,1039,346,285,7660,67,37,285,86
Nt_30*Nt_33,Ntc,1701,309,10113,840,762,173,379,148,2353,23107,98,43,261,222
Nt_44*Mysm1_5,Nt*Mysm1,1701,507,534,880,815,314,1029,597,3443,215,48,1337,577,1745
Brca2_3*Muc16_3,Brca2*Muc16,1701,504,820,741,4396,340,961,290,6673,30328,115,14,306,794
Clca2_5*Fcrl6_4,Clca2*Fcrl6,1701,387,410,444,610,344,786,248,490,120,31,314,240,954
Calml3_1*Fcrl6_1,Calml3*Fcrl6,1700,399,337,554,512,202,510,354,1518,883,614,34,256,761
Nt_30*Pla2r1_4,Nt*Pla2r1,1698,352,606,805,858,128,301,159,175,793,123,24,401,924
Krt15_3*Tnfsf15_1,Krt15*Tnfsf15,1698,447,643,498,796,136,234,106,163,164,2864,12,1740,449
Apc_4*Tnfsf15_2,Apc*Tnfsf15,1697,136,177,222,225,117,283,102,1773,465,384,379,674,1351
Smad4_2*Hgf_2,Smad4*Hgf,1697,272,202,402,422,104,509,226,171,6292,1853,712,166,538
Clca2_2*Hgf_2,Clca2*Hgf,1696,204,292,266,431,108,338,70,170,7615,104,12,244,459
Tsc2_2*Hgf_4,Tsc2*Hgf,1695,652,753,740,884,141,840,230,592,26622,2103,922,209,768
Nt_44*Pla2g2a_4,Nt*Pla2g2a,1694,409,685,579,808,462,350,302,245,304,236,461,213,195
Rb1_4*Tnfsf15_3,Rb1*Tnfsf15,1693,264,258,333,450,253,493,190,226,11894,85,241,398,67
Rb1_2*Mfap5_5,Rb1*Mfap5,1693,441,406,622,737,215,646,214,6892,9295,44,1822,287,1203
Smad4_4*Cxcr5_3,Smad4*Cxcr5,1693,209,273,416,476,147,273,155,2349,170,63,34,889,1319
Krt15_3*Il6_2,Krt15*Il6,1692,409,1057,3438,835,217,386,384,351,477,71,28,320,493
Rb1_2*Fcrl6_5,Rb1*Fcrl6,1690,216,318,496,500,266,351,212,182,223,132,26,428,536
Sox10_1*Cxcr2_2,Sox10*Cxcr2,1690,309,426,322,1071,310,615,311,1296,189,34,419,197,1412
Kit_4*Cx3cl1_3,Kit*Cx3cl1,1687,415,886,735,735,356,397,283,3520,19762,186,165,710,1366
Tsc2_1*Mysm1_2,Tsc2*Mysm1,1687,222,1640,2299,1513,183,489,156,13085,269,63,47,170,881
Rb1_1*Muc16_2,Rb1*Muc16,1686,2981,253,524,734,58,417,132,174,264,150,73,642,668
Nt_16*Nt_6,Ntc,1685,745,727,991,1003,263,311,219,284,17274,934,13,536,1052
Tgfbr2_1*Il6_1,Tgfbr2*Il6,1683,449,556,827,629,149,420,116,89,115,4904,11,887,38
Nt_48*Muc16_2,Nt*Muc16,1682,218,1612,600,758,296,547,300,1650,123,22,100,465,1377
Stk11_1*Mpeg1_5,Stk11*Mpeg1,1682,262,578,473,615,425,573,450,4563,8854,174,22,258,930
Nt_49*Mfap5_1,Nt*Mfap5,1680,1242,870,1028,1231,400,1137,485,1622,2163,38988,41,374,51
Sox10_5*Nt_17,Sox10*Nt,1678,376,554,729,612,258,549,332,291,6747,1182,20,1071,1624
Rb1_1*Hgf_5,Rb1*Hgf,1677,257,248,401,637,169,642,143,364,312,47,92,345,795
Pten_3*Tlr7_1,Pten*Tlr7,1675,401,719,754,759,267,691,356,202,213,253,33,332,961
Clca2_2*Pdcd1lg2_1,Clca2*Pdcd1lg2,1675,458,226,305,532,151,296,156,1489,364,960,726,228,796
Chit1_3*Pla2g2a_2,Chit1*Pla2g2a,1673,76,205,153,260,118,99,188,16,29,2,7,66,21
Tsc2_1*Mpeg1_5,Tsc2*Mpeg1,1670,493,846,3344,1194,352,1318,537,266,15306,69,1530,319,171
Sox10_5*Nt_33,Sox10*Nt,1670,1135,799,7956,710,657,1492,492,626,792,173,42,395,109
Chit1_3*Fcrl6_1,Chit1*Fcrl6,1669,351,640,706,654,290,625,87,9747,229,50,79,772,1197
Brca2_3*Pla2g2a_5,Brca2*Pla2g2a,1669,440,1051,766,375,229,373,329,197,12514,53,15,487,1057
Kit_2*Btla_5,Kit*Btla,1668,510,610,645,892,238,1109,258,7610,31647,2108,802,535,55
Calml3_4*Tnfsf15_1,Calml3*Tnfsf15,1668,335,279,437,434,150,482,260,4021,4624,79,24,313,291
Serpinb5_4*Mfap5_1,Serpinb5*Mfap5,1668,149,283,530,492,256,726,283,210,180,36,1079,318,453
Apc_5*Nt_39,Apc*Nt,1666,374,885,593,628,293,1252,346,245,11650,69,52,520,1152
Brca1_2*Hgf_4,Brca1*Hgf,1665,297,392,687,644,12,149,63,70,85,841,17,1280,1790
Stk11_4*Pla2r1_2,Stk11*Pla2r1,1664,462,786,635,918,243,532,352,95,119,416,86,794,643
Brca1_2*Btla_2,Brca1*Btla,1663,152,265,262,344,82,288,137,4295,145,1205,146,538,353
Rb1_1*Hgf_4,Rb1*Hgf,1662,283,307,918,519,118,227,128,121,134,32,112,251,1775
Smad4_2*Pla2r1_2,Smad4*Pla2r1,1661,662,356,466,577,213,854,110,3162,40220,379,63,215,42
Chek2_2*Mpeg1_5,Chek2*Mpeg1,1660,445,467,701,477,175,744,341,1970,124,23,1350,564,377
Chek2_2*Pdcd1lg2_3,Chek2*Pdcd1lg2,1660,449,592,970,806,337,595,241,101,132,27,14,310,651
Sox10_1*Pdcd1lg2_2,Sox10*Pdcd1lg2,1659,298,411,1853,516,129,390,110,116,3771,24,18,1173,1736
Serpinb5_4*Pla2g2a_4,Serpinb5*Pla2g2a,1659,228,469,978,451,127,376,103,616,227,324,108,509,427
Rb1_1*Tnfsf15_2,Rb1*Tnfsf15,1659,339,510,2523,660,243,777,258,252,250,766,40,345,1218
Stk11_4*Pdcd1lg2_1,Stk11*Pdcd1lg2,1658,514,2115,2034,1435,448,1188,515,776,10664,1113,90,369,2523
Clca2_3*Fcrl6_1,Clca2*Fcrl6,1657,546,398,621,544,165,471,107,336,24945,101,19,145,250
Nt_2*Muc16_4,Nt*Muc16,1656,667,1205,1148,891,225,786,274,121,164,30,1188,991,1799
Clca2_5*Mfap5_1,Clca2*Mfap5,1655,258,382,218,586,274,791,116,145,200,8128,111,738,1943
Clca2_2*Cxcr5_2,Clca2*Cxcr5,1654,200,198,221,314,66,537,176,6191,238,29,125,431,329
Chit1_5*Mysm1_2,Chit1*Mysm1,1653,467,825,999,874,121,500,98,309,19947,655,1384,235,1981
Rb1_1*Nt_57,Rb1*Nt,1653,105,274,180,416,133,253,138,238,122,24,151,555,620
Apc_4*Cdh1_4,Apc*Cdh1,1649,176,1045,464,379,109,295,126,120,154,20,8,44,344
Nt_9*Fcrl6_5,Nt*Fcrl6,1649,515,551,797,787,78,283,231,2600,199,42,19,792,663
Serpinb5_4*Hgf_4,Serpinb5*Hgf,1647,378,421,3280,477,48,143,142,3100,4559,432,6,371,460
Chek2_2*Tlr7_5,Chek2*Tlr7,1646,485,2780,948,772,256,768,179,5437,18631,86,107,354,1855
Chek2_2*Cdh1_1,Chek2*Cdh1,1645,382,448,575,639,157,454,268,499,92,21,1847,337,127
Kit_4*Fcrl6_1,Kit*Fcrl6,1644,696,1314,789,1092,176,866,277,4694,55621,2146,14,311,135
Serpinb5_5*Fcrl6_5,Serpinb5*Fcrl6,1644,305,471,419,593,284,414,266,12527,2283,196,144,315,599
Stk11_1*Muc16_2,Stk11*Muc16,1643,265,614,690,727,248,319,125,445,843,114,80,439,2605
Nt_44*Hgf_5,Nt*Hgf,1643,292,433,1057,706,139,623,320,404,5468,1628,62,448,697
Clca2_5*Muc16_2,Clca2*Muc16,1642,422,317,498,558,116,659,93,249,16495,137,439,164,611
Tsc2_2*Nt_57,Tsc2*Nt,1641,145,716,585,316,40,530,41,2257,159,906,2351,211,1056
Calml3_1*Cdh1_5,Calml3*Cdh1,1641,339,386,692,635,243,1202,251,2820,34776,841,777,258,1075
Krt15_2*Tlr7_2,Krt15*Tlr7,1640,180,299,391,466,77,420,263,87,120,59,341,782,1157
Brca1_2*Btla_1,Brca1*Btla,1638,416,583,837,572,107,180,230,755,137,594,21,223,1987
Sox10_1*Mpeg1_1,Sox10*Mpeg1,1637,395,401,524,1508,185,982,265,3597,24062,151,30,286,1117
Chit1_3*Nt_25,Chit1*Nt,1636,426,755,929,931,249,31,174,521,6097,906,21,184,972
Tgfbr2_5*Fcrl6_4,Tgfbr2*Fcrl6,1636,378,385,943,701,156,536,335,987,2262,703,46,157,1441
Calml3_3*Btla_2,Calml3*Btla,1635,351,381,458,501,206,245,36,1518,101,560,218,726,528
Smad4_3*Mfap5_5,Smad4*Mfap5,1635,301,563,514,520,333,535,683,281,553,2910,169,833,468
Tgfbr2_1*Il6_2,Tgfbr2*Il6,1635,373,551,623,549,306,977,384,113,176,2049,1690,670,1650
Pten_1*Btla_5,Pten*Btla,1635,227,473,470,591,45,309,19,2660,465,88,1679,572,2283
Sox10_4*Mpeg1_1,Sox10*Mpeg1,1634,334,488,440,895,425,1181,563,3240,330,1789,2150,403,142
Tsc2_5*Tlr7_2,Tsc2*Tlr7,1633,364,558,615,553,127,464,454,287,13617,4117,24,920,1221
Brca1_5*Muc16_2,Brca1*Muc16,1633,429,501,911,682,241,1050,285,203,10437,42,55,272,1378
Apc_5*Muc16_3,Apc*Muc16,1633,458,969,3415,691,123,545,588,434,555,109,26,213,57
Serpinb5_4*Nt_26,Serpinb5*Nt,1632,234,757,1093,729,167,1271,139,94,948,1429,19,256,2835
Clca2_2*Cx3cl1_5,Clca2*Cx3cl1,1630,226,341,204,438,243,505,133,117,4780,182,337,189,427
Smad4_2*Nt_6,Smad4*Nt,1630,254,302,583,357,111,126,69,974,221,139,2197,319,793
Smad4_2*Hgf_4,Smad4*Hgf,1630,276,5729,7469,4529,79,92,84,54,73,18,2673,475,1395
Stk11_4*Hgf_2,Stk11*Hgf,1629,1517,1328,2172,1105,293,846,460,6608,345,71,78,341,1526
Kit_4*Fcrl6_5,Kit*Fcrl6,1627,902,342,675,819,199,658,383,90,91,807,1377,208,983
Nt_16*Btla_2,Nt*Btla,1627,446,7435,948,765,192,598,487,195,9432,494,21,454,1810
Tsc2_1*Cxcr2_2,Tsc2*Cxcr2,1624,302,642,4270,615,148,398,490,2502,187,40,11,124,215
Apc_5*Cdh1_4,Apc*Cdh1,1624,434,575,908,955,306,1359,530,2136,207,35,161,362,329
Chit1_3*Btla_1,Chit1*Btla,1624,376,539,605,615,202,525,330,194,237,486,24,146,69
Tsc2_1*Cxcr5_3,Tsc2*Cxcr5,1623,398,568,1526,927,293,1297,159,109,102,16,46,150,1186
Tgfbr2_3*Pla2g2a_2,Tgfbr2*Pla2g2a,1620,3508,1242,1731,553,315,675,456,2252,432,77,75,674,4735
Kit_4*Nt_17,Kit*Nt,1619,241,410,588,581,65,234,41,43,56,7,7,661,1352
Sox10_4*Hgf_2,Sox10*Hgf,1618,459,24401,1085,5234,288,1146,580,2148,156,92,45,1052,154
Sox10_5*Mysm1_2,Sox10*Mysm1,1618,269,764,614,912,530,1882,651,123,110,28,136,594,260
Rb1_4*Nt_20,Rb1*Nt,1617,144,117,245,180,79,118,84,91,5355,205,164,731,436
Smad4_2*Mpeg1_5,Smad4*Mpeg1,1616,202,227,310,139,84,413,131,1175,24059,395,127,643,797
Clca2_5*Il6_2,Clca2*Il6,1613,335,334,598,556,232,766,184,5817,146,1151,38,563,685
Tgfbr2_1*Cx3cl1_4,Tgfbr2*Cx3cl1,1612,327,802,550,793,448,808,433,2260,786,189,172,425,1638
Serpinb5_5*Mfap5_3,Serpinb5*Mfap5,1612,814,448,419,452,239,869,299,3454,4815,51,20,335,59
Rb1_4*Cxcr5_2,Rb1*Cxcr5,1611,118,581,2083,598,121,676,182,3601,162,36,100,430,820
Nt_9*Mpeg1_1,Nt*Mpeg1,1611,562,762,627,1076,120,382,143,6291,320,991,45,229,539
Kit_1*Pla2r1_3,Kit*Pla2r1,1608,516,372,853,728,16,47,40,114,145,24,19,438,732
Krt15_3*Muc16_3,Krt15*Muc16,1606,454,746,4370,809,248,818,445,263,17213,58,11,271,32
Nt_2*Cxcr5_1,Nt*Cxcr5,1605,635,4234,13602,983,236,637,569,8968,8875,1227,24,288,87
Nt_30*Cdh1_5,Nt*Cdh1,1605,392,577,549,736,188,292,225,193,200,2254,12,589,765
Chek2_2*Cxcr5_1,Chek2*Cxcr5,1604,2237,742,831,740,283,381,282,2458,14364,96,23,621,1311
Sox10_5*Tlr7_5,Sox10*Tlr7,1604,397,530,854,587,297,970,232,1183,19046,548,43,1089,1686
Kit_4*Nt_25,Kit*Nt,1602,420,642,791,958,209,561,305,2414,171,22,17,263,633
Stk11_1*Nt_18,Stk11*Nt,1600,329,450,328,489,214,671,369,115,5064,26,22,329,1377
Sox10_1*Fcrl6_1,Sox10*Fcrl6,1599,276,250,498,702,142,596,138,239,97,1070,86,647,914
Brca1_3*Tlr7_5,Brca1*Tlr7,1599,427,916,673,617,149,770,264,1475,12309,1336,729,273,2041
Nt_43*Mysm1_4,Nt*Mysm1,1598,240,455,434,590,158,387,198,1160,76,18,169,123,226
Chek2_1*Muc16_4,Chek2*Muc16,1598,462,390,392,441,131,382,136,641,38197,482,10,166,854
Apc_4*Cdh1_1,Apc*Cdh1,1597,135,347,147,257,23,205,42,82,73,39,173,737,1230
Smad4_4*Mpeg1_5,Smad4*Mpeg1,1596,286,562,636,755,214,713,325,199,9770,509,41,420,241
Sox10_1*Hgf_5,Sox10*Hgf,1596,285,373,526,589,264,443,357,2848,6847,118,38,584,2061
Nt_43*Mpeg1_1,Nt*Mpeg1,1596,304,761,469,402,219,694,123,190,7846,211,23,242,306
Kit_4*Pla2g2a_5,Kit*Pla2g2a,1595,395,348,547,361,115,58,68,295,23966,70,17,196,1724
Krt15_5*Nt_39,Krt15*Nt,1595,390,241,535,454,128,950,171,2872,310,60,60,291,902
Nt_43*Il6_1,Nt*Il6,1594,225,1245,515,514,182,193,106,306,61,18,17,75,485
Chek2_3*Muc16_3,Chek2*Muc16,1594,175,155,188,209,86,266,217,3059,131,25,3140,760,574
Chek2_2*Nt_57,Chek2*Nt,1592,350,609,2168,587,80,443,150,363,10829,1748,1430,184,1086
Stk11_1*Pla2r1_3,Stk11*Pla2r1,1592,245,274,318,460,56,393,51,2159,130,36,119,764,289
Nt_2*Pdcd1lg2_2,Nt*Pdcd1lg2,1590,600,644,927,1064,298,908,529,1136,23783,140,29,561,332
Tsc2_1*Pdcd1lg2_2,Tsc2*Pdcd1lg2,1588,470,873,2860,698,114,350,305,8570,278,52,20,307,1862
Nt_48*Pla2g2a_5,Nt*Pla2g2a,1587,289,565,501,629,208,728,296,5690,15640,120,1124,329,691
Clca2_2*Cxcr5_3,Clca2*Cxcr5,1587,217,632,179,285,52,39,95,475,4572,38,139,586,428
Kit_4*Cdh1_1,Kit*Cdh1,1587,278,649,892,639,260,482,407,154,206,2788,126,297,825
Tgfbr2_1*Mpeg1_1,Tgfbr2*Mpeg1,1587,342,537,601,702,125,763,403,139,182,3062,12,300,258
Nt_48*Cx3cl1_3,Nt*Cx3cl1,1585,342,416,598,668,220,580,92,276,16054,65,45,705,759
Chit1_3*Btla_2,Chit1*Btla,1583,305,402,501,417,79,789,165,3472,148,80,75,431,1781
Nt_9*Cx3cl1_4,Nt*Cx3cl1,1583,377,558,798,964,370,547,322,202,6726,49,13,230,1334
Tsc2_2*Tnfsf15_3,Tsc2*Tnfsf15,1582,361,16778,1239,870,407,1263,700,271,108,21,11,143,403
Chit1_2*Tlr7_2,Chit1*Tlr7,1580,272,437,637,440,119,760,428,271,6538,1592,64,376,429
Kit_1*Mfap5_5,Kit*Mfap5,1579,566,487,795,699,81,303,35,181,218,36,280,926,1403
Nt_9*Mysm1_2,Nt*Mysm1,1579,310,801,808,796,120,359,312,2669,165,31,13,525,732
Smad4_3*Cxcr5_3,Smad4*Cxcr5,1579,480,426,688,790,358,1533,632,2045,342,561,19,223,429
Tsc2_1*Pla2r1_4,Tsc2*Pla2r1,1578,294,19157,1481,1281,260,996,238,3355,118,23,23,1047,305
Clca2_5*Nt_20,Clca2*Nt,1577,376,411,644,634,101,98,176,190,3254,98,313,292,1019
Smad4_4*Mfap5_3,Smad4*Mfap5,1576,533,1366,797,913,206,597,228,523,562,109,35,251,1845
Pten_1*Cdh1_4,Pten*Cdh1,1573,798,709,741,967,291,485,106,4370,2021,5722,251,147,110
Rb1_2*Pla2r1_4,Rb1*Pla2r1,1573,407,552,535,663,96,216,148,219,268,1584,40,386,1097
Stk11_1*Fcrl6_4,Stk11*Fcrl6,1572,195,473,527,450,206,1087,323,165,131,23,16,221,1168
Serpinb5_4*Pla2r1_4,Serpinb5*Pla2r1,1571,385,2296,560,703,364,728,230,3229,11421,94,22,411,335
Chek2_2*Mpeg1_1,Chek2*Mpeg1,1570,582,621,703,570,27,47,187,96,148,17,24,168,1331
Pten_4*Il6_5,Pten*Il6,1569,388,703,802,665,210,180,161,72,73,23,20,470,1150
Chek2_1*Fcrl6_5,Chek2*Fcrl6,1569,198,7719,459,622,304,358,327,3593,131,26,56,460,155
Nt_30*Tlr7_5,Nt*Tlr7,1569,544,791,532,770,77,294,70,158,81,2135,21,2202,2443
Brca2_3*Mysm1_5,Brca2*Mysm1,1568,356,575,568,639,333,1172,343,131,124,15,30,256,876
Apc_5*Nt_17,Apc*Nt,1566,326,794,441,692,119,824,221,1325,24289,282,131,717,2583
Nt_43*Pdcd1lg2_2,Nt*Pdcd1lg2,1565,289,270,456,449,131,571,117,2735,718,2180,155,505,607
Krt15_5*Pdcd1lg2_1,Krt15*Pdcd1lg2,1565,321,556,1815,734,275,615,305,3779,176,40,51,259,3083
Nt_2*Mysm1_2,Nt*Mysm1,1564,415,695,625,778,114,478,203,1928,9792,90,521,334,944
Kit_4*Tlr7_1,Kit*Tlr7,1563,416,680,891,920,241,364,378,3715,19804,108,29,127,539
Serpinb5_4*Mfap5_5,Serpinb5*Mfap5,1563,256,375,2047,639,84,887,166,88,787,12,30,260,1830
Clca2_2*Nt_6,Clca2*Nt,1561,238,154,337,327,61,268,15,211,163,68,16,176,636
Apc_5*Cxcr5_1,Apc*Cxcr5,1560,377,611,414,839,95,166,124,2327,32154,106,15,190,809
Smad4_4*Mfap5_1,Smad4*Mfap5,1559,534,474,446,304,212,216,274,2148,481,2794,16,327,328
Tsc2_2*Cdh1_4,Tsc2*Cdh1,1559,314,850,903,1008,333,860,175,217,227,762,31,237,1160
Brca2_4*Fcrl6_5,Brca2*Fcrl6,1558,171,442,537,704,332,1237,329,160,2491,1610,15,237,65
Calml3_1*Hgf_2,Calml3*Hgf,1558,238,1336,572,360,130,644,248,1784,156,994,18,521,985
Calml3_1*Mysm1_4,Calml3*Mysm1,1555,215,883,333,505,365,931,226,64,1292,14,1786,433,183
Chek2_2*Mfap5_3,Chek2*Mfap5,1551,1724,2367,489,594,237,509,394,1450,266,41,23,229,933
Chit1_5*Cx3cl1_4,Chit1*Cx3cl1,1551,406,319,515,491,113,656,225,137,4904,36,46,226,93
Nt_16*Cx3cl1_4,Nt*Cx3cl1,1551,2106,773,637,577,124,336,215,144,206,1311,16,522,306
Nt_16*Nt_18,Ntc,1549,247,566,264,560,145,442,95,737,91,20,41,569,745
Kit_2*Cdh1_4,Kit*Cdh1,1548,348,529,1010,751,142,478,172,257,15880,1103,45,1623,400
Nt_13*Pla2g2a_4,Nt*Pla2g2a,1548,243,864,876,888,402,672,261,89,94,1597,12,315,1110
Rb1_1*Cxcr2_4,Rb1*Cxcr2,1547,193,268,296,225,151,464,120,8486,147,31,9,317,527
Kit_2*Mpeg1_1,Kit*Mpeg1,1545,539,506,628,856,417,432,160,4612,14141,119,16,1848,1227
Apc_4*Tnfsf15_3,Apc*Tnfsf15,1545,270,248,1398,310,117,185,77,102,770,709,5,891,2216
Chek2_1*Il6_2,Chek2*Il6,1543,391,364,996,665,131,444,444,195,8411,54,20,251,1146
Sox10_5*Hgf_5,Sox10*Hgf,1543,422,632,515,773,300,671,447,368,9772,71,919,317,646
Kit_2*Pla2r1_4,Kit*Pla2r1,1542,326,513,493,560,45,465,211,4536,16438,86,142,477,1024
Rb1_4*Muc16_2,Rb1*Muc16,1541,235,519,698,550,57,62,22,3938,91,794,180,800,759
Tgfbr2_3*Muc16_4,Tgfbr2*Muc16,1539,540,4334,1165,1259,343,395,260,236,281,79,123,922,1299
Nt_30*Fcrl6_1,Nt*Fcrl6,1539,381,859,765,782,18,464,161,513,150,40,20,277,562
Apc_5*Cxcr2_2,Apc*Cxcr2,1537,3148,2070,780,1081,279,723,425,3682,19090,3406,1756,478,1409
Krt15_5*Mfap5_3,Krt15*Mfap5,1537,102,236,214,187,130,144,102,249,71,23,155,673,1197
Nt_43*Mpeg1_5,Nt*Mpeg1,1536,277,291,746,581,63,509,145,446,123,20,11,335,1583
Brca2_1*Tlr7_1,Brca2*Tlr7,1536,485,512,1135,848,419,451,267,123,139,901,24,249,366
Nt_16*Pdcd1lg2_1,Nt*Pdcd1lg2,1535,507,788,643,893,325,480,638,6848,172,139,11,108,737
Tsc2_1*Nt_17,Tsc2*Nt,1534,307,292,595,502,91,212,205,283,16054,82,1860,419,348
Serpinb5_2*Pla2r1_2,Serpinb5*Pla2r1,1533,927,714,986,1073,204,668,160,12355,2370,486,23,406,882
Brca2_3*Pdcd1lg2_3,Brca2*Pdcd1lg2,1533,185,314,132,313,114,877,130,143,49,12,206,744,452
Sox10_1*Btla_2,Sox10*Btla,1530,478,1935,1359,1097,169,559,220,604,46779,149,159,396,317
Calml3_4*Muc16_4,Calml3*Muc16,1529,424,329,320,421,114,342,138,1725,10548,44465,597,117,1051
Calml3_3*Pla2r1_4,Calml3*Pla2r1,1528,247,3417,309,440,57,582,66,75,93,18,30,88,48
Serpinb5_2*Cx3cl1_4,Serpinb5*Cx3cl1,1527,182,322,467,417,126,434,163,1472,161,31,148,517,859
Pten_3*Nt_26,Pten*Nt,1527,387,475,662,602,272,562,332,727,40509,1863,62,449,734
Tgfbr2_1*Il6_5,Tgfbr2*Il6,1526,470,648,734,704,185,452,417,4710,312,2721,65,490,574
Apc_5*Mpeg1_5,Apc*Mpeg1,1525,315,632,459,654,264,257,406,72,54,5,22,162,290
Kit_1*Muc16_4,Kit*Muc16,1525,253,407,501,638,24,330,50,710,122,1790,1370,259,199
Kit_2*Mfap5_5,Kit*Mfap5,1525,306,537,526,578,185,530,326,70,100,1939,17,226,1812
Krt15_2*Mfap5_1,Krt15*Mfap5,1523,192,419,316,564,316,1111,384,173,11226,48,22,237,121
Brca1_2*Cxcr5_2,Brca1*Cxcr5,1523,289,560,487,547,114,340,219,3573,277,59,23,413,447
Kit_2*Nt_26,Kit*Nt,1522,242,359,425,435,129,498,156,209,7509,3105,86,556,1410
Tsc2_1*Fcrl6_1,Tsc2*Fcrl6,1522,601,920,691,673,191,572,593,3007,9577,51,663,283,1277
Nt_16*Tnfsf15_2,Nt*Tnfsf15,1521,445,665,808,819,157,576,366,939,227,430,83,428,238
Apc_5*Hgf_2,Apc*Hgf,1521,573,483,1039,969,238,388,233,3756,119,25,101,414,1008
Nt_9*Tlr7_2,Nt*Tlr7,1521,412,519,912,682,107,433,115,1327,11116,2583,99,914,1522
Kit_2*Cxcr2_2,Kit*Cxcr2,1521,4436,604,762,398,93,349,214,3570,454,2207,3303,497,1051
Stk11_4*Pdcd1lg2_3,Stk11*Pdcd1lg2,1521,288,454,529,576,232,363,72,25,41,11,36,68,233
Sox10_5*Mpeg1_5,Sox10*Mpeg1,1519,740,779,639,850,345,473,484,786,1043,26,15,864,668
Krt15_3*Pdcd1lg2_3,Krt15*Pdcd1lg2,1517,397,711,1055,490,252,179,192,1008,248,25,21,340,611
Calml3_4*Mfap5_1,Calml3*Mfap5,1516,227,1905,1173,816,199,398,158,523,13230,2742,45,218,888
Brca1_2*Pdcd1lg2_1,Brca1*Pdcd1lg2,1516,449,648,1480,1058,240,958,391,760,14173,1009,51,320,1248
Chek2_3*Cx3cl1_5,Chek2*Cx3cl1,1516,273,235,500,457,57,162,54,168,165,2385,694,1030,387
Krt15_2*Nt_20,Krt15*Nt,1513,338,1081,2150,979,177,276,266,761,5495,200,212,299,122
Tgfbr2_5*Pla2g2a_2,Tgfbr2*Pla2g2a,1511,455,451,422,511,197,564,169,720,139,24,14,143,957
Serpinb5_5*Tlr7_5,Serpinb5*Tlr7,1511,386,1557,410,705,329,921,308,198,182,41,112,231,1602
Tgfbr2_1*Nt_57,Tgfbr2*Nt,1511,171,487,569,468,251,499,251,536,820,3228,21,145,798
Sox10_4*Fcrl6_4,Sox10*Fcrl6,1510,195,413,518,542,316,588,507,1914,491,94,130,644,1207
Nt_2*Nt_57,Ntc,1510,489,664,870,579,336,382,472,189,214,37,15,315,1171
Apc_5*Fcrl6_1,Apc*Fcrl6,1510,359,676,446,592,252,531,74,2579,567,99,13,163,759
Stk11_4*Pla2g2a_5,Stk11*Pla2g2a,1509,864,635,517,516,40,232,105,409,219,47,181,580,1119
Krt15_2*Nt_18,Krt15*Nt,1508,287,517,531,677,143,487,133,1977,3509,57,16,284,96
Chit1_3*Nt_18,Chit1*Nt,1506,163,275,562,499,139,305,119,70,86,1715,15,86,461
Calml3_3*Mysm1_2,Calml3*Mysm1,1505,79,170,180,265,61,55,113,84,2511,17,9,147,36
Brca2_3*Hgf_5,Brca2*Hgf,1505,347,377,516,668,125,1222,547,1651,848,155,114,554,803
Nt_16*Nt_39,Ntc,1504,470,1021,1203,1083,432,766,350,2353,13845,2608,40,218,864
Calml3_1*Cxcr2_2,Calml3*Cxcr2,1504,243,329,536,410,245,488,225,425,1590,26,49,447,877
Chit1_3*Fcrl6_4,Chit1*Fcrl6,1504,165,279,237,355,151,592,252,151,58,16,74,1459,1088
Kit_4*Nt_18,Kit*Nt,1504,514,462,640,619,72,231,78,95,113,10,15,195,839
Nt_43*Pla2r1_4,Nt*Pla2r1,1502,474,382,565,537,129,431,174,3515,172,912,23,371,457
Chek2_2*Muc16_2,Chek2*Muc16,1502,432,531,615,897,179,230,86,4541,111,22,10,972,782
Brca1_5*Nt_20,Brca1*Nt,1500,223,479,409,684,384,497,355,219,225,58,16,287,100
Rb1_2*Hgf_4,Rb1*Hgf,1499,437,857,625,538,153,198,268,100,133,406,12,326,662
Kit_4*Mysm1_2,Kit*Mysm1,1498,288,725,876,777,204,675,317,239,20172,774,716,288,636
Sox10_1*Pdcd1lg2_1,Sox10*Pdcd1lg2,1498,615,553,917,623,289,585,293,862,9728,179,42,172,1076
Chek2_2*Mysm1_5,Chek2*Mysm1,1497,744,880,646,597,173,432,199,1872,2064,42,847,218,1765
Nt_30*Cxcr2_5,Nt*Cxcr2,1496,329,623,651,907,30,178,77,724,961,28,27,489,961
Nt_2*Cxcr5_3,Nt*Cxcr5,1496,591,3629,779,1120,115,792,135,8800,1157,2420,21,391,1057
Pten_1*Tnfsf15_2,Pten*Tnfsf15,1493,307,432,902,716,65,229,195,250,79,484,17,1246,1379
Kit_1*Cxcr2_5,Kit*Cxcr2,1493,407,1112,738,850,145,402,182,224,10647,60,32,219,3021
Krt15_3*Mfap5_1,Krt15*Mfap5,1493,263,348,768,497,109,268,55,416,5352,394,774,438,1516
Chek2_2*Cdh1_5,Chek2*Cdh1,1491,746,521,436,549,184,477,197,150,2566,47,464,401,995
Krt15_5*Btla_5,Krt15*Btla,1491,202,604,382,451,200,549,249,801,84,20,99,387,607
Calml3_3*Nt_33,Calml3*Nt,1491,203,175,362,475,110,265,83,62,75,850,35,246,549
Nt_16*Btla_5,Nt*Btla,1490,462,1048,703,776,196,1009,441,4494,230,35,16,52,342
Brca1_3*Mpeg1_4,Brca1*Mpeg1,1490,384,621,628,665,88,583,257,1045,128,27,34,258,389
Tsc2_1*Nt_33,Tsc2*Nt,1488,537,3442,853,803,277,1079,465,4709,610,1502,14,204,44
Sox10_1*Mysm1_2,Sox10*Mysm1,1488,438,2673,722,713,306,373,308,372,27589,345,34,383,431
Brca1_2*Nt_39,Brca1*Nt,1488,174,526,428,571,74,246,102,35,61,11,4604,373,333
Chit1_5*Mfap5_1,Chit1*Mfap5,1487,220,515,698,529,110,559,234,369,75,528,12,875,1184
Pten_4*Cx3cl1_4,Pten*Cx3cl1,1487,359,901,766,733,131,398,295,122,3450,21,32,841,1883
Brca1_2*Nt_6,Brca1*Nt,1486,272,692,994,958,210,322,209,145,138,1290,34,184,92
Rb1_2*Pdcd1lg2_3,Rb1*Pdcd1lg2,1485,202,476,362,532,201,822,71,112,725,11,301,417,620
Krt15_2*Il6_1,Krt15*Il6,1485,255,505,1845,460,159,287,67,8117,14699,824,1132,605,232
Sox10_1*Mfap5_5,Sox10*Mfap5,1485,276,487,395,427,160,365,102,1610,30119,95,65,1052,891
Smad4_4*Nt_57,Smad4*Nt,1484,379,353,555,652,218,701,307,6502,22351,87,725,272,363
Sox10_4*Btla_5,Sox10*Btla,1484,360,521,472,588,185,827,492,143,2408,1160,15,71,702
Nt_30*Mysm1_5,Nt*Mysm1,1483,270,711,756,788,101,649,181,2393,152,1026,24,299,357
Chek2_2*Mysm1_2,Chek2*Mysm1,1482,365,868,1186,907,105,209,182,82,93,20,50,126,804
Nt_43*Nt_26,Ntc,1482,333,279,589,634,106,601,164,206,12969,51,14,142,926
Pten_1*Tlr7_1,Pten*Tlr7,1482,254,1343,657,619,174,446,193,85,97,13,985,462,680
Nt_44*Cxcr2_4,Nt*Cxcr2,1481,284,932,425,457,195,407,208,6340,25378,630,10,169,1016
Sox10_4*Pdcd1lg2_3,Sox10*Pdcd1lg2,1479,346,615,778,698,163,360,546,206,247,409,62,636,1629
Smad4_3*Mysm1_4,Smad4*Mysm1,1477,375,799,696,706,530,1875,797,194,243,4208,31,293,884
Kit_2*Btla_1,Kit*Btla,1476,635,391,458,1023,148,417,248,1456,3198,2253,2094,201,472
Tsc2_2*Tlr7_1,Tsc2*Tlr7,1474,1279,691,833,795,109,985,324,195,3651,1123,18,77,243
Clca2_5*Cdh1_1,Clca2*Cdh1,1473,370,983,1058,805,132,96,120,176,4098,40,30,342,303
Smad4_2*Cdh1_5,Smad4*Cdh1,1473,306,351,330,284,187,1099,175,3202,14356,96,769,306,86
Tsc2_2*Cdh1_5,Tsc2*Cdh1,1472,315,797,891,828,176,270,70,4125,3662,1110,193,50,890
Nt_30*Tnfsf15_2,Nt*Tnfsf15,1472,379,502,644,501,177,185,114,231,6881,60,11,166,1068
Nt_43*Il6_5,Nt*Il6,1472,362,384,1193,671,113,423,150,194,6812,1098,508,267,1092
Serpinb5_4*Pla2r1_3,Serpinb5*Pla2r1,1471,276,387,457,559,172,237,90,72,93,10,27,144,431
Nt_30*Btla_5,Nt*Btla,1470,400,554,951,765,164,425,74,323,19706,366,16,541,947
Calml3_3*Cdh1_5,Calml3*Cdh1,1469,309,341,309,327,100,401,180,1787,100,762,3021,509,800
Chek2_2*Mfap5_1,Chek2*Mfap5,1469,302,297,444,699,188,223,264,2662,112,15,16,124,407
Brca2_3*Cxcr5_2,Brca2*Cxcr5,1469,312,11869,1376,823,331,265,414,1450,11110,2086,13,206,1000
Nt_48*Nt_57,Ntc,1469,404,774,695,649,498,1785,432,1343,612,35,15,239,33
Chek2_2*Pla2g2a_4,Chek2*Pla2g2a,1469,419,588,487,1180,214,237,213,3764,5128,1583,15,553,716
Serpinb5_2*Btla_5,Serpinb5*Btla,1467,174,403,768,538,105,306,137,159,191,744,38,321,552
Krt15_2*Mfap5_5,Krt15*Mfap5,1466,475,556,899,777,155,700,188,522,10895,2594,561,171,647
Apc_4*Hgf_2,Apc*Hgf,1465,237,821,261,433,72,255,63,4163,2815,74,6,274,1464
Rb1_1*Btla_1,Rb1*Btla,1464,6409,618,1190,738,97,277,65,1051,6940,1013,47,160,617
Chit1_5*Nt_20,Chit1*Nt,1462,234,392,575,471,111,644,208,304,33166,513,20,100,559
Nt_2*Muc16_2,Nt*Muc16,1462,513,1046,1187,984,128,666,282,121,131,69,369,179,270
Calml3_1*Pla2g2a_4,Calml3*Pla2g2a,1461,228,4634,681,505,90,218,183,725,56,10,749,203,1013
Smad4_3*Cx3cl1_4,Smad4*Cx3cl1,1461,231,568,533,516,245,567,161,111,124,22,11,114,1346
Tgfbr2_1*Pdcd1lg2_3,Tgfbr2*Pdcd1lg2,1461,412,577,796,570,314,788,523,140,960,583,8,257,338
Apc_1*Pla2g2a_5,Apc*Pla2g2a,1461,260,2192,358,484,77,159,67,61,70,19,784,344,1540
Calml3_3*Tnfsf15_3,Calml3*Tnfsf15,1461,228,299,411,430,220,464,135,239,2606,2792,68,349,765
Apc_1*Nt_39,Apc*Nt,1460,432,478,339,344,69,314,156,1665,134,32,26,176,1605
Chek2_2*Tlr7_1,Chek2*Tlr7,1459,416,579,894,819,287,904,145,207,309,44,547,311,57
Smad4_2*Pdcd1lg2_2,Smad4*Pdcd1lg2,1459,256,4056,765,732,169,407,171,584,436,108,147,707,615
Rb1_2*Cxcr2_5,Rb1*Cxcr2,1459,367,425,479,472,213,544,303,966,114,796,218,117,1369
Brca2_1*Mysm1_5,Brca2*Mysm1,1457,319,412,614,479,251,643,281,2307,133,1246,150,327,721
Stk11_4*Btla_1,Stk11*Btla,1456,553,8043,1241,792,287,883,497,348,4610,81,80,421,36
Clca2_5*Mfap5_3,Clca2*Mfap5,1456,289,301,272,592,153,211,276,12597,271,1227,8,536,30
Tsc2_1*Nt_6,Tsc2*Nt,1454,339,1116,842,892,250,75,260,4546,7673,1600,109,330,75
Tgfbr2_3*Fcrl6_5,Tgfbr2*Fcrl6,1453,668,1386,3620,1248,461,1877,851,4285,34722,2481,68,178,96
Krt15_2*Pla2g2a_2,Krt15*Pla2g2a,1453,425,949,1376,795,251,501,325,2190,4101,6543,16,269,376
Chek2_1*Fcrl6_4,Chek2*Fcrl6,1452,195,309,324,376,269,1089,307,2850,174,32,183,297,142
Chek2_2*Fcrl6_5,Chek2*Fcrl6,1452,354,449,848,457,248,694,262,294,15086,71,26,235,374
Pten_4*Cxcr5_2,Pten*Cxcr5,1451,346,712,547,489,249,731,366,230,2620,1058,139,522,706
Brca2_1*Il6_1,Brca2*Il6,1450,198,238,271,421,192,213,149,101,143,1298,3369,571,152
Nt_43*Mfap5_3,Nt*Mfap5,1448,225,188,290,383,76,319,123,46,70,122,8,144,838
Clca2_5*Il6_1,Clca2*Il6,1448,386,488,442,379,101,147,197,1824,4083,69,22,320,282
Brca1_3*Muc16_2,Brca1*Muc16,1447,1765,1390,458,874,446,651,241,2320,512,137,20,793,425
Rb1_2*Pla2r1_3,Rb1*Pla2r1,1447,181,497,371,596,66,65,82,153,6443,696,27,145,655
Sox10_1*Pla2r1_4,Sox10*Pla2r1,1447,387,561,516,731,217,514,234,720,3711,179,23,231,1721
Tgfbr2_1*Fcrl6_1,Tgfbr2*Fcrl6,1446,271,626,933,963,178,752,490,177,4680,2715,534,133,967
Apc_1*Pla2r1_4,Apc*Pla2r1,1446,167,210,203,383,45,489,16,92,124,31,31,354,642
Krt15_3*Cxcr5_3,Krt15*Cxcr5,1445,412,1096,653,798,137,461,142,1636,350,2841,21,137,1330
Nt_43*Pla2g2a_5,Nt*Pla2g2a,1444,223,279,292,473,70,196,84,924,2372,18,17,95,41
Serpinb5_2*Pla2r1_4,Serpinb5*Pla2r1,1443,355,334,705,695,202,317,173,429,23638,1547,46,275,1044
Pten_1*Tnfsf15_3,Pten*Tnfsf15,1442,151,555,337,466,37,280,120,297,79,18,1134,691,475
Nt_30*Nt_26,Ntc,1442,395,698,708,589,167,102,147,4525,18798,89,19,152,1319
Apc_1*Tlr7_2,Apc*Tlr7,1442,171,228,352,250,39,154,39,38,59,915,4,523,321
Brca2_1*Cdh1_1,Brca2*Cdh1,1442,361,387,620,590,248,738,400,175,128,38,282,217,685
Chit1_3*Cxcr5_1,Chit1*Cxcr5,1442,210,783,925,986,133,417,186,4281,247,3351,43,265,947
Krt15_5*Fcrl6_4,Krt15*Fcrl6,1439,453,416,538,583,209,151,275,252,345,193,20,1736,933
Nt_16*Cxcr5_1,Nt*Cxcr5,1438,528,1069,793,909,173,445,310,76,84,17,14,340,42
Clca2_3*Pla2r1_2,Clca2*Pla2r1,1436,312,398,425,739,152,729,234,105,146,102,3108,1613,637
Brca2_3*Pdcd1lg2_2,Brca2*Pdcd1lg2,1436,312,12054,670,589,179,900,281,262,10923,72,17,205,60
Pten_3*Tlr7_5,Pten*Tlr7,1434,460,471,594,699,440,478,514,4012,6640,43,106,592,757
Smad4_3*Il6_2,Smad4*Il6,1433,315,898,1011,1091,462,532,438,2909,158,459,104,358,463
Chek2_1*Cxcr5_3,Chek2*Cxcr5,1433,433,282,566,549,134,597,80,4900,1560,277,11,411,61
Pten_4*Nt_39,Pten*Nt,1432,483,1487,1115,813,399,621,341,201,236,38,40,155,1128
Brca1_5*Cx3cl1_3,Brca1*Cx3cl1,1432,1696,488,741,807,178,422,197,131,203,214,12,133,705
Kit_1*Pla2g2a_2,Kit*Pla2g2a,1431,358,486,689,646,87,158,224,469,30789,98,18,362,79
Sox10_1*Muc16_3,Sox10*Muc16,1430,360,427,703,652,308,576,481,3726,20272,224,47,541,979
Calml3_3*Hgf_4,Calml3*Hgf,1430,235,4899,382,524,47,138,93,1055,26966,100,1445,435,424
Serpinb5_5*Il6_1,Serpinb5*Il6,1430,366,331,791,415,271,850,161,3098,157,550,10,361,19
Rb1_1*Mfap5_5,Rb1*Mfap5,1430,279,307,386,425,203,695,173,1571,2549,2651,1059,315,611
Smad4_3*Btla_1,Smad4*Btla,1429,466,900,1070,1171,298,691,541,4881,4868,46,18,132,705
Tsc2_1*Pdcd1lg2_3,Tsc2*Pdcd1lg2,1427,411,1827,1637,1252,287,923,569,2539,808,30,110,396,377
Chit1_5*Cxcr2_5,Chit1*Cxcr2,1427,291,341,332,544,171,199,172,3405,148,26,23,268,318
Sox10_1*Cdh1_4,Sox10*Cdh1,1426,279,535,754,643,213,837,389,311,15251,589,28,246,1628
Nt_9*Il6_5,Nt*Il6,1426,365,686,580,628,143,26,99,104,2000,21,18,369,195
Stk11_4*Cdh1_4,Stk11*Cdh1,1426,1266,555,335,422,294,650,326,253,162,34,109,468,1082
Pten_4*Tnfsf15_2,Pten*Tnfsf15,1425,209,245,719,487,160,853,151,35,74,12,726,313,142
Kit_2*Pdcd1lg2_3,Kit*Pdcd1lg2,1424,279,733,657,603,208,624,147,1456,217,53,19,984,551
Calml3_1*Cx3cl1_4,Calml3*Cx3cl1,1422,290,446,373,404,314,725,160,196,1721,3907,893,553,188
Chit1_3*Cxcr5_3,Chit1*Cxcr5,1422,620,546,305,479,253,300,329,53,72,13,1339,381,1290
Nt_43*Pdcd1lg2_3,Nt*Pdcd1lg2,1421,297,343,418,488,98,415,139,324,14593,1921,18,270,840
Apc_4*Nt_25,Apc*Nt,1420,375,394,358,638,52,280,49,7855,9257,2003,12,284,1032
Nt_9*Mpeg1_5,Nt*Mpeg1,1420,352,664,832,678,277,295,88,197,246,863,5,304,519
Chek2_2*Mfap5_5,Chek2*Mfap5,1420,292,393,573,438,125,354,112,8725,332,45,18,84,727
Kit_2*Pla2r1_3,Kit*Pla2r1,1419,399,670,678,384,46,463,71,551,178,39,12,923,1558
Nt_43*Pla2r1_3,Nt*Pla2r1,1418,241,314,305,439,19,127,38,5653,5653,1161,1330,451,542
Chek2_3*Btla_1,Chek2*Btla,1418,420,346,443,487,52,60,48,465,187,497,639,800,612
Chit1_5*Nt_18,Chit1*Nt,1416,447,597,530,802,106,784,89,1984,20221,657,29,367,605
Pten_4*Mysm1_4,Pten*Mysm1,1415,299,300,383,563,190,460,351,111,8083,512,94,523,529
Apc_1*Hgf_4,Apc*Hgf,1415,382,1526,456,314,52,127,128,84,107,650,219,998,477
Clca2_2*Muc16_3,Clca2*Muc16,1414,205,519,716,675,148,257,140,1528,265,290,52,301,962
Brca2_3*Il6_5,Brca2*Il6,1412,292,336,330,632,158,475,320,3227,6578,239,75,260,516
Chit1_3*Mysm1_4,Chit1*Mysm1,1410,286,342,299,606,144,349,403,328,14643,61,3318,559,454
Brca1_2*Tnfsf15_1,Brca1*Tnfsf15,1410,200,169,432,272,62,115,110,18,35,4,1639,1098,1225
Apc_4*Muc16_3,Apc*Muc16,1410,209,185,320,349,124,279,184,164,206,593,5,73,577
Serpinb5_2*Cxcr2_2,Serpinb5*Cxcr2,1410,203,465,267,813,130,353,200,3776,238,50,25,827,1869
Tgfbr2_5*Nt_20,Tgfbr2*Nt,1409,707,674,488,785,104,266,156,190,3065,2100,19,223,1199
Smad4_3*Fcrl6_1,Smad4*Fcrl6,1408,316,1394,2068,1825,311,620,690,349,22474,1564,25,395,67
Krt15_3*Pla2g2a_4,Krt15*Pla2g2a,1407,411,452,465,547,81,307,126,2527,160,180,13,364,1744
Kit_4*Nt_20,Kit*Nt,1407,320,554,649,509,101,225,142,2642,14692,54,33,241,380
Rb1_2*Pdcd1lg2_2,Rb1*Pdcd1lg2,1407,294,323,443,442,141,178,231,208,149,1010,471,461,1342
Tgfbr2_1*Pdcd1lg2_2,Tgfbr2*Pdcd1lg2,1405,257,629,767,494,231,444,469,1023,1547,210,3198,458,403
Pten_1*Nt_33,Pten*Nt,1405,395,713,709,852,238,395,283,1092,279,22,27,216,919
Chit1_3*Nt_6,Chit1*Nt,1404,222,507,873,603,193,130,150,156,166,36,34,223,197
Tgfbr2_5*Il6_1,Tgfbr2*Il6,1404,373,565,392,804,201,286,183,3809,6887,53,487,338,342
Rb1_1*Btla_5,Rb1*Btla,1403,347,7849,798,896,283,840,220,503,534,641,42,338,353
Tsc2_2*Fcrl6_5,Tsc2*Fcrl6,1403,366,617,531,562,143,381,221,750,937,203,1544,244,952
Pten_4*Pdcd1lg2_1,Pten*Pdcd1lg2,1402,590,1225,1323,1217,551,485,526,149,193,52,19,110,621
Tgfbr2_1*Cxcr5_2,Tgfbr2*Cxcr5,1401,247,354,572,346,169,847,157,2183,10453,42,16,241,344
Sox10_5*Mysm1_5,Sox10*Mysm1,1399,368,572,993,502,294,322,487,2203,12561,236,91,502,259
Krt15_5*Nt_18,Krt15*Nt,1397,319,1957,519,710,55,205,168,355,10381,724,393,180,835
Nt_9*Mysm1_4,Nt*Mysm1,1395,476,634,753,901,212,777,412,3865,6985,114,70,181,140
Chek2_1*Mfap5_1,Chek2*Mfap5,1394,296,705,796,621,130,179,132,973,156,2948,45,242,724
Calml3_1*Cxcr5_1,Calml3*Cxcr5,1394,548,256,406,491,213,713,157,2766,19915,3788,517,183,1295
Nt_9*Pla2r1_3,Nt*Pla2r1,1394,322,526,745,499,0,5,8,786,5616,96,266,806,1508
Serpinb5_2*Cxcr5_2,Serpinb5*Cxcr5,1393,410,407,291,390,158,888,234,2209,1119,353,78,404,200
Pten_1*Il6_5,Pten*Il6,1393,311,741,952,823,158,275,138,2535,146,30,24,207,1145
Nt_16*Mfap5_1,Nt*Mfap5,1392,306,719,605,391,108,645,220,242,12337,47,55,179,1170
Brca2_3*Cxcr2_5,Brca2*Cxcr2,1391,353,216,462,468,251,820,128,101,95,23,102,653,279
Chit1_3*Cdh1_1,Chit1*Cdh1,1391,266,990,457,407,71,354,168,2646,177,29,93,354,1338
Smad4_4*Tlr7_5,Smad4*Tlr7,1391,387,561,501,730,276,665,163,4681,9640,624,28,518,220
Apc_1*Btla_1,Apc*Btla,1390,326,261,1325,408,60,366,98,266,433,87,118,124,1019
Rb1_2*Nt_26,Rb1*Nt,1389,216,249,371,695,177,414,53,809,128,142,1268,146,353
Krt15_5*Mpeg1_1,Krt15*Mpeg1,1389,310,519,671,734,127,556,219,579,210,32,24,302,547
Nt_44*Muc16_4,Nt*Muc16,1388,170,393,273,433,159,232,297,39,58,11,33,270,497
Smad4_2*Nt_26,Smad4*Nt,1388,246,284,205,265,93,556,103,3753,154,33,767,323,865
Nt_9*Tnfsf15_1,Nt*Tnfsf15,1388,179,1953,2789,1544,89,268,267,67,1351,18,24,404,79
Serpinb5_4*Cxcr5_3,Serpinb5*Cxcr5,1388,260,318,517,490,173,533,213,5851,202,2284,734,250,1229
Sox10_4*Mpeg1_5,Sox10*Mpeg1,1387,251,450,646,409,338,891,447,109,127,679,17,238,1196
Tgfbr2_1*Btla_2,Tgfbr2*Btla,1387,363,475,657,610,206,537,422,83,121,23,13,159,439
Sox10_4*Tlr7_1,Sox10*Tlr7,1387,428,653,1145,589,279,971,425,300,19287,2102,58,459,103
Tsc2_1*Cdh1_4,Tsc2*Cdh1,1387,783,982,915,795,260,1157,178,2228,16920,72,16,324,610
Apc_1*Btla_5,Apc*Btla,1387,253,388,725,611,110,525,135,384,120,1069,1511,303,146
Chek2_2*Hgf_5,Chek2*Hgf,1386,385,519,830,843,235,734,311,123,172,798,22,219,1875
Pten_1*Pla2r1_2,Pten*Pla2r1,1386,389,541,633,594,138,458,187,73,89,15,15,89,700
Krt15_2*Cdh1_1,Krt15*Cdh1,1386,161,558,608,450,260,688,217,892,4141,57,768,524,589
Smad4_2*Cxcr2_2,Smad4*Cxcr2,1386,329,1080,320,399,190,618,199,4054,120,433,45,305,997
Tsc2_2*Mfap5_1,Tsc2*Mfap5,1386,281,326,246,521,112,581,169,3352,331,56,118,596,286
Tsc2_2*Pdcd1lg2_3,Tsc2*Pdcd1lg2,1386,425,825,1180,804,275,351,312,3376,221,32,35,233,723
Kit_2*Cxcr5_2,Kit*Cxcr5,1385,433,173,466,582,163,476,74,326,5428,3319,30,533,376
Stk11_5*Tlr7_5,Stk11*Tlr7,1384,596,1222,1354,1090,372,659,311,1970,165,456,62,383,119
Clca2_3*Nt_25,Clca2*Nt,1383,297,343,429,392,77,150,28,1007,292,1454,742,567,591
Brca1_3*Pla2r1_3,Brca1*Pla2r1,1383,388,933,1189,920,72,522,118,135,77,39,44,332,183
Kit_2*Cx3cl1_4,Kit*Cx3cl1,1382,559,2046,623,535,164,626,203,223,9896,515,1975,631,632
Krt15_3*Nt_6,Krt15*Nt,1381,9095,663,747,830,141,466,429,733,18186,919,55,106,79
Brca2_4*Cx3cl1_3,Brca2*Cx3cl1,1381,163,579,717,569,64,408,298,268,216,2653,74,443,849
Stk11_4*Cx3cl1_5,Stk11*Cx3cl1,1378,464,637,914,721,236,683,339,2847,165,38,70,221,154
Kit_1*Cx3cl1_4,Kit*Cx3cl1,1377,419,549,523,589,116,325,425,2286,183,39,14,215,1068
Smad4_3*Pla2r1_4,Smad4*Pla2r1,1377,328,279,644,373,319,1307,467,212,5631,42,51,222,936
Sox10_4*Cxcr5_3,Sox10*Cxcr5,1377,325,460,1208,475,264,1007,412,1496,134,15,37,369,262
Serpinb5_4*Il6_2,Serpinb5*Il6,1377,334,607,598,491,152,815,193,3017,136,20,17,147,957
Calml3_1*Nt_17,Calml3*Nt,1376,141,330,353,347,108,369,84,4185,6147,32,135,139,2065
Calml3_4*Tlr7_2,Calml3*Tlr7,1376,268,261,234,335,96,158,131,317,19732,455,458,221,985
Sox10_5*Cx3cl1_4,Sox10*Cx3cl1,1375,362,570,637,774,217,1060,277,183,226,35,99,834,287
Smad4_4*Cx3cl1_4,Smad4*Cx3cl1,1375,434,1320,474,522,132,250,302,3107,266,56,6,240,103
Chit1_5*Nt_17,Chit1*Nt,1375,303,749,756,817,83,359,146,420,155,815,7,160,1027
Nt_16*Nt_25,Ntc,1374,318,360,478,856,60,653,103,3679,7157,1669,39,351,939
Kit_4*Pla2g2a_4,Kit*Pla2g2a,1373,345,609,906,631,283,791,242,1746,252,50,19,384,264
Chek2_3*Pla2r1_2,Chek2*Pla2r1,1372,320,477,434,581,185,228,207,1242,1667,44,75,584,190
Tsc2_1*Pla2g2a_2,Tsc2*Pla2g2a,1371,292,3279,551,541,300,838,443,307,118,654,46,565,1758
Brca2_3*Mfap5_3,Brca2*Mfap5,1370,143,220,291,443,281,353,505,571,207,259,3328,454,1100
Smad4_3*Tlr7_1,Smad4*Tlr7,1370,242,286,737,1779,290,1761,628,233,169,2016,50,412,641
Sox10_5*Cdh1_1,Sox10*Cdh1,1369,160,14896,741,634,230,762,281,1333,232,1636,2828,692,1027
Smad4_3*Tnfsf15_3,Smad4*Tnfsf15,1368,298,434,592,668,363,1605,706,92,96,27,21,151,629
Tgfbr2_5*Mpeg1_4,Tgfbr2*Mpeg1,1368,199,525,452,454,91,286,41,743,16507,44,2718,475,1066
Nt_43*Nt_57,Ntc,1368,348,391,380,517,38,291,65,85,524,154,8,490,429
Smad4_3*Hgf_5,Smad4*Hgf,1367,448,946,863,615,435,1044,365,365,21605,4089,23,346,44
Brca1_2*Mfap5_5,Brca1*Mfap5,1367,351,448,415,496,27,301,155,3136,17450,71,688,1879,422
Rb1_2*Mpeg1_5,Rb1*Mpeg1,1366,417,417,709,476,241,382,88,499,42123,131,43,196,132
Chek2_2*Cxcr2_5,Chek2*Cxcr2,1366,373,378,329,629,125,241,298,166,105,2101,70,462,351
Tsc2_1*Cdh1_5,Tsc2*Cdh1,1365,363,1029,899,1006,244,873,460,62,102,13,52,406,512
Nt_16*Cdh1_4,Nt*Cdh1,1364,419,783,771,732,319,803,222,56,71,12,14,178,1182
Stk11_1*Mfap5_3,Stk11*Mfap5,1363,351,296,405,424,257,260,205,1614,14692,1091,34,353,312
Rb1_2*Cxcr5_3,Rb1*Cxcr5,1360,336,424,690,737,174,885,234,777,6657,89,42,409,436
Stk11_1*Mysm1_4,Stk11*Mysm1,1360,288,473,1682,1311,468,1163,532,212,6907,67,14,193,141
Nt_48*Tlr7_5,Nt*Tlr7,1358,316,459,331,498,164,179,437,229,1499,45,1009,472,385
Serpinb5_2*Nt_39,Serpinb5*Nt,1358,331,346,429,336,249,467,128,89,116,18,21,149,847
Clca2_2*Tnfsf15_2,Clca2*Tnfsf15,1357,259,668,948,694,150,271,96,4218,9075,49,546,82,1928
Stk11_1*Mfap5_1,Stk11*Mfap5,1356,170,212,244,241,198,725,207,726,84,2228,65,450,161
Chit1_5*Pla2g2a_5,Chit1*Pla2g2a,1355,305,338,724,520,234,458,129,162,240,39,12,182,754
Tsc2_5*Cxcr2_4,Tsc2*Cxcr2,1353,347,592,632,660,280,1247,548,303,392,14158,36,130,913
Serpinb5_4*Cxcr5_1,Serpinb5*Cxcr5,1353,303,521,676,826,184,603,280,1051,278,411,20,400,254
Chek2_2*Pla2g2a_5,Chek2*Pla2g2a,1353,387,401,568,652,140,496,109,13860,1594,818,8,272,163
Nt_44*Mpeg1_1,Nt*Mpeg1,1352,504,1532,2248,1432,176,724,210,212,4962,297,18,109,57
Nt_48*Nt_20,Ntc,1351,304,438,780,585,229,492,182,3179,8031,50,54,373,446
Tgfbr2_1*Cxcr5_3,Tgfbr2*Cxcr5,1351,226,293,447,529,185,519,331,142,107,999,90,519,574
Chek2_1*Nt_20,Chek2*Nt,1351,274,294,360,394,209,747,103,828,161,2662,38,358,2331
Nt_16*Hgf_4,Nt*Hgf,1350,404,930,998,697,120,331,241,564,115,15,9,453,282
Brca2_3*Nt_18,Brca2*Nt,1350,409,662,948,717,348,619,119,296,17024,78,11,193,58
Chit1_3*Cdh1_5,Chit1*Cdh1,1347,318,623,528,517,283,375,461,693,28755,2261,127,498,1076
Tsc2_1*Mysm1_5,Tsc2*Mysm1,1346,414,629,429,560,120,164,255,313,8714,423,55,460,1088
Pten_1*Mpeg1_5,Pten*Mpeg1,1345,252,525,628,560,154,707,217,127,115,437,1057,185,1336
Sox10_4*Tnfsf15_2,Sox10*Tnfsf15,1345,234,1121,775,991,345,1135,434,6598,262,52,18,143,243
Calml3_3*Hgf_2,Calml3*Hgf,1345,195,245,378,421,97,689,222,50,211,15,1162,184,130
Rb1_4*Mysm1_5,Rb1*Mysm1,1345,335,366,411,367,120,434,167,670,22624,16147,10,1011,42
Brca2_3*Muc16_2,Brca2*Muc16,1345,3458,323,341,614,193,585,247,230,286,53,60,231,1890
Rb1_2*Tlr7_1,Rb1*Tlr7,1342,153,1919,679,443,91,661,122,2773,109,134,17,221,524
Rb1_4*Mysm1_2,Rb1*Mysm1,1342,148,300,1008,357,131,118,211,103,117,26,36,185,491
Apc_4*Nt_18,Apc*Nt,1341,163,194,367,334,81,58,58,935,111,1229,22,136,1011
Tsc2_1*Cxcr2_5,Tsc2*Cxcr2,1341,257,643,428,430,188,394,345,2867,137,26,1330,264,893
Rb1_2*Pla2g2a_5,Rb1*Pla2g2a,1341,404,473,550,568,130,406,142,2955,20064,104,15,357,1487
Chit1_3*Nt_26,Chit1*Nt,1339,195,747,486,558,206,615,347,106,142,22,20,537,1005
Nt_16*Nt_33,Ntc,1339,363,504,2075,1020,386,794,401,3920,90,21,1863,205,854
Smad4_2*Pdcd1lg2_1,Smad4*Pdcd1lg2,1339,305,270,394,499,172,165,123,271,14849,498,16,291,570
Tsc2_1*Mpeg1_1,Tsc2*Mpeg1,1338,331,1125,784,955,270,609,309,113,135,25,52,268,778
Tgfbr2_1*Mfap5_5,Tgfbr2*Mfap5,1337,460,685,843,904,257,518,300,5602,161,27,15,597,1422
Calml3_4*Pla2g2a_2,Calml3*Pla2g2a,1337,282,388,371,376,182,411,193,1483,11682,581,1330,312,392
Nt_30*Mpeg1_5,Nt*Mpeg1,1336,334,602,655,809,126,336,118,3415,170,1395,2116,170,302
Nt_9*Nt_20,Ntc,1336,210,499,599,585,76,45,63,1678,79,10,34,470,113
Nt_16*Muc16_3,Nt*Muc16,1336,240,1589,962,815,196,315,424,980,116,1779,940,264,166
Krt15_2*Tlr7_5,Krt15*Tlr7,1335,459,347,563,430,253,546,290,4570,234,2215,93,438,521
Brca2_3*Nt_33,Brca2*Nt,1334,424,575,1197,390,337,756,569,182,8296,51,459,265,1068
Brca1_5*Cxcr2_4,Brca1*Cxcr2,1334,265,453,467,451,174,736,349,236,156,37,34,364,1988
Clca2_2*Mysm1_4,Clca2*Mysm1,1334,153,11374,375,389,36,149,96,228,733,26,57,667,712
Kit_1*Cdh1_1,Kit*Cdh1,1332,539,596,426,631,181,227,263,1078,14700,1882,14,331,1001
Nt_44*Mfap5_3,Nt*Mfap5,1332,371,11545,594,735,432,720,225,1584,1079,979,26,127,323
Nt_16*Il6_2,Nt*Il6,1331,366,592,9696,810,129,917,258,665,19679,101,46,335,1159
Calml3_3*Cx3cl1_5,Calml3*Cx3cl1,1331,375,392,501,449,86,443,155,195,875,295,644,562,1341
Nt_44*Nt_18,Ntc,1330,416,707,983,637,226,498,209,228,145,20,15,134,583
Chit1_5*Mysm1_4,Chit1*Mysm1,1330,506,8642,805,1099,226,763,240,394,21240,96,332,312,325
Brca1_2*Mpeg1_1,Brca1*Mpeg1,1330,136,431,405,385,59,273,22,64,75,11,27,322,1250
Kit_2*Il6_5,Kit*Il6,1328,356,518,568,751,201,681,238,77,91,18,1390,308,1989
Smad4_2*Btla_5,Smad4*Btla,1327,310,503,705,533,315,741,225,174,1530,5376,114,688,538
Krt15_2*Muc16_2,Krt15*Muc16,1327,149,257,250,421,237,794,386,116,94,14,102,392,307
Pten_4*Mfap5_1,Pten*Mfap5,1327,28,292,49,338,208,2,251,34,38,841,204,710,528
Krt15_3*Muc16_4,Krt15*Muc16,1326,124,131,184,220,47,71,124,110,131,31,192,693,441
Tgfbr2_1*Nt_18,Tgfbr2*Nt,1326,309,554,503,647,159,349,148,2513,2323,26,41,236,661
Rb1_2*Mysm1_5,Rb1*Mysm1,1326,174,310,405,471,118,316,117,95,61,13,66,371,155
Smad4_2*Pla2g2a_5,Smad4*Pla2g2a,1326,236,402,621,421,75,559,190,1157,15844,59,16,847,1279
Smad4_3*Cxcr5_2,Smad4*Cxcr5,1323,1054,1738,2006,615,378,1425,386,11565,301,71,1382,339,832
Sox10_1*Cx3cl1_4,Sox10*Cx3cl1,1323,283,337,465,721,45,490,135,286,22735,1375,1473,514,946
Pten_3*Mpeg1_5,Pten*Mpeg1,1323,303,559,15489,926,278,512,147,239,233,175,59,310,287
Apc_5*Pla2r1_4,Apc*Pla2r1,1323,448,1213,1623,1088,196,470,325,203,7479,1573,53,359,653
Stk11_4*Nt_18,Stk11*Nt,1322,296,670,929,498,150,658,132,51,71,9,25,335,63
Chit1_5*Fcrl6_4,Chit1*Fcrl6,1322,1200,4693,778,678,289,480,248,208,5815,47,17,147,795
Tgfbr2_1*Mysm1_2,Tgfbr2*Mysm1,1322,472,577,696,757,480,708,283,257,304,264,13,222,1122
Nt_16*Cxcr5_3,Nt*Cxcr5,1320,436,628,1885,748,33,155,82,4256,15712,76,14,677,1549
Clca2_2*Cdh1_4,Clca2*Cdh1,1320,288,331,507,421,107,317,74,632,140,26,31,220,63
Brca2_3*Nt_26,Brca2*Nt,1320,328,5895,540,766,147,855,195,1597,11679,64,15,407,353
Kit_1*Tnfsf15_1,Kit*Tnfsf15,1319,366,679,359,673,183,297,156,394,23589,106,16,98,1687
Rb1_2*Mysm1_2,Rb1*Mysm1,1319,313,439,501,389,97,221,92,4126,241,42,6,290,1235
Brca1_2*Pla2g2a_4,Brca1*Pla2g2a,1319,127,241,407,371,171,442,83,97,4302,893,2443,167,108
Nt_44*Il6_1,Nt*Il6,1319,190,374,502,370,125,536,273,66,80,17,28,158,1833
Rb1_4*Muc16_4,Rb1*Muc16,1318,257,568,1278,474,40,326,166,1674,30934,91,12,44,2110
Nt_49*Tlr7_5,Nt*Tlr7,1318,820,805,583,1361,498,1347,518,2349,1979,537,119,491,1325
Brca2_1*Nt_20,Brca2*Nt,1316,169,303,598,423,129,283,150,1591,90,1467,41,300,799
Calml3_1*Fcrl6_5,Calml3*Fcrl6,1316,289,208,302,424,149,701,190,5615,121,19,15,985,423
Smad4_3*Nt_6,Smad4*Nt,1315,556,669,803,1024,331,371,345,2086,5889,1645,12,509,168
Nt_16*Mysm1_4,Nt*Mysm1,1314,288,489,584,516,173,506,233,176,177,36,149,714,347
Smad4_4*Cxcr2_4,Smad4*Cxcr2,1313,220,505,309,266,98,350,196,98,134,1595,2144,318,513
Nt_48*Cxcr2_4,Nt*Cxcr2,1312,328,1518,1713,1343,277,903,376,255,5573,117,65,293,947
Sox10_4*Pla2r1_4,Sox10*Pla2r1,1309,205,281,558,430,176,361,207,90,3228,381,651,201,1195
Apc_4*Nt_17,Apc*Nt,1309,297,232,339,359,33,118,20,152,166,181,17,575,193
Tsc2_1*Pla2g2a_5,Tsc2*Pla2g2a,1308,399,500,554,515,132,742,108,5834,15607,338,2333,538,380
Brca1_2*Cxcr2_5,Brca1*Cxcr2,1308,154,290,274,439,38,383,161,232,5567,28,95,372,284
Rb1_1*Mysm1_4,Rb1*Mysm1,1306,194,630,415,496,105,677,298,386,49,5,53,276,309
Rb1_2*Fcrl6_4,Rb1*Fcrl6,1306,150,569,423,746,127,236,217,213,6367,44,53,366,229
Clca2_5*Pdcd1lg2_3,Clca2*Pdcd1lg2,1305,197,258,575,547,115,519,100,1429,120,423,1681,382,1316
Smad4_2*Tlr7_5,Smad4*Tlr7,1304,3161,213,311,356,148,308,209,1989,13096,82,37,254,803
Rb1_4*Cxcr5_1,Rb1*Cxcr5,1303,158,299,317,359,126,459,77,121,166,29,396,155,740
Nt_9*Cdh1_1,Nt*Cdh1,1303,339,452,663,784,341,765,169,244,121,947,224,373,664
Serpinb5_2*Muc16_3,Serpinb5*Muc16,1302,222,310,473,482,225,490,298,129,1362,1213,16,228,742
Kit_2*Tnfsf15_2,Kit*Tnfsf15,1302,414,479,700,916,182,320,302,153,212,863,52,233,421
Nt_9*Mfap5_3,Nt*Mfap5,1302,207,285,475,565,63,179,275,64,82,15,1004,116,80
Sox10_5*Btla_2,Sox10*Btla,1301,509,553,522,1364,484,1014,416,4610,1285,2908,42,284,651
Krt15_5*Tnfsf15_1,Krt15*Tnfsf15,1300,118,286,318,364,156,401,208,33,47,7,83,405,1131
Smad4_4*Pla2g2a_4,Smad4*Pla2g2a,1300,398,314,429,562,169,364,132,3521,501,30,40,456,94
Nt_9*Cxcr2_4,Nt*Cxcr2,1299,198,239,466,292,79,66,107,190,166,26,98,339,1195
Chit1_3*Hgf_2,Chit1*Hgf,1298,311,220,761,737,234,863,191,2656,1987,1860,576,271,103
Rb1_4*Mpeg1_1,Rb1*Mpeg1,1296,189,285,395,356,148,171,116,183,3264,405,54,203,1194
Pten_3*Nt_57,Pten*Nt,1295,233,1013,494,488,139,37,196,222,251,33,1843,564,1862
Serpinb5_4*Mysm1_2,Serpinb5*Mysm1,1295,324,1045,1402,1169,59,450,218,1315,279,79,35,247,723
Nt_43*Nt_20,Ntc,1294,239,196,274,431,63,47,98,69,78,40,352,220,426
Serpinb5_4*Mpeg1_5,Serpinb5*Mpeg1,1293,277,264,416,432,93,301,93,113,7662,1545,10,59,25
Calml3_1*Mpeg1_1,Calml3*Mpeg1,1293,211,257,564,510,209,457,164,4236,150,88,1817,276,1538
Nt_43*Cxcr5_1,Nt*Cxcr5,1292,183,252,380,292,21,263,83,316,166,28,8,709,811
Clca2_2*Tnfsf15_3,Clca2*Tnfsf15,1292,174,197,388,474,79,375,135,3552,163,578,207,274,139
Calml3_1*Btla_2,Calml3*Btla,1291,142,279,420,423,260,745,147,2982,14716,376,22,110,624
Kit_1*Fcrl6_5,Kit*Fcrl6,1290,539,624,1016,631,119,430,136,127,194,2082,412,132,1163
Rb1_4*Mfap5_5,Rb1*Mfap5,1288,174,149,252,211,150,353,135,1535,12430,44,43,266,732
Pten_1*Btla_1,Pten*Btla,1288,462,568,717,465,94,276,31,383,16546,93,12,223,266
Apc_5*Pla2g2a_5,Apc*Pla2g2a,1288,235,463,768,502,104,441,226,144,195,34,9,282,570
Kit_2*Nt_39,Kit*Nt,1288,427,740,870,687,132,519,333,206,12255,956,16,261,747
Tsc2_2*Nt_18,Tsc2*Nt,1286,282,599,523,562,60,246,90,1490,92,518,12,209,876
Pten_3*Mfap5_3,Pten*Mfap5,1285,325,680,720,710,349,850,377,4477,379,5066,22,158,298
Apc_5*Hgf_5,Apc*Hgf,1284,599,625,648,600,228,494,125,58,74,16,777,264,887
Krt15_2*Fcrl6_4,Krt15*Fcrl6,1284,223,483,567,493,148,1183,453,105,817,2677,25,1245,922
Sox10_1*Nt_33,Sox10*Nt,1283,204,438,373,460,200,884,335,1709,102,37,22,393,199
Clca2_2*Btla_5,Clca2*Btla,1282,893,253,277,300,99,365,105,2029,14973,5803,8,120,401
Smad4_2*Nt_39,Smad4*Nt,1281,237,339,452,412,141,629,168,3110,112,20,14,207,1218
Serpinb5_2*Btla_1,Serpinb5*Btla,1281,464,466,443,614,106,252,90,303,10902,58,17,145,889
Sox10_1*Fcrl6_4,Sox10*Fcrl6,1280,243,282,208,400,198,433,187,773,64,9,9,964,356
Apc_5*Cxcr5_2,Apc*Cxcr5,1279,356,656,4976,481,197,697,166,104,152,1704,8,109,652
Chit1_5*Fcrl6_5,Chit1*Fcrl6,1278,391,541,849,753,235,537,371,9843,234,65,40,564,174
Nt_44*Pdcd1lg2_3,Nt*Pdcd1lg2,1278,326,547,561,550,340,535,83,2047,349,124,18,111,1369
Brca2_4*Nt_57,Brca2*Nt,1278,217,340,484,739,229,805,258,764,130,26,35,382,815
Serpinb5_2*Nt_25,Serpinb5*Nt,1278,257,258,383,438,98,369,105,144,7149,298,15,171,389
Stk11_4*Btla_2,Stk11*Btla,1278,290,263,753,448,169,426,418,144,3354,26,14,57,527
Nt_49*Mpeg1_4,Nt*Mpeg1,1276,239,397,440,724,393,643,350,1028,254,2076,1446,227,330
Krt15_5*Tlr7_1,Krt15*Tlr7,1275,238,176,727,365,108,710,117,353,146,2838,62,401,677
Krt15_3*Mfap5_5,Krt15*Mfap5,1275,213,393,478,633,167,436,86,69,89,11,21,126,222
Tsc2_2*Cxcr5_3,Tsc2*Cxcr5,1275,2365,349,385,580,116,277,340,1542,173,41,29,170,238
Brca2_3*Btla_1,Brca2*Btla,1274,503,577,646,926,508,616,200,2923,210,2934,15,131,734
Sox10_1*Pla2g2a_2,Sox10*Pla2g2a,1274,119,196,125,167,161,328,156,116,149,15,109,469,899
Sox10_1*Nt_17,Sox10*Nt,1274,264,320,676,338,106,363,31,83,92,382,11,43,2416
Nt_44*Cxcr2_5,Nt*Cxcr2,1273,321,535,1776,460,390,655,331,274,14619,81,24,231,982
Pten_4*Nt_25,Pten*Nt,1272,331,638,787,545,112,257,123,4452,10567,60,1163,324,70
Krt15_5*Cx3cl1_5,Krt15*Cx3cl1,1272,346,288,311,546,185,298,199,103,1353,1063,462,121,56
Nt_16*Pla2g2a_5,Nt*Pla2g2a,1270,330,623,572,624,58,308,158,4178,102,841,14,1856,1044
Rb1_2*Mfap5_3,Rb1*Mfap5,1269,255,350,208,355,75,239,195,200,268,46,25,177,384
Tsc2_1*Hgf_5,Tsc2*Hgf,1269,487,445,645,589,190,816,303,461,32494,111,6,231,524
Kit_2*Cxcr5_3,Kit*Cxcr5,1269,276,377,758,465,211,262,151,420,258,2586,189,809,1826
Tgfbr2_5*Cx3cl1_3,Tgfbr2*Cx3cl1,1269,178,438,521,443,121,607,120,107,116,39,373,480,329
Rb1_2*Il6_1,Rb1*Il6,1268,272,317,274,329,26,460,96,1934,2072,27,25,225,1402
Calml3_4*Cxcr2_4,Calml3*Cxcr2,1268,234,299,809,506,147,397,191,173,185,4999,1481,304,2347
Pten_4*Mysm1_2,Pten*Mysm1,1267,276,357,676,543,41,224,356,1123,118,24,13,88,36
Krt15_5*Mpeg1_4,Krt15*Mpeg1,1266,185,259,475,359,37,129,174,137,27,3,5,673,1118
Chit1_3*Cdh1_4,Chit1*Cdh1,1266,271,449,582,841,310,508,179,2557,183,240,21,433,351
Nt_13*Tlr7_5,Nt*Tlr7,1265,315,233,301,335,251,737,195,5110,957,401,34,256,1247
Smad4_2*Nt_17,Smad4*Nt,1264,183,331,324,399,164,218,169,152,66,64,38,268,153
Serpinb5_4*Il6_1,Serpinb5*Il6,1264,95,234,235,421,72,182,153,525,35,4,1888,234,890
Chek2_2*Cxcr5_3,Chek2*Cxcr5,1264,222,259,490,400,85,348,39,731,17112,72,19,361,534
Smad4_3*Tlr7_2,Smad4*Tlr7,1263,659,395,304,562,100,280,222,120,172,34,16,1552,1574
Chit1_5*Pdcd1lg2_2,Chit1*Pdcd1lg2,1262,705,411,514,565,356,731,249,3897,15834,1119,15,147,1324
Nt_16*Pdcd1lg2_3,Nt*Pdcd1lg2,1261,210,768,581,531,62,131,143,45,89,15,11,787,439
Nt_30*Il6_2,Nt*Il6,1260,412,384,847,618,189,327,271,244,17827,335,13,266,1552
Serpinb5_4*Cxcr2_5,Serpinb5*Cxcr2,1260,222,375,363,362,136,176,160,5312,1822,49,407,245,108
Smad4_2*Tnfsf15_3,Smad4*Tnfsf15,1258,363,338,329,349,204,546,227,205,2935,674,55,337,133
Apc_1*Pdcd1lg2_2,Apc*Pdcd1lg2,1258,307,489,658,678,112,259,36,1130,8147,192,58,242,185
Apc_1*Cdh1_5,Apc*Cdh1,1257,95,249,215,304,113,307,124,4062,240,48,68,419,639
Stk11_4*Mpeg1_5,Stk11*Mpeg1,1257,154,154,353,338,56,511,275,209,47,64,130,479,1614
Brca2_3*Cx3cl1_4,Brca2*Cx3cl1,1257,139,426,633,454,184,568,186,75,84,18,927,244,480
Rb1_1*Muc16_4,Rb1*Muc16,1256,132,100,241,126,65,130,100,34,44,8,132,526,776
Calml3_1*Il6_1,Calml3*Il6,1255,293,366,298,419,135,198,97,135,3051,40,8,269,919
Kit_4*Mysm1_5,Kit*Mysm1,1255,420,3109,853,1806,202,738,259,145,85,14,35,159,232
Brca2_1*Mfap5_1,Brca2*Mfap5,1255,135,631,725,453,104,701,407,5903,139,29,1829,237,114
Serpinb5_4*Nt_17,Serpinb5*Nt,1255,2165,228,230,230,67,111,5,93,104,21,12,195,442
Apc_1*Cxcr2_5,Apc*Cxcr2,1254,134,685,628,482,49,416,35,39,53,7,55,336,112
Kit_4*Pla2r1_3,Kit*Pla2r1,1254,283,407,890,969,46,87,97,1829,113,74,8,61,28
Brca2_3*Fcrl6_1,Brca2*Fcrl6,1253,432,1269,523,1065,166,669,147,178,261,2294,1704,244,111
Krt15_5*Pla2g2a_5,Krt15*Pla2g2a,1253,93,143,314,304,55,270,166,71,40,10,753,567,365
Smad4_3*Pdcd1lg2_3,Smad4*Pdcd1lg2,1253,3163,615,647,556,194,1058,454,216,7018,88,40,76,487
Calml3_1*Cxcr5_2,Calml3*Cxcr5,1251,304,775,919,813,213,982,151,4707,2639,57,22,364,687
Tgfbr2_3*Cxcr2_4,Tgfbr2*Cxcr2,1251,247,613,585,1031,488,1042,552,121,702,26,57,386,1077
Nt_44*Mpeg1_5,Nt*Mpeg1,1249,285,901,560,729,188,539,578,136,114,1345,36,291,261
Chek2_1*Nt_57,Chek2*Nt,1248,495,307,565,447,102,564,86,3777,13712,71,18,213,39
Brca2_3*Cx3cl1_5,Brca2*Cx3cl1,1247,1019,466,732,801,270,1395,384,181,210,33,36,143,306
Rb1_1*Mpeg1_5,Rb1*Mpeg1,1246,259,391,307,434,120,233,195,2431,118,23,3608,362,950
Krt15_3*Mpeg1_5,Krt15*Mpeg1,1246,426,1282,493,610,64,422,350,4775,2956,59,27,239,39
Pten_4*Hgf_2,Pten*Hgf,1246,362,981,712,827,291,1186,382,296,255,1528,14,121,76
Krt15_3*Pla2g2a_5,Krt15*Pla2g2a,1245,317,321,389,510,161,175,144,242,4122,69,9,196,427
Rb1_1*Pla2r1_4,Rb1*Pla2r1,1244,329,1707,459,582,199,378,88,2018,165,835,35,247,162
Chek2_2*Mysm1_4,Chek2*Mysm1,1244,289,362,390,459,280,592,273,202,143,5429,665,355,354
Sox10_1*Nt_18,Sox10*Nt,1243,1852,405,585,462,106,425,129,1291,164,162,33,142,462
Chit1_3*Cxcr5_2,Chit1*Cxcr5,1242,415,549,356,299,197,1003,270,184,257,50,1702,203,2731
Brca2_1*Muc16_4,Brca2*Muc16,1241,295,288,455,392,201,182,131,200,273,67,8,109,890
Stk11_5*Nt_20,Stk11*Nt,1241,1045,571,962,790,162,405,132,1778,3775,70,377,156,932
Chit1_3*Mysm1_2,Chit1*Mysm1,1241,286,424,599,642,114,253,194,2071,91,277,66,330,655
Sox10_5*Cxcr5_2,Sox10*Cxcr5,1238,194,206,481,450,272,1689,810,90,117,1194,86,686,201
Chit1_5*Pla2r1_3,Chit1*Pla2r1,1238,332,479,492,697,107,75,73,284,356,81,39,264,349
Brca2_1*Tlr7_2,Brca2*Tlr7,1237,208,182,103,278,132,326,70,289,11536,36,74,330,286
Nt_16*Pla2r1_2,Nt*Pla2r1,1236,531,750,633,770,262,229,194,723,2876,1283,55,94,805
Krt15_2*Nt_57,Krt15*Nt,1236,438,544,717,587,382,206,150,1568,11397,457,18,196,678
Calml3_3*Cxcr2_5,Calml3*Cxcr2,1236,312,198,286,223,109,484,57,678,18269,65,56,241,759
Krt15_5*Mysm1_4,Krt15*Mysm1,1235,140,365,364,369,178,268,239,206,1679,34,63,281,158
Calml3_3*Nt_25,Calml3*Nt,1234,274,243,481,487,101,502,88,2210,1035,752,12,151,182
Krt15_5*Mysm1_2,Krt15*Mysm1,1234,156,287,138,355,60,76,15,43,54,7,45,128,397
Calml3_1*Pla2g2a_5,Calml3*Pla2g2a,1233,257,258,344,487,90,528,113,176,127,932,58,408,581
Nt_16*Pla2g2a_4,Nt*Pla2g2a,1233,583,9883,470,682,162,2,100,3039,10925,495,13,343,1075
Chek2_1*Tlr7_2,Chek2*Tlr7,1233,129,241,445,244,91,349,171,2645,126,34,14,147,1995
Serpinb5_4*Mysm1_5,Serpinb5*Mysm1,1232,314,345,733,433,134,564,99,94,91,11,19,677,1602
Chit1_3*Tlr7_1,Chit1*Tlr7,1232,273,920,747,680,184,501,346,1869,85,24,416,150,401
Nt_9*Pla2g2a_2,Nt*Pla2g2a,1231,342,499,570,632,83,307,142,418,93,11,41,599,1098
Kit_4*Cx3cl1_4,Kit*Cx3cl1,1231,589,5522,1192,1342,376,925,533,2408,5161,281,15,115,49
Krt15_5*Nt_33,Krt15*Nt,1229,287,481,1685,467,192,458,152,128,137,4163,14,995,473
Calml3_1*Nt_18,Calml3*Nt,1229,450,466,330,384,106,210,122,416,14968,1564,98,154,547
Pten_4*Cx3cl1_5,Pten*Cx3cl1,1227,412,760,896,559,342,352,351,517,184,36,16,688,37
Apc_4*Mpeg1_5,Apc*Mpeg1,1226,140,254,240,388,52,320,125,1573,109,267,17,217,199
Nt_44*Pla2g2a_2,Nt*Pla2g2a,1225,224,654,4138,510,195,1107,496,1271,92,22,85,351,800
Smad4_3*Mysm1_5,Smad4*Mysm1,1225,344,480,8290,499,448,851,549,613,748,165,14,206,1011
Nt_16*Nt_26,Ntc,1225,400,464,566,828,133,601,194,458,170,31,13,584,797
Kit_2*Pla2g2a_5,Kit*Pla2g2a,1223,165,449,2726,608,105,323,232,372,450,68,16,209,110
Tgfbr2_1*Pla2r1_3,Tgfbr2*Pla2r1,1223,322,433,598,783,166,452,185,114,4643,12,15,259,87
Nt_13*Mfap5_1,Nt*Mfap5,1222,148,229,628,262,118,412,129,723,79,757,34,246,401
Rb1_4*Hgf_5,Rb1*Hgf,1220,892,329,316,401,80,254,92,112,156,29,23,592,61
Nt_16*Cxcr2_2,Nt*Cxcr2,1220,342,555,325,508,37,79,76,2411,115,22,37,217,163
Calml3_3*Pdcd1lg2_3,Calml3*Pdcd1lg2,1220,201,171,301,167,95,326,64,247,12804,55,83,648,1038
Smad4_3*Hgf_2,Smad4*Hgf,1219,2065,784,734,902,372,1014,626,1245,1503,336,632,289,464
Krt15_2*Mpeg1_1,Krt15*Mpeg1,1219,481,369,635,524,210,315,497,181,221,995,29,342,998
Tgfbr2_1*Pla2g2a_4,Tgfbr2*Pla2g2a,1218,482,360,591,681,179,506,113,1163,10240,2654,478,119,1188
Sox10_4*Pla2g2a_5,Sox10*Pla2g2a,1218,255,664,636,717,241,313,337,148,146,589,1117,770,120
Pten_4*Mpeg1_1,Pten*Mpeg1,1218,429,531,805,1220,112,169,225,2278,20963,81,9,673,528
Nt_43*Cxcr5_2,Nt*Cxcr5,1217,405,347,333,360,100,273,152,1485,796,112,43,207,236
Brca2_3*Tlr7_1,Brca2*Tlr7,1217,266,522,770,702,267,537,235,7307,228,34,27,132,76
Clca2_2*Mpeg1_1,Clca2*Mpeg1,1217,285,220,276,324,115,331,74,442,11014,81,1862,399,379
Apc_1*Muc16_2,Apc*Muc16,1216,64,245,4399,220,52,501,72,137,90,9,62,349,547
Brca1_3*Mysm1_4,Brca1*Mysm1,1215,835,610,941,735,278,1085,456,84,99,21,13,148,200
Clca2_3*Tlr7_1,Clca2*Tlr7,1215,118,188,296,256,157,406,224,311,481,96,46,205,666
Smad4_2*Nt_25,Smad4*Nt,1214,254,332,679,547,130,263,163,101,140,17,20,102,243
Tgfbr2_1*Pla2g2a_2,Tgfbr2*Pla2g2a,1214,277,480,568,634,386,730,244,103,120,1323,11,507,672
Apc_5*Nt_18,Apc*Nt,1214,328,429,316,477,138,125,182,2724,116,26,33,115,1075
Nt_13*Cxcr2_4,Nt*Cxcr2,1213,268,266,359,377,210,901,258,1260,5374,379,41,216,478
Rb1_4*Fcrl6_4,Rb1*Fcrl6,1213,115,196,2905,192,116,320,100,298,75,11,168,686,657
Smad4_2*Muc16_3,Smad4*Muc16,1212,354,911,1145,800,87,580,223,290,337,58,42,549,751
Clca2_5*Cx3cl1_3,Clca2*Cx3cl1,1211,237,566,511,576,62,156,45,3565,216,32,12,1221,1608
Tsc2_2*Btla_2,Tsc2*Btla,1211,171,530,496,340,278,621,225,846,158,25,32,85,2016
Calml3_3*Mysm1_4,Calml3*Mysm1,1211,237,757,404,563,241,938,346,14193,667,139,38,262,403
Smad4_2*Btla_2,Smad4*Btla,1210,583,187,304,1052,147,733,261,242,14254,56,206,145,356
Rb1_1*Btla_2,Rb1*Btla,1210,202,281,422,363,153,903,186,115,107,959,41,306,525
Apc_5*Pdcd1lg2_2,Apc*Pdcd1lg2,1209,183,280,356,313,102,214,87,79,310,13,12,134,72
Nt_30*Mfap5_3,Nt*Mfap5,1209,183,317,691,401,90,292,128,303,131,195,508,140,717
Serpinb5_2*Cx3cl1_5,Serpinb5*Cx3cl1,1208,496,385,507,775,88,177,163,95,118,1203,15,707,786
Chek2_2*Pla2r1_3,Chek2*Pla2r1,1206,191,320,347,465,75,247,39,7495,230,1050,7,189,23
Nt_43*Mfap5_1,Nt*Mfap5,1205,119,209,136,157,65,187,103,58,52,12,1035,450,760
Clca2_3*Btla_2,Clca2*Btla,1205,417,513,861,574,210,536,211,101,1116,19,26,361,1015
Nt_30*Btla_2,Nt*Btla,1205,322,610,508,559,155,494,185,412,212,43,13,279,344
Nt_43*Il6_2,Nt*Il6,1204,338,284,649,441,148,239,114,606,22052,1037,26,263,1216
Rb1_1*Pla2g2a_5,Rb1*Pla2g2a,1203,358,248,461,538,137,866,90,359,464,96,33,286,519
Nt_48*Tnfsf15_1,Nt*Tnfsf15,1203,265,961,412,686,502,915,387,3210,10565,448,37,283,636
Pten_1*Muc16_3,Pten*Muc16,1203,377,800,431,450,167,273,164,130,139,1286,2016,249,183
Brca2_4*Pla2g2a_2,Brca2*Pla2g2a,1202,296,1602,566,362,295,1182,300,2883,201,33,35,315,79
Krt15_5*Nt_25,Krt15*Nt,1202,104,198,161,458,120,122,70,61,89,17,36,139,819
Nt_16*Mysm1_2,Nt*Mysm1,1202,133,545,427,470,24,504,167,107,2047,26,66,313,1039
Brca1_2*Pla2r1_3,Brca1*Pla2r1,1200,104,211,133,166,3,57,66,45,61,16,770,98,1433
Smad4_3*Mpeg1_5,Smad4*Mpeg1,1200,181,231,140,272,218,733,369,244,86,34,115,573,363
Calml3_3*Fcrl6_1,Calml3*Fcrl6,1198,187,307,407,339,103,374,157,315,63,11,64,252,474
Chek2_1*Mpeg1_5,Chek2*Mpeg1,1197,176,258,448,454,157,258,97,62,112,252,24,212,615
Apc_4*Cxcr5_1,Apc*Cxcr5,1196,281,972,517,378,124,236,127,141,6934,39,21,44,670
Pten_1*Hgf_2,Pten*Hgf,1195,265,373,478,524,92,223,59,83,96,21,2097,291,497
Brca2_3*Cxcr5_3,Brca2*Cxcr5,1195,408,760,563,672,159,635,262,182,182,380,55,169,1698
Nt_44*Mfap5_1,Nt*Mfap5,1194,357,1492,6314,1253,340,772,448,840,12868,49,368,137,46
Apc_4*Pla2r1_2,Apc*Pla2r1,1194,255,209,317,595,74,241,57,65,78,26,166,242,432
Sox10_1*Tnfsf15_3,Sox10*Tnfsf15,1193,277,176,344,401,188,642,318,1373,159,32,26,139,1069
Brca2_1*Cxcr2_4,Brca2*Cxcr2,1193,215,293,292,379,156,470,171,35,37,10,8,138,1598
Pten_3*Cxcr5_2,Pten*Cxcr5,1192,247,717,975,959,206,669,306,132,158,44,288,388,458
Rb1_4*Pla2r1_4,Rb1*Pla2r1,1192,187,2118,1333,364,155,1157,118,6844,18129,63,21,136,499
Clca2_2*Il6_2,Clca2*Il6,1190,155,177,204,204,86,257,137,2119,277,891,64,338,728
Tsc2_2*Pla2g2a_5,Tsc2*Pla2g2a,1190,554,371,6494,484,65,155,185,5339,214,717,14,80,581
Apc_1*Cxcr5_1,Apc*Cxcr5,1189,244,325,276,405,90,257,40,412,13885,2176,26,950,576
Serpinb5_4*Mfap5_3,Serpinb5*Mfap5,1188,253,370,457,455,219,411,410,1230,177,35,15,246,535
Apc_1*Btla_2,Apc*Btla,1188,1685,510,633,500,67,444,62,385,524,121,76,243,180
Kit_2*Nt_25,Kit*Nt,1187,419,361,782,467,94,75,215,250,16456,551,1811,408,614
Tsc2_2*Tlr7_5,Tsc2*Tlr7,1186,394,344,240,500,205,208,325,582,16087,2088,44,480,246
Tgfbr2_1*Mpeg1_5,Tgfbr2*Mpeg1,1185,289,507,293,664,355,875,375,3466,9247,2083,214,135,687
Serpinb5_5*Cx3cl1_3,Serpinb5*Cx3cl1,1185,199,324,306,320,97,592,204,42,55,76,11,25,27
Apc_4*Cxcr5_3,Apc*Cxcr5,1185,367,189,396,441,80,617,68,911,698,1724,33,247,813
Stk11_4*Tnfsf15_2,Stk11*Tnfsf15,1185,330,466,928,506,353,539,313,357,17620,99,19,96,521
Calml3_1*Mpeg1_5,Calml3*Mpeg1,1185,343,277,406,292,85,370,232,1146,231,37,29,528,544
Nt_49*Tnfsf15_1,Nt*Tnfsf15,1183,511,2931,1263,773,460,1704,302,1096,21736,906,15,362,33
Apc_4*Nt_33,Apc*Nt,1182,185,183,383,371,111,175,69,185,9528,549,19,88,1268
Nt_30*Pdcd1lg2_2,Nt*Pdcd1lg2,1181,399,520,2847,572,88,278,187,1410,188,44,12,572,509
Pten_3*Pdcd1lg2_3,Pten*Pdcd1lg2,1181,279,11178,1954,1450,209,561,194,7762,306,64,1841,384,289
Brca1_2*Cdh1_5,Brca1*Cdh1,1181,233,297,209,231,134,360,243,22,32,3,587,214,458
Sox10_4*Btla_2,Sox10*Btla,1181,454,538,882,524,248,645,103,3338,14991,155,53,262,478
Sox10_5*Cdh1_5,Sox10*Cdh1,1179,362,610,478,540,285,693,434,5269,10967,1840,16,194,1703
Calml3_1*Cxcr2_5,Calml3*Cxcr2,1177,103,163,239,318,83,448,168,4059,123,26,74,262,561
Clca2_2*Il6_5,Clca2*Il6,1177,163,215,323,321,81,397,51,86,128,647,4,212,250
Tsc2_2*Btla_1,Tsc2*Btla,1177,350,614,727,547,186,441,138,115,124,22,30,100,72
Apc_1*Cxcr2_2,Apc*Cxcr2,1176,229,220,353,221,154,200,102,496,98,841,15,87,43
Nt_30*Nt_17,Ntc,1175,201,435,373,286,22,115,62,1100,105,25,943,257,1083
Brca1_2*Pla2r1_2,Brca1*Pla2r1,1175,442,355,454,420,207,542,147,8402,4467,3982,16,58,273
Pten_1*Mysm1_5,Pten*Mysm1,1175,167,462,347,231,219,203,81,77,90,26,375,205,832
Rb1_1*Cx3cl1_3,Rb1*Cx3cl1,1174,169,217,104,232,131,356,176,121,80,16,78,329,1424
Rb1_1*Nt_17,Rb1*Nt,1173,246,330,390,671,31,75,25,629,8049,177,7,232,26
Tgfbr2_1*Muc16_4,Tgfbr2*Muc16,1173,210,310,407,482,124,373,165,166,3223,18,82,378,859
Chit1_3*Nt_33,Chit1*Nt,1172,144,274,409,423,178,521,272,117,138,595,59,184,393
Rb1_4*Btla_2,Rb1*Btla,1172,151,201,310,279,218,517,100,3083,200,380,20,133,2177
Rb1_1*Pla2g2a_2,Rb1*Pla2g2a,1172,1944,136,140,381,118,403,169,116,144,1508,102,527,242
Krt15_3*Nt_57,Krt15*Nt,1169,222,270,411,469,102,244,143,77,659,607,20,408,44
Sox10_1*Nt_57,Sox10*Nt,1169,328,2251,378,471,236,297,194,7851,216,44,10,830,613
Stk11_4*Pla2r1_4,Stk11*Pla2r1,1168,286,571,1586,490,266,250,333,315,17689,4566,32,642,1219
Sox10_5*Pla2g2a_4,Sox10*Pla2g2a,1167,250,464,1116,617,357,778,250,91,95,24,6,221,25
Sox10_1*Il6_5,Sox10*Il6,1167,154,292,466,427,210,557,503,57,383,1129,13,548,224
Clca2_5*Cxcr2_4,Clca2*Cxcr2,1167,288,325,294,326,192,581,266,110,1605,28,13,239,20
Apc_4*Btla_2,Apc*Btla,1166,228,2277,212,216,72,232,162,459,635,119,79,290,212
Tsc2_2*Mpeg1_5,Tsc2*Mpeg1,1166,298,368,3106,809,221,577,388,248,11539,68,24,232,1199
Sox10_4*Cx3cl1_5,Sox10*Cx3cl1,1165,194,454,666,760,152,533,314,61,66,17,36,281,588
Rb1_1*Tnfsf15_1,Rb1*Tnfsf15,1165,315,198,271,267,351,533,271,212,16231,495,1547,170,113
Tsc2_2*Cxcr2_4,Tsc2*Cxcr2,1164,229,164,296,524,106,285,214,2769,170,311,12,73,47
Krt15_2*Cx3cl1_3,Krt15*Cx3cl1,1164,256,371,242,350,157,299,172,1018,17935,66,71,366,424
Sox10_1*Hgf_4,Sox10*Hgf,1163,192,365,239,438,320,488,284,70,54,326,83,197,75
Brca1_3*Tnfsf15_1,Brca1*Tnfsf15,1161,307,293,557,680,255,228,193,174,206,38,23,143,102
Nt_30*Mysm1_2,Nt*Mysm1,1161,394,426,500,466,41,254,86,237,6925,4830,12,244,33
Apc_5*Nt_25,Apc*Nt,1161,280,346,603,559,175,226,136,80,85,18,13,192,709
Brca1_3*Mfap5_3,Brca1*Mfap5,1159,3681,498,629,836,225,274,260,212,1063,49,24,94,751
Kit_1*Il6_1,Kit*Il6,1159,296,494,386,370,95,130,92,272,337,1901,8,250,1602
Krt15_5*Cxcr2_2,Krt15*Cxcr2,1158,270,196,426,427,99,417,82,100,122,27,14,203,469
Stk11_1*Il6_1,Stk11*Il6,1158,244,318,480,486,253,594,164,2601,126,269,10,301,44
Krt15_2*Cxcr2_5,Krt15*Cxcr2,1158,243,724,786,666,439,1004,126,7666,160,35,39,206,158
Nt_16*Cx3cl1_5,Nt*Cx3cl1,1158,276,616,604,619,219,760,359,461,91,18,14,186,387
Rb1_1*Nt_33,Rb1*Nt,1157,319,461,480,640,158,573,200,147,173,38,15,267,33
Pten_4*Tnfsf15_1,Pten*Tnfsf15,1157,204,176,191,172,43,386,171,40,49,12,152,757,343
Tsc2_2*Mfap5_5,Tsc2*Mfap5,1155,326,436,401,702,59,510,239,76,91,23,147,92,1334
Serpinb5_2*Mfap5_5,Serpinb5*Mfap5,1153,152,253,540,1611,94,458,30,234,10820,49,62,763,597
Clca2_3*Nt_6,Clca2*Nt,1153,327,242,276,357,208,91,145,5504,122,23,829,400,466
Sox10_4*Pdcd1lg2_2,Sox10*Pdcd1lg2,1152,191,590,529,709,154,306,434,2141,484,40,10,73,353
Apc_5*Btla_5,Apc*Btla,1152,290,593,749,597,179,591,322,93,1272,17,400,351,273
Rb1_2*Hgf_5,Rb1*Hgf,1149,132,307,542,609,215,493,123,280,130,25,12,76,494
Apc_1*Mfap5_3,Apc*Mfap5,1148,141,141,436,142,66,394,137,37,45,5,51,198,166
Brca1_3*Nt_20,Brca1*Nt,1148,205,322,563,336,156,385,200,45,53,31,7,30,719
Clca2_2*Pla2g2a_2,Clca2*Pla2g2a,1148,199,182,106,126,57,206,132,104,70,15,52,265,778
Serpinb5_2*Tlr7_1,Serpinb5*Tlr7,1146,183,221,653,480,146,356,164,53,73,16,25,337,327
Chek2_3*Nt_33,Chek2*Nt,1146,161,184,305,367,26,322,135,89,117,482,1505,243,780
Apc_1*Nt_33,Apc*Nt,1142,224,311,359,540,119,327,154,370,19126,60,16,39,469
Sox10_4*Pla2g2a_4,Sox10*Pla2g2a,1142,1051,651,509,466,86,548,149,305,286,76,23,259,738
Sox10_5*Cxcr5_1,Sox10*Cxcr5,1141,466,3745,1212,1050,266,1248,786,212,1132,53,17,280,1401
Clca2_3*Pdcd1lg2_1,Clca2*Pdcd1lg2,1140,287,456,509,487,177,322,204,130,1014,35,32,342,149
Calml3_1*Nt_20,Calml3*Nt,1140,224,2290,223,369,113,132,172,706,819,1733,23,112,518
Nt_43*Mfap5_5,Nt*Mfap5,1139,199,292,437,517,92,232,92,1270,140,2035,11,362,34
Apc_4*Cxcr2_5,Apc*Cxcr2,1139,190,253,278,185,165,255,208,115,152,782,26,179,928
Nt_43*Muc16_4,Nt*Muc16,1139,136,188,153,261,44,112,149,128,190,43,19,131,560
Apc_4*Nt_39,Apc*Nt,1139,281,305,423,396,44,401,40,6696,161,31,15,105,175
Serpinb5_4*Nt_18,Serpinb5*Nt,1139,292,537,457,566,61,412,131,102,3300,732,11,177,418
Pten_1*Pla2g2a_5,Pten*Pla2g2a,1137,431,1782,367,531,125,191,174,70,95,12,16,191,587
Kit_2*Tnfsf15_3,Kit*Tnfsf15,1137,239,403,364,617,254,632,354,121,68,10,34,487,581
Nt_43*Nt_18,Ntc,1136,729,311,213,305,79,241,48,110,388,31,19,195,57
Nt_48*Pla2g2a_2,Nt*Pla2g2a,1136,95,311,360,392,203,667,199,115,106,1693,21,454,142
Serpinb5_5*Tnfsf15_1,Serpinb5*Tnfsf15,1135,1167,530,586,535,163,755,279,138,147,36,51,126,1377
Apc_4*Fcrl6_1,Apc*Fcrl6,1134,152,182,264,328,83,397,93,146,5668,27,13,97,127
Pten_4*Tnfsf15_3,Pten*Tnfsf15,1134,454,930,1259,713,210,465,378,585,21057,20781,38,120,97
Nt_43*Cxcr2_5,Nt*Cxcr2,1134,181,214,238,258,89,58,124,215,2230,59,11,186,1997
Kit_2*Btla_2,Kit*Btla,1132,206,492,264,282,51,450,150,333,5798,41,94,430,262
Rb1_1*Nt_18,Rb1*Nt,1131,198,5618,428,363,39,197,129,68,60,11,10,358,700
Smad4_2*Il6_5,Smad4*Il6,1131,250,138,194,294,91,535,112,122,124,428,18,229,201
Kit_2*Fcrl6_1,Kit*Fcrl6,1131,216,622,727,572,173,284,228,87,106,23,225,334,147
Clca2_2*Pdcd1lg2_2,Clca2*Pdcd1lg2,1129,264,3103,256,355,101,192,55,3448,164,91,13,259,1749
Apc_4*Cxcr2_2,Apc*Cxcr2,1127,197,271,300,453,108,214,103,763,5118,37,5,63,301
Sox10_1*Mysm1_4,Sox10*Mysm1,1125,334,211,257,310,165,249,161,2691,5126,1260,43,329,523
Krt15_3*Cxcr2_4,Krt15*Cxcr2,1125,146,2326,374,337,95,249,65,66,91,9,36,115,1100
Pten_4*Nt_18,Pten*Nt,1124,311,558,423,458,123,520,252,136,146,51,16,221,1013
Krt15_3*Il6_1,Krt15*Il6,1124,373,327,405,610,108,367,67,127,162,26,19,112,48
Brca2_3*Mpeg1_5,Brca2*Mpeg1,1124,397,506,494,580,154,522,132,4069,226,2408,14,88,21
Tsc2_1*Mfap5_1,Tsc2*Mfap5,1124,159,413,213,435,249,281,332,19,35,2,25,200,1628
Tgfbr2_5*Cxcr2_4,Tgfbr2*Cxcr2,1122,168,321,315,309,230,394,96,138,140,36,611,284,262
Calml3_3*Cx3cl1_4,Calml3*Cx3cl1,1122,191,214,221,612,55,205,65,74,99,12,6,560,440
Sox10_1*Cxcr5_1,Sox10*Cxcr5,1121,250,286,227,316,131,596,177,66,101,457,15,541,37
Chek2_3*Pdcd1lg2_1,Chek2*Pdcd1lg2,1120,320,198,323,306,15,505,118,1969,6668,1546,36,127,354
Clca2_3*Pdcd1lg2_3,Clca2*Pdcd1lg2,1120,273,293,332,470,82,121,78,63,1301,18,265,510,1804
Kit_2*Fcrl6_5,Kit*Fcrl6,1120,130,206,202,419,73,482,160,68,83,15,32,76,58
Rb1_1*Cxcr5_3,Rb1*Cxcr5,1118,163,294,244,406,110,520,166,88,119,1380,16,122,881
Clca2_3*Cx3cl1_5,Clca2*Cx3cl1,1117,390,465,344,525,113,307,377,131,173,29,7,452,923
Tgfbr2_1*Fcrl6_4,Tgfbr2*Fcrl6,1117,427,599,574,514,383,1090,156,487,3982,2033,45,196,1545
Kit_1*Fcrl6_4,Kit*Fcrl6,1117,223,223,473,681,233,786,246,372,425,54,14,217,30
Rb1_4*Cxcr2_2,Rb1*Cxcr2,1116,185,617,842,532,116,543,110,321,7087,602,53,219,770
Smad4_2*Mpeg1_1,Smad4*Mpeg1,1115,817,4465,502,355,85,700,265,130,102,127,14,489,1051
Chit1_5*Nt_57,Chit1*Nt,1115,152,377,4287,466,133,313,123,51,72,8,13,195,447
Pten_4*Cdh1_5,Pten*Cdh1,1115,270,474,693,445,151,603,556,241,11340,45,23,425,592
Krt15_3*Mfap5_3,Krt15*Mfap5,1115,215,323,437,393,141,148,155,69,92,199,51,282,343
Apc_4*Il6_5,Apc*Il6,1114,133,528,539,493,167,366,154,1813,3116,27,174,62,30
Tsc2_5*Muc16_4,Tsc2*Muc16,1111,380,6313,1662,916,195,220,366,3012,4657,36,47,459,122
Stk11_4*Mfap5_5,Stk11*Mfap5,1111,301,1188,808,656,229,827,150,239,278,51,51,651,141
Chek2_3*Hgf_4,Chek2*Hgf,1110,346,343,525,495,51,568,139,393,2650,433,12,157,429
Sox10_5*Fcrl6_4,Sox10*Fcrl6,1110,319,883,817,666,329,825,575,207,102,79,15,458,446
Sox10_4*Mpeg1_4,Sox10*Mpeg1,1109,163,510,492,421,104,194,166,18,35,1,6,277,604
Calml3_1*Pdcd1lg2_3,Calml3*Pdcd1lg2,1109,322,7586,431,457,174,491,173,7238,8012,51,293,133,350
Pten_1*Cxcr2_2,Pten*Cxcr2,1109,281,428,649,319,80,204,12,134,5294,37,1667,373,1696
Stk11_4*Nt_6,Stk11*Nt,1109,259,335,384,445,262,666,339,56,82,635,125,440,581
Nt_30*Nt_57,Ntc,1109,349,442,706,544,110,417,25,127,207,46,11,286,585
Chit1_3*Il6_5,Chit1*Il6,1108,121,311,493,488,134,773,186,3725,165,29,747,63,655
Tsc2_2*Muc16_4,Tsc2*Muc16,1107,177,418,668,597,91,648,164,94,144,38,572,644,981
Apc_1*Nt_20,Apc*Nt,1104,76,164,154,329,29,204,60,99,47,10,7,83,32
Rb1_2*Muc16_4,Rb1*Muc16,1104,194,319,126,360,189,255,231,543,68,6,104,42,2402
Stk11_1*Tnfsf15_1,Stk11*Tnfsf15,1104,1036,301,200,261,201,590,267,1357,1820,37,1404,277,1060
Nt_2*Tlr7_2,Nt*Tlr7,1101,317,5103,654,684,68,453,109,1471,148,24,12,150,33
Tgfbr2_1*Tlr7_2,Tgfbr2*Tlr7,1099,171,366,438,423,129,804,353,1451,90,20,10,170,357
Nt_43*Tlr7_5,Nt*Tlr7,1098,213,268,248,228,136,289,100,2120,12025,58,47,229,1735
Serpinb5_2*Fcrl6_1,Serpinb5*Fcrl6,1098,163,357,292,349,37,137,85,93,97,1692,346,453,168
Chit1_3*Mpeg1_1,Chit1*Mpeg1,1097,240,509,335,587,196,443,282,64,83,900,62,386,953
Nt_44*Cxcr5_1,Nt*Cxcr5,1096,274,714,397,538,151,349,399,1470,799,26,8,199,956
Brca1_5*Muc16_4,Brca1*Muc16,1096,174,209,372,510,168,330,163,1131,98,18,15,266,466
Nt_30*Pla2g2a_2,Nt*Pla2g2a,1094,459,497,569,452,110,300,68,70,79,885,6,187,579
Tsc2_2*Il6_1,Tsc2*Il6,1093,153,396,461,465,60,221,37,1957,120,21,11,1320,25
Serpinb5_4*Hgf_5,Serpinb5*Hgf,1093,231,313,400,505,91,283,185,4679,290,2821,14,457,26
Rb1_4*Pdcd1lg2_3,Rb1*Pdcd1lg2,1093,221,1236,1594,1064,131,178,115,365,236,385,20,77,1100
Serpinb5_4*Nt_20,Serpinb5*Nt,1093,254,257,387,468,119,312,149,241,17356,70,8,64,660
Brca1_2*Il6_5,Brca1*Il6,1092,261,197,253,362,153,214,44,562,49048,140,13,123,1559
Chit1_3*Hgf_5,Chit1*Hgf,1091,169,408,342,283,124,544,284,96,108,2287,8,338,486
Serpinb5_2*Btla_2,Serpinb5*Btla,1091,118,174,143,309,43,135,88,170,54,8,109,409,288
Rb1_4*Pla2r1_3,Rb1*Pla2r1,1090,155,194,237,354,61,88,86,45,62,11,10,96,28
Apc_5*Muc16_4,Apc*Muc16,1088,100,395,387,332,35,431,110,181,131,17,112,560,610
Kit_4*Tlr7_5,Kit*Tlr7,1088,379,1037,1433,816,310,987,172,163,718,419,1066,592,817
Tsc2_2*Pla2r1_3,Tsc2*Pla2r1,1087,249,616,518,465,46,144,95,5992,4707,1878,7,129,27
Clca2_2*Pla2r1_2,Clca2*Pla2r1,1085,189,295,360,528,53,390,123,5977,125,540,12,37,41
Clca2_3*Nt_33,Clca2*Nt,1085,228,890,680,469,98,403,241,771,13690,44,16,216,98
Tgfbr2_1*Mysm1_5,Tgfbr2*Mysm1,1084,303,1441,6505,1274,269,460,323,355,119,20,9,818,853
Brca2_3*Muc16_4,Brca2*Muc16,1084,194,176,324,130,49,176,115,283,13175,33,100,620,292
Smad4_3*Cxcr2_5,Smad4*Cxcr2,1084,240,456,401,485,286,1011,249,60,77,25,25,267,627
Nt_44*Pla2r1_3,Nt*Pla2r1,1083,394,175,401,404,83,231,46,81,68,742,13,184,652
Tgfbr2_5*Muc16_4,Tgfbr2*Muc16,1083,101,215,564,338,124,111,95,79,629,24,14,50,657
Smad4_3*Nt_20,Smad4*Nt,1082,326,479,240,439,392,264,567,6309,11857,2998,1836,329,813
Serpinb5_2*Cdh1_4,Serpinb5*Cdh1,1081,165,197,375,514,200,181,87,33,55,26,191,123,425
Chek2_3*Btla_5,Chek2*Btla,1081,119,360,226,233,95,581,64,51,43,265,17,71,1996
Apc_4*Nt_6,Apc*Nt,1080,230,420,574,565,9,235,95,91,110,2341,22,255,1128
Sox10_1*Muc16_4,Sox10*Muc16,1080,218,3149,347,289,163,186,138,76,111,19,14,253,169
Apc_1*Mysm1_2,Apc*Mysm1,1078,176,224,283,493,75,148,68,46,61,14,212,239,23
Apc_1*Mpeg1_5,Apc*Mpeg1,1077,309,250,272,453,72,663,149,943,5464,18,320,137,1071
Tsc2_5*Cx3cl1_3,Tsc2*Cx3cl1,1077,170,287,689,414,158,619,238,607,3011,26,391,203,32
Nt_16*Nt_57,Ntc,1076,257,476,1980,2067,231,341,302,203,12906,470,560,59,264
Clca2_3*Cx3cl1_4,Clca2*Cx3cl1,1076,151,258,406,392,199,217,187,4707,132,26,46,357,810
Rb1_4*Pdcd1lg2_2,Rb1*Pdcd1lg2,1075,67,175,244,209,77,285,100,609,94,25,58,209,817
Chek2_3*Il6_5,Chek2*Il6,1075,221,264,362,284,111,345,108,1946,630,128,106,434,734
Stk11_4*Nt_25,Stk11*Nt,1074,183,473,353,436,112,242,210,2392,133,24,57,365,639
Clca2_5*Tnfsf15_1,Clca2*Tnfsf15,1074,200,364,448,357,211,472,341,88,94,12,490,178,477
Calml3_3*Muc16_3,Calml3*Muc16,1073,223,294,277,343,129,481,250,4317,8474,61,8,180,175
Apc_1*Il6_5,Apc*Il6,1071,177,256,135,169,74,292,101,154,180,39,13,182,1820
Apc_4*Pla2g2a_5,Apc*Pla2g2a,1071,154,96,571,432,153,303,50,100,142,557,13,308,886
Calml3_1*Nt_57,Calml3*Nt,1070,72,104,243,269,106,347,89,827,61,17,1328,112,2218
Calml3_4*Mpeg1_4,Calml3*Mpeg1,1069,168,431,352,394,99,225,46,2557,123,1673,21,152,41
Pten_1*Il6_2,Pten*Il6,1068,245,427,447,424,166,262,50,233,16974,1787,52,332,979
Nt_30*Fcrl6_5,Nt*Fcrl6,1067,201,264,278,326,147,261,115,715,12359,3454,9,187,353
Nt_16*Il6_5,Nt*Il6,1067,256,497,993,492,209,653,84,2032,139,45,99,233,208
Nt_30*Pla2g2a_5,Nt*Pla2g2a,1067,392,403,563,434,147,9,133,5843,21074,1265,22,371,246
Clca2_3*Muc16_2,Clca2*Muc16,1067,230,437,531,359,27,239,23,153,3398,389,9,510,341
Brca1_2*Cxcr5_1,Brca1*Cxcr5,1066,114,202,169,266,165,450,83,17,22,1,45,362,1174
Kit_2*Cxcr5_1,Kit*Cxcr5,1064,359,531,772,8139,154,177,142,185,7379,4226,7,571,23
Smad4_2*Cxcr5_3,Smad4*Cxcr5,1063,214,200,258,384,206,804,206,211,9457,1785,129,431,776
Chit1_5*Cxcr5_1,Chit1*Cxcr5,1063,373,440,871,419,348,538,242,152,198,4088,17,264,21
Apc_4*Hgf_5,Apc*Hgf,1062,170,352,238,359,98,119,117,99,133,807,15,189,1196
Chit1_2*Tnfsf15_1,Chit1*Tnfsf15,1061,378,365,790,466,381,1250,644,3484,1642,192,21,118,687
Sox10_5*Mfap5_3,Sox10*Mfap5,1061,315,1191,2581,788,358,1350,369,200,271,2266,26,119,1114
Clca2_2*Cdh1_5,Clca2*Cdh1,1061,123,166,256,315,167,187,62,67,77,20,9,82,14
Tgfbr2_1*Mysm1_4,Tgfbr2*Mysm1,1061,330,474,696,666,452,385,505,167,8236,1446,28,397,165
Sox10_1*Tnfsf15_2,Sox10*Tnfsf15,1061,291,355,317,503,407,811,202,129,159,2373,10,35,679
Serpinb5_4*Pla2g2a_2,Serpinb5*Pla2g2a,1059,108,134,269,229,86,287,59,46,56,10,786,154,2042
Nt_9*Muc16_2,Nt*Muc16,1058,269,425,393,481,122,421,143,851,13731,64,18,110,719
Nt_16*Mpeg1_5,Nt*Mpeg1,1056,251,757,625,570,84,782,40,73,91,11,8,102,621
Krt15_5*Nt_6,Krt15*Nt,1056,195,902,1192,1075,112,316,114,113,132,23,12,140,1072
Pten_4*Hgf_5,Pten*Hgf,1055,170,728,1175,712,70,55,115,74,80,8,61,167,1040
Smad4_2*Cx3cl1_4,Smad4*Cx3cl1,1055,852,137,147,281,52,519,78,5738,2851,44,12,388,447
Pten_4*Cxcr2_5,Pten*Cxcr2,1054,66,340,779,471,272,545,220,26,26,2,7,28,22
Nt_30*Pla2g2a_4,Nt*Pla2g2a,1054,282,319,475,470,63,148,167,269,18730,1333,8,294,648
Brca2_3*Tlr7_2,Brca2*Tlr7,1053,196,335,412,522,294,328,94,181,242,39,291,81,29
Apc_4*Pla2r1_4,Apc*Pla2r1,1051,221,245,334,379,122,224,142,276,96,1497,234,110,274
Stk11_4*Muc16_4,Stk11*Muc16,1049,188,120,206,171,68,111,115,160,207,632,1428,589,366
Serpinb5_5*Mpeg1_4,Serpinb5*Mpeg1,1049,186,217,209,390,69,308,195,1887,7004,23,17,101,958
Rb1_2*Tlr7_5,Rb1*Tlr7,1048,265,211,278,354,130,542,304,263,20492,69,13,68,629
Nt_16*Mysm1_5,Nt*Mysm1,1047,250,315,241,550,162,600,194,2998,151,1245,36,241,838
Tsc2_1*Pla2g2a_4,Tsc2*Pla2g2a,1046,181,306,437,343,152,405,273,181,141,36,75,322,553
Apc_1*Pla2g2a_4,Apc*Pla2g2a,1046,229,296,297,316,153,342,77,386,30850,86,32,224,853
Rb1_2*Pla2g2a_4,Rb1*Pla2g2a,1045,299,340,341,321,104,357,55,91,129,25,8,243,561
Nt_9*Fcrl6_4,Nt*Fcrl6,1045,333,474,445,530,86,449,287,225,13912,60,166,218,679
Stk11_4*Fcrl6_1,Stk11*Fcrl6,1043,320,468,513,805,244,1509,401,105,113,23,1951,345,264
Sox10_1*Pdcd1lg2_3,Sox10*Pdcd1lg2,1043,151,762,336,587,122,264,143,114,171,30,206,320,542
Apc_1*Fcrl6_1,Apc*Fcrl6,1043,151,165,173,267,35,209,104,139,4278,31,53,141,101
Tgfbr2_5*Tnfsf15_1,Tgfbr2*Tnfsf15,1043,330,420,608,337,170,304,221,224,252,3301,15,53,86
Clca2_5*Muc16_4,Clca2*Muc16,1043,148,323,435,395,140,601,213,3749,140,1247,18,39,1171
Chek2_1*Mpeg1_4,Chek2*Mpeg1,1042,199,1042,257,315,76,312,21,221,766,37,24,323,277
Smad4_2*Cxcr2_5,Smad4*Cxcr2,1042,206,172,234,321,53,85,111,112,148,2803,91,299,214
Chit1_5*Tnfsf15_1,Chit1*Tnfsf15,1040,128,213,295,312,194,348,255,67,84,14,81,414,271
Brca1_3*Cx3cl1_3,Brca1*Cx3cl1,1040,241,587,465,468,106,393,146,1522,102,16,425,143,44
Rb1_1*Il6_1,Rb1*Il6,1039,157,362,310,298,43,256,29,995,78,11,19,619,229
Rb1_4*Mysm1_4,Rb1*Mysm1,1039,160,214,259,332,155,528,103,134,6966,32,33,151,1059
Sox10_4*Cxcr2_2,Sox10*Cxcr2,1038,274,681,625,677,227,740,502,228,237,40,832,192,893
Krt15_5*Pla2r1_3,Krt15*Pla2r1,1038,235,481,337,289,12,20,143,425,25901,153,6,112,381
Apc_5*Cxcr2_4,Apc*Cxcr2,1037,214,567,443,460,69,10,153,29,31,2,6,1053,1050
Nt_16*Hgf_5,Nt*Hgf,1037,216,464,604,590,266,309,259,70,92,128,15,232,289
Calml3_3*Nt_57,Calml3*Nt,1036,166,297,427,288,132,74,69,2368,7241,565,10,1082,1097
Apc_5*Tlr7_1,Apc*Tlr7,1035,274,436,778,478,82,159,68,946,86,966,14,104,452
Brca1_2*Pla2r1_4,Brca1*Pla2r1,1035,186,216,272,175,82,403,257,74,2421,15,7,62,35
Sox10_5*Muc16_4,Sox10*Muc16,1034,92,162,173,308,95,476,105,45,70,20,40,205,98
Nt_30*Tnfsf15_1,Nt*Tnfsf15,1034,159,247,321,458,189,449,121,28,31,141,8,527,221
Apc_5*Mysm1_5,Apc*Mysm1,1033,846,420,598,366,170,257,64,2925,109,18,15,128,581
Calml3_3*Cxcr2_2,Calml3*Cxcr2,1033,111,131,250,217,91,374,200,71,73,241,46,209,551
Apc_5*Muc16_2,Apc*Muc16,1033,219,578,392,502,74,224,196,230,269,140,10,634,233
Sox10_5*Tlr7_2,Sox10*Tlr7,1033,171,519,710,609,270,590,433,349,271,55,120,365,266
Smad4_3*Nt_17,Smad4*Nt,1033,318,351,422,331,60,247,103,3458,20515,84,9,85,612
Clca2_2*Mpeg1_5,Clca2*Mpeg1,1033,236,211,303,338,26,105,43,1577,11554,953,9,107,420
Nt_2*Cxcr2_4,Nt*Cxcr2,1032,159,539,607,510,104,187,235,2763,106,25,4,51,947
Clca2_2*Nt_26,Clca2*Nt,1032,146,139,206,254,67,234,50,36,48,7,106,271,288
Smad4_2*Muc16_4,Smad4*Muc16,1031,80,94,217,306,58,116,88,16,23,4,11,659,18
Nt_30*Pdcd1lg2_3,Nt*Pdcd1lg2,1031,336,347,507,422,140,361,87,126,145,1960,21,129,35
Brca2_3*Mysm1_4,Brca2*Mysm1,1030,292,404,4333,699,293,305,264,127,139,582,15,195,362
Nt_16*Cdh1_1,Nt*Cdh1,1029,214,446,537,486,223,382,168,74,86,24,12,41,18
Sox10_4*Muc16_2,Sox10*Muc16,1029,100,615,480,423,77,328,195,84,110,20,14,83,595
Serpinb5_4*Fcrl6_4,Serpinb5*Fcrl6,1027,154,265,501,442,206,559,127,90,106,586,29,196,715
Stk11_5*Cxcr2_4,Stk11*Cxcr2,1027,518,772,648,786,222,457,333,1857,12960,1019,9,244,201
Brca1_2*Nt_57,Brca1*Nt,1026,340,341,305,470,43,174,236,62,60,435,14,958,1176
Sox10_1*Nt_26,Sox10*Nt,1025,133,283,395,426,179,368,119,72,79,58,29,674,2277
Nt_43*Pla2g2a_2,Nt*Pla2g2a,1025,385,177,419,368,43,114,104,1694,4327,31,281,497,114
Rb1_1*Mysm1_5,Rb1*Mysm1,1024,183,252,2646,303,208,548,121,3095,221,51,13,36,845
Rb1_4*Pla2g2a_2,Rb1*Pla2g2a,1024,130,125,228,187,75,432,33,3588,174,17,542,113,253
Smad4_4*Tlr7_2,Smad4*Tlr7,1024,70,277,1089,272,57,213,259,3136,104,116,29,284,884
Krt15_5*Nt_26,Krt15*Nt,1023,212,412,510,396,176,487,219,49,44,8,6,149,692
Pten_3*Mfap5_1,Pten*Mfap5,1023,160,370,484,662,229,362,247,143,2847,38,10,211,38
Apc_5*Pla2g2a_4,Apc*Pla2g2a,1023,182,418,473,328,64,8,285,566,62,975,16,230,51
Pten_3*Pla2r1_3,Pten*Pla2r1,1023,292,567,442,549,84,37,27,1583,225,43,34,530,93
Smad4_2*Cxcr5_2,Smad4*Cxcr5,1022,191,137,138,146,86,503,128,248,319,87,217,188,955
Sox10_4*Pla2g2a_2,Sox10*Pla2g2a,1021,349,244,421,390,275,313,355,192,8674,1731,27,204,266
Stk11_4*Fcrl6_5,Stk11*Fcrl6,1021,228,302,372,299,107,351,46,82,6496,35,11,76,1714
Chek2_3*Nt_26,Chek2*Nt,1020,182,170,138,313,98,171,57,259,296,2416,32,200,2509
Chit1_5*Cxcr5_3,Chit1*Cxcr5,1020,396,2351,365,603,176,494,271,135,190,951,18,232,713
Pten_4*Btla_1,Pten*Btla,1019,448,649,801,806,129,240,202,718,112,1693,11,182,452
Pten_3*Fcrl6_5,Pten*Fcrl6,1018,285,754,735,621,145,485,436,184,5493,1088,44,47,782
Clca2_2*Btla_2,Clca2*Btla,1018,136,250,259,156,56,59,51,4566,232,43,73,389,511
Apc_1*Tnfsf15_3,Apc*Tnfsf15,1017,181,247,313,381,171,576,116,130,153,654,10,155,244
Brca2_3*Pla2g2a_4,Brca2*Pla2g2a,1017,302,753,397,491,301,440,117,60,63,12,18,214,652
Sox10_5*Cxcr2_5,Sox10*Cxcr2,1017,256,3244,1376,856,417,684,473,195,219,441,220,107,827
Krt15_5*Cdh1_5,Krt15*Cdh1,1016,299,392,305,476,101,174,118,39,55,17,8,51,255
Chek2_1*Tnfsf15_1,Chek2*Tnfsf15,1015,85,393,492,306,77,218,67,58,60,11,20,197,2539
Serpinb5_2*Mpeg1_5,Serpinb5*Mpeg1,1015,289,276,1885,431,116,209,85,114,181,41,322,191,853
Tsc2_2*Cdh1_1,Tsc2*Cdh1,1015,115,500,480,300,164,687,171,93,662,1496,1314,256,319
Nt_9*Il6_1,Nt*Il6,1014,331,1102,1417,1132,68,37,143,102,137,29,247,203,522
Nt_16*Tnfsf15_3,Nt*Tnfsf15,1014,323,394,466,463,127,544,205,80,132,23,9,83,856
Nt_44*Nt_17,Ntc,1014,257,356,563,535,125,152,95,1046,183,28,3,136,379
Apc_5*Nt_57,Apc*Nt,1014,252,539,526,582,152,205,248,248,27724,1216,20,369,725
Tsc2_2*Mysm1_5,Tsc2*Mysm1,1014,356,365,393,494,122,500,204,10532,188,36,31,305,779
Sox10_4*Nt_26,Sox10*Nt,1013,105,495,380,529,181,516,109,836,138,33,30,253,1136
Serpinb5_2*Pla2g2a_5,Serpinb5*Pla2g2a,1013,206,251,389,386,55,275,185,112,6485,38,679,268,90
Serpinb5_2*Tnfsf15_3,Serpinb5*Tnfsf15,1013,181,234,231,333,45,278,170,74,63,14,30,140,85
Serpinb5_4*Cxcr5_2,Serpinb5*Cxcr5,1011,431,458,789,760,236,527,360,1032,26311,2011,12,321,21
Smad4_4*Muc16_4,Smad4*Muc16,1011,281,273,418,279,213,406,91,134,179,1465,23,141,379
Serpinb5_2*Cxcr2_5,Serpinb5*Cxcr2,1010,145,213,243,453,67,309,189,75,97,15,59,237,269
Nt_44*Cxcr5_3,Nt*Cxcr5,1010,340,263,340,608,285,800,69,2866,109,22,370,194,208
Brca1_2*Mfap5_3,Brca1*Mfap5,1010,205,296,260,229,21,416,192,128,138,30,65,332,392
Clca2_2*Nt_33,Clca2*Nt,1009,101,181,281,298,67,145,124,3608,135,509,6,74,27
Tgfbr2_1*Tlr7_5,Tgfbr2*Tlr7,1009,153,282,203,459,252,267,247,44,63,8,39,332,404
Sox10_4*Fcrl6_5,Sox10*Fcrl6,1008,216,490,3423,670,252,386,339,65,60,19,22,222,1129
Brca1_2*Mysm1_2,Brca1*Mysm1,1007,2787,599,561,438,51,163,107,129,178,29,17,228,989
Clca2_2*Cdh1_1,Clca2*Cdh1,1007,187,869,503,391,104,164,51,85,78,530,28,411,658
Pten_3*Pdcd1lg2_2,Pten*Pdcd1lg2,1007,286,676,477,760,149,291,312,193,186,47,2776,249,831
Nt_16*Nt_17,Ntc,1005,303,629,443,531,42,171,257,3057,133,16,10,121,362
Apc_1*Muc16_3,Apc*Muc16,1005,113,2687,530,420,203,431,172,1975,75,10,26,177,1260
Brca1_2*Tlr7_5,Brca1*Tlr7,1004,81,929,218,348,117,225,230,3183,75,16,59,333,145
Stk11_4*Cxcr5_3,Stk11*Cxcr5,1003,313,246,431,635,217,127,288,81,89,13,62,294,286
Nt_43*Fcrl6_4,Nt*Fcrl6,1001,203,128,304,400,86,799,115,1570,783,29,5,96,231
Pten_4*Il6_2,Pten*Il6,1001,318,407,467,465,176,313,196,80,95,1358,24,231,232
Sox10_5*Pdcd1lg2_2,Sox10*Pdcd1lg2,1000,219,379,2408,483,203,406,310,900,503,89,45,374,246
Stk11_4*Il6_5,Stk11*Il6,999,166,276,136,337,176,497,485,7230,148,31,48,229,105
Calml3_3*Cxcr5_1,Calml3*Cxcr5,996,141,151,289,432,80,355,157,250,13343,566,8,87,171
Chek2_3*Pla2r1_4,Chek2*Pla2r1,994,148,124,191,369,79,64,91,28,30,71,10,52,1649
Rb1_1*Mfap5_3,Rb1*Mfap5,994,171,262,326,370,131,568,160,162,198,690,22,271,1177
Kit_2*Nt_6,Kit*Nt,992,239,362,421,398,138,403,205,78,2648,356,18,260,221
Stk11_1*Tlr7_5,Stk11*Tlr7,992,185,352,316,233,255,774,218,1858,108,519,40,848,935
Pten_4*Nt_26,Pten*Nt,992,410,17188,963,655,168,545,276,206,2318,38,29,289,1375
Tsc2_2*Mysm1_2,Tsc2*Mysm1,991,305,447,669,502,260,1117,29,174,219,59,21,103,41
Krt15_2*Tnfsf15_1,Krt15*Tnfsf15,990,209,415,340,576,239,640,301,85,116,22,11,153,1599
Serpinb5_5*Muc16_4,Serpinb5*Muc16,989,205,1366,309,370,151,307,181,1132,75,18,522,79,158
Serpinb5_4*Tlr7_5,Serpinb5*Tlr7,989,240,218,235,224,178,82,45,148,161,56,17,180,491
Apc_4*Pdcd1lg2_3,Apc*Pdcd1lg2,989,118,1713,306,351,74,157,6,244,314,62,35,168,76
Rb1_1*Cxcr5_2,Rb1*Cxcr5,988,203,188,351,402,173,608,224,1405,154,25,6,322,237
Chit1_3*Il6_2,Chit1*Il6,987,253,653,663,683,319,642,235,748,180,159,45,272,422
Smad4_3*Mpeg1_1,Smad4*Mpeg1,987,306,670,7194,893,393,1299,369,188,234,2001,6,138,15
Clca2_2*Nt_18,Clca2*Nt,985,251,154,130,299,73,128,20,364,52,60,16,150,939
Tgfbr2_1*Pla2g2a_5,Tgfbr2*Pla2g2a,984,325,718,410,749,278,147,190,50,59,362,2,121,29
Krt15_2*Muc16_4,Krt15*Muc16,984,222,209,420,569,95,640,225,286,421,65,14,207,1332
Krt15_5*Tnfsf15_3,Krt15*Tnfsf15,983,172,335,264,429,134,819,169,142,137,2376,1217,288,126
Rb1_1*Nt_20,Rb1*Nt,983,140,330,472,421,178,575,166,2580,103,26,33,63,1338
Pten_1*Mfap5_5,Pten*Mfap5,982,227,320,319,542,63,274,90,3035,401,86,27,232,237
Calml3_1*Cxcr5_3,Calml3*Cxcr5,981,108,158,211,388,97,234,139,105,114,710,561,618,1221
Chek2_3*Cxcr2_2,Chek2*Cxcr2,980,223,437,668,515,72,366,123,167,7247,53,19,110,377
Stk11_4*Pla2g2a_4,Stk11*Pla2g2a,980,377,877,820,681,252,751,388,84,101,19,33,300,307
Nt_44*Fcrl6_5,Nt*Fcrl6,978,178,231,427,412,200,1297,464,36,38,6,60,248,150
Rb1_4*Nt_18,Rb1*Nt,978,188,256,244,362,77,266,62,212,13338,52,23,130,542
Krt15_3*Tlr7_5,Krt15*Tlr7,978,227,835,346,361,121,187,138,57,77,13,10,191,287
Pten_4*Pla2r1_4,Pten*Pla2r1,978,282,440,370,704,19,209,328,2682,22688,1384,11,332,1085
Apc_4*Mysm1_5,Apc*Mysm1,976,259,132,609,437,56,230,99,3403,156,82,5,248,19
Krt15_3*Cxcr2_5,Krt15*Cxcr2,975,254,578,368,421,114,104,325,135,182,3356,12,141,469
Clca2_5*Tlr7_2,Clca2*Tlr7,974,175,303,557,419,72,157,55,94,134,26,5,151,2252
Chit1_5*Tlr7_5,Chit1*Tlr7,973,352,405,500,650,118,615,250,133,135,2157,14,221,51
Tsc2_1*Mfap5_3,Tsc2*Mfap5,973,454,355,519,650,314,1036,209,169,6198,37,12,140,88
Tsc2_2*Cx3cl1_4,Tsc2*Cx3cl1,972,338,5120,385,450,215,499,266,6488,241,3710,11,370,62
Calml3_3*Mfap5_5,Calml3*Mfap5,971,185,172,269,220,102,198,155,98,123,27,37,232,186
Smad4_3*Pla2g2a_5,Smad4*Pla2g2a,971,173,352,7615,318,103,518,143,174,203,33,12,86,620
Stk11_1*Tlr7_2,Stk11*Tlr7,971,98,106,251,250,57,235,178,54,88,15,9,67,940
Apc_1*Nt_6,Apc*Nt,970,112,549,805,587,32,12,78,76,3527,33,17,268,652
Krt15_2*Mpeg1_4,Krt15*Mpeg1,969,199,235,389,439,42,141,33,2028,18812,71,1901,384,116
Apc_1*Tnfsf15_1,Apc*Tnfsf15,969,741,164,118,95,11,161,16,2020,67,14,134,488,316
Calml3_3*Cxcr5_3,Calml3*Cxcr5,967,51,138,1635,308,58,84,57,2943,66,24,25,131,221
Krt15_3*Fcrl6_5,Krt15*Fcrl6,966,277,439,512,463,106,488,61,246,18080,42,10,59,25
Nt_16*Btla_1,Nt*Btla,965,200,479,513,580,58,38,306,749,57,53,18,95,1380
Pten_3*Muc16_4,Pten*Muc16,963,1046,327,431,637,212,494,149,194,264,54,19,51,1568
Chit1_3*Pla2g2a_5,Chit1*Pla2g2a,963,266,282,359,408,110,278,203,676,60827,4748,6,166,220
Clca2_3*Tnfsf15_2,Clca2*Tnfsf15,962,256,241,358,359,110,293,163,100,152,23,9,88,2243
Nt_16*Pdcd1lg2_2,Nt*Pdcd1lg2,960,167,234,257,380,92,261,232,4330,120,1073,1180,325,1032
Smad4_2*Nt_57,Smad4*Nt,959,166,303,127,260,123,495,130,71,99,21,5,26,1996
Sox10_5*Nt_18,Sox10*Nt,959,342,1978,2395,1681,183,417,520,77,86,2085,9,76,901
Nt_43*Btla_2,Nt*Btla,959,188,411,443,449,152,330,139,453,808,36,12,209,858
Tsc2_1*Cx3cl1_4,Tsc2*Cx3cl1,959,294,302,593,690,76,305,239,1323,14181,58,7,170,43
Serpinb5_5*Cxcr2_4,Serpinb5*Cxcr2,959,300,149,4839,435,99,606,98,75,97,14,19,265,53
Apc_4*Il6_2,Apc*Il6,958,163,168,196,343,103,318,247,1024,76,203,11,59,292
Chit1_3*Mfap5_5,Chit1*Mfap5,958,276,529,799,694,124,181,190,137,7957,51,15,380,29
Rb1_4*Mpeg1_5,Rb1*Mpeg1,957,194,446,299,297,95,293,207,142,6974,895,14,280,192
Brca1_2*Cxcr2_2,Brca1*Cxcr2,957,246,335,293,439,166,162,207,2711,599,20,20,142,342
Calml3_3*Mpeg1_4,Calml3*Mpeg1,957,111,102,131,128,40,116,28,1242,45,664,30,435,86
Apc_4*Mysm1_4,Apc*Mysm1,956,116,203,128,97,47,144,44,99,89,7,41,211,501
Brca1_2*Fcrl6_1,Brca1*Fcrl6,955,219,227,221,508,29,97,218,46,49,12,9,136,323
Nt_43*Pla2g2a_4,Nt*Pla2g2a,954,189,260,368,410,59,116,115,63,86,864,4,188,32
Stk11_5*Mpeg1_4,Stk11*Mpeg1,954,527,1818,870,596,134,271,213,1299,92,19,23,61,1239
Clca2_2*Mfap5_5,Clca2*Mfap5,952,225,352,336,243,110,42,103,70,74,14,20,133,615
Chit1_3*Pdcd1lg2_3,Chit1*Pdcd1lg2,951,141,531,420,415,167,559,443,2340,79,12,19,165,503
Chek2_3*Fcrl6_1,Chek2*Fcrl6,950,254,148,330,423,47,324,42,139,7164,24,51,165,212
Sox10_4*Mfap5_3,Sox10*Mfap5,949,362,580,352,292,164,872,140,187,9767,307,9,226,26
Smad4_3*Tlr7_5,Smad4*Tlr7,949,167,262,323,239,136,216,161,202,29,5,118,459,743
Apc_1*Mpeg1_1,Apc*Mpeg1,949,150,284,196,433,53,206,30,47,61,14,44,135,289
Chit1_5*Cx3cl1_3,Chit1*Cx3cl1,949,213,633,785,678,67,374,95,59,83,17,121,574,1465
Brca2_3*Pla2r1_3,Brca2*Pla2r1,949,333,331,868,700,57,336,106,1943,19572,92,14,307,22
Apc_5*Il6_1,Apc*Il6,948,227,580,641,666,51,297,148,102,147,25,8,184,36
Apc_4*Muc16_4,Apc*Muc16,948,203,257,200,371,28,124,94,37,214,3,4,71,191
Calml3_1*Muc16_2,Calml3*Muc16,947,150,121,148,190,42,115,64,87,6756,18,5,87,1943
Pten_3*Fcrl6_4,Pten*Fcrl6,947,298,575,610,570,122,794,464,1017,154,79,17,180,247
Smad4_3*Il6_5,Smad4*Il6,946,259,3444,400,437,233,1042,391,928,88,30,36,214,599
Pten_1*Nt_20,Pten*Nt,946,225,161,346,279,16,22,123,170,46,7,109,418,523
Sox10_1*Tlr7_1,Sox10*Tlr7,946,194,1515,2017,1748,175,446,98,2869,907,26,13,440,265
Calml3_3*Il6_5,Calml3*Il6,945,254,279,198,330,139,386,63,5577,288,79,6,325,168
Serpinb5_2*Muc16_2,Serpinb5*Muc16,945,209,270,571,287,59,311,51,104,2054,6,4,137,203
Calml3_3*Fcrl6_4,Calml3*Fcrl6,944,156,733,179,301,86,247,229,84,121,16,30,212,458
Apc_4*Mfap5_5,Apc*Mfap5,944,93,208,289,315,68,177,37,842,60,16,188,175,366
Smad4_3*Pla2g2a_4,Smad4*Pla2g2a,943,994,186,429,421,163,211,196,989,17991,106,35,465,820
Pten_1*Nt_25,Pten*Nt,943,207,490,507,635,48,274,86,3972,14891,1799,41,254,115
Kit_1*Cx3cl1_3,Kit*Cx3cl1,942,204,483,335,336,93,316,118,92,69,19,11,92,1405
Nt_43*Nt_17,Ntc,941,223,258,400,452,47,290,59,2032,232,223,12,137,322
Brca2_3*Mfap5_1,Brca2*Mfap5,941,164,3162,331,463,99,454,356,193,6212,71,2777,249,392
Sox10_1*Btla_5,Sox10*Btla,941,216,185,483,480,133,276,253,65,90,1178,19,278,760
Nt_2*Tlr7_5,Nt*Tlr7,940,237,608,658,639,269,646,331,3150,3149,54,662,525,132
Brca1_2*Cx3cl1_4,Brca1*Cx3cl1,940,301,390,981,446,244,261,158,5273,131,240,13,398,994
Apc_4*Btla_5,Apc*Btla,940,161,317,456,394,100,115,93,286,286,180,44,242,209
Brca1_3*Muc16_4,Brca1*Muc16,939,243,592,815,599,73,283,279,1354,181,31,16,278,285
Serpinb5_4*Nt_57,Serpinb5*Nt,939,176,299,394,429,11,225,33,55,67,53,8,1157,412
Clca2_2*Cx3cl1_4,Clca2*Cx3cl1,934,76,201,133,308,35,94,90,29,46,23,6,107,2079
Pten_4*Cxcr2_2,Pten*Cxcr2,933,292,290,200,689,119,482,185,2277,180,28,13,171,36
Smad4_2*Pdcd1lg2_3,Smad4*Pdcd1lg2,933,176,311,419,550,137,516,144,4153,196,1119,21,226,91
Chit1_5*Muc16_4,Chit1*Muc16,932,172,328,306,477,72,249,153,5981,188,921,77,538,248
Krt15_5*Fcrl6_1,Krt15*Fcrl6,932,251,264,423,378,74,320,105,343,145,26,7,328,572
Kit_2*Tlr7_5,Kit*Tlr7,932,81,119,295,112,84,123,69,44,51,14,8,144,1270
Sox10_1*Btla_1,Sox10*Btla,931,198,335,336,229,267,371,140,80,98,19,6,59,629
Calml3_3*Nt_6,Calml3*Nt,931,141,225,306,265,47,156,211,59,89,1237,5,131,1747
Stk11_4*Btla_5,Stk11*Btla,929,184,936,1304,929,319,650,560,3447,144,23,29,112,333
Calml3_1*Nt_26,Calml3*Nt,928,211,452,635,599,40,377,150,2535,173,285,42,171,60
Rb1_1*Mysm1_2,Rb1*Mysm1,927,158,163,356,390,83,179,156,114,73,59,17,511,26
Rb1_4*Pla2g2a_5,Rb1*Pla2g2a,927,240,441,774,498,109,565,23,2143,6879,83,11,191,191
Rb1_4*Cxcr2_5,Rb1*Cxcr2,927,106,591,72,213,104,446,50,57,95,18,69,273,1699
Sox10_4*Mysm1_2,Sox10*Mysm1,927,219,456,399,521,228,210,120,4752,88,18,10,353,22
Stk11_4*Hgf_4,Stk11*Hgf,926,304,315,336,443,169,237,453,47,71,972,8,616,22
Brca1_2*Tnfsf15_2,Brca1*Tnfsf15,925,263,446,323,462,155,407,310,127,697,2859,439,236,67
Tgfbr2_3*Tlr7_2,Tgfbr2*Tlr7,925,252,645,438,508,230,397,466,69,107,27,14,319,930
Pten_4*Btla_5,Pten*Btla,925,324,241,442,485,237,56,159,54,53,15,5,582,1275
Stk11_1*Mpeg1_4,Stk11*Mpeg1,922,225,203,138,208,21,51,28,815,33,8,288,554,722
Sox10_4*Muc16_4,Sox10*Muc16,922,144,382,519,441,208,1032,223,93,138,40,19,80,62
Sox10_5*Nt_57,Sox10*Nt,922,73,308,2715,344,262,383,316,195,43,15,100,496,562
Pten_1*Hgf_5,Pten*Hgf,922,133,327,507,461,62,104,111,2044,14603,64,12,38,1010
Sox10_1*Mfap5_3,Sox10*Mfap5,921,187,438,386,489,150,157,73,693,121,28,6,306,1865
Clca2_3*Cxcr5_1,Clca2*Cxcr5,921,178,230,113,265,116,160,108,71,105,14,27,95,511
Pten_1*Nt_6,Pten*Nt,921,383,884,503,684,49,385,81,225,263,72,17,211,679
Calml3_3*Il6_1,Calml3*Il6,920,191,189,371,227,52,247,41,1281,8858,2269,9,149,669
Kit_4*Il6_1,Kit*Il6,920,420,651,1166,799,244,222,64,244,4957,62,37,397,422
Sox10_5*Pla2g2a_2,Sox10*Pla2g2a,919,120,251,200,326,161,910,370,41,77,10,84,618,239
Rb1_4*Nt_17,Rb1*Nt,918,216,193,141,272,15,152,11,2060,775,166,13,867,351
Tgfbr2_1*Fcrl6_5,Tgfbr2*Fcrl6,917,202,327,717,508,259,95,412,45,65,10,391,183,67
Stk11_4*Hgf_5,Stk11*Hgf,916,93,480,369,356,163,301,188,32,49,5,33,776,437
Tsc2_5*Mpeg1_4,Tsc2*Mpeg1,914,176,486,331,413,43,239,186,29,156,11,29,245,446
Calml3_3*Pla2g2a_5,Calml3*Pla2g2a,914,180,157,424,184,67,65,21,287,66,11,36,157,619
Chek2_3*Nt_6,Chek2*Nt,914,179,217,191,223,70,254,140,629,10087,579,3,195,19
Calml3_3*Btla_1,Calml3*Btla,914,201,130,178,312,51,239,55,293,229,35,27,156,343
Smad4_3*Cxcr5_1,Smad4*Cxcr5,911,161,596,429,714,119,336,250,171,10284,39,67,370,427
Tsc2_2*Mpeg1_1,Tsc2*Mpeg1,911,186,325,273,543,50,409,189,163,11264,49,10,291,14
Smad4_3*Cx3cl1_5,Smad4*Cx3cl1,911,155,619,388,502,411,866,204,259,315,9884,11,387,417
Kit_2*Pla2g2a_4,Kit*Pla2g2a,908,168,364,199,265,131,111,94,63,83,32,5,95,112
Chit1_5*Mpeg1_4,Chit1*Mpeg1,908,150,178,122,286,38,123,1,161,29,3,86,378,1037
Apc_5*Mpeg1_1,Apc*Mpeg1,908,243,406,458,304,64,191,50,48,60,5,10,400,1171
Chek2_1*Pla2r1_3,Chek2*Pla2r1,907,137,235,345,227,22,358,33,236,128,22,7,86,948
Clca2_2*Pla2g2a_5,Clca2*Pla2g2a,907,161,134,167,257,9,89,12,429,5216,34,7,60,252
Calml3_1*Mfap5_1,Calml3*Mfap5,907,199,187,957,182,283,468,207,179,6165,44,960,191,120
Tsc2_2*Tlr7_2,Tsc2*Tlr7,907,188,215,320,369,118,220,186,95,63,11,33,117,59
Chek2_1*Cx3cl1_3,Chek2*Cx3cl1,906,215,183,157,277,54,111,80,827,6510,26,12,116,21
Serpinb5_2*Pdcd1lg2_2,Serpinb5*Pdcd1lg2,905,251,595,529,459,148,222,134,184,223,42,34,97,185
Krt15_3*Nt_17,Krt15*Nt,905,299,378,294,458,82,281,76,291,830,68,8,195,20
Apc_1*Muc16_4,Apc*Muc16,905,158,231,211,258,23,237,32,222,10685,74,7,31,1745
Chek2_3*Btla_2,Chek2*Btla,903,170,274,306,312,75,279,107,809,100,638,19,239,1095
Krt15_5*Cdh1_4,Krt15*Cdh1,902,1164,287,2270,453,239,594,250,118,159,842,15,221,25
Smad4_2*Mysm1_5,Smad4*Mysm1,902,134,199,339,278,133,75,106,1938,57,204,38,221,449
Kit_2*Mfap5_3,Kit*Mfap5,901,145,447,304,409,72,454,102,41,63,11,4,214,1220
Apc_5*Cxcr2_5,Apc*Cxcr2,900,180,262,517,496,87,492,114,77,127,828,31,421,693
Kit_2*Cx3cl1_5,Kit*Cx3cl1,897,238,310,410,455,179,232,207,186,2752,17,33,199,1012
Calml3_3*Mpeg1_5,Calml3*Mpeg1,896,162,195,197,368,66,193,37,110,2552,19,42,177,226
Tgfbr2_1*Mfap5_3,Tgfbr2*Mfap5,895,154,467,333,389,164,386,159,1788,2195,43,20,271,1156
Pten_1*Tlr7_5,Pten*Tlr7,895,160,432,3473,502,175,458,172,64,89,1428,10,275,1438
Apc_5*Tnfsf15_1,Apc*Tnfsf15,894,205,5659,688,427,155,447,270,102,109,804,64,233,573
Clca2_2*Nt_17,Clca2*Nt,894,166,219,305,356,8,226,27,558,76,871,6,217,353
Chit1_2*Mpeg1_4,Chit1*Mpeg1,894,290,227,1181,359,271,329,326,286,20435,887,10,438,708
Pten_4*Muc16_3,Pten*Muc16,894,215,622,812,519,231,557,516,4585,9536,59,14,58,49
Clca2_2*Mysm1_5,Clca2*Mysm1,892,175,190,221,291,58,58,114,1999,13816,30,5,202,690
Clca2_2*Fcrl6_1,Clca2*Fcrl6,892,165,979,2781,985,65,112,32,2688,6369,1604,7,137,717
Serpinb5_2*Hgf_2,Serpinb5*Hgf,891,272,281,310,400,92,434,280,57,55,8,7,124,94
Kit_2*Mysm1_4,Kit*Mysm1,890,201,363,497,520,306,328,260,99,108,1835,400,157,263
Calml3_1*Pla2r1_3,Calml3*Pla2r1,889,155,204,238,269,51,55,39,1492,2821,708,198,183,1873
Sox10_1*Muc16_2,Sox10*Muc16,887,75,152,1014,253,46,20,209,125,9463,30,69,266,564
Rb1_2*Tnfsf15_1,Rb1*Tnfsf15,887,252,218,341,332,86,425,250,2836,116,13,182,269,574
Calml3_3*Mfap5_3,Calml3*Mfap5,886,231,223,204,271,107,377,68,447,2194,22,18,204,656
Calml3_3*Nt_20,Calml3*Nt,886,97,256,299,254,163,403,28,43,78,14,16,174,261
Calml3_1*Mysm1_2,Calml3*Mysm1,885,194,282,406,435,49,236,108,157,150,41,87,144,828
Tsc2_1*Cxcr5_2,Tsc2*Cxcr5,885,208,517,3191,493,193,513,202,63,57,14,16,424,201
Sox10_4*Nt_57,Sox10*Nt,885,312,688,703,548,261,907,386,1644,99,20,20,131,391
Nt_30*Il6_1,Nt*Il6,885,352,306,214,393,63,46,13,77,89,18,16,120,778
Pten_4*Fcrl6_1,Pten*Fcrl6,884,409,567,748,660,196,215,151,5678,9345,2840,7,133,262
Tsc2_1*Fcrl6_5,Tsc2*Fcrl6,884,236,854,342,691,163,748,474,195,5271,5356,205,206,2178
Apc_4*Mpeg1_1,Apc*Mpeg1,884,217,252,335,332,36,101,89,47,58,14,9,714,185
Calml3_3*Cxcr5_2,Calml3*Cxcr5,884,133,233,290,169,121,333,67,1547,11933,31,15,65,305
Serpinb5_4*Muc16_2,Serpinb5*Muc16,884,110,271,601,344,74,287,161,101,163,32,10,66,17
Chek2_1*Pla2g2a_2,Chek2*Pla2g2a,882,166,634,491,298,154,303,183,128,138,25,10,274,251
Nt_2*Tnfsf15_1,Nt*Tnfsf15,882,232,405,556,618,352,711,356,2640,187,38,13,380,218
Sox10_4*Cx3cl1_4,Sox10*Cx3cl1,882,327,441,695,826,151,281,174,46,66,14,35,93,246
Pten_4*Cdh1_1,Pten*Cdh1,881,193,370,372,659,100,333,281,175,4388,44,10,63,1025
Chit1_3*Cxcr2_5,Chit1*Cxcr2,881,219,1086,1096,982,375,1389,467,1124,218,1517,19,217,913
Pten_4*Hgf_4,Pten*Hgf,881,467,518,801,566,92,449,338,140,148,1773,998,259,279
Pten_3*Cxcr2_4,Pten*Cxcr2,880,284,258,293,785,207,636,558,140,187,30,12,455,1120
Serpinb5_2*Nt_26,Serpinb5*Nt,880,435,268,369,441,86,451,180,2152,160,38,1371,502,950
Smad4_3*Nt_57,Smad4*Nt,879,341,562,327,687,94,713,387,5167,136,28,12,187,127
Nt_16*Hgf_2,Nt*Hgf,875,281,371,423,510,240,295,99,83,115,1134,16,65,84
Sox10_1*Fcrl6_5,Sox10*Fcrl6,871,172,416,553,522,106,380,86,4742,3795,36,42,110,17
Stk11_1*Nt_57,Stk11*Nt,871,173,252,304,389,144,241,234,2007,149,74,34,141,546
Smad4_2*Fcrl6_1,Smad4*Fcrl6,871,184,194,243,325,137,344,140,57,1325,27,9,94,11
Nt_44*Cx3cl1_3,Nt*Cx3cl1,870,247,329,450,517,186,280,55,128,159,993,2083,718,874
Clca2_3*Mfap5_5,Clca2*Mfap5,870,252,148,283,471,243,382,184,3593,4469,40,15,166,626
Rb1_2*Pla2g2a_2,Rb1*Pla2g2a,870,203,303,393,316,112,277,180,110,105,782,14,195,646
Clca2_3*Nt_18,Clca2*Nt,869,270,263,473,489,15,211,32,42,48,11,6,437,17
Krt15_5*Btla_2,Krt15*Btla,868,300,362,318,222,199,47,146,152,2486,90,23,81,92
Tsc2_1*Tlr7_5,Tsc2*Tlr7,867,150,333,356,330,206,288,237,2915,12146,45,42,177,301
Calml3_1*Il6_2,Calml3*Il6,867,270,193,640,494,236,679,107,1093,1706,67,24,182,267
Krt15_5*Mfap5_5,Krt15*Mfap5,867,93,271,192,367,104,135,153,994,67,6,8,106,597
Nt_44*Cx3cl1_4,Nt*Cx3cl1,866,295,1965,669,469,189,470,327,138,165,537,34,173,74
Krt15_5*Muc16_2,Krt15*Muc16,865,213,225,2505,262,22,297,95,98,120,611,2254,289,151
Sox10_5*Pla2r1_4,Sox10*Pla2r1,865,416,878,1175,1164,238,364,340,270,342,64,33,145,75
Clca2_2*Fcrl6_5,Clca2*Fcrl6,865,131,236,1660,249,104,120,55,55,57,7,9,154,950
Tsc2_1*Pla2r1_3,Tsc2*Pla2r1,865,158,1318,417,398,21,439,159,57,54,18,7,180,451
Kit_4*Nt_57,Kit*Nt,864,382,280,179,650,181,116,169,134,173,32,10,117,1105
Pten_3*Pla2g2a_4,Pten*Pla2g2a,862,308,349,680,816,102,506,229,421,141,2395,18,39,38
Serpinb5_4*Cdh1_1,Serpinb5*Cdh1,862,110,300,444,375,64,179,114,1893,61,16,713,94,61
Apc_1*Cxcr5_3,Apc*Cxcr5,861,155,1326,2446,454,60,165,30,2565,169,28,8,113,1111
Pten_1*Cdh1_5,Pten*Cdh1,861,108,212,178,295,28,233,76,70,69,10,31,171,99
Smad4_2*Nt_20,Smad4*Nt,861,139,3528,208,234,85,313,90,133,9081,38,3,29,845
Apc_5*Tnfsf15_2,Apc*Tnfsf15,860,152,519,461,528,98,405,85,183,7965,2963,9,61,349
Brca1_2*Cdh1_4,Brca1*Cdh1,860,616,1655,1620,1178,218,622,197,119,174,1823,10,289,304
Clca2_3*Cxcr5_2,Clca2*Cxcr5,859,198,274,151,459,172,357,124,264,22490,195,28,77,1023
Brca2_3*Nt_57,Brca2*Nt,859,173,309,482,320,220,818,171,3744,169,37,17,146,1286
Nt_9*Nt_57,Ntc,859,230,246,399,375,68,186,103,275,18030,70,13,200,68
Apc_4*Mysm1_2,Apc*Mysm1,858,211,201,275,345,48,180,67,2815,2391,6,459,250,364
Clca2_2*Tlr7_1,Clca2*Tlr7,854,189,3093,371,225,122,426,48,220,5583,39,15,176,54
Pten_1*Mysm1_4,Pten*Mysm1,854,221,457,516,416,149,382,263,140,103,16,30,421,133
Pten_4*Nt_6,Pten*Nt,854,241,339,604,804,96,10,28,73,94,15,15,160,36
Apc_1*Tlr7_1,Apc*Tlr7,854,877,1121,3215,311,126,333,93,116,159,860,12,58,533
Krt15_2*Cxcr2_4,Krt15*Cxcr2,854,221,385,399,562,184,786,255,155,178,2882,611,148,717
Brca1_5*Mpeg1_4,Brca1*Mpeg1,853,205,226,259,457,163,467,52,69,100,27,11,332,355
Brca2_3*Il6_1,Brca2*Il6,853,205,250,436,511,194,373,120,95,127,17,82,204,208
Brca1_2*Tlr7_1,Brca1*Tlr7,853,309,221,132,318,247,399,147,62,89,17,7,114,13
Rb1_4*Tnfsf15_1,Rb1*Tnfsf15,852,199,155,143,189,231,311,85,7742,3356,406,17,86,447
Apc_5*Mysm1_2,Apc*Mysm1,852,184,709,877,766,106,140,169,66,74,14,48,190,132
Serpinb5_2*Tnfsf15_1,Serpinb5*Tnfsf15,851,269,142,255,402,101,396,84,68,117,27,1029,2019,757
Rb1_1*Cxcr5_1,Rb1*Cxcr5,851,253,227,253,403,120,339,106,98,763,16,16,306,659
Pten_1*Cxcr5_3,Pten*Cxcr5,851,95,332,305,537,87,307,131,83,83,18,13,32,38
Nt_9*Muc16_4,Nt*Muc16,849,228,211,244,201,38,102,5,27,33,6,12,117,1252
Rb1_1*Fcrl6_5,Rb1*Fcrl6,849,217,223,335,304,159,174,217,153,1355,175,26,289,313
Krt15_5*Pla2r1_4,Krt15*Pla2r1,848,157,290,218,253,72,432,45,69,76,20,101,121,24
Stk11_4*Cxcr5_2,Stk11*Cxcr5,848,316,768,433,977,193,285,316,199,8710,7160,11,59,23
Krt15_5*Btla_1,Krt15*Btla,848,313,423,412,381,78,117,316,1264,12242,704,14,243,1105
Rb1_4*Nt_57,Rb1*Nt,848,172,386,179,226,83,323,136,1123,122,18,205,101,1263
Chek2_2*Fcrl6_4,Chek2*Fcrl6,847,388,223,204,301,161,906,118,68,55,7,1788,225,304
Calml3_3*Nt_17,Calml3*Nt,845,149,173,4557,239,14,37,47,33,42,278,4,171,414
Apc_5*Cxcr5_3,Apc*Cxcr5,843,196,517,895,795,305,211,176,99,118,322,11,109,269
Kit_1*Tlr7_2,Kit*Tlr7,843,186,575,1018,567,119,79,137,82,62,119,5,207,17
Brca1_2*Pla2g2a_5,Brca1*Pla2g2a,842,153,271,271,163,54,203,27,42,58,16,8,36,27
Clca2_3*Cxcr2_2,Clca2*Cxcr2,840,92,484,551,335,37,144,81,92,3231,12,20,285,792
Apc_1*Il6_2,Apc*Il6,840,191,1620,346,394,79,173,31,53,59,358,23,208,56
Chek2_3*Pla2g2a_5,Chek2*Pla2g2a,840,128,156,317,231,47,259,82,118,153,31,5,53,1091
Clca2_3*Tnfsf15_3,Clca2*Tnfsf15,840,192,331,390,670,175,348,197,59,107,18,15,276,482
Brca2_3*Il6_2,Brca2*Il6,840,220,669,327,564,180,662,241,1563,135,33,32,159,1025
Brca2_3*Mysm1_2,Brca2*Mysm1,839,129,519,323,395,121,344,232,33,44,1,55,168,413
Pten_1*Pla2r1_4,Pten*Pla2r1,838,277,504,304,440,204,627,204,324,24097,77,15,319,430
Clca2_3*Mpeg1_1,Clca2*Mpeg1,837,188,197,299,271,134,46,72,92,4974,23,9,243,1863
Calml3_3*Mpeg1_1,Calml3*Mpeg1,836,85,82,162,265,67,249,28,43,62,8,16,79,289
Pten_4*Tlr7_1,Pten*Tlr7,834,314,325,292,471,170,238,162,112,103,17,8,279,440
Apc_5*Cx3cl1_4,Apc*Cx3cl1,834,365,376,500,482,105,416,288,2611,81,9,325,256,542
Chek2_2*Muc16_4,Chek2*Muc16,833,244,407,504,539,160,300,104,1357,125,20,10,144,897
Rb1_4*Pla2g2a_4,Rb1*Pla2g2a,832,73,166,1248,296,49,103,123,30,489,1,13,305,1281
Serpinb5_2*Hgf_4,Serpinb5*Hgf,832,156,267,270,384,73,33,35,2605,69,105,10,151,1166
Clca2_2*Pla2g2a_4,Clca2*Pla2g2a,830,162,73,109,195,83,284,73,25,37,5,8,21,491
Pten_4*Pdcd1lg2_2,Pten*Pdcd1lg2,829,277,338,163,112,55,73,165,147,9911,52,68,117,813
Nt_43*Tnfsf15_1,Nt*Tnfsf15,828,92,136,233,180,69,267,93,46,72,22,10,59,94
Smad4_2*Cx3cl1_5,Smad4*Cx3cl1,828,105,253,287,324,143,541,183,6095,122,28,34,218,784
Rb1_1*Il6_2,Rb1*Il6,827,173,296,246,361,103,698,270,85,101,21,250,157,38
Nt_43*Cxcr2_4,Nt*Cxcr2,827,261,165,675,416,24,57,22,396,551,110,7,557,920
Chek2_3*Mpeg1_1,Chek2*Mpeg1,826,234,238,212,134,57,182,157,239,17655,305,4,137,839
Nt_48*Mpeg1_4,Nt*Mpeg1,826,183,205,348,363,66,136,91,672,2969,20,39,189,396
Sox10_5*Cxcr2_4,Sox10*Cxcr2,825,270,365,608,567,154,301,245,128,144,22,10,319,15
Chek2_2*Nt_20,Chek2*Nt,824,147,247,142,168,39,138,111,2233,155,1250,9,72,325
Apc_5*Nt_20,Apc*Nt,823,300,376,522,359,7,186,25,52,53,7,4,1384,148
Sox10_1*Pla2r1_3,Sox10*Pla2r1,823,293,490,436,456,96,221,148,1362,87,14,9,300,587
Calml3_3*Hgf_5,Calml3*Hgf,822,173,161,214,387,147,483,90,84,96,497,38,228,116
Sox10_1*Tlr7_5,Sox10*Tlr7,822,240,212,295,272,140,99,210,37,44,199,8,92,9
Krt15_5*Il6_5,Krt15*Il6,821,174,186,318,283,56,224,74,51,51,10,6,30,754
Calml3_3*Cdh1_1,Calml3*Cdh1,821,199,201,254,359,38,250,88,2397,4090,77,25,152,87
Pten_3*Il6_1,Pten*Il6,821,321,563,959,700,87,376,238,5230,257,57,10,220,155
Serpinb5_2*Mysm1_5,Serpinb5*Mysm1,821,218,261,369,487,174,406,158,211,15813,60,15,139,12
Brca2_1*Cx3cl1_3,Brca2*Cx3cl1,820,224,297,1576,410,225,334,111,79,90,12,14,375,27
Nt_16*Fcrl6_1,Nt*Fcrl6,819,270,343,582,546,52,267,288,209,13757,58,38,156,106
Smad4_3*Fcrl6_4,Smad4*Fcrl6,819,320,350,136,455,122,871,367,40,45,10,19,55,199
Tsc2_1*Fcrl6_4,Tsc2*Fcrl6,818,279,7597,492,360,149,755,509,4187,81,21,50,1017,369
Brca2_3*Cxcr2_4,Brca2*Cxcr2,817,244,370,252,410,58,554,157,109,114,19,27,287,301
Clca2_3*Mysm1_2,Clca2*Mysm1,816,139,292,210,480,34,194,133,56,76,21,2,39,12
Smad4_4*Cx3cl1_3,Smad4*Cx3cl1,815,236,253,404,401,155,170,93,755,61,9,6,50,220
Nt_16*Fcrl6_5,Nt*Fcrl6,814,283,4887,552,486,157,239,319,179,8831,288,12,299,1591
Smad4_3*Pdcd1lg2_2,Smad4*Pdcd1lg2,813,204,346,430,523,190,1157,338,456,5521,38,10,150,27
Sox10_5*Pla2r1_3,Sox10*Pla2r1,811,285,392,318,608,107,120,234,917,135,1122,8,151,26
Kit_4*Muc16_4,Kit*Muc16,810,146,418,417,415,114,35,123,141,7402,39,2244,200,388
Calml3_3*Btla_5,Calml3*Btla,810,126,117,194,225,141,468,146,97,7287,28,17,132,491
Rb1_1*Mpeg1_1,Rb1*Mpeg1,810,148,2453,410,406,67,132,124,663,68,9,22,175,425
Apc_4*Cx3cl1_4,Apc*Cx3cl1,809,176,116,407,236,102,391,115,244,1950,1117,1,197,764
Nt_30*Cxcr2_4,Nt*Cxcr2,806,244,416,442,513,22,256,59,23,41,123,6,620,343
Stk11_4*Cx3cl1_4,Stk11*Cx3cl1,805,228,398,498,579,211,521,279,68,117,23,11,347,283
Calml3_3*Pla2g2a_2,Calml3*Pla2g2a,804,61,55,129,96,116,2,130,120,11370,26,32,186,1454
Nt_13*Nt_20,Ntc,803,206,298,188,254,187,850,59,1265,3131,1845,10,83,221
Pten_3*Nt_20,Pten*Nt,803,178,384,485,148,35,194,178,122,187,54,14,112,1017
Smad4_2*Tlr7_1,Smad4*Tlr7,803,69,203,145,242,131,202,63,63,75,8,21,104,663
Pten_4*Btla_2,Pten*Btla,803,327,417,724,557,91,203,118,179,241,50,17,275,171
Brca1_2*Mysm1_4,Brca1*Mysm1,803,126,235,164,256,177,373,311,703,4538,442,25,185,274
Krt15_5*Nt_17,Krt15*Nt,798,126,253,351,417,63,25,81,4293,147,30,314,44,180
Chek2_3*Mfap5_5,Chek2*Mfap5,798,168,188,187,246,88,342,90,4698,131,22,6,153,16
Clca2_3*Nt_17,Clca2*Nt,798,174,200,326,117,0,70,34,47,70,1359,2261,188,117
Serpinb5_2*Tlr7_5,Serpinb5*Tlr7,796,101,78,186,279,67,23,74,3696,88,25,55,196,148
Chek2_3*Hgf_5,Chek2*Hgf,796,182,174,265,259,76,375,108,32,34,27,24,131,273
Smad4_4*Pla2g2a_2,Smad4*Pla2g2a,796,183,249,612,349,127,281,122,361,17513,65,12,164,38
Smad4_2*Pla2g2a_4,Smad4*Pla2g2a,794,94,178,219,210,68,515,95,66,1946,24,17,157,569
Nt_30*Fcrl6_4,Nt*Fcrl6,793,202,150,415,394,207,471,159,122,157,30,10,179,200
Nt_13*Cx3cl1_3,Nt*Cx3cl1,792,113,280,147,218,116,476,102,2149,62,5,10,166,1403
Krt15_5*Mfap5_1,Krt15*Mfap5,789,257,150,387,292,61,28,117,388,571,117,694,176,72
Smad4_2*Cdh1_1,Smad4*Cdh1,788,132,183,263,256,115,57,94,202,11240,51,8,53,424
Chek2_2*Cxcr2_4,Chek2*Cxcr2,788,260,282,388,422,70,345,63,72,104,18,5,78,16
Serpinb5_2*Pla2g2a_4,Serpinb5*Pla2g2a,787,105,139,144,185,52,637,118,2373,124,21,9,166,1889
Rb1_2*Tlr7_2,Rb1*Tlr7,784,289,510,695,803,138,325,115,144,8025,1548,37,285,224
Chek2_3*Nt_57,Chek2*Nt,782,103,407,301,241,20,425,43,64,97,696,751,71,625
Clca2_3*Il6_2,Clca2*Il6,781,255,273,442,352,315,280,191,270,2242,314,14,61,345
Chit1_5*Pla2g2a_2,Chit1*Pla2g2a,781,120,260,286,363,154,526,161,1154,20992,74,11,172,347
Kit_4*Muc16_2,Kit*Muc16,780,189,357,458,292,147,198,285,41,71,790,6,188,131
Apc_5*Pdcd1lg2_3,Apc*Pdcd1lg2,780,313,287,489,406,63,246,113,3771,108,19,8,225,25
Apc_1*Nt_26,Apc*Nt,778,95,221,388,327,130,299,94,7001,117,29,10,170,865
Brca1_3*Pla2g2a_2,Brca1*Pla2g2a,778,310,375,543,509,105,743,276,1832,13976,92,11,97,32
Rb1_2*Nt_20,Rb1*Nt,777,165,130,207,380,35,483,82,846,47,19,14,62,34
Chit1_3*Nt_17,Chit1*Nt,777,273,447,281,346,71,82,69,6121,22153,1899,11,304,479
Brca1_2*Hgf_5,Brca1*Hgf,776,282,138,221,200,90,260,101,72,94,18,7,107,25
Rb1_1*Cdh1_1,Rb1*Cdh1,776,236,404,335,356,109,317,103,276,155,41,15,394,1098
Apc_5*Pla2r1_3,Apc*Pla2r1,776,148,205,460,540,7,68,63,101,119,1056,34,187,81
Apc_4*Pdcd1lg2_2,Apc*Pdcd1lg2,776,65,89,86,79,29,22,57,2465,197,39,1125,111,49
Sox10_1*Pla2g2a_4,Sox10*Pla2g2a,775,188,182,251,441,34,342,182,56,67,12,22,150,1143
Clca2_3*Cdh1_5,Clca2*Cdh1,775,92,160,172,196,132,586,150,31,48,8,14,33,912
Brca1_2*Pdcd1lg2_3,Brca1*Pdcd1lg2,775,214,189,371,305,53,229,82,31,48,4,1,68,720
Krt15_5*Cxcr5_1,Krt15*Cxcr5,774,122,134,156,513,65,202,101,29,47,17,6,102,1658
Smad4_2*Mysm1_2,Smad4*Mysm1,773,116,157,257,220,62,234,45,454,85,20,8,75,17
Brca1_2*Hgf_2,Brca1*Hgf,773,161,1268,276,192,90,86,72,4088,185,27,6,19,585
Chit1_2*Cxcr2_4,Chit1*Cxcr2,772,427,167,239,272,198,557,249,1347,131,24,11,327,450
Rb1_4*Cxcr5_3,Rb1*Cxcr5,772,207,173,266,280,145,585,182,56,76,154,12,258,82
Smad4_3*Muc16_4,Smad4*Muc16,772,163,1120,1439,1089,82,220,81,2502,81,21,54,339,172
Clca2_3*Pla2r1_4,Clca2*Pla2r1,772,138,195,228,140,111,351,196,92,86,17,82,381,622
Clca2_2*Cxcr2_5,Clca2*Cxcr2,771,128,192,200,171,6,142,61,3531,79,15,601,154,611
Brca2_3*Btla_5,Brca2*Btla,768,130,6820,606,604,209,1166,469,3248,2750,43,8,84,530
Smad4_2*Il6_2,Smad4*Il6,768,194,208,246,304,134,118,108,63,446,5,19,145,55
Tsc2_1*Muc16_4,Tsc2*Muc16,768,233,312,231,390,49,200,146,818,47,10,3,38,1
Calml3_3*Tlr7_1,Calml3*Tlr7,767,59,327,461,347,22,240,123,2813,83,9,55,204,387
Clca2_2*Nt_57,Clca2*Nt,767,36,99,121,119,28,31,42,89,28,6,92,434,532
Apc_4*Pla2g2a_2,Apc*Pla2g2a,766,166,165,144,338,52,147,76,4294,3740,30,20,159,158
Chit1_3*Tlr7_2,Chit1*Tlr7,765,125,833,815,673,115,244,78,23,22,7,316,144,1428
Chit1_3*Nt_57,Chit1*Nt,764,241,253,3842,376,201,868,262,155,1316,2754,8,165,39
Krt15_5*Pdcd1lg2_3,Krt15*Pdcd1lg2,762,254,325,315,417,137,205,105,162,5634,94,17,98,1058
Apc_4*Tlr7_5,Apc*Tlr7,762,147,156,135,112,89,231,122,117,121,22,437,333,198
Smad4_3*Mfap5_3,Smad4*Mfap5,761,191,629,344,331,131,992,118,2121,102,12,50,136,87
Clca2_2*Nt_25,Clca2*Nt,761,183,185,204,250,57,158,63,2007,95,29,47,144,419
Krt15_3*Tlr7_2,Krt15*Tlr7,761,156,419,384,370,3,70,43,179,219,1145,9,103,365
Sox10_1*Mfap5_1,Sox10*Mfap5,760,106,129,164,232,89,174,139,31,44,6,80,250,192
Sox10_4*Nt_20,Sox10*Nt,758,269,71,164,316,127,313,63,26,36,5,33,105,77
Stk11_4*Il6_2,Stk11*Il6,758,161,618,494,696,223,498,242,5238,181,516,11,187,12
Nt_16*Tlr7_2,Nt*Tlr7,757,239,702,477,382,35,16,21,30,44,7,600,915,1209
Serpinb5_4*Cx3cl1_3,Serpinb5*Cx3cl1,756,180,232,279,347,172,198,133,20,27,7,12,70,462
Rb1_2*Nt_17,Rb1*Nt,756,116,171,451,392,62,32,166,2112,99,1193,101,306,971
Brca1_2*Nt_17,Brca1*Nt,754,124,179,203,252,11,37,26,3943,98,840,3,28,473
Nt_2*Il6_1,Nt*Il6,754,134,468,506,323,121,754,101,1062,143,23,120,202,569
Rb1_4*Mfap5_3,Rb1*Mfap5,754,124,68,162,119,60,115,84,113,7091,22,4,75,9
Rb1_1*Fcrl6_4,Rb1*Fcrl6,753,77,130,280,284,130,336,196,39,35,6,4,32,14
Pten_1*Fcrl6_1,Pten*Fcrl6,753,229,389,298,404,11,37,55,2033,19230,66,8,127,288
Stk11_1*Pla2g2a_2,Stk11*Pla2g2a,751,175,293,624,285,130,591,178,49,69,746,18,134,734
Sox10_1*Il6_2,Sox10*Il6,751,636,188,286,156,165,334,251,167,12781,33,13,58,12
Pten_4*Mfap5_5,Pten*Mfap5,751,193,636,749,790,98,330,153,101,127,1341,33,290,37
Chek2_2*Nt_17,Chek2*Nt,750,214,432,324,401,38,87,9,3038,167,33,9,181,44
Brca1_2*Pdcd1lg2_2,Brca1*Pdcd1lg2,750,203,154,153,245,64,19,153,2968,80,12,5,56,20
Stk11_4*Tlr7_1,Stk11*Tlr7,749,80,1440,379,494,133,68,160,53,3922,729,4,36,608
Rb1_4*Cx3cl1_3,Rb1*Cx3cl1,747,122,72,44,138,22,361,26,31,50,8,4,100,881
Stk11_4*Cxcr5_1,Stk11*Cxcr5,747,182,284,4680,244,283,227,455,1716,200,51,8,43,1125
Rb1_1*Tlr7_5,Rb1*Tlr7,747,730,485,276,274,162,562,360,97,108,98,60,274,113
Clca2_3*Hgf_4,Clca2*Hgf,746,152,456,442,336,49,129,67,1218,12102,46,10,159,624
Apc_1*Mfap5_1,Apc*Mfap5,741,124,281,416,470,67,308,102,1408,80,238,10,290,28
Stk11_4*Mysm1_5,Stk11*Mysm1,739,248,422,313,773,259,232,337,337,424,82,18,41,1645
Apc_5*Cx3cl1_3,Apc*Cx3cl1,739,72,235,220,227,203,270,28,42,46,19,33,197,119
Brca1_2*Tnfsf15_3,Brca1*Tnfsf15,739,236,235,261,214,126,424,178,52,53,9,3,71,538
Rb1_4*Tlr7_2,Rb1*Tlr7,739,105,192,195,171,84,268,72,95,5745,30,16,50,634
Apc_4*Muc16_2,Apc*Muc16,738,80,155,107,165,25,48,44,49,41,1167,8,26,172
Krt15_5*Pla2g2a_2,Krt15*Pla2g2a,736,236,627,419,452,64,78,186,139,4144,33,4,241,849
Chit1_3*Fcrl6_5,Chit1*Fcrl6,735,110,422,218,403,167,149,221,837,45,4,7,111,486
Tsc2_1*Mpeg1_4,Tsc2*Mpeg1,735,240,542,298,140,51,13,40,2318,59,16,11,114,1693
Nt_30*Muc16_4,Nt*Muc16,734,150,164,400,383,23,51,35,166,229,40,27,525,62
Nt_30*Muc16_2,Nt*Muc16,734,177,465,394,415,22,107,4,73,100,373,594,54,206
Rb1_4*Mfap5_1,Rb1*Mfap5,733,65,187,230,242,43,145,76,75,627,166,9,138,123
Kit_4*Cxcr2_4,Kit*Cxcr2,733,58,289,453,330,67,201,85,71,79,665,710,181,54
Krt15_5*Cdh1_1,Krt15*Cdh1,732,187,647,649,688,181,56,110,210,8019,48,6,233,30
Serpinb5_2*Cxcr5_1,Serpinb5*Cxcr5,731,245,386,894,391,227,526,189,49,57,20,5,252,34
Brca2_3*Mfap5_5,Brca2*Mfap5,731,280,499,1469,476,169,853,230,91,88,21,9,67,1062
Clca2_2*Cx3cl1_3,Clca2*Cx3cl1,731,108,172,131,159,25,68,53,33,42,6,2,73,766
Nt_30*Pla2r1_3,Nt*Pla2r1,731,208,330,599,486,2,245,19,70,66,14,8,232,485
Chek2_3*Hgf_2,Chek2*Hgf,730,169,198,206,244,17,138,98,126,3759,39,9,164,480
Krt15_3*Fcrl6_4,Krt15*Fcrl6,730,284,748,1040,534,142,755,181,51,48,8,31,76,673
Clca2_2*Il6_1,Clca2*Il6,729,117,73,198,268,14,140,47,386,2923,8,2,145,277
Nt_44*Muc16_2,Nt*Muc16,728,128,274,229,293,235,499,271,2397,135,3034,12,88,360
Calml3_3*Pla2r1_3,Calml3*Pla2r1,727,152,151,189,248,91,94,37,56,51,14,1145,79,54
Smad4_2*Mysm1_4,Smad4*Mysm1,727,161,229,163,276,212,246,139,61,70,8,12,188,442
Sox10_5*Nt_20,Sox10*Nt,725,150,390,288,2819,245,553,301,245,327,50,11,192,12
Apc_1*Tnfsf15_2,Apc*Tnfsf15,724,192,201,228,171,83,127,94,2120,122,25,4,206,564
Calml3_3*Nt_26,Calml3*Nt,724,284,131,271,373,107,683,166,978,25322,1418,7,122,10
Serpinb5_2*Nt_33,Serpinb5*Nt,724,195,267,237,276,79,239,104,85,71,130,25,96,587
Clca2_3*Mpeg1_5,Clca2*Mpeg1,724,136,246,351,301,107,290,259,20,30,7,31,153,548
Brca2_3*Cx3cl1_3,Brca2*Cx3cl1,723,154,133,308,376,82,102,68,39,45,988,5,139,8
Krt15_5*Tlr7_5,Krt15*Tlr7,723,111,160,141,320,41,203,160,79,78,3248,14,51,33
Tsc2_1*Tnfsf15_1,Tsc2*Tnfsf15,723,108,171,370,271,82,643,126,7909,801,33,8,81,694
Pten_4*Nt_33,Pten*Nt,721,203,506,439,332,51,531,350,2525,181,33,4,107,16
Kit_2*Mysm1_2,Kit*Mysm1,720,44,292,259,389,24,570,222,83,4074,32,3,11,59
Apc_4*Mfap5_1,Apc*Mfap5,720,42,282,368,146,39,621,53,31,30,9,7,483,567
Brca1_2*Nt_26,Brca1*Nt,717,108,302,244,253,232,134,184,1641,11967,53,5,123,1123
Pten_3*Mpeg1_4,Pten*Mpeg1,717,287,441,519,227,30,279,52,104,880,641,9,282,596
Chek2_3*Mysm1_2,Chek2*Mysm1,716,58,65,203,142,54,145,58,38,27,129,949,142,111
Chit1_3*Il6_1,Chit1*Il6,715,275,237,79,336,33,124,95,546,716,140,51,223,585
Tgfbr2_1*Mfap5_1,Tgfbr2*Mfap5,715,131,303,463,352,201,429,102,130,175,265,8,334,41
Clca2_2*Cxcr2_4,Clca2*Cxcr2,715,158,136,230,270,58,206,31,1411,40,9,9,287,21
Apc_4*Hgf_4,Apc*Hgf,714,238,177,358,270,46,207,59,71,75,16,16,107,210
Smad4_2*Pla2r1_3,Smad4*Pla2r1,714,141,174,180,316,48,132,9,449,11236,40,6,89,104
Pten_1*Nt_17,Pten*Nt,714,275,558,397,366,21,142,71,205,9316,1514,10,31,717
Brca1_2*Nt_25,Brca1*Nt,714,223,277,204,297,66,347,9,72,56,13,10,108,501
Clca2_3*Nt_39,Clca2*Nt,712,265,204,1500,414,22,366,207,90,174,405,7,274,582
Tsc2_2*Mfap5_3,Tsc2*Mfap5,710,207,206,443,520,152,215,161,43,68,7,3,57,544
Brca1_2*Nt_18,Brca1*Nt,709,193,231,246,305,65,148,146,28,28,5,4,141,160
Nt_43*Fcrl6_5,Nt*Fcrl6,709,215,335,149,178,87,379,86,405,34203,257,967,237,185
Brca1_2*Pla2g2a_2,Brca1*Pla2g2a,705,96,144,254,195,83,282,55,39,33,12,57,512,164
Smad4_3*Tnfsf15_1,Smad4*Tnfsf15,705,67,334,365,309,272,627,540,105,133,23,3,372,150
Chek2_3*Nt_25,Chek2*Nt,704,199,100,129,274,68,240,34,2814,719,168,4,93,681
Clca2_2*Pla2r1_4,Clca2*Pla2r1,704,246,208,221,413,138,283,95,87,111,18,9,154,338
Krt15_5*Cxcr5_2,Krt15*Cxcr5,701,304,196,215,386,78,202,147,467,44986,144,23,204,663
Tsc2_2*Muc16_2,Tsc2*Muc16,700,251,293,233,219,27,106,58,128,98,218,27,137,1543
Smad4_3*Il6_1,Smad4*Il6,700,69,9319,518,450,35,171,305,3128,100,10,7,141,1002
Apc_1*Cx3cl1_4,Apc*Cx3cl1,698,65,205,228,232,98,393,88,38,50,7,9,293,28
Serpinb5_4*Fcrl6_5,Serpinb5*Fcrl6,696,104,306,155,393,74,209,195,80,75,19,10,106,265
Krt15_5*Tnfsf15_2,Krt15*Tnfsf15,696,188,805,746,707,178,614,299,64,71,11,6,160,159
Pten_3*Cx3cl1_3,Pten*Cx3cl1,695,281,335,123,468,195,178,182,101,139,21,832,91,71
Brca2_3*Fcrl6_5,Brca2*Fcrl6,695,121,215,293,161,217,650,261,132,4141,24,56,245,161
Rb1_1*Pla2g2a_4,Rb1*Pla2g2a,693,135,174,177,492,103,180,106,1421,147,776,24,125,38
Chit1_5*Tlr7_2,Chit1*Tlr7,690,101,3031,321,258,160,297,121,4160,93,1037,2,22,66
Stk11_4*Mpeg1_1,Stk11*Mpeg1,689,214,596,352,369,349,751,736,227,13086,68,543,149,1222
Clca2_3*Mfap5_1,Clca2*Mfap5,689,246,270,431,425,187,484,156,51,64,11,11,40,236
Calml3_3*Il6_2,Calml3*Il6,688,139,145,194,261,117,522,164,125,139,38,9,94,14
Stk11_1*Pla2g2a_4,Stk11*Pla2g2a,687,179,149,295,273,81,166,134,1280,105,965,18,105,387
Apc_5*Cdh1_1,Apc*Cdh1,687,201,357,374,352,63,385,83,5479,336,1263,10,353,430
Brca1_2*Nt_33,Brca1*Nt,686,235,207,373,268,63,141,216,113,158,2338,3,181,8
Chit1_3*Nt_20,Chit1*Nt,686,150,854,210,199,93,596,87,33,39,9,5,330,719
Tsc2_2*Fcrl6_4,Tsc2*Fcrl6,686,90,523,844,488,138,489,215,50,71,12,13,62,376
Tsc2_2*Tnfsf15_1,Tsc2*Tnfsf15,685,128,346,185,261,77,311,167,20,31,5,12,531,2003
Nt_44*Tlr7_5,Nt*Tlr7,685,159,354,372,610,296,1068,428,162,7212,1417,8,259,142
Nt_44*Nt_57,Ntc,684,128,316,352,427,283,679,146,101,727,144,181,243,350
Chit1_3*Muc16_3,Chit1*Muc16,684,423,429,311,315,185,440,284,83,71,15,29,119,264
Smad4_2*Cxcr5_1,Smad4*Cxcr5,684,216,300,622,227,104,134,166,59,84,18,46,244,740
Brca1_2*Cdh1_1,Brca1*Cdh1,682,160,67,262,90,72,306,32,38,38,10,4,85,1018
Stk11_4*Muc16_3,Stk11*Muc16,682,267,329,409,389,100,448,113,224,248,775,7,332,260
Krt15_5*Fcrl6_5,Krt15*Fcrl6,681,284,146,180,204,118,441,116,73,73,22,22,14,9
Pten_4*Cxcr5_3,Pten*Cxcr5,681,196,200,335,287,127,143,243,31,24,3,561,215,410
Sox10_4*Cxcr5_1,Sox10*Cxcr5,679,187,367,296,212,127,436,229,4803,304,67,3,19,19
Apc_5*Tlr7_2,Apc*Tlr7,678,225,211,166,165,54,397,89,435,38909,687,2,46,6
Apc_4*Tnfsf15_1,Apc*Tnfsf15,677,119,78,32,43,168,219,59,51,58,11,103,303,179
Pten_4*Nt_57,Pten*Nt,677,259,278,506,344,104,182,197,144,178,4589,4,22,15
Apc_4*Pla2g2a_4,Apc*Pla2g2a,676,164,283,209,269,33,123,50,218,10048,1303,9,147,36
Serpinb5_2*Pla2r1_3,Serpinb5*Pla2r1,676,194,74,326,248,56,1,27,50,68,283,5,77,75
Kit_2*Tnfsf15_1,Kit*Tnfsf15,675,151,134,430,263,112,291,332,76,126,891,47,314,159
Serpinb5_4*Tnfsf15_1,Serpinb5*Tnfsf15,675,131,412,372,429,223,552,201,1489,80,774,85,173,299
Nt_16*Cxcr2_5,Nt*Cxcr2,672,178,489,487,492,155,770,123,101,103,43,11,261,679
Serpinb5_2*Tlr7_2,Serpinb5*Tlr7,672,108,115,114,101,22,97,28,45,26,144,26,237,1030
Sox10_1*Cxcr2_4,Sox10*Cxcr2,672,80,107,260,211,37,118,183,19,973,10,7,483,41
Nt_16*Pla2r1_3,Nt*Pla2r1,671,205,401,267,335,23,12,141,4658,7384,38,4,160,15
Tsc2_2*Nt_17,Tsc2*Nt,669,307,434,466,648,40,115,143,3145,168,39,7,460,414
Kit_2*Nt_18,Kit*Nt,669,261,280,431,277,111,456,232,198,7703,42,10,235,1097
Kit_4*Pla2g2a_2,Kit*Pla2g2a,667,156,402,518,249,117,264,205,871,109,13,1215,249,341
Chek2_3*Cdh1_5,Chek2*Cdh1,667,147,140,228,191,80,242,92,87,86,18,14,242,222
Nt_16*Nt_20,Ntc,667,244,500,300,233,91,549,191,126,3907,29,9,112,1938
Chek2_3*Fcrl6_4,Chek2*Fcrl6,667,139,152,183,317,165,110,96,61,72,2840,401,495,339
Brca1_2*Mpeg1_5,Brca1*Mpeg1,664,228,201,239,269,37,470,253,1849,45,18,7,119,14
Apc_1*Mysm1_5,Apc*Mysm1,663,140,170,119,185,53,538,105,182,13705,50,10,184,767
Calml3_3*Muc16_4,Calml3*Muc16,661,82,322,60,180,45,104,63,68,79,384,4,51,112
Brca2_4*Mpeg1_4,Brca2*Mpeg1,661,156,120,124,238,65,199,69,114,8106,35,35,579,426
Apc_4*Nt_20,Apc*Nt,659,89,109,2144,236,44,446,138,20,31,7,676,138,287
Rb1_2*Cx3cl1_3,Rb1*Cx3cl1,659,112,191,314,309,167,320,161,6012,187,311,6,191,476
Krt15_3*Cdh1_1,Krt15*Cdh1,658,178,140,187,304,73,694,138,57,64,19,37,315,192
Stk11_1*Muc16_4,Stk11*Muc16,657,187,212,370,344,184,490,258,54,92,28,13,116,291
Brca1_2*Mfap5_1,Brca1*Mfap5,657,83,141,141,191,0,172,130,1157,27,11,7,74,19
Pten_3*Tnfsf15_1,Pten*Tnfsf15,657,279,283,304,330,144,381,215,75,98,13,15,172,30
Kit_4*Tlr7_2,Kit*Tlr7,656,140,245,281,381,90,218,62,2658,124,2123,9,163,24
Chit1_3*Mysm1_5,Chit1*Mysm1,656,71,227,237,211,158,212,177,29,33,7,2378,145,372
Apc_4*Cdh1_5,Apc*Cdh1,655,135,143,174,159,37,335,65,184,13645,43,5,76,215
Sox10_1*Mysm1_5,Sox10*Mysm1,654,263,217,517,339,143,431,317,85,228,21,8,110,61
Apc_5*Nt_26,Apc*Nt,654,231,313,314,226,193,213,247,40,54,13,9,217,18
Brca1_2*Il6_2,Brca1*Il6,654,201,57,193,250,127,148,137,463,602,117,60,291,133
Kit_2*Hgf_5,Kit*Hgf,653,158,10240,962,788,63,240,119,112,75,11,39,184,52
Clca2_3*Nt_26,Clca2*Nt,652,304,204,303,245,35,48,185,121,7476,27,16,181,35
Tsc2_1*Il6_2,Tsc2*Il6,650,280,633,468,636,319,590,346,76,99,5,19,461,27
Apc_5*Fcrl6_4,Apc*Fcrl6,650,170,205,200,320,90,119,106,53,77,1373,731,192,381
Nt_2*Fcrl6_4,Nt*Fcrl6,649,172,441,570,467,316,653,336,104,122,32,32,159,82
Pten_1*Pdcd1lg2_2,Pten*Pdcd1lg2,649,275,262,190,544,41,2,72,66,82,16,9,26,590
Nt_30*Cx3cl1_3,Nt*Cx3cl1,646,81,195,285,241,22,229,130,52,83,17,3,38,12
Chek2_1*Cxcr2_4,Chek2*Cxcr2,646,169,211,628,239,27,97,131,33,55,11,5,13,12
Smad4_2*Tnfsf15_1,Smad4*Tnfsf15,644,80,35,121,219,3,247,149,2022,66,17,32,141,58
Apc_5*Mfap5_5,Apc*Mfap5,643,204,336,389,344,169,318,96,43,66,11,8,50,107
Rb1_1*Pla2r1_3,Rb1*Pla2r1,642,105,202,303,297,15,23,19,40,26,14,7,145,412
Pten_1*Mpeg1_1,Pten*Mpeg1,636,212,252,184,280,50,190,136,79,107,611,8,21,749
Pten_1*Cxcr2_4,Pten*Cxcr2,636,114,98,421,420,100,360,61,19,15,3,8,26,271
Serpinb5_2*Cdh1_1,Serpinb5*Cdh1,636,2511,175,176,1048,52,295,161,170,183,34,16,50,390
Calml3_1*Tlr7_5,Calml3*Tlr7,635,88,55,197,235,148,111,157,3130,92,15,52,242,175
Nt_16*Il6_1,Nt*Il6,635,164,291,299,231,106,54,178,77,4664,17,8,104,330
Nt_9*Cx3cl1_3,Nt*Cx3cl1,633,154,184,259,188,43,205,86,223,14219,57,6,44,122
Apc_4*Cxcr2_4,Apc*Cxcr2,633,26,69,136,137,17,227,38,165,32,47,1255,150,82
Brca1_2*Btla_5,Brca1*Btla,632,137,491,2437,548,124,243,62,46,64,125,22,28,27
Tsc2_2*Pdcd1lg2_2,Tsc2*Pdcd1lg2,632,169,312,351,348,67,577,138,63,148,316,8,210,29
Serpinb5_2*Mpeg1_4,Serpinb5*Mpeg1,629,66,228,112,132,76,155,99,1444,33,571,237,139,126
Kit_2*Tlr7_2,Kit*Tlr7,629,152,110,318,156,166,202,96,33,52,1128,570,93,180
Pten_1*Cxcr5_1,Pten*Cxcr5,628,170,185,180,422,176,126,84,2248,77,16,10,35,50
Nt_30*Tlr7_2,Nt*Tlr7,628,127,235,177,339,0,96,8,153,9186,43,5,172,15
Kit_2*Mysm1_5,Kit*Mysm1,626,130,299,577,579,136,649,125,46,40,12,21,128,409
Calml3_3*Tlr7_5,Calml3*Tlr7,626,111,122,196,206,82,528,111,3865,72,538,299,52,347
Apc_1*Nt_25,Apc*Nt,626,197,211,251,283,55,53,70,148,5751,54,8,269,50
Apc_1*Cxcr5_2,Apc*Cxcr5,626,96,154,164,162,88,41,140,551,32,79,509,120,708
Clca2_3*Il6_1,Clca2*Il6,626,93,198,284,264,35,119,79,39,25,7,2,118,17
Serpinb5_2*Hgf_5,Serpinb5*Hgf,625,205,91,162,173,219,96,57,30,48,7,4,228,13
Tsc2_2*Nt_20,Tsc2*Nt,623,57,107,266,204,216,61,143,82,104,18,12,415,170
Serpinb5_2*Mysm1_2,Serpinb5*Mysm1,622,107,436,186,165,32,109,185,156,4791,45,31,171,607
Serpinb5_2*Mfap5_1,Serpinb5*Mfap5,622,120,342,484,392,76,389,206,21,37,4,18,49,944
Rb1_4*Mpeg1_4,Rb1*Mpeg1,622,103,47,76,162,31,112,31,122,9334,22,4,39,178
Chit1_3*Mfap5_3,Chit1*Mfap5,621,191,127,259,307,37,174,104,31,44,7,153,26,24
Apc_1*Cdh1_1,Apc*Cdh1,621,139,217,542,354,127,176,130,970,111,25,9,299,30
Brca1_2*Mysm1_5,Brca1*Mysm1,620,167,165,231,180,16,792,128,155,8178,46,8,34,21
Pten_1*Cxcr5_2,Pten*Cxcr5,619,163,244,290,494,261,506,177,117,147,113,4,151,684
Nt_9*Tlr7_5,Nt*Tlr7,618,322,363,286,403,47,527,66,428,322,36,25,130,474
Kit_2*Cdh1_5,Kit*Cdh1,615,502,451,504,500,13,320,182,944,1212,303,812,67,41
Apc_5*Pla2g2a_2,Apc*Pla2g2a,615,226,194,510,344,0,160,8,2407,78,11,10,488,670
Rb1_2*Cxcr2_4,Rb1*Cxcr2,614,101,105,51,282,104,354,82,54,53,13,403,205,37
Pten_4*Pdcd1lg2_3,Pten*Pdcd1lg2,612,147,348,418,487,94,513,308,2957,150,31,24,830,86
Rb1_1*Cxcr2_5,Rb1*Cxcr2,612,88,136,275,1477,307,152,90,80,113,22,14,62,32
Krt15_5*Mpeg1_5,Krt15*Mpeg1,611,177,139,239,183,139,268,63,49,56,10,11,69,55
Sox10_4*Tnfsf15_1,Sox10*Tnfsf15,607,138,134,218,314,147,417,184,100,26,7,35,139,112
Apc_1*Nt_17,Apc*Nt,604,134,148,295,166,25,25,16,47,63,16,7,165,24
Calml3_3*Nt_18,Calml3*Nt,603,97,96,181,157,24,254,36,79,2312,30,6,119,443
Chek2_3*Il6_2,Chek2*Il6,603,111,233,316,276,82,290,187,3023,220,29,3,140,155
Nt_44*Nt_20,Ntc,600,190,327,1059,290,256,99,121,147,4047,36,2,102,266
Sox10_4*Tlr7_5,Sox10*Tlr7,599,150,332,244,290,99,228,236,29,25,1,80,24,267
Smad4_2*Nt_18,Smad4*Nt,599,207,214,333,256,21,333,121,834,5166,39,338,51,30
Sox10_5*Cx3cl1_3,Sox10*Cx3cl1,599,85,124,127,78,136,155,77,25,485,5,8,19,7
Stk11_4*Mfap5_3,Stk11*Mfap5,598,200,938,1190,744,238,304,222,58,76,21,39,36,749
Pten_1*Fcrl6_5,Pten*Fcrl6,596,205,481,3130,362,94,231,151,64,86,14,38,232,882
Kit_2*Il6_2,Kit*Il6,596,158,275,359,377,224,526,293,51,3352,10,12,358,28
Nt_43*Mpeg1_4,Nt*Mpeg1,595,94,148,144,210,44,336,40,138,9883,29,671,113,380
Sox10_5*Tnfsf15_1,Sox10*Tnfsf15,594,50,668,653,427,201,1031,163,46,59,5,11,37,114
Pten_1*Pla2g2a_4,Pten*Pla2g2a,593,312,379,836,402,136,81,42,613,1980,326,9,88,40
Chek2_3*Pla2g2a_2,Chek2*Pla2g2a,593,106,127,98,101,9,23,35,1755,89,16,5,57,1431
Tsc2_2*Pla2g2a_2,Tsc2*Pla2g2a,593,131,473,135,294,166,570,113,914,160,27,2,652,1061
Brca1_2*Cxcr5_3,Brca1*Cxcr5,592,208,267,450,437,127,561,86,89,99,468,3,23,17
Stk11_4*Cdh1_1,Stk11*Cdh1,591,232,328,591,522,122,442,241,43,159,14,12,414,65
Nt_2*Cx3cl1_3,Nt*Cx3cl1,591,181,1002,733,419,128,223,178,124,147,32,38,285,219
Pten_4*Tlr7_5,Pten*Tlr7,589,195,303,288,188,83,414,187,139,208,48,15,143,33
Kit_4*Mpeg1_4,Kit*Mpeg1,589,73,197,349,197,62,133,32,23,38,7,5,54,12
Sox10_1*Tnfsf15_1,Sox10*Tnfsf15,588,236,182,488,352,67,345,53,30,42,11,6,250,465
Sox10_1*Pla2g2a_5,Sox10*Pla2g2a,587,112,159,185,141,35,670,181,2322,69,11,508,38,26
Stk11_4*Cxcr2_5,Stk11*Cxcr2,587,72,290,244,186,291,100,366,69,121,17,9,46,490
Calml3_1*Tnfsf15_1,Calml3*Tnfsf15,586,186,119,177,255,76,755,102,1418,5354,24,32,99,72
Kit_2*Nt_33,Kit*Nt,585,2634,459,4579,524,235,225,91,213,295,56,30,197,27
Smad4_3*Fcrl6_5,Smad4*Fcrl6,584,237,505,4919,473,348,875,530,79,72,261,15,46,540
Calml3_3*Mfap5_1,Calml3*Mfap5,583,123,114,153,121,67,232,62,543,47,882,8,236,35
Smad4_3*Pla2r1_3,Smad4*Pla2r1,583,94,350,331,262,151,33,152,24,36,615,16,100,35
Pten_4*Pla2g2a_5,Pten*Pla2g2a,583,146,462,387,253,76,21,197,44,54,1260,8,15,21
Smad4_2*Mfap5_3,Smad4*Mfap5,583,127,112,139,226,33,40,96,176,27,69,4,48,13
Rb1_4*Cxcr2_4,Rb1*Cxcr2,582,67,87,58,53,45,250,71,119,561,1449,2499,209,163
Tgfbr2_1*Tnfsf15_1,Tgfbr2*Tnfsf15,580,181,230,183,216,77,281,158,215,157,205,7,79,418
Apc_1*Cxcr2_4,Apc*Cxcr2,579,100,153,254,189,23,39,115,48,39,13,606,102,28
Apc_5*Il6_2,Apc*Il6,579,154,184,138,282,70,373,170,3762,3134,32,30,165,423
Nt_9*Mpeg1_4,Nt*Mpeg1,579,79,185,237,239,14,4,0,22,32,5,6,125,409
Apc_5*Mfap5_3,Apc*Mfap5,578,116,214,100,290,153,166,82,22,22,4,22,248,74
Tsc2_1*Cx3cl1_3,Tsc2*Cx3cl1,578,154,271,648,270,111,353,380,96,137,16,3,232,40
Pten_1*Pdcd1lg2_3,Pten*Pdcd1lg2,577,165,432,316,304,42,73,132,233,19507,65,11,80,313
Calml3_1*Muc16_4,Calml3*Muc16,577,836,156,359,308,58,261,50,7248,215,1676,8,121,463
Clca2_2*Mfap5_3,Clca2*Mfap5,575,116,240,192,183,95,63,34,171,225,40,2,101,665
Pten_4*Cdh1_4,Pten*Cdh1,574,160,347,731,360,111,627,231,56,61,8,7,189,408
Serpinb5_2*Fcrl6_4,Serpinb5*Fcrl6,574,93,433,225,237,45,797,112,34,42,7,9,108,14
Krt15_3*Pla2g2a_2,Krt15*Pla2g2a,573,235,186,545,181,45,398,62,67,77,20,25,92,21
Stk11_4*Mysm1_2,Stk11*Mysm1,572,163,343,271,163,69,636,294,41,46,4,9,164,46
Nt_16*Muc16_2,Nt*Muc16,572,136,270,109,299,82,190,71,45,42,14,16,36,478
Apc_5*Mpeg1_4,Apc*Mpeg1,571,122,274,79,156,58,30,48,49,56,8,495,158,312
Brca1_2*Fcrl6_5,Brca1*Fcrl6,570,412,202,200,416,137,257,136,2110,1512,312,7,106,25
Apc_4*Fcrl6_5,Apc*Fcrl6,570,176,123,337,276,78,153,22,59,2291,14,10,82,1191
Tsc2_1*Nt_57,Tsc2*Nt,569,1511,225,372,353,91,296,167,308,2020,29,14,67,62
Serpinb5_2*Pdcd1lg2_3,Serpinb5*Pdcd1lg2,566,1771,388,635,423,68,376,97,5092,157,32,18,73,8
Nt_16*Tnfsf15_1,Nt*Tnfsf15,565,154,308,171,352,174,58,136,2126,200,34,9,25,353
Pten_4*Mysm1_5,Pten*Mysm1,565,196,316,429,507,31,174,118,18,14,9,19,17,1086
Sox10_5*Il6_1,Sox10*Il6,563,224,2116,563,418,269,329,258,53,45,7,4,72,13
Tsc2_1*Il6_1,Tsc2*Il6,562,183,227,160,293,164,675,157,6415,156,27,7,219,488
Chek2_3*Nt_39,Chek2*Nt,562,79,105,194,228,51,177,29,68,54,13,9,29,462
Krt15_5*Cx3cl1_3,Krt15*Cx3cl1,561,27,146,155,271,55,79,53,68,92,23,58,372,706
Chek2_3*Cx3cl1_4,Chek2*Cx3cl1,561,1559,95,86,232,112,611,17,93,128,1163,25,245,1156
Stk11_4*Fcrl6_4,Stk11*Fcrl6,560,216,1088,1081,888,224,670,100,136,10406,33,14,232,28
Clca2_3*Mysm1_5,Clca2*Mysm1,559,209,190,322,362,95,199,51,1960,107,25,5,9,476
Pten_4*Cxcr5_1,Pten*Cxcr5,558,359,6323,944,773,138,254,173,130,6204,25,28,65,64
Sox10_4*Cx3cl1_3,Sox10*Cx3cl1,558,75,157,84,242,124,464,143,98,35,2,61,184,470
Smad4_2*Fcrl6_5,Smad4*Fcrl6,557,62,2459,176,395,24,130,84,84,435,17,6,121,12
Sox10_1*Cxcr5_3,Sox10*Cxcr5,556,103,127,175,299,67,140,99,41,47,13,1114,238,57
Rb1_1*Mfap5_1,Rb1*Mfap5,556,204,174,256,312,136,575,270,110,2414,27,5,32,421
Apc_1*Tlr7_5,Apc*Tlr7,555,3974,86,136,108,23,206,96,190,216,47,31,97,48
Apc_1*Mpeg1_4,Apc*Mpeg1,553,140,154,101,108,39,4,43,3602,114,22,10,70,17
Smad4_4*Mpeg1_4,Smad4*Mpeg1,553,100,126,125,126,88,111,55,1699,4844,90,387,209,43
Sox10_1*Cxcr2_5,Sox10*Cxcr2,552,162,943,382,181,242,68,136,2169,77,16,106,75,18
Apc_1*Pla2r1_3,Apc*Pla2r1,552,169,128,122,123,32,7,9,781,39,2,6,145,10
Apc_1*Pla2g2a_2,Apc*Pla2g2a,550,127,144,144,222,54,142,72,3074,97,19,1203,225,48
Sox10_5*Fcrl6_5,Sox10*Fcrl6,550,104,365,190,223,159,342,115,34,34,9,1,248,17
Nt_16*Cx3cl1_3,Nt*Cx3cl1,549,86,49,181,125,24,298,55,25,31,6,5,55,1130
Brca2_3*Tnfsf15_1,Brca2*Tnfsf15,546,89,69,41,174,104,175,208,32,43,8,2008,404,156
Pten_1*Mysm1_2,Pten*Mysm1,545,232,446,402,440,73,377,142,41,36,7,156,68,55
Clca2_3*Btla_5,Clca2*Btla,542,114,157,164,277,37,58,284,286,60,9,6,152,24
Calml3_3*Tnfsf15_1,Calml3*Tnfsf15,542,96,90,97,189,96,134,19,47,65,179,5,52,262
Clca2_3*Hgf_5,Clca2*Hgf,542,141,1769,276,395,142,702,75,33,44,11,7,154,42
Rb1_2*Muc16_2,Rb1*Muc16,541,92,182,225,226,48,150,160,173,37,5,5,120,21
Smad4_3*Nt_18,Smad4*Nt,541,350,342,322,434,188,467,98,97,118,20,9,111,41
Chit1_3*Muc16_2,Chit1*Muc16,540,171,3868,261,221,127,183,61,33,18,5,274,44,367
Smad4_4*Tnfsf15_1,Smad4*Tnfsf15,538,216,166,294,328,145,511,198,157,201,30,274,246,397
Chek2_3*Mysm1_5,Chek2*Mysm1,538,99,93,186,153,41,216,130,71,75,1297,24,184,60
Smad4_3*Mfap5_1,Smad4*Mfap5,536,382,341,236,388,171,933,353,1608,841,199,7,145,1784
Apc_1*Nt_18,Apc*Nt,535,117,142,293,209,86,240,16,129,163,3147,10,157,367
Calml3_3*Fcrl6_5,Calml3*Fcrl6,535,113,179,380,382,24,141,120,41,870,283,16,104,5
Apc_1*Il6_1,Apc*Il6,533,73,206,186,142,21,118,50,13418,220,1288,18,141,575
Clca2_2*Mpeg1_4,Clca2*Mpeg1,531,33,22,35,37,0,2,5,41,9,2,28,166,525
Krt15_5*Cxcr5_3,Krt15*Cxcr5,530,209,177,116,167,8,95,37,43,77,2862,9,108,933
Chek2_3*Tnfsf15_2,Chek2*Tnfsf15,529,156,156,159,112,68,190,53,396,24476,119,6,70,1064
Stk11_4*Pdcd1lg2_2,Stk11*Pdcd1lg2,524,238,199,187,317,300,662,335,3127,120,719,10,23,17
Pten_4*Nt_20,Pten*Nt,523,76,185,258,192,102,139,212,28,29,6,12,37,35
Krt15_5*Cxcr2_5,Krt15*Cxcr2,522,92,206,459,430,116,1152,154,45,52,1442,142,209,43
Chek2_2*Tlr7_2,Chek2*Tlr7,519,194,153,295,189,60,75,127,1220,86,453,8,142,41
Tsc2_2*Cx3cl1_3,Tsc2*Cx3cl1,518,79,4800,327,330,12,58,186,58,58,8,3,90,55
Serpinb5_2*Muc16_4,Serpinb5*Muc16,518,107,83,193,281,132,96,64,19,20,3,857,162,199
Tgfbr2_1*Cxcr2_4,Tgfbr2*Cxcr2,517,125,192,186,153,119,105,155,55,54,1435,4,21,533
Nt_16*Mfap5_3,Nt*Mfap5,517,544,488,898,482,102,638,18,610,773,153,7,217,399
Chek2_3*Muc16_2,Chek2*Muc16,517,45,111,116,311,106,52,10,68,127,140,3,47,17
Calml3_1*Mfap5_3,Calml3*Mfap5,515,243,192,168,282,95,177,94,783,8136,189,6,55,467
Kit_2*Pdcd1lg2_2,Kit*Pdcd1lg2,515,124,228,199,266,103,277,124,34,51,3,5,36,5
Pten_1*Pla2g2a_2,Pten*Pla2g2a,513,248,475,386,212,39,29,75,215,272,54,6,205,27
Pten_1*Il6_1,Pten*Il6,513,148,103,254,176,17,209,45,52,75,14,2,175,560
Chek2_3*Tnfsf15_1,Chek2*Tnfsf15,512,149,172,294,188,21,184,233,43,51,7,2,477,9
Calml3_3*Pdcd1lg2_2,Calml3*Pdcd1lg2,511,96,115,96,180,110,204,37,3568,148,4491,12,185,28
Clca2_3*Fcrl6_5,Clca2*Fcrl6,509,68,284,321,194,57,82,32,33,46,14,0,65,1
Serpinb5_2*Nt_17,Serpinb5*Nt,506,158,182,449,214,15,136,46,53,68,14,12,402,26
Chek2_3*Il6_1,Chek2*Il6,506,82,142,113,190,8,166,12,3964,82,25,56,18,89
Chek2_3*Nt_17,Chek2*Nt,506,79,73,205,258,15,80,2,25,24,276,7,187,16
Clca2_2*Tlr7_5,Clca2*Tlr7,504,162,106,49,84,31,76,71,9257,126,22,4,53,1283
Pten_1*Nt_18,Pten*Nt,502,86,210,414,248,59,213,10,50,56,755,4,65,19
Calml3_1*Mpeg1_4,Calml3*Mpeg1,502,93,61,91,176,71,309,194,20,29,4,1760,111,79
Nt_43*Tlr7_2,Nt*Tlr7,500,60,96,101,125,65,96,56,23,25,4,12,80,487
Clca2_3*Pla2r1_3,Clca2*Pla2r1,500,63,117,170,125,56,256,116,26,28,6,8,87,18
Chek2_3*Pla2g2a_4,Chek2*Pla2g2a,499,115,141,122,164,65,138,81,131,12807,28,5,17,9
Nt_16*Cxcr2_4,Nt*Cxcr2,499,39,254,291,176,84,60,112,10,15,2,3,22,236
Serpinb5_2*Fcrl6_5,Serpinb5*Fcrl6,497,88,93,144,143,2,113,59,17,11,2,6,29,96
Clca2_2*Tlr7_2,Clca2*Tlr7,497,71,75,115,79,26,49,16,63,68,15,552,137,29
Smad4_2*Il6_1,Smad4*Il6,495,142,150,213,133,34,162,35,68,86,22,11,33,205
Rb1_1*Tlr7_2,Rb1*Tlr7,494,57,144,351,152,34,228,94,45,49,19,18,73,68
Rb1_4*Fcrl6_5,Rb1*Fcrl6,494,105,185,154,124,89,174,226,238,108,678,22,254,294
Stk11_4*Cdh1_5,Stk11*Cdh1,494,182,305,421,495,170,292,185,91,248,1513,10,116,16
Apc_1*Nt_57,Apc*Nt,494,112,66,64,184,9,63,10,325,351,68,6,9,8
Apc_1*Cx3cl1_3,Apc*Cx3cl1,493,43,114,93,156,12,124,21,1695,59,5,2081,233,152
Rb1_4*Il6_1,Rb1*Il6,493,68,65,70,81,20,454,5,215,62,14,8,54,293
Serpinb5_2*Nt_18,Serpinb5*Nt,492,103,239,104,554,44,152,101,1037,184,30,1,169,42
Kit_2*Nt_20,Kit*Nt,491,71,218,455,132,7,325,82,7,7,2,9,109,26
Sox10_4*Cxcr2_5,Sox10*Cxcr2,490,101,766,497,123,240,423,350,81,112,17,6,137,12
Chek2_3*Pdcd1lg2_2,Chek2*Pdcd1lg2,488,65,125,166,83,37,11,68,30,32,4,245,93,51
Clca2_2*Tnfsf15_1,Clca2*Tnfsf15,488,63,46,84,98,100,280,41,763,40,7,7,55,609
Apc_4*Mfap5_3,Apc*Mfap5,483,75,281,79,168,42,95,38,29,28,8,6,31,1054
Clca2_2*Nt_20,Clca2*Nt,483,144,112,136,153,30,65,21,1389,6342,32,5,39,405
Pten_4*Mpeg1_5,Pten*Mpeg1,480,284,218,349,412,85,262,170,103,6786,26,9,58,25
Pten_1*Mfap5_3,Pten*Mfap5,479,235,366,246,332,115,172,195,187,222,50,4,138,255
Calml3_3*Pla2g2a_4,Calml3*Pla2g2a,479,78,133,194,261,60,165,81,56,75,16,6,21,463
Sox10_4*Mfap5_1,Sox10*Mfap5,478,94,125,463,152,72,195,68,74,82,2400,5,7,10
Clca2_2*Muc16_4,Clca2*Muc16,478,137,84,213,183,14,81,81,24,29,6,7,42,574
Rb1_4*Tlr7_5,Rb1*Tlr7,477,140,3367,139,177,151,406,65,160,59,11,6,236,42
Smad4_2*Mpeg1_4,Smad4*Mpeg1,476,67,75,96,75,16,18,14,20,26,2,6,128,15
Clca2_5*Mpeg1_4,Clca2*Mpeg1,473,130,128,135,133,16,230,55,19,28,5,0,32,13
Serpinb5_4*Pdcd1lg2_2,Serpinb5*Pdcd1lg2,472,157,246,271,346,93,197,201,49,58,14,9,88,149
Pten_1*Muc16_2,Pten*Muc16,471,66,311,153,237,91,95,145,42,68,9,6,51,919
Stk11_4*Mpeg1_4,Stk11*Mpeg1,470,196,143,184,92,152,363,65,40,51,4,3,107,4
Clca2_3*Mysm1_4,Clca2*Mysm1,467,253,500,799,486,80,194,199,238,303,66,462,236,25
Clca2_2*Muc16_2,Clca2*Muc16,461,75,77,70,61,15,114,0,3112,10337,45,4,93,5
Chek2_3*Cdh1_4,Chek2*Cdh1,461,86,222,348,295,70,299,177,320,4671,370,10,257,865
Serpinb5_4*Cxcr2_4,Serpinb5*Cxcr2,459,148,93,138,186,98,153,119,1113,697,5,1,17,24
Kit_2*Cdh1_1,Kit*Cdh1,459,705,169,132,334,67,66,81,5427,172,3313,24,141,40
Apc_4*Il6_1,Apc*Il6,459,135,133,51,148,48,0,24,25,27,24,3,16,83
Chit1_3*Pla2r1_3,Chit1*Pla2r1,459,86,264,265,318,61,203,73,840,74,18,5,93,15
Krt15_5*Il6_2,Krt15*Il6,458,209,294,169,213,37,182,88,140,175,48,1,96,587
Nt_16*Fcrl6_4,Nt*Fcrl6,458,184,151,1552,231,126,404,68,306,15535,69,11,82,16
Kit_2*Mfap5_1,Kit*Mfap5,457,82,226,166,162,13,0,63,130,4630,38,2,58,6
Tgfbr2_1*Nt_20,Tgfbr2*Nt,457,115,136,119,199,174,759,97,1908,88,2130,69,95,20
Rb1_1*Mpeg1_4,Rb1*Mpeg1,456,89,85,166,146,44,415,66,22,30,10,1,34,6
Chek2_3*Pdcd1lg2_3,Chek2*Pdcd1lg2,454,165,121,159,169,59,64,11,759,124,27,9,153,11
Kit_2*Cxcr2_5,Kit*Cxcr2,453,197,412,377,296,153,251,47,67,91,15,4,92,33
Nt_30*Mfap5_1,Nt*Mfap5,452,86,129,238,379,63,254,53,39,77,10,46,127,24
Pten_4*Cx3cl1_3,Pten*Cx3cl1,450,133,290,180,317,31,231,118,33,47,1527,18,149,531
Clca2_3*Tlr7_5,Clca2*Tlr7,447,95,192,2480,131,71,155,108,2672,62,12,4,27,14
Serpinb5_2*Il6_2,Serpinb5*Il6,445,104,2205,3140,1792,69,300,136,68,84,394,7,26,13
Pten_1*Tnfsf15_1,Pten*Tnfsf15,444,136,165,288,256,46,239,116,94,4596,14,20,106,36
Chek2_3*Cxcr5_2,Chek2*Cxcr5,441,140,113,148,208,46,97,44,68,75,15,4,16,11
Chit1_3*Mpeg1_4,Chit1*Mpeg1,441,202,310,236,266,63,397,211,148,6342,3740,5,136,673
Calml3_1*Pla2g2a_2,Calml3*Pla2g2a,440,96,214,91,173,72,571,35,151,211,42,2,28,19
Smad4_3*Cxcr2_4,Smad4*Cxcr2,440,130,224,229,219,268,702,206,163,12146,27,5,11,19
Sox10_1*Tlr7_2,Sox10*Tlr7,440,142,55,517,89,149,139,21,153,1823,41,1,6,359
Calml3_3*Muc16_2,Calml3*Muc16,439,86,41,99,175,28,151,94,82,119,2439,10,34,66
Rb1_2*Mpeg1_4,Rb1*Mpeg1,438,64,562,45,151,76,120,70,134,81,1129,4,504,75
Kit_1*Cxcr2_4,Kit*Cxcr2,436,145,250,268,353,59,309,15,95,93,17,13,380,20
Apc_1*Hgf_5,Apc*Hgf,435,188,161,200,262,67,60,54,53,69,10,11,124,39
Clca2_3*Mfap5_3,Clca2*Mfap5,433,26,116,172,127,22,95,108,29,21,5,5,8,8
Krt15_5*Mysm1_5,Krt15*Mysm1,431,92,83,204,99,59,198,25,61,80,15,4,40,10
Serpinb5_2*Mfap5_3,Serpinb5*Mfap5,431,149,54,74,69,44,60,2,69,71,2326,6,63,11
Pten_4*Fcrl6_4,Pten*Fcrl6,431,181,522,729,358,90,529,183,16,27,2,11,90,15
Tgfbr2_1*Cx3cl1_3,Tgfbr2*Cx3cl1,430,229,123,215,329,120,173,63,173,16903,47,3,29,307
Nt_16*Mpeg1_1,Nt*Mpeg1,429,196,334,210,511,99,398,232,115,156,33,5,31,43
Kit_2*Nt_17,Kit*Nt,428,68,780,303,158,23,107,75,32,39,6,4,35,184
Chek2_3*Pla2r1_3,Chek2*Pla2r1,428,57,127,290,328,24,158,54,91,115,25,4,15,336
Apc_4*Tlr7_2,Apc*Tlr7,426,84,125,111,165,28,100,20,1386,57,12,12,99,210
Chek2_3*Tlr7_1,Chek2*Tlr7,424,90,287,420,351,69,304,204,27,29,4,8,53,204
Krt15_3*Mpeg1_4,Krt15*Mpeg1,423,255,70,165,175,2,174,4,152,202,37,7,169,22
Pten_1*Nt_57,Pten*Nt,423,193,256,79,209,39,346,281,336,44,4,5,41,36
Chit1_3*Cx3cl1_4,Chit1*Cx3cl1,423,158,216,340,229,61,434,150,143,2414,32,7,96,24
Serpinb5_4*Muc16_4,Serpinb5*Muc16,422,102,65,162,261,105,335,85,206,14776,48,3,148,30
Kit_2*Muc16_4,Kit*Muc16,419,179,121,201,188,54,135,25,23,33,4,3,69,13
Serpinb5_4*Mpeg1_4,Serpinb5*Mpeg1,415,130,271,188,270,136,184,58,2614,107,2203,3,29,242
Clca2_3*Il6_5,Clca2*Il6,415,119,299,399,270,82,392,25,54,75,14,11,4,6
Nt_44*Mpeg1_4,Nt*Mpeg1,408,109,52,180,150,21,56,53,2134,82,17,587,68,33
Serpinb5_2*Cx3cl1_3,Serpinb5*Cx3cl1,408,89,57,84,124,99,68,12,22,43,10,4,8,11
Clca2_3*Cxcr2_5,Clca2*Cxcr2,408,61,62,230,166,134,120,123,93,119,78,1,128,373
Smad4_2*Cx3cl1_3,Smad4*Cx3cl1,408,97,31,104,100,181,223,10,163,12391,37,305,99,369
Chek2_3*Cxcr2_5,Chek2*Cxcr2,408,89,175,113,69,5,18,37,44,3424,12,2,24,15
Nt_44*Fcrl6_4,Nt*Fcrl6,406,93,699,304,243,77,707,299,44,54,10,4,8,12
Chek2_2*Cx3cl1_3,Chek2*Cx3cl1,403,80,121,120,48,35,0,105,17,14,3,2,141,1
Rb1_2*Mfap5_1,Rb1*Mfap5,399,84,114,242,113,20,115,81,1743,143,30,2,19,109
Stk11_4*Pla2g2a_2,Stk11*Pla2g2a,398,88,270,318,171,54,277,359,22,27,0,6,93,17
Clca2_3*Cxcr2_4,Clca2*Cxcr2,398,219,208,189,152,19,165,102,17,31,3,4,16,1400
Serpinb5_2*Cxcr2_4,Serpinb5*Cxcr2,397,46,104,184,166,23,265,49,1805,47,9,11,98,325
Chek2_3*Mpeg1_5,Chek2*Mpeg1,396,41,24,60,129,36,12,7,71,120,22,1,5,227
Kit_2*Mpeg1_4,Kit*Mpeg1,395,130,136,302,292,98,18,113,102,8755,37,6,57,12
Chek2_3*Nt_20,Chek2*Nt,394,98,79,115,119,76,257,136,20,41,7,3,3,4
Brca1_2*Fcrl6_4,Brca1*Fcrl6,393,72,514,591,434,106,465,153,52,43,1867,947,206,59
Calml3_3*Cx3cl1_3,Calml3*Cx3cl1,392,125,72,79,162,57,107,76,23,24,5,5,14,517
Serpinb5_2*Il6_1,Serpinb5*Il6,389,27,476,186,155,37,79,18,39,1489,616,4,14,4
Pten_4*Pla2g2a_4,Pten*Pla2g2a,388,149,391,285,563,150,137,176,31,32,11,8,167,7
Smad4_3*Pla2g2a_2,Smad4*Pla2g2a,385,160,146,191,186,72,35,115,85,6122,17,9,20,20
Clca2_2*Pla2r1_3,Clca2*Pla2r1,380,50,77,150,47,5,50,0,105,11017,29,2,15,339
Krt15_5*Pdcd1lg2_2,Krt15*Pdcd1lg2,379,154,189,291,372,100,23,47,25,137,6,3,16,213
Apc_1*Fcrl6_4,Apc*Fcrl6,379,148,205,331,222,28,255,79,47,80,14,9,129,129
Chek2_3*Nt_18,Chek2*Nt,374,121,102,150,93,33,69,6,23,44,6,2,4,7
Chit1_5*Cxcr2_4,Chit1*Cxcr2,374,148,192,499,220,94,145,72,47,1697,855,4,69,478
Stk11_4*Il6_1,Stk11*Il6,373,86,308,328,366,154,159,171,22,27,5,7,33,18
Chek2_3*Mysm1_4,Chek2*Mysm1,372,40,134,89,286,111,182,37,12,15,2,10,54,86
Stk11_4*Muc16_2,Stk11*Muc16,370,73,7756,355,354,163,157,136,84,35,4,6,21,13
Smad4_2*Tlr7_2,Smad4*Tlr7,369,68,52,35,52,79,96,84,47,73,2629,5,9,13
Chek2_2*Mpeg1_4,Chek2*Mpeg1,369,128,75,99,160,18,172,1,117,8210,25,11,177,23
Sox10_1*Cx3cl1_3,Sox10*Cx3cl1,366,106,143,193,129,128,118,71,4795,104,14,4,18,97
Rb1_2*Nt_57,Rb1*Nt,365,197,175,225,487,45,42,141,54,49,10,203,102,32
Chit1_3*Cx3cl1_3,Chit1*Cx3cl1,365,104,244,299,331,90,169,99,33,26,5,5,5,357
Serpinb5_2*Pla2g2a_2,Serpinb5*Pla2g2a,361,114,125,102,122,13,315,55,76,115,24,3,46,3
Brca1_2*Il6_1,Brca1*Il6,360,41,286,279,224,50,88,57,286,8,3,15,66,37
Sox10_4*Tlr7_2,Sox10*Tlr7,358,128,550,1187,473,132,756,139,27,26,6,22,84,285
Apc_4*Nt_57,Apc*Nt,353,83,89,131,221,30,177,12,24,37,5,2,25,7
Kit_2*Muc16_2,Kit*Muc16,352,84,127,213,143,0,177,105,17,36,7,6,25,7
Smad4_2*Mfap5_1,Smad4*Mfap5,352,29,128,101,78,4,51,5,26,30,7,1,5,2
Smad4_2*Muc16_2,Smad4*Muc16,348,105,253,366,266,31,10,37,152,9761,39,19,8,15
Pten_1*Fcrl6_4,Pten*Fcrl6,344,69,126,281,151,111,139,89,42,33,9,59,44,14
Tgfbr2_1*Mpeg1_4,Tgfbr2*Mpeg1,343,52,141,300,171,30,55,181,9,15,3,3,9,4
Brca1_2*Nt_20,Brca1*Nt,342,115,92,154,110,73,19,13,8,6,3,3,66,7
Calml3_1*Cx3cl1_3,Calml3*Cx3cl1,342,54,76,61,155,33,101,69,24,23,519,13,109,212
Chit1_3*Mfap5_1,Chit1*Mfap5,341,178,389,434,404,144,77,271,25,35,12,17,163,393
Pten_1*Pla2r1_3,Pten*Pla2r1,336,99,163,186,383,16,107,41,141,9163,42,3,122,282
Calml3_1*Cxcr2_4,Calml3*Cxcr2,335,103,99,49,114,120,220,179,74,77,11,2,44,6
Nt_16*Muc16_4,Nt*Muc16,334,54,235,221,100,70,170,42,25,23,3,1,17,302
Chek2_3*Cx3cl1_3,Chek2*Cx3cl1,333,92,92,48,91,14,22,3,51,47,15,8,51,32
Clca2_3*Cx3cl1_3,Clca2*Cx3cl1,330,171,158,200,248,22,38,88,86,4591,13,4,19,10
Nt_30*Nt_20,Ntc,329,82,159,228,301,147,190,72,19,39,314,4,80,10
Calml3_3*Mysm1_5,Calml3*Mysm1,329,75,95,548,135,57,77,86,29,26,5,3,179,201
Chek2_3*Cxcr5_3,Chek2*Cxcr5,327,54,148,48,142,59,96,95,149,13739,114,6,8,734
Apc_4*Pla2r1_3,Apc*Pla2r1,325,94,116,127,165,21,0,0,18,23,4,5,12,432
Sox10_1*Mpeg1_4,Sox10*Mpeg1,323,123,167,91,193,17,430,53,3070,5102,38,10,108,52
Calml3_3*Cxcr2_4,Calml3*Cxcr2,321,83,97,103,132,35,152,51,27,44,9,3,167,8
Clca2_3*Nt_20,Clca2*Nt,321,62,105,62,210,8,46,51,34,3462,9,3,60,2
Chek2_3*Cdh1_1,Chek2*Cdh1,317,56,80,120,120,14,95,32,32,38,16,4,41,16
Apc_4*Fcrl6_4,Apc*Fcrl6,316,34,21,93,124,108,40,55,9,15,4,10,49,300
Nt_2*Mpeg1_4,Nt*Mpeg1,310,175,306,388,182,44,57,42,47,42,12,7,65,35
Kit_2*Fcrl6_4,Kit*Fcrl6,309,168,148,665,228,109,219,99,87,130,31,2,15,35
Kit_2*Cxcr2_4,Kit*Cxcr2,309,107,223,217,362,91,239,37,28,27,11,2,79,4
Pten_1*Mfap5_1,Pten*Mfap5,307,110,229,246,165,147,60,96,106,147,36,6,57,298
Brca2_3*Tlr7_5,Brca2*Tlr7,307,58,129,87,164,97,476,151,31,23,5,14,24,158
Smad4_2*Pla2g2a_2,Smad4*Pla2g2a,306,61,70,158,199,29,156,16,16,482,2,25,35,39
Nt_44*Tlr7_2,Nt*Tlr7,303,124,153,269,329,152,877,68,101,131,21,6,17,451
Smad4_3*Mpeg1_4,Smad4*Mpeg1,299,109,270,78,111,46,246,49,73,99,17,72,18,941
Clca2_3*Pla2g2a_5,Clca2*Pla2g2a,297,85,95,284,265,71,111,24,27,32,4,12,165,29
Chit1_3*Cxcr2_4,Chit1*Cxcr2,294,150,112,260,144,114,215,204,63,90,25,6,22,765
Krt15_5*Hgf_5,Krt15*Hgf,293,156,94,139,128,84,248,86,14,22,6,1,50,5
Pten_1*Cx3cl1_3,Pten*Cx3cl1,290,43,120,206,194,88,149,45,20,37,4,6,16,19
Kit_2*Il6_1,Kit*Il6,289,36,61,144,199,51,108,37,12,2,3,2,61,2
Chek2_3*Mfap5_3,Chek2*Mfap5,289,131,94,105,145,66,209,23,33,39,4,2,101,5
Pten_1*Tlr7_2,Pten*Tlr7,289,62,41,47,64,18,148,26,25,13,8,3,24,10
Krt15_5*Pla2g2a_4,Krt15*Pla2g2a,288,78,132,137,366,37,160,68,283,68,195,9,161,70
Brca1_2*Tlr7_2,Brca1*Tlr7,287,122,108,253,209,34,91,12,51,58,334,5,50,681
Kit_1*Mpeg1_4,Kit*Mpeg1,283,114,174,105,281,0,2,0,45,69,2478,5,21,15
Pten_4*Muc16_4,Pten*Muc16,281,92,95,20,98,24,312,64,1538,47,6,3,62,5
Tsc2_1*Cxcr2_4,Tsc2*Cxcr2,281,93,177,295,102,83,701,73,3483,103,22,6,1052,40
Brca1_2*Cxcr2_4,Brca1*Cxcr2,280,110,39,84,72,20,63,38,15,16,1,6,37,348
Krt15_5*Il6_1,Krt15*Il6,277,35,101,216,113,37,133,70,85,6213,21,2,53,201
Chek2_3*Tlr7_5,Chek2*Tlr7,277,152,146,108,252,40,251,88,95,3232,13,6,80,12
Stk11_4*Mfap5_1,Stk11*Mfap5,275,66,1045,2930,862,56,139,221,16,29,7,6,160,414
Stk11_4*Tlr7_2,Stk11*Tlr7,275,13,149,290,256,18,193,182,22,31,389,6,51,643
Brca1_2*Muc16_4,Brca1*Muc16,274,23,196,94,171,9,18,115,31,38,7,2,12,361
Brca1_2*Muc16_2,Brca1*Muc16,272,92,27,80,140,134,162,22,15,29,3,6,18,269
Stk11_4*Cxcr2_4,Stk11*Cxcr2,271,124,138,109,238,67,247,182,19,22,4,6,17,118
Clca2_3*Cdh1_1,Clca2*Cdh1,270,113,492,275,206,90,7,46,87,93,2240,5,41,571
Pten_4*Cxcr2_4,Pten*Cxcr2,269,83,110,200,200,13,91,149,86,100,4500,4,8,3
Chek2_3*Mfap5_1,Chek2*Mfap5,266,15,65,77,133,8,87,14,13,10,4,2,109,4
Kit_2*Cx3cl1_3,Kit*Cx3cl1,265,109,20975,503,363,52,58,112,262,214,40,1,7,76
Chek2_3*Cxcr5_1,Chek2*Cxcr5,265,48,64,188,181,24,152,31,94,118,21,4,333,713
Pten_1*Mpeg1_4,Pten*Mpeg1,264,71,44,183,182,0,0,5,32,36,9,16,82,37
Pten_4*Fcrl6_5,Pten*Fcrl6,263,132,151,253,226,91,149,336,181,12747,3089,2,110,10
Krt15_5*Muc16_4,Krt15*Muc16,258,62,76,110,68,68,178,43,49,58,13,3,9,16
Stk11_4*Nt_57,Stk11*Nt,253,384,52,64,279,128,226,217,1070,1394,268,5,109,20
Chit1_3*Tnfsf15_1,Chit1*Tnfsf15,252,38,84,136,111,90,965,40,57,57,2833,7,47,25
Nt_16*Pla2g2a_2,Nt*Pla2g2a,249,145,110,142,63,90,13,49,16,18,6,6,44,164
Pten_4*Il6_1,Pten*Il6,245,105,176,28,119,44,0,11,15,11,2,27,115,88
Brca1_2*Cx3cl1_3,Brca1*Cx3cl1,245,85,76,96,125,30,49,56,24,28,6,3,9,735
Kit_2*Pla2g2a_2,Kit*Pla2g2a,244,117,240,418,186,68,100,143,9,16,2,1,90,7
Smad4_2*Cxcr2_4,Smad4*Cxcr2,244,52,130,210,155,32,325,6,16,32,4,7,52,20
Clca2_3*Pla2g2a_4,Clca2*Pla2g2a,243,91,120,147,102,40,199,5,19,43,10,3,3,3
Chek2_3*Tlr7_2,Chek2*Tlr7,239,29,81,20,58,51,53,4,16,18,0,0,9,566
Brca2_3*Pla2g2a_2,Brca2*Pla2g2a,237,35,356,72,89,101,307,70,73,112,25,12,46,190
Pten_4*Tlr7_2,Pten*Tlr7,234,164,178,182,224,39,11,4,33,40,9,7,9,618
Nt_16*Tlr7_5,Nt*Tlr7,233,784,451,228,139,77,456,171,35,32,9,18,112,340
Pten_4*Pla2g2a_2,Pten*Pla2g2a,229,34,143,124,90,7,252,24,8,12,2,1,110,4
Kit_2*Nt_57,Kit*Nt,229,107,158,76,82,46,172,72,98,5204,21,2,94,625
Apc_5*Mfap5_1,Apc*Mfap5,227,52,106,52,195,12,62,201,26,30,4,2,13,12
Clca2_3*Tlr7_2,Clca2*Tlr7,227,41,44,109,139,23,40,36,1455,54,9,1,3,1
Nt_30*Mpeg1_4,Nt*Mpeg1,226,66,119,217,98,59,190,0,263,27,7,0,8,180
Pten_4*Pla2r1_3,Pten*Pla2r1,222,94,132,66,104,43,87,18,2338,73,9,2,12,2
Pten_1*Cxcr2_5,Pten*Cxcr2,215,116,83,231,72,23,110,115,1600,63,20,8,23,31
Clca2_3*Muc16_4,Clca2*Muc16,207,6,2,30,118,64,152,81,15,15,8,3,7,387
Calml3_3*Tlr7_2,Calml3*Tlr7,204,0,24,36,73,19,158,9,6,3,1,3,10,523
Clca2_3*Fcrl6_4,Clca2*Fcrl6,199,40,111,68,98,63,0,45,7,11,46,1,101,4
Chit1_3*Muc16_4,Chit1*Muc16,197,39,30,146,258,45,105,128,3,5,5,2,13,339
Brca1_2*Mpeg1_4,Brca1*Mpeg1,193,27,69,46,55,14,0,67,13,24,3,1,9,249
Tsc2_1*Tlr7_2,Tsc2*Tlr7,191,720,120,150,167,108,722,140,3012,133,23,3,129,499
Chit1_3*Mpeg1_5,Chit1*Mpeg1,181,87,52,298,169,27,114,82,220,19560,43,4,6,6
Tsc2_2*Mpeg1_4,Tsc2*Mpeg1,166,74,154,115,79,16,144,76,73,104,1815,395,267,34
Nt_16*Mpeg1_4,Nt*Mpeg1,162,16,151,221,132,19,151,0,2034,30,4,3,23,285
Chek2_3*Mpeg1_4,Chek2*Mpeg1,159,9,11,37,74,20,126,61,13,18,2,445,69,14
Krt15_5*Tlr7_2,Krt15*Tlr7,159,81,60,119,38,30,36,42,18,29,0,0,1,2
Pten_4*Mpeg1_4,Pten*Mpeg1,154,44,42,212,195,25,106,31,15,16,3,2,4,1
Serpinb5_4*Tlr7_2,Serpinb5*Tlr7,145,88,91,72,63,2,63,29,24,40,1192,3,11,11
Sox10_1*Nt_20,Sox10*Nt,142,46,68,154,132,90,731,123,64,3767,891,2,3,8
Chek2_3*Muc16_4,Chek2*Muc16,142,58,15,32,110,29,49,41,8,14,1,0,8,2
Chek2_3*Cxcr2_4,Chek2*Cxcr2,135,20,85,107,49,19,289,6,45,48,942,4,33,4
Krt15_5*Cxcr2_4,Krt15*Cxcr2,129,2,6,3,28,12,155,0,11,8,1,3,10,4
Sox10_4*Cxcr2_4,Sox10*Cxcr2,128,12,126,169,119,79,209,145,10,12,3,0,1,1
Sox10_4*Il6_1,Sox10*Il6,120,32,18,187,122,48,294,28,18,14,2,3,6,3
Clca2_3*Pla2g2a_2,Clca2*Pla2g2a,114,57,73,62,70,20,106,14,169,17173,48,3,6,4
Chek2_3*Fcrl6_5,Chek2*Fcrl6,95,10,21,4,17,32,79,28,9,9,5,2,11,6
Apc_4*Mpeg1_4,Apc*Mpeg1,94,9,7,45,17,2,0,39,946,22,4,0,16,0
Clca2_3*Tnfsf15_1,Clca2*Tnfsf15,85,20,14,25,78,2,129,30,9,7,1,0,1,0
Brca2_3*Fcrl6_4,Brca2*Fcrl6,80,33,234,125,305,88,97,43,18,11,3,1,0,276
Clca2_3*Mpeg1_4,Clca2*Mpeg1,80,12,71,99,77,0,0,0,27,33,1537,0,5,3
Serpinb5_2*Nt_57,Serpinb5*Nt,76,407,65,106,269,18,0,0,1358,1747,388,4,36,9
Pten_3*Cdh1_3,Pten*Cdh1,6304873,1718232,2606934,3365094,3240042,0,0,0,980771,838810,606266,53505,333005,657702
Pten_1*Cdh1_3,Pten*Cdh1,53700,18576,25121,27500,30300,0,0,0,21247,3114,2912,273,10289,27286
Stk11_4*Cdh1_3,Stk11*Cdh1,2863,810,1339,1311,1088,0,0,0,178,8374,138,19,2891,4956
Brca2_4*Cdh1_3,Brca2*Cdh1,918,168,246,204,219,0,0,0,49,73,584,11,937,474
Tgfbr2_1*Cdh1_3,Tgfbr2*Cdh1,627,146,187,251,166,0,0,0,28,44,8,7,172,978
Nt_9*Cdh1_3,Nt*Cdh1,586,129,144,355,249,0,0,0,18,52,11,8,478,589
Krt15_3*Cdh1_3,Krt15*Cdh1,447,99,159,133,136,0,0,0,27,44,11,10,1100,425
Nt_16*Cdh1_3,Nt*Cdh1,329,115,181,226,174,0,0,0,26,45,5,5,302,385
Nt_49*Cdh1_3,Nt*Cdh1,296,94,122,137,142,0,0,0,61,111,23,22,428,253
Tgfbr2_3*Cdh1_3,Tgfbr2*Cdh1,255,100,209,301,141,0,0,0,53,92,21,15,778,17
Smad4_2*Cdh1_3,Smad4*Cdh1,248,19,130,87,107,0,0,0,35,56,1085,3,342,9
Nt_48*Cdh1_3,Nt*Cdh1,158,25,16,29,14,0,0,0,42,98,17,11,9,42
Stk11_5*Cdh1_3,Stk11*Cdh1,124,14,15,44,12,0,0,0,29,55,14,14,17,28
Tsc2_5*Cdh1_3,Tsc2*Cdh1,121,16,22,38,19,0,0,0,22,69,13,10,21,17
Chek2_2*Cdh1_3,Chek2*Cdh1,107,47,20,18,81,0,0,0,20,30,4,5,340,8
Krt15_2*Cdh1_3,Krt15*Cdh1,88,13,12,19,12,0,0,0,22,61,15,9,15,14
Brca1_5*Cdh1_3,Brca1*Cdh1,87,18,6,23,6,0,0,0,35,49,7,15,1,16
Serpinb5_5*Cdh1_3,Serpinb5*Cdh1,69,14,13,34,14,0,0,0,40,80,17,15,9,11
Chit1_2*Cdh1_3,Chit1*Cdh1,68,17,10,17,12,0,0,0,28,60,14,4,5,17
Krt15_5*Cdh1_3,Krt15*Cdh1,59,4,7,75,35,0,0,0,10,12,3,9,4,8
